{
  "Mobile": {
    "gwp": 0.00000104,
    "ap": 5.97e-9,
    "ctue": 0.0000169,
    "ctuh-c": 2.08e-16,
    "ir": 1.9e-7,
    "ctuh-nc": 7.19e-15,
    "pm": 3.36e-14,
    "wu": -0.00000131,
    "adpe": 2.73e-11
  },
  "Desktop": {
    "gwp": 0.00000146,
    "ap": 8.34e-9,
    "ctue": 0.0000234,
    "ctuh-c": 1.21e-16,
    "ir": 0.00000243,
    "ctuh-nc": 9.33e-15,
    "pm": 5.05e-14,
    "wu": -0.0000142,
    "adpe": 7.4e-11
  },
  "Network Fixed": {
    "gwp": 7.16e-9,
    "ap": 3.4e-11,
    "ctue": -3.17e-8,
    "ctuh-c": 1.27e-17,
    "ir": 2.77e-8,
    "ctuh-nc": -9.22e-17,
    "pm": 2.72e-16,
    "wu": -1.13e-7,
    "adpe": 1.71e-13
  },
  "Network Mobile": {
    "gwp": 7.97e-9,
    "ap": 2.02e-11,
    "ctue": -2.05e-7,
    "ctuh-c": -6.72e-18,
    "ir": 3.43e-8,
    "ctuh-nc": -3.45e-16,
    "pm": 2.78e-16,
    "wu": -4.45e-7,
    "adpe": 1.08e-12
  },
  "VM Small": {
    "gwp": 1.2e-7,
    "ap": 6.69e-10,
    "ctue": 0.00000166,
    "ctuh-c": 2.74e-17,
    "ir": 1.8e-7,
    "ctuh-nc": 8.94e-16,
    "pm": 3.9e-15,
    "wu": 5.01e-7,
    "adpe": 2.86e-12
  },
  "VM Medium": {
    "gwp": 9.51e-7,
    "ap": 5.3e-9,
    "ctue": 0.0000131,
    "ctuh-c": 2.15e-16,
    "ir": 0.00000141,
    "ctuh-nc": 7.04e-15,
    "pm": 3.08e-14,
    "wu": 0.0000039,
    "adpe": 2.23e-11
  },
  "VM Large": {
    "gwp": 0.00000571,
    "ap": 3.17e-8,
    "ctue": 0.0000783,
    "ctuh-c": 1.29e-15,
    "ir": 0.00000847,
    "ctuh-nc": 4.22e-14,
    "pm": 1.85e-13,
    "wu": 0.0000235,
    "adpe": 1.34e-10
  }
}
