{
  "Mobile": {
    "gwp": 0.00000103913,
    "ap": 5.97095e-9,
    "ctue": 0.0000168633,
    "ctuh-c": 2.08111e-16,
    "ir": 1.90068e-7,
    "ctuh-nc": 7.18861e-15,
    "pm": 3.35934e-14,
    "wu": -0.00000130518,
    "adpe": 2.7337e-11,
    "adpf": 0.0000137589,
    "epf": -3.66312e-11,
    "epm": 1.25951e-9,
    "ept": 7.60718e-9,
    "gwpb": 1.47609e-9,
    "gwpt": 0.00000103913,
    "gwplu": 1.5319e-14,
    "lu": -2.73338e-8,
    "odp": 3.30701e-13,
    "pocp": 2.46131e-9,
    "mips": 0.00000314878
  },
  "Desktop": {
    "gwp": 0.00000146,
    "ap": 8.34e-9,
    "ctue": 0.0000234,
    "ctuh-c": 1.21e-16,
    "ir": 0.00000243,
    "ctuh-nc": 9.33e-15,
    "pm": 5.05e-14,
    "wu": -0.0000142,
    "adpe": 7.4e-11,
    "adpf": 0.0000234,
    "epf": -2.66e-10,
    "epm": 1.61e-9,
    "ept": 1.21e-8,
    "gwpb": 4.02e-9,
    "gwpt": 0.00000146,
    "gwplu": 2.1e-14,
    "lu": -6.53e-7,
    "odp": 3.66e-13,
    "pocp": 3.84e-9,
    "mips": 0.00000679
  },
  "Network Fixed": {
    "gwp": 6.67279e-12,
    "ap": 3.16e-14,
    "ctue": -2.96e-11,
    "ctuh-c": 1.18e-20,
    "ir": 2.57878e-11,
    "ctuh-nc": -8.59e-20,
    "pm": 2.53165e-19,
    "wu": -1.05083e-10,
    "adpe": 1.6e-16,
    "adpf": 1.26e-10,
    "epf": -3.59e-15,
    "epm": 6.69e-15,
    "ept": 4.9734e-14,
    "gwpb": 1.50897e-14,
    "gwpt": 6.65642e-12,
    "gwplu": 4.44862e-21,
    "lu": -7.6439e-12,
    "odp": 8.75119e-19,
    "pocp": 1.7221e-14,
    "mips": 4.37439e-11
  },
  "Network Mobile": {
    "gwp": 7.42264e-12,
    "ap": 1.88e-14,
    "ctue": -1.91e-10,
    "ctuh-c": -6.26e-21,
    "ir": 3.19444e-11,
    "ctuh-nc": -3.21e-19,
    "pm": 2.58908e-19,
    "wu": -4.14439e-10,
    "adpe": 1.01e-15,
    "adpf": 1.7e-10,
    "epf": -5.58e-15,
    "epm": 6.62e-15,
    "ept": 5.09433e-14,
    "gwpb": 3.68804e-15,
    "gwpt": 7.41333e-12,
    "gwplu": 2.10479e-20,
    "lu": -4.90807e-12,
    "odp": 1.06171e-18,
    "pocp": 1.73226e-14,
    "mips": 4.88944e-11
  },
  "VM Small": {
    "gwp": 1.20497e-7,
    "ap": 6.69e-10,
    "ctue": 0.00000166,
    "ctuh-c": 2.74e-17,
    "ir": 1.80429e-7,
    "ctuh-nc": 8.94e-16,
    "pm": 3.9003e-15,
    "wu": 5.01015e-7,
    "adpe": 2.86e-12,
    "adpf": 0.00000192,
    "epf": 0,
    "epm": 1.19e-10,
    "ept": 1.02e-9,
    "gwpb": 1.77575e-10,
    "gwpt": 1.2018e-7,
    "gwplu": 6.84932e-17,
    "lu": -9.67149e-9,
    "odp": 3.10756e-14,
    "pocp": 3.17098e-10,
    "mips": 5.61263e-7
  },
  "VM Medium": {
    "gwp": 9.51294e-7,
    "ap": 5.3e-9,
    "ctue": 0.0000131,
    "ctuh-c": 2.15e-16,
    "ir": 0.00000141109,
    "ctuh-nc": 7.04e-15,
    "pm": 3.07902e-14,
    "wu": 0.0000039003,
    "adpe": 2.23e-11,
    "adpf": 0.0000152,
    "epf": -1.37e-10,
    "epm": 9.35e-10,
    "ept": 8.09e-9,
    "gwpb": 1.39523e-9,
    "gwpt": 9.51294e-7,
    "gwplu": 5.39066e-16,
    "lu": -7.64206e-8,
    "odp": 2.47019e-13,
    "pocp": 2.50507e-9,
    "mips": 0.00000443937
  },
  "VM Large": {
    "gwp": 0.00000570776,
    "ap": 3.17e-8,
    "ctue": 0.0000783,
    "ctuh-c": 1.29e-15,
    "ir": 0.00000846651,
    "ctuh-nc": 4.22e-14,
    "pm": 1.84551e-13,
    "wu": 0.0000234652,
    "adpe": 1.34e-10,
    "adpf": 0.000091,
    "epf": -8.24e-10,
    "epm": 5.61e-9,
    "ept": 4.85e-8,
    "gwpb": 8.37139e-9,
    "gwpt": 0.00000570776,
    "gwplu": 3.2344e-15,
    "lu": -4.56621e-7,
    "odp": 1.48085e-12,
    "pocp": 1.50304e-8,
    "mips": 0.0000265411
  }
}