{
  "computer": {
    "description": "Computer (laptop + desktops w/ screen)",
    "unit": "/s",
    "gwp": 0.00000136,
    "ap": 8.81e-9,
    "ctue": 0.0000315,
    "ctuh-c": 4.39e-16,
    "ir": 0.00000228,
    "ctuh-nc": 2.12e-14,
    "pm": 5.07e-14,
    "wu": 0.00000926,
    "adpe": 1.05e-10,
    "adpf": 0.000021,
    "epf": 5.25e-12,
    "epm": 1.59e-9,
    "ept": 1.2e-8,
    "gwpb": 4.34e-9,
    "gwpt": 0.00000136,
    "gwplu": 2.07e-14,
    "lu": 1.01e-7,
    "odp": 3.29e-13,
    "pocp": 3.79e-9,
    "mips": 0.0000072
  },
  "desktop_personal": {
    "description": "Desktop w/o screen (personal usage)",
    "unit": "/s",
    "gwp": 0.00000142,
    "ap": 9.65e-9,
    "ctue": 0.0000363,
    "ctuh-c": 5.34e-16,
    "ir": 0.00000554,
    "ctuh-nc": 2.54e-14,
    "pm": 5.5e-14,
    "wu": 0.0000114,
    "adpe": 1.16e-10,
    "adpf": 0.0000253,
    "epf": 3.81e-12,
    "epm": 1.49e-9,
    "ept": 1.28e-8,
    "gwpb": 4.38e-9,
    "gwpt": 0.00000141,
    "gwplu": 9.45e-16,
    "lu": 1.3e-7,
    "odp": 3.14e-13,
    "pocp": 4.09e-9,
    "mips": 0.00000902
  },
  "desktop_professional": {
    "description": "Desktop w/o screen (professional usage)",
    "unit": "/s",
    "gwp": 0.00000112,
    "ap": 7.64e-9,
    "ctue": 0.0000315,
    "ctuh-c": 4.3e-16,
    "ir": 0.00000292,
    "ctuh-nc": 2.21e-14,
    "pm": 4.47e-14,
    "wu": 0.0000113,
    "adpe": 1.04e-10,
    "adpf": 0.0000181,
    "epf": 3.33e-12,
    "epm": 1.21e-9,
    "ept": 9.72e-9,
    "gwpb": 4.5e-9,
    "gwpt": 0.00000111,
    "gwplu": 7.81e-16,
    "lu": 1.29e-7,
    "odp": 2.65e-13,
    "pocp": 3.12e-9,
    "mips": 0.00000723
  },
  "laptop": {
    "description": "Laptop",
    "unit": "/s",
    "gwp": 0.00000118,
    "ap": 7.2e-9,
    "ctue": 0.0000255,
    "ctuh-c": 2.93e-16,
    "ir": 4.75e-7,
    "ctuh-nc": 1.35e-14,
    "pm": 4.08e-14,
    "wu": 0.00000528,
    "adpe": 6.03e-11,
    "adpf": 0.0000158,
    "epf": 5.36e-12,
    "epm": 1.36e-9,
    "ept": 9.88e-9,
    "gwpb": 2.94e-9,
    "gwpt": 0.00000117,
    "gwplu": 2.4e-14,
    "lu": 6.33e-8,
    "odp": 3.38e-13,
    "pocp": 3.12e-9,
    "mips": 0.00000473
  },
  "mobile": {
    "description": "Mobile (smartphone + tablet)",
    "unit": "/s",
    "gwp": 0.000001,
    "ap": 4.74e-9,
    "ctue": 0.0000148,
    "ctuh-c": 5.02e-15,
    "ir": 1.88e-7,
    "ctuh-nc": 7.58e-15,
    "pm": 2.65e-14,
    "wu": 0.0000017,
    "adpe": 3.65e-11,
    "adpf": 0.0000104,
    "epf": 3.11e-12,
    "epm": 1.07e-9,
    "ept": 6.12e-9,
    "gwpb": 1.36e-9,
    "gwpt": 7.83e-7,
    "gwplu": 1.46e-14,
    "lu": 1.9e-8,
    "odp": 2.18e-13,
    "pocp": 1.97e-9,
    "mips": 0.00000277
  },
  "network_fixed": {
    "description": "Network fixed",
    "unit": "/GB/km",
    "gwp": 0.00667,
    "ap": 0.0000316,
    "ctue": -0.0296,
    "ctuh-c": 1.18e-11,
    "ir": 0.0258,
    "ctuh-nc": -8.59e-11,
    "pm": 2.53e-10,
    "wu": -0.105,
    "adpe": 1.6e-7,
    "adpf": 0.126,
    "epf": -0.00000359,
    "epm": 0.00000669,
    "ept": 0.0000497,
    "gwpb": 0.0000151,
    "gwpt": 0.00666,
    "gwplu": 4.45e-12,
    "lu": -0.00764,
    "odp": 8.75e-10,
    "pocp": 0.0000172,
    "mips": 0.0437
  },
  "network_mobile": {
    "description": "Network mobile",
    "unit": "/GB/km",
    "gwp": 0.00742,
    "ap": 0.0000188,
    "ctue": -0.191,
    "ctuh-c": -6.26e-12,
    "ir": 0.0319,
    "ctuh-nc": -3.21e-10,
    "pm": 2.59e-10,
    "wu": -0.414,
    "adpe": 0.00000101,
    "adpf": 1.7,
    "epf": -0.00000558,
    "epm": 0.00000662,
    "ept": 0.0000509,
    "gwpb": 0.00000369,
    "gwpt": 0.00741,
    "gwplu": 2.1e-11,
    "lu": -0.00491,
    "odp": 1.06e-9,
    "pocp": 0.0000173,
    "mips": 0.0489
  },
  "screen": {
    "description": "Desktop screen",
    "unit": "/s",
    "gwp": 3.69e-7,
    "ap": 2.57e-9,
    "ctue": 0.0000066,
    "ctuh-c": 1.75e-16,
    "ir": 7.62e-7,
    "ctuh-nc": 8.9e-15,
    "pm": 1.58e-14,
    "wu": 0.00000389,
    "adpe": 6.19e-11,
    "adpf": 0.00000712,
    "epf": 1.52e-12,
    "epm": 6.04e-10,
    "ept": 3.81e-9,
    "gwpb": 1.99e-9,
    "gwpt": 3.67e-7,
    "gwplu": 1.5e-14,
    "lu": 2.73e-8,
    "odp": 2.73e-14,
    "pocp": 1.19e-9,
    "mips": 0.00000278
  },
  "smartphone": {
    "description": "Smartphone",
    "unit": "/s",
    "gwp": 0.00000101,
    "ap": 4.7e-9,
    "ctue": 0.0000146,
    "ctuh-c": 2.04e-16,
    "ir": 1.8e-7,
    "ctuh-nc": 7.48e-15,
    "pm": 2.62e-14,
    "wu": 0.00000169,
    "adpe": 3.59e-11,
    "adpf": 0.0000103,
    "epf": 3.01e-12,
    "epm": 1.08e-9,
    "ept": 6.06e-9,
    "gwpb": 1.35e-9,
    "gwpt": 7.78e-7,
    "gwplu": 1.37e-14,
    "lu": 1.87e-8,
    "odp": 2.14e-13,
    "pocp": 1.95e-9,
    "mips": 0.00000274
  },
  "tablet": {
    "description": "Tablet",
    "unit": "/s",
    "gwp": 8.91e-7,
    "ap": 5.55e-9,
    "ctue": 0.0000183,
    "ctuh-c": 9.66e-14,
    "ir": 3.4e-7,
    "ctuh-nc": 9.36e-15,
    "pm": 3.1e-14,
    "wu": 0.00000181,
    "adpe": 4.71e-11,
    "adpf": 0.0000117,
    "epf": 4.96e-12,
    "epm": 7.29e-10,
    "ept": 7.19e-9,
    "gwpb": 1.7e-9,
    "gwpt": 8.9e-7,
    "gwplu": 3.21e-14,
    "lu": 2.59e-8,
    "odp": 2.89e-13,
    "pocp": 2.3e-9,
    "mips": 0.00000328
  },
  "vm_large": {
    "description": "VM large",
    "unit": "/s",
    "gwp": 0.00000571,
    "ap": 3.17e-8,
    "ctue": 0.0000783,
    "ctuh-c": 1.29e-15,
    "ir": 0.00000847,
    "ctuh-nc": 4.22e-14,
    "pm": 1.85e-13,
    "wu": 0.0000235,
    "adpe": 1.34e-10,
    "adpf": 0.000091,
    "epf": -8.24e-10,
    "epm": 5.61e-9,
    "ept": 4.85e-8,
    "gwpb": 8.37e-9,
    "gwpt": 0.00000571,
    "gwplu": 3.23e-15,
    "lu": -4.57e-7,
    "odp": 1.48e-12,
    "pocp": 1.5e-8,
    "mips": 0.0000265
  },
  "vm_medium": {
    "description": "VM medium",
    "unit": "/s",
    "gwp": 9.51e-7,
    "ap": 5.3e-9,
    "ctue": 0.0000131,
    "ctuh-c": 2.15e-16,
    "ir": 0.00000141,
    "ctuh-nc": 7.04e-15,
    "pm": 3.08e-14,
    "wu": 0.0000039,
    "adpe": 2.23e-11,
    "adpf": 0.0000152,
    "epf": -1.37e-10,
    "epm": 9.35e-10,
    "ept": 8.09e-9,
    "gwpb": 1.4e-9,
    "gwpt": 9.51e-7,
    "gwplu": 5.39e-16,
    "lu": -7.64e-8,
    "odp": 2.47e-13,
    "pocp": 2.51e-9,
    "mips": 0.00000444
  },
  "vm_small": {
    "description": "VM small",
    "unit": "/s",
    "gwp": 1.2e-7,
    "ap": 6.69e-10,
    "ctue": 0.00000166,
    "ctuh-c": 2.74e-17,
    "ir": 1.8e-7,
    "ctuh-nc": 8.94e-16,
    "pm": 3.9e-15,
    "wu": 5.01e-7,
    "adpe": 2.86e-12,
    "adpf": 0.00000192,
    "epf": 0,
    "epm": 1.19e-10,
    "ept": 1.02e-9,
    "gwpb": 1.78e-10,
    "gwpt": 1.2e-7,
    "gwplu": 6.85e-17,
    "lu": -9.67e-9,
    "odp": 3.11e-14,
    "pocp": 3.17e-10,
    "mips": 5.61e-7
  }
}