{
  "computer": {
    "description": "Computer (laptop + desktops w/ screen)",
    "gwp": 0.00000136,
    "ap": 8.81e-9,
    "ctue": 0.0000315,
    "ctuh-c": 4.39e-16,
    "ir": 0.00000228,
    "ctuh-nc": 2.12e-14,
    "pm": 5.07e-14,
    "wu": 0.00000926,
    "adpe": 1.05e-10,
    "adpf": 0.000021,
    "epf": 5.25e-12,
    "epm": 1.59e-9,
    "ept": 1.2e-8,
    "gwpb": 4.34e-9,
    "gwpt": 0.00000136,
    "gwplu": 2.07e-14,
    "lu": 1.01e-7,
    "odp": 3.29e-13,
    "pocp": 3.79e-9,
    "mips": 0.0000072
  },
  "desktop_personal": {
    "description": "Desktop w/o screen (personal usage)",
    "gwp": 0.00000142,
    "ap": 9.65e-9,
    "ctue": 0.0000363,
    "ctuh-c": 5.34e-16,
    "ir": 0.00000554,
    "ctuh-nc": 2.54e-14,
    "pm": 5.5e-14,
    "wu": 0.0000114,
    "adpe": 1.16e-10,
    "adpf": 0.0000253,
    "epf": 3.81e-12,
    "epm": 1.49e-9,
    "ept": 1.28e-8,
    "gwpb": 4.38e-9,
    "gwpt": 0.00000141,
    "gwplu": 9.45e-16,
    "lu": 1.3e-7,
    "odp": 3.14e-13,
    "pocp": 4.09e-9,
    "mips": 0.00000902
  },
  "desktop_professional": {
    "description": "Desktop w/o screen (professional usage)",
    "gwp": 0.00000112,
    "ap": 7.64e-9,
    "ctue": 0.0000315,
    "ctuh-c": 4.3e-16,
    "ir": 0.00000292,
    "ctuh-nc": 2.21e-14,
    "pm": 4.47e-14,
    "wu": 0.0000113,
    "adpe": 1.04e-10,
    "adpf": 0.0000181,
    "epf": 3.33e-12,
    "epm": 1.21e-9,
    "ept": 9.72e-9,
    "gwpb": 4.5e-9,
    "gwpt": 0.00000111,
    "gwplu": 7.81e-16,
    "lu": 1.29e-7,
    "odp": 2.65e-13,
    "pocp": 3.12e-9,
    "mips": 0.00000723
  },
  "laptop": {
    "description": "Laptop",
    "gwp": 0.00000118,
    "ap": 7.2e-9,
    "ctue": 0.0000255,
    "ctuh-c": 2.93e-16,
    "ir": 4.75e-7,
    "ctuh-nc": 1.35e-14,
    "pm": 4.08e-14,
    "wu": 0.00000528,
    "adpe": 6.03e-11,
    "adpf": 0.0000158,
    "epf": 5.36e-12,
    "epm": 1.36e-9,
    "ept": 9.88e-9,
    "gwpb": 2.94e-9,
    "gwpt": 0.00000117,
    "gwplu": 2.4e-14,
    "lu": 6.33e-8,
    "odp": 3.38e-13,
    "pocp": 3.12e-9,
    "mips": 0.00000473
  },
  "mobile": {
    "description": "Mobile (smartphone + tablet)",
    "gwp": 0.000001,
    "ap": 4.74e-9,
    "ctue": 0.0000148,
    "ctuh-c": 5.02e-15,
    "ir": 1.88e-7,
    "ctuh-nc": 7.58e-15,
    "pm": 2.65e-14,
    "wu": 0.0000017,
    "adpe": 3.65e-11,
    "adpf": 0.0000104,
    "epf": 3.11e-12,
    "epm": 1.07e-9,
    "ept": 6.12e-9,
    "gwpb": 1.36e-9,
    "gwpt": 7.83e-7,
    "gwplu": 1.46e-14,
    "lu": 1.9e-8,
    "odp": 2.18e-13,
    "pocp": 1.97e-9,
    "mips": 0.00000277
  },
  "network_fixed": {
    "description": "Network fixed",
    "gwp": 6.67279e-12,
    "ap": 3.16e-14,
    "ctue": -2.96e-11,
    "ctuh-c": 1.18e-20,
    "ir": 2.57878e-11,
    "ctuh-nc": -8.59e-20,
    "pm": 2.53165e-19,
    "wu": -1.05083e-10,
    "adpe": 1.6e-16,
    "adpf": 1.26e-10,
    "epf": -3.59e-15,
    "epm": 6.69e-15,
    "ept": 4.9734e-14,
    "gwpb": 1.50897e-14,
    "gwpt": 6.65642e-12,
    "gwplu": 4.44862e-21,
    "lu": -7.6439e-12,
    "odp": 8.75119e-19,
    "pocp": 1.7221e-14,
    "mips": 4.37439e-11
  },
  "network_mobile": {
    "description": "Network mobile",
    "gwp": 7.42264e-12,
    "ap": 1.88e-14,
    "ctue": -1.91e-10,
    "ctuh-c": -6.26e-21,
    "ir": 3.19444e-11,
    "ctuh-nc": -3.21e-19,
    "pm": 2.58908e-19,
    "wu": -4.14439e-10,
    "adpe": 1.01e-15,
    "adpf": 1.7e-10,
    "epf": -5.58e-15,
    "epm": 6.62e-15,
    "ept": 5.09433e-14,
    "gwpb": 3.68804e-15,
    "gwpt": 7.41333e-12,
    "gwplu": 2.10479e-20,
    "lu": -4.90807e-12,
    "odp": 1.06171e-18,
    "pocp": 1.73226e-14,
    "mips": 4.88944e-11
  },
  "screen": {
    "description": "Desktop screen",
    "gwp": 3.69e-7,
    "ap": 2.57e-9,
    "ctue": 0.0000066,
    "ctuh-c": 1.75e-16,
    "ir": 7.62e-7,
    "ctuh-nc": 8.9e-15,
    "pm": 1.58e-14,
    "wu": 0.00000389,
    "adpe": 6.19e-11,
    "adpf": 0.00000712,
    "epf": 1.52e-12,
    "epm": 6.04e-10,
    "ept": 3.81e-9,
    "gwpb": 1.99e-9,
    "gwpt": 3.67e-7,
    "gwplu": 1.5e-14,
    "lu": 2.73e-8,
    "odp": 2.73e-14,
    "pocp": 1.19e-9,
    "mips": 0.00000278
  },
  "smartphone": {
    "description": "Smartphone",
    "gwp": 0.00000101,
    "ap": 4.7e-9,
    "ctue": 0.0000146,
    "ctuh-c": 2.04e-16,
    "ir": 1.8e-7,
    "ctuh-nc": 7.48e-15,
    "pm": 2.62e-14,
    "wu": 0.00000169,
    "adpe": 3.59e-11,
    "adpf": 0.0000103,
    "epf": 3.01e-12,
    "epm": 1.08e-9,
    "ept": 6.06e-9,
    "gwpb": 1.35e-9,
    "gwpt": 7.78e-7,
    "gwplu": 1.37e-14,
    "lu": 1.87e-8,
    "odp": 2.14e-13,
    "pocp": 1.95e-9,
    "mips": 0.00000274
  },
  "tablet": {
    "description": "Tablet",
    "gwp": 8.91e-7,
    "ap": 5.55e-9,
    "ctue": 0.0000183,
    "ctuh-c": 9.66e-14,
    "ir": 3.4e-7,
    "ctuh-nc": 9.36e-15,
    "pm": 3.1e-14,
    "wu": 0.00000181,
    "adpe": 4.71e-11,
    "adpf": 0.0000117,
    "epf": 4.96e-12,
    "epm": 7.29e-10,
    "ept": 7.19e-9,
    "gwpb": 1.7e-9,
    "gwpt": 8.9e-7,
    "gwplu": 3.21e-14,
    "lu": 2.59e-8,
    "odp": 2.89e-13,
    "pocp": 2.3e-9,
    "mips": 0.00000328
  },
  "vm_large": {
    "description": "VM large",
    "gwp": 0.00000570776,
    "ap": 3.17e-8,
    "ctue": 0.0000783,
    "ctuh-c": 1.29e-15,
    "ir": 0.00000846651,
    "ctuh-nc": 4.22e-14,
    "pm": 1.84551e-13,
    "wu": 0.0000234652,
    "adpe": 1.34e-10,
    "adpf": 0.000091,
    "epf": -8.24e-10,
    "epm": 5.61e-9,
    "ept": 4.85e-8,
    "gwpb": 8.37139e-9,
    "gwpt": 0.00000570776,
    "gwplu": 3.2344e-15,
    "lu": -4.56621e-7,
    "odp": 1.48085e-12,
    "pocp": 1.50304e-8,
    "mips": 0.0000265411
  },
  "vm_medium": {
    "description": "VM medium",
    "gwp": 9.51294e-7,
    "ap": 5.3e-9,
    "ctue": 0.0000131,
    "ctuh-c": 2.15e-16,
    "ir": 0.00000141109,
    "ctuh-nc": 7.04e-15,
    "pm": 3.07902e-14,
    "wu": 0.0000039003,
    "adpe": 2.23e-11,
    "adpf": 0.0000152,
    "epf": -1.37e-10,
    "epm": 9.35e-10,
    "ept": 8.09e-9,
    "gwpb": 1.39523e-9,
    "gwpt": 9.51294e-7,
    "gwplu": 5.39066e-16,
    "lu": -7.64206e-8,
    "odp": 2.47019e-13,
    "pocp": 2.50507e-9,
    "mips": 0.00000443937
  },
  "vm_small": {
    "description": "VM small",
    "gwp": 1.20497e-7,
    "ap": 6.69e-10,
    "ctue": 0.00000166,
    "ctuh-c": 2.74e-17,
    "ir": 1.80429e-7,
    "ctuh-nc": 8.94e-16,
    "pm": 3.9003e-15,
    "wu": 5.01015e-7,
    "adpe": 2.86e-12,
    "adpf": 0.00000192,
    "epf": 0,
    "epm": 1.19e-10,
    "ept": 1.02e-9,
    "gwpb": 1.77575e-10,
    "gwpt": 1.2018e-7,
    "gwplu": 6.84932e-17,
    "lu": -9.67149e-9,
    "odp": 3.10756e-14,
    "pocp": 3.17098e-10,
    "mips": 5.61263e-7
  }
}