{
  "2019-01": {
    "adpe": 4.88115e-7,
    "ap": 0.00130777,
    "ctue": 0.225244,
    "ctuh-c": 0.0000169159,
    "ctuh-nc": 0.00000863662,
    "gwp": 0.535882,
    "ir": 0.00746103,
    "pm": 0.0000432014,
    "wu": 0.0660262
  },
  "2019-02": {
    "adpe": 4.96283e-7,
    "ap": 0.00132036,
    "ctue": 0.225727,
    "ctuh-c": 0.0000172472,
    "ctuh-nc": 0.00000880499,
    "gwp": 0.537375,
    "ir": 0.00743505,
    "pm": 0.0000440908,
    "wu": 0.0655085
  },
  "2019-03": {
    "adpe": 5.15742e-7,
    "ap": 0.00129572,
    "ctue": 0.221922,
    "ctuh-c": 0.0000172751,
    "ctuh-nc": 0.00000881841,
    "gwp": 0.526965,
    "ir": 0.00738687,
    "pm": 0.0000435151,
    "wu": 0.0647704
  },
  "2019-04": {
    "adpe": 5.23149e-7,
    "ap": 0.00129815,
    "ctue": 0.219851,
    "ctuh-c": 0.0000175701,
    "ctuh-nc": 0.0000089677,
    "gwp": 0.522973,
    "ir": 0.00734552,
    "pm": 0.0000443399,
    "wu": 0.0637868
  },
  "2019-05": {
    "adpe": 5.24103e-7,
    "ap": 0.00128233,
    "ctue": 0.218079,
    "ctuh-c": 0.000017338,
    "ctuh-nc": 0.00000884939,
    "gwp": 0.518617,
    "ir": 0.0073033,
    "pm": 0.0000436292,
    "wu": 0.0632898
  },
  "2019-06": {
    "adpe": 5.21901e-7,
    "ap": 0.00128375,
    "ctue": 0.219558,
    "ctuh-c": 0.0000169385,
    "ctuh-nc": 0.0000086467,
    "gwp": 0.523234,
    "ir": 0.00735167,
    "pm": 0.0000430812,
    "wu": 0.0637331
  },
  "2019-07": {
    "adpe": 5.14661e-7,
    "ap": 0.00127564,
    "ctue": 0.221822,
    "ctuh-c": 0.0000163856,
    "ctuh-nc": 0.00000836645,
    "gwp": 0.528498,
    "ir": 0.00739713,
    "pm": 0.000041676,
    "wu": 0.0646683
  },
  "2019-08": {
    "adpe": 5.16255e-7,
    "ap": 0.0012797,
    "ctue": 0.222324,
    "ctuh-c": 0.0000165101,
    "ctuh-nc": 0.00000842985,
    "gwp": 0.529876,
    "ir": 0.00741507,
    "pm": 0.0000418839,
    "wu": 0.0648534
  },
  "2019-09": {
    "adpe": 5.13199e-7,
    "ap": 0.00128839,
    "ctue": 0.220805,
    "ctuh-c": 0.0000169493,
    "ctuh-nc": 0.00000865236,
    "gwp": 0.527315,
    "ir": 0.00739681,
    "pm": 0.0000431141,
    "wu": 0.0641958
  },
  "2019-10": {
    "adpe": 5.05408e-7,
    "ap": 0.00128535,
    "ctue": 0.219663,
    "ctuh-c": 0.0000167509,
    "ctuh-nc": 0.00000855117,
    "gwp": 0.524592,
    "ir": 0.0073804,
    "pm": 0.0000430734,
    "wu": 0.063962
  },
  "2019-11": {
    "adpe": 4.95499e-7,
    "ap": 0.00130088,
    "ctue": 0.223572,
    "ctuh-c": 0.0000165054,
    "ctuh-nc": 0.00000842742,
    "gwp": 0.531668,
    "ir": 0.00739771,
    "pm": 0.0000429191,
    "wu": 0.0650182
  },
  "2019-12": {
    "adpe": 4.93638e-7,
    "ap": 0.00130287,
    "ctue": 0.226662,
    "ctuh-c": 0.0000161638,
    "ctuh-nc": 0.00000825476,
    "gwp": 0.537229,
    "ir": 0.00744013,
    "pm": 0.0000420769,
    "wu": 0.0661811
  },
  "2020-01": {
    "adpe": 4.97977e-7,
    "ap": 0.00129877,
    "ctue": 0.220657,
    "ctuh-c": 0.0000168981,
    "ctuh-nc": 0.00000862616,
    "gwp": 0.526226,
    "ir": 0.00742774,
    "pm": 0.0000437233,
    "wu": 0.0647425
  },
  "2020-02": {
    "adpe": 5.07979e-7,
    "ap": 0.00129906,
    "ctue": 0.220055,
    "ctuh-c": 0.0000170744,
    "ctuh-nc": 0.00000871558,
    "gwp": 0.523854,
    "ir": 0.00735025,
    "pm": 0.0000440313,
    "wu": 0.0638912
  },
  "2020-03": {
    "adpe": 5.30095e-7,
    "ap": 0.00127944,
    "ctue": 0.216148,
    "ctuh-c": 0.0000173214,
    "ctuh-nc": 0.00000884036,
    "gwp": 0.513796,
    "ir": 0.00731383,
    "pm": 0.0000438872,
    "wu": 0.0631504
  },
  "2020-04": {
    "adpe": 5.50489e-7,
    "ap": 0.00129678,
    "ctue": 0.216721,
    "ctuh-c": 0.0000178514,
    "ctuh-nc": 0.00000910976,
    "gwp": 0.515498,
    "ir": 0.00732275,
    "pm": 0.0000450989,
    "wu": 0.0629233
  },
  "2020-05": {
    "adpe": 5.5057e-7,
    "ap": 0.00128651,
    "ctue": 0.217224,
    "ctuh-c": 0.0000173541,
    "ctuh-nc": 0.00000885731,
    "gwp": 0.515328,
    "ir": 0.00729356,
    "pm": 0.0000440123,
    "wu": 0.0629881
  },
  "2020-06": {
    "adpe": 5.35204e-7,
    "ap": 0.00127595,
    "ctue": 0.217778,
    "ctuh-c": 0.0000167271,
    "ctuh-nc": 0.00000853879,
    "gwp": 0.517743,
    "ir": 0.00728951,
    "pm": 0.0000428443,
    "wu": 0.0630072
  },
  "2020-07": {
    "adpe": 5.26559e-7,
    "ap": 0.00125995,
    "ctue": 0.218392,
    "ctuh-c": 0.0000160661,
    "ctuh-nc": 0.00000820316,
    "gwp": 0.519984,
    "ir": 0.00731438,
    "pm": 0.0000412674,
    "wu": 0.0634377
  },
  "2020-08": {
    "adpe": 5.26637e-7,
    "ap": 0.00127011,
    "ctue": 0.221659,
    "ctuh-c": 0.0000159321,
    "ctuh-nc": 0.00000813594,
    "gwp": 0.526828,
    "ir": 0.00734183,
    "pm": 0.0000410254,
    "wu": 0.0642073
  },
  "2020-09": {
    "adpe": 5.24353e-7,
    "ap": 0.00127776,
    "ctue": 0.218359,
    "ctuh-c": 0.0000165721,
    "ctuh-nc": 0.00000846011,
    "gwp": 0.520018,
    "ir": 0.00730019,
    "pm": 0.0000427035,
    "wu": 0.0631532
  },
  "2020-10": {
    "adpe": 5.17516e-7,
    "ap": 0.00126881,
    "ctue": 0.215964,
    "ctuh-c": 0.0000167885,
    "ctuh-nc": 0.00000856951,
    "gwp": 0.513449,
    "ir": 0.00724782,
    "pm": 0.0000429353,
    "wu": 0.0626211
  },
  "2020-11": {
    "adpe": 5.13382e-7,
    "ap": 0.00130103,
    "ctue": 0.22343,
    "ctuh-c": 0.0000167842,
    "ctuh-nc": 0.0000085692,
    "gwp": 0.529767,
    "ir": 0.00736001,
    "pm": 0.0000431242,
    "wu": 0.0647721
  },
  "2020-12": {
    "adpe": 5.06911e-7,
    "ap": 0.00130513,
    "ctue": 0.228421,
    "ctuh-c": 0.0000161482,
    "ctuh-nc": 0.00000824743,
    "gwp": 0.539485,
    "ir": 0.00742591,
    "pm": 0.0000417514,
    "wu": 0.0665105
  },
  "2021-01": {
    "adpe": 5.15173e-7,
    "ap": 0.00129782,
    "ctue": 0.224206,
    "ctuh-c": 0.000016529,
    "ctuh-nc": 0.00000843976,
    "gwp": 0.530883,
    "ir": 0.00740405,
    "pm": 0.0000425808,
    "wu": 0.06542
  },
  "2021-02": {
    "adpe": 5.24285e-7,
    "ap": 0.00130658,
    "ctue": 0.225638,
    "ctuh-c": 0.000016444,
    "ctuh-nc": 0.00000839685,
    "gwp": 0.533471,
    "ir": 0.00736274,
    "pm": 0.0000427047,
    "wu": 0.0651015
  },
  "2021-03": {
    "adpe": 5.50353e-7,
    "ap": 0.00128634,
    "ctue": 0.223074,
    "ctuh-c": 0.0000165869,
    "ctuh-nc": 0.00000846908,
    "gwp": 0.526197,
    "ir": 0.00736514,
    "pm": 0.000042171,
    "wu": 0.0649091
  },
  "2021-04": {
    "adpe": 5.596e-7,
    "ap": 0.00128906,
    "ctue": 0.221091,
    "ctuh-c": 0.0000170413,
    "ctuh-nc": 0.00000869937,
    "gwp": 0.523108,
    "ir": 0.00733928,
    "pm": 0.0000431102,
    "wu": 0.0639771
  },
  "2021-05": {
    "adpe": 5.6739e-7,
    "ap": 0.00127179,
    "ctue": 0.21777,
    "ctuh-c": 0.0000167609,
    "ctuh-nc": 0.00000855611,
    "gwp": 0.514103,
    "ir": 0.00727323,
    "pm": 0.0000426273,
    "wu": 0.0631018
  },
  "2021-06": {
    "adpe": 5.58352e-7,
    "ap": 0.00127587,
    "ctue": 0.22086,
    "ctuh-c": 0.0000162401,
    "ctuh-nc": 0.0000082922,
    "gwp": 0.523319,
    "ir": 0.00735751,
    "pm": 0.0000417543,
    "wu": 0.0640714
  },
  "2021-07": {
    "adpe": 5.49834e-7,
    "ap": 0.00126741,
    "ctue": 0.222708,
    "ctuh-c": 0.0000156593,
    "ctuh-nc": 0.00000799768,
    "gwp": 0.526858,
    "ir": 0.00736959,
    "pm": 0.0000403997,
    "wu": 0.0647696
  },
  "2021-08": {
    "adpe": 5.49639e-7,
    "ap": 0.00127154,
    "ctue": 0.222983,
    "ctuh-c": 0.0000157649,
    "ctuh-nc": 0.00000805138,
    "gwp": 0.527709,
    "ir": 0.00737575,
    "pm": 0.000040666,
    "wu": 0.0647905
  },
  "2021-09": {
    "adpe": 5.44252e-7,
    "ap": 0.00127712,
    "ctue": 0.219582,
    "ctuh-c": 0.0000164684,
    "ctuh-nc": 0.00000840786,
    "gwp": 0.520691,
    "ir": 0.00733359,
    "pm": 0.00004229,
    "wu": 0.0638004
  },
  "2021-10": {
    "adpe": 5.4127e-7,
    "ap": 0.00127398,
    "ctue": 0.217747,
    "ctuh-c": 0.0000166686,
    "ctuh-nc": 0.000008509,
    "gwp": 0.516052,
    "ir": 0.00730041,
    "pm": 0.000042758,
    "wu": 0.0632566
  },
  "2021-11": {
    "adpe": 5.30355e-7,
    "ap": 0.00128813,
    "ctue": 0.220847,