{
  "2019-01": {
    "adpe": 4.89029e-7,
    "ap": 0.00129248,
    "ctue": 0.224307,
    "ctuh-c": 0.0000170805,
    "ctuh-nc": 0.00000872028,
    "gwp": 0.534474,
    "ir": 0.00746553,
    "pm": 0.0000426237,
    "wu": 0.06603
  },
  "2019-02": {
    "adpe": 4.97212e-7,
    "ap": 0.00130428,
    "ctue": 0.224741,
    "ctuh-c": 0.0000174178,
    "ctuh-nc": 0.00000889165,
    "gwp": 0.535886,
    "ir": 0.00743978,
    "pm": 0.0000434816,
    "wu": 0.0655136
  },
  "2019-03": {
    "adpe": 5.16594e-7,
    "ap": 0.0012801,
    "ctue": 0.22097,
    "ctuh-c": 0.0000174409,
    "ctuh-nc": 0.00000890268,
    "gwp": 0.525545,
    "ir": 0.00739169,
    "pm": 0.000042922,
    "wu": 0.0647771
  },
  "2019-04": {
    "adpe": 5.23998e-7,
    "ap": 0.00128244,
    "ctue": 0.218887,
    "ctuh-c": 0.0000177429,
    "ctuh-nc": 0.0000090555,
    "gwp": 0.521537,
    "ir": 0.00735045,
    "pm": 0.0000437489,
    "wu": 0.0637936
  },
  "2019-05": {
    "adpe": 5.24914e-7,
    "ap": 0.00126697,
    "ctue": 0.217146,
    "ctuh-c": 0.0000175047,
    "ctuh-nc": 0.00000893412,
    "gwp": 0.517234,
    "ir": 0.00730829,
    "pm": 0.000043048,
    "wu": 0.0632994
  },
  "2019-06": {
    "adpe": 5.22737e-7,
    "ap": 0.00126852,
    "ctue": 0.218626,
    "ctuh-c": 0.0000171063,
    "ctuh-nc": 0.00000873197,
    "gwp": 0.521844,
    "ir": 0.00735641,
    "pm": 0.0000425079,
    "wu": 0.0637406
  },
  "2019-07": {
    "adpe": 5.15484e-7,
    "ap": 0.00126104,
    "ctue": 0.220925,
    "ctuh-c": 0.0000165467,
    "ctuh-nc": 0.00000844831,
    "gwp": 0.527156,
    "ir": 0.00740159,
    "pm": 0.0000411279,
    "wu": 0.0646737
  },
  "2019-08": {
    "adpe": 5.17056e-7,
    "ap": 0.00126511,
    "ctue": 0.221425,
    "ctuh-c": 0.0000166716,
    "ctuh-nc": 0.00000851189,
    "gwp": 0.528531,
    "ir": 0.00741947,
    "pm": 0.0000413367,
    "wu": 0.0648578
  },
  "2019-09": {
    "adpe": 5.14013e-7,
    "ap": 0.00127314,
    "ctue": 0.219866,
    "ctuh-c": 0.0000171148,
    "ctuh-nc": 0.00000873649,
    "gwp": 0.525908,
    "ir": 0.0074014,
    "pm": 0.0000425403,
    "wu": 0.0642005
  },
  "2019-10": {
    "adpe": 5.06283e-7,
    "ap": 0.00126984,
    "ctue": 0.218718,
    "ctuh-c": 0.00001692,
    "ctuh-nc": 0.00000863708,
    "gwp": 0.523182,
    "ir": 0.00738521,
    "pm": 0.0000424873,
    "wu": 0.0639699
  },
  "2019-11": {
    "adpe": 4.96393e-7,
    "ap": 0.00128529,
    "ctue": 0.222613,
    "ctuh-c": 0.0000166741,
    "ctuh-nc": 0.00000851314,
    "gwp": 0.530233,
    "ir": 0.00740248,
    "pm": 0.000042331,
    "wu": 0.0650231
  },
  "2019-12": {
    "adpe": 4.94515e-7,
    "ap": 0.00128773,
    "ctue": 0.225726,
    "ctuh-c": 0.0000163291,
    "ctuh-nc": 0.00000833874,
    "gwp": 0.535826,
    "ir": 0.00744468,
    "pm": 0.0000415084,
    "wu": 0.0661836
  },
  "2020-01": {
    "adpe": 5.00819e-7,
    "ap": 0.00128945,
    "ctue": 0.220728,
    "ctuh-c": 0.000017139,
    "ctuh-nc": 0.0000087488,
    "gwp": 0.527231,
    "ir": 0.0074572,
    "pm": 0.000043328,
    "wu": 0.0650429
  },
  "2020-02": {
    "adpe": 5.10839e-7,
    "ap": 0.0012899,
    "ctue": 0.220156,
    "ctuh-c": 0.0000173216,
    "ctuh-nc": 0.00000884143,
    "gwp": 0.524934,
    "ir": 0.00738028,
    "pm": 0.0000436429,
    "wu": 0.0642009
  },
  "2020-03": {
    "adpe": 5.32942e-7,
    "ap": 0.00127019,
    "ctue": 0.216237,
    "ctuh-c": 0.0000175661,
    "ctuh-nc": 0.00000896492,
    "gwp": 0.514842,
    "ir": 0.00734355,
    "pm": 0.0000434955,
    "wu": 0.0634556
  },
  "2020-04": {
    "adpe": 5.53522e-7,
    "ap": 0.00128723,
    "ctue": 0.216838,
    "ctuh-c": 0.0000181096,
    "ctuh-nc": 0.00000924121,
    "gwp": 0.516661,
    "ir": 0.0073547,
    "pm": 0.0000446931,
    "wu": 0.0632508
  },
  "2020-05": {
    "adpe": 5.53639e-7,
    "ap": 0.00127752,
    "ctue": 0.217349,
    "ctuh-c": 0.0000176034,
    "ctuh-nc": 0.00000898427,
    "gwp": 0.516468,
    "ir": 0.00732443,
    "pm": 0.0000436295,
    "wu": 0.0633061
  },
  "2020-06": {
    "adpe": 5.38075e-7,
    "ap": 0.0012673,
    "ctue": 0.217904,
    "ctuh-c": 0.0000169694,
    "ctuh-nc": 0.00000866214,
    "gwp": 0.518865,
    "ir": 0.00731958,
    "pm": 0.000042478,
    "wu": 0.0633135
  },
  "2020-07": {
    "adpe": 5.29223e-7,
    "ap": 0.00125161,
    "ctue": 0.218504,
    "ctuh-c": 0.0000162983,
    "ctuh-nc": 0.00000832138,
    "gwp": 0.52105,
    "ir": 0.00734311,
    "pm": 0.0000409162,
    "wu": 0.0637293
  },
  "2020-08": {
    "adpe": 5.29263e-7,
    "ap": 0.0012616,
    "ctue": 0.221765,
    "ctuh-c": 0.0000161592,
    "ctuh-nc": 0.00000825154,
    "gwp": 0.527879,
    "ir": 0.00737048,
    "pm": 0.000040662,
    "wu": 0.0644986
  },
  "2020-09": {
    "adpe": 5.27121e-7,
    "ap": 0.00126854,
    "ctue": 0.218451,
    "ctuh-c": 0.0000168119,
    "ctuh-nc": 0.00000858219,
    "gwp": 0.521082,
    "ir": 0.00733013,
    "pm": 0.00004231,
    "wu": 0.0634578
  },
  "2020-10": {
    "adpe": 5.20155e-7,
    "ap": 0.00125925,
    "ctue": 0.216031,
    "ctuh-c": 0.0000170297,
    "ctuh-nc": 0.0000086923,
    "gwp": 0.514466,
    "ir": 0.00727745,
    "pm": 0.0000425279,
    "wu": 0.0629244
  },
  "2020-11": {
    "adpe": 5.16259e-7,
    "ap": 0.0012914,
    "ctue": 0.2235,
    "ctuh-c": 0.0000170244,
    "ctuh-nc": 0.00000869149,
    "gwp": 0.530783,
    "ir": 0.00738992,
    "pm": 0.0000427115,
    "wu": 0.065077
  },
  "2020-12": {
    "adpe": 5.09637e-7,
    "ap": 0.00129607,
    "ctue": 0.228489,
    "ctuh-c": 0.0000163754,
    "ctuh-nc": 0.00000836309,
    "gwp": 0.540447,
    "ir": 0.00745412,
    "pm": 0.0000413629,
    "wu": 0.0667995
  },
  "2021-01": {
    "adpe": 5.18003e-7,
    "ap": 0.00128817,
    "ctue": 0.224071,
    "ctuh-c": 0.0000167606,
    "ctuh-nc": 0.0000085576,
    "gwp": 0.531463,
    "ir": 0.00743096,
    "pm": 0.0000421857,
    "wu": 0.0656998
  },
  "2021-02": {
    "adpe": 5.27202e-7,
    "ap": 0.00129672,
    "ctue": 0.225508,
    "ctuh-c": 0.0000166837,
    "ctuh-nc": 0.00000851883,
    "gwp": 0.534092,
    "ir": 0.00739062,
    "pm": 0.0000423003,
    "wu": 0.0653928
  },
  "2021-03": {
    "adpe": 5.53186e-7,
    "ap": 0.00127666,
    "ctue": 0.22293,
    "ctuh-c": 0.000016822,
    "ctuh-nc": 0.00000858872,
    "gwp": 0.526767,
    "ir": 0.00739214,
    "pm": 0.0000417776,
    "wu": 0.0651898
  },
  "2021-04": {
    "adpe": 5.62626e-7,
    "ap": 0.00127926,
    "ctue": 0.220972,
    "ctuh-c": 0.0000172853,
    "ctuh-nc": 0.00000882357,
    "gwp": 0.523756,
    "ir": 0.00736753,
    "pm": 0.0000427116,
    "wu": 0.0642688
  },
  "2021-05": {
    "adpe": 5.70396e-7,
    "ap": 0.00126239,
    "ctue": 0.217678,
    "ctuh-c": 0.0000169997,
    "ctuh-nc": 0.00000867762,
    "gwp": 0.514794,
    "ir": 0.00730145,
    "pm": 0.0000422445,
    "wu": 0.0633907
  },
  "2021-06": {
    "adpe": 5.6133e-7,
    "ap": 0.00126637,
    "ctue": 0.220727,
    "ctuh-c": 0.0000164737,
    "ctuh-nc": 0.00000841108,
    "gwp": 0.523914,
    "ir": 0.00738497,
    "pm": 0.0000413698,
    "wu": 0.0643497
  },
  "2021-07": {
    "adpe": 5.52664e-7,
    "ap": 0.00125823,
    "ctue": 0.222568,
    "ctuh-c": 0.0000158852,
    "ctuh-nc": 0.00000811264,
    "gwp": 0.527411,
    "ir": 0.00739592,
    "pm": 0.0000400287,
    "wu": 0.0650387
  },
  "2021-08": {
    "adpe": 5.52363e-7,
    "ap": 0.00126236,
    "ctue": 0.222843,
    "ctuh-c": 0.0000159904,
    "ctuh-nc": 0.00000816616,
    "gwp": 0.528263,
    "ir": 0.00740183,
    "pm": 0.0000402956,
    "wu": 0.0650576
  },
  "2021-09": {
    "adpe": 5.47119e-7,
    "ap": 0.00126796,
    "ctue": 0.219493,
    "ctuh-c": 0.0000167053,
    "ctuh-nc": 0.00000852847,
    "gwp": 0.521372,
    "ir": 0.00736106,
    "pm": 0.0000419196,
    "wu": 0.0640825
  },
  "2021-10": {
    "adpe": 5.44467e-7,
    "ap": 0.00126478,
    "ctue": 0.217655,
    "ctuh-c": 0.0000169061,
    "ctuh-nc": 0.00000862986,
    "gwp": 0.516717,
    "ir": 0.00732813,
    "pm": 0.0000423861,
    "wu": 0.0635383
  },
  "2021-11": {
    "adpe": 5.33272e-7,
    "ap": 0.00127918,
    "ctue": 0.220761,