year,adpe,ap,ctue,ctuh-c,ctuh-nc,gwp,ir,pm,wu
2019,5.090669122377123e-7,0.0012985258707127116,0.22259646366647678,0.000016651109441730306,0.000008501310067938199,0.5293581635869735,0.007380479696427691,0.00004303967806053051,0.06466987062146351
2020,5.238572046970671e-7,0.0012900430030164326,0.22013320246698337,0.000016557426287153276,0.000008453065275576252,0.5226656115993037,0.007320844113982271,0.00004300007638606814,0.06380708766509856
2021,5.427427100841556e-7,0.0012873191007155794,0.2220765408700451,0.000016203946882610935,0.00000827403775286334,0.524922290851899,0.007339946659065475,0.00004213921003378818,0.064407260688022
2022,5.677295063021848e-7,0.0012828203657781114,0.2212155176533047,0.000016157942166652267,0.000008250417367238922,0.5213321779057559,0.007292458846479725,0.000042053484283214,0.06373467606018354
2023,5.966456133961576e-7,0.0012654503508229935,0.21969652609565118,0.00001598011376622677,0.000008159798698642186,0.5168555133057371,0.007287359219903657,0.00004123626799016136,0.06339125647819917
2024,5.94004382147581e-7,0.0012547705956549987,0.21775030194012404,0.00001593216953670686,0.000008135009831113373,0.5121867736735476,0.007237447473421205,0.000041010327608014707,0.06278503067931643
