year,adpe,ap,ctue,ctuh-c,ctuh-nc,gwp,ir,pm,wu
2019,0.0000016256721727711812,0.00030542390480311165,0.04415353345887091,1.896326283262109e-9,5.121284265563998e-9,0.023061717144541045,0.003099501143466372,0.000006978569652522154,0.014854103024423212
2020,0.000001670603605908064,0.000306281253625203,0.04459451231057967,1.9250752833225134e-9,5.189620635431634e-9,0.02322461820325567,0.0031633277300319672,0.00000693555119917988,0.015007003038053962
2021,0.0000017122424347138786,0.00030780671997978015,0.04555569432923536,2.0297129211377545e-9,5.266241559352789e-9,0.02339261830242302,0.003213775897353318,0.000006931600549409382,0.015224486665986192
2022,0.0000017645770998583362,0.00030567005463183255,0.04623603202430261,2.0821742862943292e-9,5.330535063327567e-9,0.023489450689682882,0.003284523468991733,0.000006769745124318904,0.015313386258314984
2023,0.0000018395640377951107,0.0003021987188125425,0.04699370589232156,2.1267125251812696e-9,5.4166946468169355e-9,0.023617406954336468,0.0033892135149803213,0.000006519347274562346,0.015407021107968563
