{
  "2019-01": {
    "adpe": 1.13849e-7,
    "ap": 0.0000473872,
    "ctue": 0.00760309,
    "ctuh-c": 3.10033e-10,
    "ctuh-nc": 6.68023e-10,
    "gwp": 0.00366286,
    "ir": 0.000316454,
    "pm": 0.00000123695,
    "wu": 0.00197997
  },
  "2019-02": {
    "adpe": 1.21155e-7,
    "ap": 0.000046476,
    "ctue": 0.00762815,
    "ctuh-c": 3.02144e-10,
    "ctuh-nc": 6.73135e-10,
    "gwp": 0.00367162,
    "ir": 0.000328848,
    "pm": 0.00000118816,
    "wu": 0.0019621
  },
  "2019-03": {
    "adpe": 1.44765e-7,
    "ap": 0.0000481995,
    "ctue": 0.00834423,
    "ctuh-c": 3.47281e-10,
    "ctuh-nc": 7.31227e-10,
    "gwp": 0.00389722,
    "ir": 0.000368202,
    "pm": 0.00000119786,
    "wu": 0.00210198
  },
  "2019-04": {
    "adpe": 1.53835e-7,
    "ap": 0.0000477112,
    "ctue": 0.00844154,
    "ctuh-c": 3.3704e-10,
    "ctuh-nc": 7.44218e-10,
    "gwp": 0.00395504,
    "ir": 0.000386275,
    "pm": 0.00000115589,
    "wu": 0.00209987
  },
  "2019-05": {
    "adpe": 1.58233e-7,
    "ap": 0.0000476132,
    "ctue": 0.00861309,
    "ctuh-c": 3.36574e-10,
    "ctuh-nc": 7.55651e-10,
    "gwp": 0.00402157,
    "ir": 0.000397478,
    "pm": 0.00000113527,
    "wu": 0.00210575
  },
  "2019-06": {
    "adpe": 1.56039e-7,
    "ap": 0.0000467794,
    "ctue": 0.00826563,
    "ctuh-c": 3.09644e-10,
    "ctuh-nc": 7.38709e-10,
    "gwp": 0.003936,
    "ir": 0.000392296,
    "pm": 0.00000111493,
    "wu": 0.00205652
  },
  "2019-07": {
    "adpe": 1.4823e-7,
    "ap": 0.0000462631,
    "ctue": 0.00798124,
    "ctuh-c": 2.93689e-10,
    "ctuh-nc": 7.18051e-10,
    "gwp": 0.00384829,
    "ir": 0.000378192,
    "pm": 0.00000111604,
    "wu": 0.00201158
  },
  "2019-08": {
    "adpe": 1.48337e-7,
    "ap": 0.0000465978,
    "ctue": 0.00791528,
    "ctuh-c": 2.92196e-10,
    "ctuh-nc": 7.17738e-10,
    "gwp": 0.003839,
    "ir": 0.000377044,
    "pm": 0.00000113114,
    "wu": 0.00202206
  },
  "2019-09": {
    "adpe": 1.4497e-7,
    "ap": 0.0000460934,
    "ctue": 0.00800896,
    "ctuh-c": 3.06562e-10,
    "ctuh-nc": 7.12263e-10,
    "gwp": 0.00381442,
    "ir": 0.000370273,
    "pm": 0.00000112009,
    "wu": 0.0020073
  },
  "2019-10": {
    "adpe": 1.3959e-7,
    "ap": 0.0000464838,
    "ctue": 0.00812827,
    "ctuh-c": 3.22769e-10,
    "ctuh-nc": 7.1063e-10,
    "gwp": 0.00382159,
    "ir": 0.00036169,
    "pm": 0.00000114327,
    "wu": 0.00201788
  },
  "2019-11": {
    "adpe": 1.27178e-7,
    "ap": 0.0000469614,
    "ctue": 0.00800597,
    "ctuh-c": 3.29358e-10,
    "ctuh-nc": 6.93459e-10,
    "gwp": 0.00376041,
    "ir": 0.000339663,
    "pm": 0.00000118899,
    "wu": 0.00200919
  },
  "2019-12": {
    "adpe": 1.23266e-7,
    "ap": 0.0000477714,
    "ctue": 0.0079601,
    "ctuh-c": 3.41704e-10,
    "ctuh-nc": 6.89896e-10,
    "gwp": 0.0037322,
    "ir": 0.000329514,
    "pm": 0.00000123328,
    "wu": 0.00203523
  },
  "2020-01": {
    "adpe": 1.29315e-7,
    "ap": 0.0000485882,
    "ctue": 0.00804003,
    "ctuh-c": 3.38916e-10,
    "ctuh-nc": 7.05313e-10,
    "gwp": 0.00380295,
    "ir": 0.000341522,
    "pm": 0.0000012475,
    "wu": 0.00207366
  },
  "2020-02": {
    "adpe": 1.41115e-7,
    "ap": 0.0000488996,
    "ctue": 0.00849413,
    "ctuh-c": 3.65786e-10,
    "ctuh-nc": 7.34231e-10,
    "gwp": 0.00392158,
    "ir": 0.000362304,
    "pm": 0.0000012291,
    "wu": 0.00212818
  },
  "2020-03": {
    "adpe": 1.66046e-7,
    "ap": 0.0000509474,
    "ctue": 0.00902505,
    "ctuh-c": 3.87762e-10,
    "ctuh-nc": 7.92232e-10,
    "gwp": 0.00415356,
    "ir": 0.000405733,
    "pm": 0.00000124697,
    "wu": 0.0022664
  },
  "2020-04": {
    "adpe": 1.83866e-7,
    "ap": 0.0000520767,
    "ctue": 0.00897209,
    "ctuh-c": 3.67967e-10,
    "ctuh-nc": 8.2022e-10,
    "gwp": 0.0042444,
    "ir": 0.000435125,
    "pm": 0.00000125465,
    "wu": 0.00233184
  },
  "2020-05": {
    "adpe": 1.86889e-7,
    "ap": 0.0000519392,
    "ctue": 0.00911653,
    "ctuh-c": 3.71074e-10,
    "ctuh-nc": 8.28142e-10,
    "gwp": 0.00428835,
    "ir": 0.000442436,
    "pm": 0.00000123827,
    "wu": 0.00233588
  },
  "2020-06": {
    "adpe": 1.73982e-7,
    "ap": 0.0000493862,
    "ctue": 0.00882417,
    "ctuh-c": 3.4433e-10,
    "ctuh-nc": 7.91151e-10,
    "gwp": 0.00415441,
    "ir": 0.000423489,
    "pm": 0.000001168,
    "wu": 0.00220505
  },
  "2020-07": {
    "adpe": 1.67108e-7,
    "ap": 0.0000485785,
    "ctue": 0.00855024,
    "ctuh-c": 3.20384e-10,
    "ctuh-nc": 7.71624e-10,
    "gwp": 0.00408375,
    "ir": 0.000413428,
    "pm": 0.00000115219,
    "wu": 0.00214712
  },
  "2020-08": {
    "adpe": 1.64631e-7,
    "ap": 0.0000487781,
    "ctue": 0.00842698,
    "ctuh-c": 3.20705e-10,
    "ctuh-nc": 7.64949e-10,
    "gwp": 0.00404098,
    "ir": 0.00040638,
    "pm": 0.00000117066,
    "wu": 0.00214871
  },
  "2020-09": {
    "adpe": 1.629e-7,
    "ap": 0.0000488297,
    "ctue": 0.00854925,
    "ctuh-c": 3.24935e-10,
    "ctuh-nc": 7.67588e-10,
    "gwp": 0.00407467,
    "ir": 0.000406498,
    "pm": 0.00000116967,
    "wu": 0.00214846
  },
  "2020-10": {
    "adpe": 1.57521e-7,
    "ap": 0.0000490476,
    "ctue": 0.00898237,
    "ctuh-c": 3.69444e-10,
    "ctuh-nc": 7.72794e-10,
    "gwp": 0.00411567,
    "ir": 0.000397945,
    "pm": 0.00000118314,
    "wu": 0.0021716
  },
  "2020-11": {
    "adpe": 1.44901e-7,
    "ap": 0.0000496717,
    "ctue": 0.00847218,
    "ctuh-c": 3.62531e-10,
    "ctuh-nc": 7.42762e-10,
    "gwp": 0.00395184,
    "ir": 0.000368293,
    "pm": 0.00000125098,
    "wu": 0.00216009
  },
  "2020-12": {
    "adpe": 1.35699e-7,
    "ap": 0.0000502161,
    "ctue": 0.00823067,
    "ctuh-c": 3.62638e-10,
    "ctuh-nc": 7.25837e-10,
    "gwp": 0.00386976,
    "ir": 0.000349044,
    "pm": 0.0000012984,
    "wu": 0.0021574
  },
  "2021-01": {
    "adpe": 1.47369e-7,
    "ap": 0.0000510129,
    "ctue": 0.00856764,
    "ctuh-c": 3.83361e-10,
    "ctuh-nc": 7.53803e-10,
    "gwp": 0.00397747,
    "ir": 0.000368464,
    "pm": 0.00000130138,
    "wu": 0.00222373
  },
  "2021-02": {
    "adpe": 1.57892e-7,
    "ap": 0.0000513632,
    "ctue": 0.00873628,
    "ctuh-c": 3.86641e-10,
    "ctuh-nc": 7.73988e-10,
    "gwp": 0.00405419,
    "ir": 0.00038672,
    "pm": 0.00000129059,
    "wu": 0.00226149
  },
  "2021-03": {
    "adpe": 1.84184e-7,
    "ap": 0.0000531134,
    "ctue": 0.00917818,
    "ctuh-c": 4.11372e-10,
    "ctuh-nc": 8.27596e-10,
    "gwp": 0.00423733,
    "ir": 0.000428029,
    "pm": 0.00000130306,
    "wu": 0.00239587
  },
  "2021-04": {
    "adpe": 1.93562e-7,
    "ap": 0.000052896,
    "ctue": 0.00925096,
    "ctuh-c": 4.03857e-10,
    "ctuh-nc": 8.41072e-10,
    "gwp": 0.00428789,
    "ir": 0.000445028,
    "pm": 0.00000127343,
    "wu": 0.0024054
  },
  "2021-05": {
    "adpe": 2.09754e-7,
    "ap": 0.0000537281,
    "ctue": 0.0098074,
    "ctuh-c": 4.29386e-10,
    "ctuh-nc": 8.82443e-10,
    "gwp": 0.0044701,
    "ir": 0.000475617,
    "pm": 0.0000012604,
    "wu": 0.00248567
  },
  "2021-06": {
    "adpe": 1.95708e-7,
    "ap": 0.0000516789,
    "ctue": 0.00891009,
    "ctuh-c": 3.558e-10,
    "ctuh-nc": 8.30666e-10,
    "gwp": 0.00425435,
    "ir": 0.000452632,
    "pm": 0.00000122093,
    "wu": 0.00233898
  },
  "2021-07": {
    "adpe": 1.89106e-7,
    "ap": 0.0000517198,
    "ctue": 0.00882572,
    "ctuh-c": 3.52501e-10,
    "ctuh-nc": 8.20661e-10,
    "gwp": 0.00422612,
    "ir": 0.000442458,
    "pm": 0.00000123497,
    "wu": 0.00232272
  },
  "2021-08": {
    "adpe": 1.87069e-7,
    "ap": 0.0000514361,
    "ctue": 0.00876053,
    "ctuh-c": 3.50132e-10,
    "ctuh-nc": 8.14432e-10,
    "gwp": 0.00419681,
    "ir": 0.00043834,
    "pm": 0.00000123039,
    "wu": 0.00230738
  },
  "2021-09": {
    "adpe": 1.83759e-7,
    "ap": 0.0000513094,
    "ctue": 0.00889974,
    "ctuh-c": 3.56963e-10,
    "ctuh-nc": 8.14474e-10,
    "gwp": 0.0042221,
    "ir": 0.000435888,
    "pm": 0.00000122563,
    "wu": 0.00229932
  },
  "2021-10": {
    "adpe": 1.7966e-7,
    "ap": 0.0000513249,
    "ctue": 0.00930641,
    "ctuh-c": 4.08346e-10,
    "ctuh-nc": 8.17605e-10,