{
  "2019-01": {
    "adpe": 4.90229e-7,
    "ap": 0.00130366,
    "ctue": 0.22542,
    "ctuh-c": 0.0000170821,
    "ctuh-nc": 0.00000872121,
    "gwp": 0.537346,
    "ir": 0.00749444,
    "pm": 0.0000430453,
    "wu": 0.0662551
  },
  "2019-02": {
    "adpe": 4.98463e-7,
    "ap": 0.00131599,
    "ctue": 0.225913,
    "ctuh-c": 0.0000174187,
    "ctuh-nc": 0.00000889225,
    "gwp": 0.538913,
    "ir": 0.0074703,
    "pm": 0.0000439214,
    "wu": 0.0657523
  },
  "2019-03": {
    "adpe": 5.1783e-7,
    "ap": 0.0012915,
    "ctue": 0.222116,
    "ctuh-c": 0.0000174429,
    "ctuh-nc": 0.00000890381,
    "gwp": 0.528503,
    "ir": 0.00742154,
    "pm": 0.0000433501,
    "wu": 0.0650117
  },
  "2019-04": {
    "adpe": 5.2528e-7,
    "ap": 0.00129405,
    "ctue": 0.220075,
    "ctuh-c": 0.0000177446,
    "ctuh-nc": 0.00000905648,
    "gwp": 0.524598,
    "ir": 0.00738135,
    "pm": 0.0000441799,
    "wu": 0.0640397
  },
  "2019-05": {
    "adpe": 5.26177e-7,
    "ap": 0.00127838,
    "ctue": 0.218308,
    "ctuh-c": 0.0000175069,
    "ctuh-nc": 0.00000893538,
    "gwp": 0.520233,
    "ir": 0.0073386,
    "pm": 0.0000434731,
    "wu": 0.0635401
  },
  "2019-06": {
    "adpe": 5.23988e-7,
    "ap": 0.00127986,
    "ctue": 0.219782,
    "ctuh-c": 0.0000171089,
    "ctuh-nc": 0.00000873337,
    "gwp": 0.524826,
    "ir": 0.00738661,
    "pm": 0.0000429303,
    "wu": 0.0639805
  },
  "2019-07": {
    "adpe": 5.16683e-7,
    "ap": 0.0012718,
    "ctue": 0.222022,
    "ctuh-c": 0.0000165496,
    "ctuh-nc": 0.00000844991,
    "gwp": 0.529993,
    "ir": 0.00743051,
    "pm": 0.0000415291,
    "wu": 0.0649024
  },
  "2019-08": {
    "adpe": 5.1828e-7,
    "ap": 0.00127574,
    "ctue": 0.222517,
    "ctuh-c": 0.0000166748,
    "ctuh-nc": 0.00000851362,
    "gwp": 0.531364,
    "ir": 0.00744856,
    "pm": 0.0000417317,
    "wu": 0.065088
  },
  "2019-09": {
    "adpe": 5.1529e-7,
    "ap": 0.00128423,
    "ctue": 0.221011,
    "ctuh-c": 0.0000171176,
    "ctuh-nc": 0.00000873803,
    "gwp": 0.528868,
    "ir": 0.00743161,
    "pm": 0.0000429508,
    "wu": 0.0644413
  },
  "2019-10": {
    "adpe": 5.07563e-7,
    "ap": 0.00128115,
    "ctue": 0.219866,
    "ctuh-c": 0.0000169229,
    "ctuh-nc": 0.00000863871,
    "gwp": 0.526152,
    "ir": 0.00741544,
    "pm": 0.0000429102,
    "wu": 0.0642082
  },
  "2019-11": {
    "adpe": 4.97659e-7,
    "ap": 0.00129663,
    "ctue": 0.223757,
    "ctuh-c": 0.0000166765,
    "ctuh-nc": 0.00000851445,
    "gwp": 0.533186,
    "ir": 0.00743241,
    "pm": 0.0000427563,
    "wu": 0.0652584
  },
  "2019-12": {
    "adpe": 4.95741e-7,
    "ap": 0.00129874,
    "ctue": 0.226834,
    "ctuh-c": 0.0000163316,
    "ctuh-nc": 0.00000834011,
    "gwp": 0.538685,
    "ir": 0.00747364,
    "pm": 0.000041922,
    "wu": 0.0664107
  },
  "2020-01": {
    "adpe": 5.00244e-7,
    "ap": 0.00129544,
    "ctue": 0.22111,
    "ctuh-c": 0.0000170652,
    "ctuh-nc": 0.00000871129,
    "gwp": 0.528115,
    "ir": 0.0074598,
    "pm": 0.0000435488,
    "wu": 0.0650302
  },
  "2020-02": {
    "adpe": 5.10206e-7,
    "ap": 0.00129594,
    "ctue": 0.220539,
    "ctuh-c": 0.0000172458,
    "ctuh-nc": 0.00000880287,
    "gwp": 0.525831,
    "ir": 0.00738329,
    "pm": 0.0000438648,
    "wu": 0.0641903
  },
  "2020-03": {
    "adpe": 5.32222e-7,
    "ap": 0.00127639,
    "ctue": 0.21664,
    "ctuh-c": 0.00001749,
    "ctuh-nc": 0.00000892624,
    "gwp": 0.515784,
    "ir": 0.00734662,
    "pm": 0.000043722,
    "wu": 0.0634483
  },
  "2020-04": {
    "adpe": 5.52665e-7,
    "ap": 0.00129363,
    "ctue": 0.217254,
    "ctuh-c": 0.0000180283,
    "ctuh-nc": 0.00000919989,
    "gwp": 0.517633,
    "ir": 0.00735784,
    "pm": 0.0000449256,
    "wu": 0.0632432
  },
  "2020-05": {
    "adpe": 5.52809e-7,
    "ap": 0.00128358,
    "ctue": 0.21774,
    "ctuh-c": 0.0000175269,
    "ctuh-nc": 0.00000894536,
    "gwp": 0.517395,
    "ir": 0.00732769,
    "pm": 0.0000438511,
    "wu": 0.0632986
  },
  "2020-06": {
    "adpe": 5.37352e-7,
    "ap": 0.00127306,
    "ctue": 0.218282,
    "ctuh-c": 0.0000168982,
    "ctuh-nc": 0.00000862596,
    "gwp": 0.519757,
    "ir": 0.00732282,
    "pm": 0.0000426881,
    "wu": 0.0633094
  },
  "2020-07": {
    "adpe": 5.28576e-7,
    "ap": 0.00125727,
    "ctue": 0.218874,
    "ctuh-c": 0.0000162329,
    "ctuh-nc": 0.00000828815,
    "gwp": 0.521909,
    "ir": 0.00734607,
    "pm": 0.0000411256,
    "wu": 0.0637255
  },
  "2020-08": {
    "adpe": 5.28623e-7,
    "ap": 0.0012674,
    "ctue": 0.222128,
    "ctuh-c": 0.0000160953,
    "ctuh-nc": 0.00000821905,
    "gwp": 0.528715,
    "ir": 0.00737314,
    "pm": 0.0000408824,
    "wu": 0.0644901
  },
  "2020-09": {
    "adpe": 5.26456e-7,
    "ap": 0.00127489,
    "ctue": 0.218856,
    "ctuh-c": 0.0000167418,
    "ctuh-nc": 0.00000854654,
    "gwp": 0.522004,
    "ir": 0.00733301,
    "pm": 0.0000425494,
    "wu": 0.063451
  },
  "2020-10": {
    "adpe": 5.19511e-7,
    "ap": 0.00126571,
    "ctue": 0.216448,
    "ctuh-c": 0.0000169579,
    "ctuh-nc": 0.0000086558,
    "gwp": 0.515422,
    "ir": 0.00728054,
    "pm": 0.0000427696,
    "wu": 0.0629192
  },
  "2020-11": {
    "adpe": 5.15626e-7,
    "ap": 0.00129775,
    "ctue": 0.223888,
    "ctuh-c": 0.0000169523,
    "ctuh-nc": 0.00000865479,
    "gwp": 0.531674,
    "ir": 0.0073926,
    "pm": 0.0000429531,
    "wu": 0.0650628
  },
  "2020-12": {
    "adpe": 5.09062e-7,
    "ap": 0.00130215,
    "ctue": 0.228843,
    "ctuh-c": 0.0000163093,
    "ctuh-nc": 0.00000832947,
    "gwp": 0.541264,
    "ir": 0.00745637,
    "pm": 0.0000416002,
    "wu": 0.0667793
  },
  "2021-01": {
    "adpe": 5.1735e-7,
    "ap": 0.00129432,
    "ctue": 0.224425,
    "ctuh-c": 0.0000166916,
    "ctuh-nc": 0.0000085225,
    "gwp": 0.532296,
    "ir": 0.00743347,
    "pm": 0.0000424262,
    "wu": 0.0656773
  },
  "2021-02": {
    "adpe": 5.26483e-7,
    "ap": 0.00130308,
    "ctue": 0.22587,
    "ctuh-c": 0.0000166124,
    "ctuh-nc": 0.00000848257,
    "gwp": 0.534946,
    "ir": 0.00739339,
    "pm": 0.00004255,
    "wu": 0.0653708
  },
  "2021-03": {
    "adpe": 5.52387e-7,
    "ap": 0.00128286,
    "ctue": 0.223291,
    "ctuh-c": 0.0000167525,
    "ctuh-nc": 0.0000085534,
    "gwp": 0.527623,
    "ir": 0.00739483,
    "pm": 0.0000420195,
    "wu": 0.0651696
  },
  "2021-04": {
    "adpe": 5.61763e-7,
    "ap": 0.00128553,
    "ctue": 0.221344,
    "ctuh-c": 0.0000172119,
    "ctuh-nc": 0.00000878623,
    "gwp": 0.524637,
    "ir": 0.00737042,
    "pm": 0.0000429523,
    "wu": 0.0642515
  },
  "2021-05": {
    "adpe": 5.69524e-7,
    "ap": 0.00126859,
    "ctue": 0.218058,
    "ctuh-c": 0.000016929,
    "ctuh-nc": 0.00000864169,
    "gwp": 0.515697,
    "ir": 0.00730456,
    "pm": 0.0000424812,
    "wu": 0.0633784
  },
  "2021-06": {
    "adpe": 5.60519e-7,
    "ap": 0.00127255,
    "ctue": 0.221103,
    "ctuh-c": 0.0000164065,
    "ctuh-nc": 0.00000837693,
    "gwp": 0.524788,
    "ir": 0.00738765,
    "pm": 0.0000416087,
    "wu": 0.0643358
  },
  "2021-07": {
    "adpe": 5.51922e-7,
    "ap": 0.00126425,
    "ctue": 0.22292,
    "ctuh-c": 0.0000158234,
    "ctuh-nc": 0.00000808122,
    "gwp": 0.528233,
    "ir": 0.00739838,
    "pm": 0.0000402673,
    "wu": 0.0650217
  },
  "2021-08": {
    "adpe": 5.51626e-7,
    "ap": 0.00126821,
    "ctue": 0.223185,
    "ctuh-c": 0.0000159283,
    "ctuh-nc": 0.00000813455,
    "gwp": 0.529068,
    "ir": 0.00740433,
    "pm": 0.0000405259,
    "wu": 0.0650409
  },
  "2021-09": {
    "adpe": 5.46362e-7,
    "ap": 0.00127386,
    "ctue": 0.21985,
    "ctuh-c": 0.000016637,
    "ctuh-nc": 0.00000849371,
    "gwp": 0.522219,
    "ir": 0.00736395,
    "pm": 0.0000421453,
    "wu": 0.0640682
  },
  "2021-10": {
    "adpe": 5.43713e-7,
    "ap": 0.00127074,
    "ctue": 0.218023,
    "ctuh-c": 0.0000168362,
    "ctuh-nc": 0.00000859433,
    "gwp": 0.517592,
    "ir": 0.0073312,
    "pm": 0.0000426113,
    "wu": 0.0635262
  },
  "2021-11": {
    "adpe": 5.32559e-7,
    "ap": 0.00128471,
    "ctue": 0.221095,