year,adpe,ap,ctue,ctuh-c,ctuh-nc,gwp,ir,pm,wu
2019,5.08967282721639e-7,0.0012932849138189025,0.22211920993887063,0.000016872103871784855,0.000008613570903926701,0.5287243863335979,0.007392960364443894,0.000043033540848524684,0.06467394457500465
2020,5.237716485328169e-7,0.0012847840383698114,0.21963129105825316,0.000016776328340620094,0.000008564252964380327,0.521970860565638,0.007332774759306595,0.00004299756739358337,0.06380180999098982
2021,5.430775946851217e-7,0.0012826532936796443,0.22176082067436184,0.00001640277686636953,0.000008375072881241805,0.5245433954089899,0.007351903027823473,0.00004211438758919714,0.06443455092304458
2022,5.689298399239015e-7,0.001278165272131805,0.2206912938699433,0.00001637477882852124,0.000008360552686926921,0.5205106719134897,0.007302921503280845,0.00004207726604755832,0.06372310631452667
2023,5.960838989167895e-7,0.0012642439153120655,0.21974178679959494,0.000016250930196501367,0.000008297514286367018,0.5170683350516689,0.007303353160464624,0.000041368185348395785,0.06359124450625254
2024,5.716881392385904e-7,0.001268245755305474,0.22378158608484316,0.00001606178724172695,0.000008202616083194555,0.5239993842333883,0.007307656685166867,0.00004060124023572175,0.06493084290315415
