{
  "2019-01": {
    "adpe": 1.13916e-7,
    "ap": 0.0000480826,
    "ctue": 0.00758336,
    "ctuh-c": 3.19731e-10,
    "ctuh-nc": 6.69752e-10,
    "gwp": 0.00365213,
    "ir": 0.00031317,
    "pm": 0.00000126847,
    "wu": 0.00200974
  },
  "2019-02": {
    "adpe": 1.21983e-7,
    "ap": 0.0000471683,
    "ctue": 0.00761032,
    "ctuh-c": 3.11767e-10,
    "ctuh-nc": 6.75788e-10,
    "gwp": 0.00366253,
    "ir": 0.000326651,
    "pm": 0.00000121835,
    "wu": 0.00199352
  },
  "2019-03": {
    "adpe": 1.4677e-7,
    "ap": 0.0000489628,
    "ctue": 0.00836429,
    "ctuh-c": 3.59354e-10,
    "ctuh-nc": 7.36742e-10,
    "gwp": 0.00389916,
    "ir": 0.000367956,
    "pm": 0.00000122797,
    "wu": 0.00214002
  },
  "2019-04": {
    "adpe": 1.57965e-7,
    "ap": 0.0000485696,
    "ctue": 0.00848955,
    "ctuh-c": 3.49816e-10,
    "ctuh-nc": 7.53697e-10,
    "gwp": 0.0039709,
    "ir": 0.000389531,
    "pm": 0.0000011851,
    "wu": 0.0021464
  },
  "2019-05": {
    "adpe": 1.63361e-7,
    "ap": 0.000048493,
    "ctue": 0.00868394,
    "ctuh-c": 3.49706e-10,
    "ctuh-nc": 7.67245e-10,
    "gwp": 0.00404672,
    "ir": 0.000402652,
    "pm": 0.00000116264,
    "wu": 0.00215546
  },
  "2019-06": {
    "adpe": 1.61611e-7,
    "ap": 0.0000476324,
    "ctue": 0.00832528,
    "ctuh-c": 3.21576e-10,
    "ctuh-nc": 7.50391e-10,
    "gwp": 0.00395986,
    "ir": 0.000398093,
    "pm": 0.00000114074,
    "wu": 0.00210563
  },
  "2019-07": {
    "adpe": 1.53003e-7,
    "ap": 0.0000470262,
    "ctue": 0.0080187,
    "ctuh-c": 3.04086e-10,
    "ctuh-nc": 7.27664e-10,
    "gwp": 0.00386427,
    "ir": 0.000382701,
    "pm": 0.00000114026,
    "wu": 0.00205492
  },
  "2019-08": {
    "adpe": 1.53902e-7,
    "ap": 0.0000474341,
    "ctue": 0.00795353,
    "ctuh-c": 3.02345e-10,
    "ctuh-nc": 7.2875e-10,
    "gwp": 0.00385922,
    "ir": 0.00038276,
    "pm": 0.00000115668,
    "wu": 0.00206948
  },
  "2019-09": {
    "adpe": 1.50445e-7,
    "ap": 0.0000469382,
    "ctue": 0.00805582,
    "ctuh-c": 3.18495e-10,
    "ctuh-nc": 7.23265e-10,
    "gwp": 0.00383317,
    "ir": 0.00037554,
    "pm": 0.00000114654,
    "wu": 0.002056
  },
  "2019-10": {
    "adpe": 1.44559e-7,
    "ap": 0.0000473459,
    "ctue": 0.00818431,
    "ctuh-c": 3.36032e-10,
    "ctuh-nc": 7.21311e-10,
    "gwp": 0.00384014,
    "ir": 0.000366138,
    "pm": 0.00000117123,
    "wu": 0.00206683
  },
  "2019-11": {
    "adpe": 1.30886e-7,
    "ap": 0.0000477737,
    "ctue": 0.00805518,
    "ctuh-c": 3.42875e-10,
    "ctuh-nc": 7.02109e-10,
    "gwp": 0.00377271,
    "ir": 0.000342113,
    "pm": 0.00000121749,
    "wu": 0.00205374
  },
  "2019-12": {
    "adpe": 1.258e-7,
    "ap": 0.0000485958,
    "ctue": 0.00799443,
    "ctuh-c": 3.54617e-10,
    "ctuh-nc": 6.96804e-10,
    "gwp": 0.00373973,
    "ir": 0.000330169,
    "pm": 0.00000126443,
    "wu": 0.00207702
  },
  "2020-01": {
    "adpe": 1.32579e-7,
    "ap": 0.0000494715,
    "ctue": 0.00807864,
    "ctuh-c": 3.52073e-10,
    "ctuh-nc": 7.1352e-10,
    "gwp": 0.00381414,
    "ir": 0.000343232,
    "pm": 0.00000127961,
    "wu": 0.00211925
  },
  "2020-02": {
    "adpe": 1.44313e-7,
    "ap": 0.0000497599,
    "ctue": 0.00854503,
    "ctuh-c": 3.80128e-10,
    "ctuh-nc": 7.42522e-10,
    "gwp": 0.00393329,
    "ir": 0.000363891,
    "pm": 0.00000126039,
    "wu": 0.00217363
  },
  "2020-03": {
    "adpe": 1.69364e-7,
    "ap": 0.0000518693,
    "ctue": 0.00908513,
    "ctuh-c": 4.02286e-10,
    "ctuh-nc": 8.0137e-10,
    "gwp": 0.00417033,
    "ir": 0.000407748,
    "pm": 0.00000127982,
    "wu": 0.00231421
  },
  "2020-04": {
    "adpe": 1.88404e-7,
    "ap": 0.0000531624,
    "ctue": 0.00903874,
    "ctuh-c": 3.82751e-10,
    "ctuh-nc": 8.31928e-10,
    "gwp": 0.00426964,
    "ir": 0.000438987,
    "pm": 0.0000012914,
    "wu": 0.00238802
  },
  "2020-05": {
    "adpe": 1.92336e-7,
    "ap": 0.0000530169,
    "ctue": 0.00920338,
    "ctuh-c": 3.86048e-10,
    "ctuh-nc": 8.41609e-10,
    "gwp": 0.00432129,
    "ir": 0.000448051,
    "pm": 0.00000127231,
    "wu": 0.00239398
  },
  "2020-06": {
    "adpe": 1.80029e-7,
    "ap": 0.0000503391,
    "ctue": 0.00890812,
    "ctuh-c": 3.5765e-10,
    "ctuh-nc": 8.04713e-10,
    "gwp": 0.00418733,
    "ir": 0.000430272,
    "pm": 0.00000119599,
    "wu": 0.00225937
  },
  "2020-07": {
    "adpe": 1.74979e-7,
    "ap": 0.0000495878,
    "ctue": 0.00863653,
    "ctuh-c": 3.32198e-10,
    "ctuh-nc": 7.87923e-10,
    "gwp": 0.00412548,
    "ir": 0.000423239,
    "pm": 0.00000117866,
    "wu": 0.00220654
  },
  "2020-08": {
    "adpe": 1.73421e-7,
    "ap": 0.0000498228,
    "ctue": 0.00852012,
    "ctuh-c": 3.32897e-10,
    "ctuh-nc": 7.82701e-10,
    "gwp": 0.00408641,
    "ir": 0.000417515,
    "pm": 0.0000011969,
    "wu": 0.0022117
  },
  "2020-09": {
    "adpe": 1.71267e-7,
    "ap": 0.0000499356,
    "ctue": 0.00865043,
    "ctuh-c": 3.38427e-10,
    "ctuh-nc": 7.85335e-10,
    "gwp": 0.00412109,
    "ir": 0.000416931,
    "pm": 0.00000119892,
    "wu": 0.0022133
  },
  "2020-10": {
    "adpe": 1.6353e-7,
    "ap": 0.000050041,
    "ctue": 0.0090961,
    "ctuh-c": 3.85839e-10,
    "ctuh-nc": 7.87235e-10,
    "gwp": 0.00415257,
    "ir": 0.000404592,
    "pm": 0.00000121252,
    "wu": 0.00222915
  },
  "2020-11": {
    "adpe": 1.49177e-7,
    "ap": 0.0000506511,
    "ctue": 0.00855461,
    "ctuh-c": 3.78982e-10,
    "ctuh-nc": 7.53891e-10,
    "gwp": 0.00397461,
    "ir": 0.000371655,
    "pm": 0.00000128425,
    "wu": 0.00221328
  },
  "2020-12": {
    "adpe": 1.38559e-7,
    "ap": 0.0000511285,
    "ctue": 0.00829991,
    "ctuh-c": 3.78815e-10,
    "ctuh-nc": 7.34491e-10,
    "gwp": 0.00388463,
    "ir": 0.000350173,
    "pm": 0.00000133191,
    "wu": 0.00220493
  },
  "2021-01": {
    "adpe": 1.49744e-7,
    "ap": 0.0000520342,
    "ctue": 0.00858078,
    "ctuh-c": 3.94218e-10,
    "ctuh-nc": 7.61207e-10,
    "gwp": 0.00398904,
    "ir": 0.000369095,
    "pm": 0.00000133994,
    "wu": 0.0022702
  },
  "2021-02": {
    "adpe": 1.60964e-7,
    "ap": 0.0000524432,
    "ctue": 0.00874541,
    "ctuh-c": 3.97086e-10,
    "ctuh-nc": 7.82431e-10,
    "gwp": 0.00406808,
    "ir": 0.000388329,
    "pm": 0.00000133031,
    "wu": 0.00231126
  },
  "2021-03": {
    "adpe": 1.90021e-7,
    "ap": 0.0000543166,
    "ctue": 0.00931115,
    "ctuh-c": 4.31895e-10,
    "ctuh-nc": 8.43165e-10,
    "gwp": 0.00427687,
    "ir": 0.000433806,
    "pm": 0.00000134132,
    "wu": 0.00246263
  },
  "2021-04": {
    "adpe": 2.01215e-7,
    "ap": 0.0000542007,
    "ctue": 0.00937788,
    "ctuh-c": 4.22218e-10,
    "ctuh-nc": 8.59409e-10,
    "gwp": 0.00433638,
    "ir": 0.000453819,
    "pm": 0.00000131195,
    "wu": 0.00247829
  },
  "2021-05": {
    "adpe": 2.16136e-7,
    "ap": 0.0000550193,
    "ctue": 0.00989583,
    "ctuh-c": 4.43435e-10,
    "ctuh-nc": 8.98464e-10,
    "gwp": 0.0045142,
    "ir": 0.000482988,
    "pm": 0.00000130015,
    "wu": 0.00255226
  },
  "2021-06": {
    "adpe": 2.0512e-7,
    "ap": 0.000052934,
    "ctue": 0.00905857,
    "ctuh-c": 3.73406e-10,
    "ctuh-nc": 8.51688e-10,
    "gwp": 0.00431319,
    "ir": 0.000464629,
    "pm": 0.00000125345,
    "wu": 0.00241379
  },
  "2021-07": {
    "adpe": 1.96991e-7,
    "ap": 0.0000529307,
    "ctue": 0.00891747,
    "ctuh-c": 3.65555e-10,
    "ctuh-nc": 8.38189e-10,
    "gwp": 0.00427317,
    "ir": 0.000452189,
    "pm": 0.00000126899,
    "wu": 0.00238956
  },
  "2021-08": {
    "adpe": 1.96114e-7,
    "ap": 0.0000526671,
    "ctue": 0.00887718,
    "ctuh-c": 3.6558e-10,
    "ctuh-nc": 8.33975e-10,
    "gwp": 0.00424851,
    "ir": 0.000449578,
    "pm": 0.00000126332,
    "wu": 0.0023792
  },
  "2021-09": {
    "adpe": 1.90537e-7,
    "ap": 0.0000525495,
    "ctue": 0.00897945,
    "ctuh-c": 3.70183e-10,
    "ctuh-nc": 8.30419e-10,
    "gwp": 0.00426397,
    "ir": 0.000443752,
    "pm": 0.00000126309,
    "wu": 0.00236466
  },
  "2021-10": {
    "adpe": 1.88246e-7,
    "ap": 0.000052673,
    "ctue": 0.00943723,
    "ctuh-c": 4.25898e-10,
    "ctuh-nc": 8.37547e-10,