{
  "2019-01": {
    "adpe": 4.8911e-7,
    "ap": 0.00129235,
    "ctue": 0.224266,
    "ctuh-c": 0.0000170776,
    "ctuh-nc": 0.00000871879,
    "gwp": 0.534374,
    "ir": 0.00746488,
    "pm": 0.0000426231,
    "wu": 0.0660184
  },
  "2019-02": {
    "adpe": 4.97383e-7,
    "ap": 0.00130409,
    "ctue": 0.224692,
    "ctuh-c": 0.000017414,
    "ctuh-nc": 0.00000888972,
    "gwp": 0.535759,
    "ir": 0.00743902,
    "pm": 0.0000434791,
    "wu": 0.0655004
  },
  "2019-03": {
    "adpe": 5.16843e-7,
    "ap": 0.00127996,
    "ctue": 0.220933,
    "ctuh-c": 0.0000174375,
    "ctuh-nc": 0.00000890091,
    "gwp": 0.525448,
    "ir": 0.00739118,
    "pm": 0.0000429199,
    "wu": 0.0647657
  },
  "2019-04": {
    "adpe": 5.24256e-7,
    "ap": 0.00128224,
    "ctue": 0.218846,
    "ctuh-c": 0.0000177385,
    "ctuh-nc": 0.00000905324,
    "gwp": 0.521422,
    "ir": 0.00734972,
    "pm": 0.000043744,
    "wu": 0.063781
  },
  "2019-05": {
    "adpe": 5.25241e-7,
    "ap": 0.00126686,
    "ctue": 0.217113,
    "ctuh-c": 0.0000175016,
    "ctuh-nc": 0.00000893253,
    "gwp": 0.51715,
    "ir": 0.00730816,
    "pm": 0.0000430465,
    "wu": 0.0632913
  },
  "2019-06": {
    "adpe": 5.23015e-7,
    "ap": 0.00126845,
    "ctue": 0.218595,
    "ctuh-c": 0.0000171042,
    "ctuh-nc": 0.00000873087,
    "gwp": 0.521777,
    "ir": 0.00735652,
    "pm": 0.0000425085,
    "wu": 0.0637336
  },
  "2019-07": {
    "adpe": 5.15603e-7,
    "ap": 0.00126109,
    "ctue": 0.220909,
    "ctuh-c": 0.0000165461,
    "ctuh-nc": 0.00000844799,
    "gwp": 0.527137,
    "ir": 0.00740211,
    "pm": 0.0000411326,
    "wu": 0.0646725
  },
  "2019-08": {
    "adpe": 5.17192e-7,
    "ap": 0.00126518,
    "ctue": 0.221417,
    "ctuh-c": 0.0000166716,
    "ctuh-nc": 0.00000851189,
    "gwp": 0.528532,
    "ir": 0.00742009,
    "pm": 0.0000413419,
    "wu": 0.0648577
  },
  "2019-09": {
    "adpe": 5.1399e-7,
    "ap": 0.00127318,
    "ctue": 0.219849,
    "ctuh-c": 0.0000171144,
    "ctuh-nc": 0.0000087363,
    "gwp": 0.525891,
    "ir": 0.00740178,
    "pm": 0.0000425452,
    "wu": 0.0641995
  },
  "2019-10": {
    "adpe": 5.06097e-7,
    "ap": 0.00126987,
    "ctue": 0.218703,
    "ctuh-c": 0.000016919,
    "ctuh-nc": 0.00000863657,
    "gwp": 0.523166,
    "ir": 0.0073852,
    "pm": 0.0000424917,
    "wu": 0.0639671
  },
  "2019-11": {
    "adpe": 4.9613e-7,
    "ap": 0.00128532,
    "ctue": 0.222596,
    "ctuh-c": 0.0000166737,
    "ctuh-nc": 0.00000851291,
    "gwp": 0.53021,
    "ir": 0.00740228,
    "pm": 0.0000423367,
    "wu": 0.0650188
  },
  "2019-12": {
    "adpe": 4.94146e-7,
    "ap": 0.00128777,
    "ctue": 0.225712,
    "ctuh-c": 0.0000163292,
    "ctuh-nc": 0.00000833881,
    "gwp": 0.535817,
    "ir": 0.00744459,
    "pm": 0.0000415146,
    "wu": 0.0661806
  },
  "2020-01": {
    "adpe": 4.9964e-7,
    "ap": 0.00128446,
    "ctue": 0.219921,
    "ctuh-c": 0.0000170681,
    "ctuh-nc": 0.00000871259,
    "gwp": 0.525088,
    "ir": 0.00743137,
    "pm": 0.0000431597,
    "wu": 0.0647827
  },
  "2020-02": {
    "adpe": 5.0945e-7,
    "ap": 0.00128472,
    "ctue": 0.219329,
    "ctuh-c": 0.0000172477,
    "ctuh-nc": 0.00000880371,
    "gwp": 0.522738,
    "ir": 0.00735385,
    "pm": 0.0000434657,
    "wu": 0.0639372
  },
  "2020-03": {
    "adpe": 5.31345e-7,
    "ap": 0.00126524,
    "ctue": 0.215445,
    "ctuh-c": 0.0000174937,
    "ctuh-nc": 0.00000892797,
    "gwp": 0.512752,
    "ir": 0.00731778,
    "pm": 0.000043324,
    "wu": 0.0632018
  },
  "2020-04": {
    "adpe": 5.51623e-7,
    "ap": 0.00128172,
    "ctue": 0.215972,
    "ctuh-c": 0.0000180284,
    "ctuh-nc": 0.00000919977,
    "gwp": 0.514365,
    "ir": 0.00732601,
    "pm": 0.0000444993,
    "wu": 0.0629723
  },
  "2020-05": {
    "adpe": 5.51728e-7,
    "ap": 0.00127229,
    "ctue": 0.216516,
    "ctuh-c": 0.0000175279,
    "ctuh-nc": 0.00000894572,
    "gwp": 0.514277,
    "ir": 0.00729726,
    "pm": 0.0000434488,
    "wu": 0.0630411
  },
  "2020-06": {
    "adpe": 5.36154e-7,
    "ap": 0.00126235,
    "ctue": 0.217106,
    "ctuh-c": 0.0000168997,
    "ctuh-nc": 0.00000862655,
    "gwp": 0.516764,
    "ir": 0.00729338,
    "pm": 0.0000423105,
    "wu": 0.0630586
  },
  "2020-07": {
    "adpe": 5.27287e-7,
    "ap": 0.00124701,
    "ctue": 0.217749,
    "ctuh-c": 0.0000162349,
    "ctuh-nc": 0.00000828903,
    "gwp": 0.519067,
    "ir": 0.0073182,
    "pm": 0.000040764,
    "wu": 0.0634874
  },
  "2020-08": {
    "adpe": 5.27343e-7,
    "ap": 0.00125706,
    "ctue": 0.22101,
    "ctuh-c": 0.0000160979,
    "ctuh-nc": 0.00000822024,
    "gwp": 0.525908,
    "ir": 0.00734588,
    "pm": 0.0000405144,
    "wu": 0.0642578
  },
  "2020-09": {
    "adpe": 5.25048e-7,
    "ap": 0.00126371,
    "ctue": 0.217664,
    "ctuh-c": 0.0000167439,
    "ctuh-nc": 0.00000854751,
    "gwp": 0.519018,
    "ir": 0.00730424,
    "pm": 0.0000421477,
    "wu": 0.0632075
  },
  "2020-10": {
    "adpe": 5.18214e-7,
    "ap": 0.0012545,
    "ctue": 0.215265,
    "ctuh-c": 0.0000169624,
    "ctuh-nc": 0.00000865793,
    "gwp": 0.512455,
    "ir": 0.00725225,
    "pm": 0.0000423665,
    "wu": 0.0626799
  },
  "2020-11": {
    "adpe": 5.14338e-7,
    "ap": 0.00128641,
    "ctue": 0.222684,
    "ctuh-c": 0.0000169553,
    "ctuh-nc": 0.00000865621,
    "gwp": 0.528647,
    "ir": 0.00736368,
    "pm": 0.0000425466,
    "wu": 0.0648173
  },
  "2020-12": {
    "adpe": 5.07938e-7,
    "ap": 0.00129121,
    "ctue": 0.227681,
    "ctuh-c": 0.0000163114,
    "ctuh-nc": 0.00000833043,
    "gwp": 0.538336,
    "ir": 0.00742861,
    "pm": 0.0000412086,
    "wu": 0.0665422
  },
  "2021-01": {
    "adpe": 5.15912e-7,
    "ap": 0.00128421,
    "ctue": 0.223398,
    "ctuh-c": 0.0000166781,
    "ctuh-nc": 0.00000851553,
    "gwp": 0.529702,
    "ir": 0.00740838,
    "pm": 0.0000420407,
    "wu": 0.0654746
  },
  "2021-02": {
    "adpe": 5.25249e-7,
    "ap": 0.00129226,
    "ctue": 0.224776,
    "ctuh-c": 0.0000165996,
    "ctuh-nc": 0.00000847591,
    "gwp": 0.532156,
    "ir": 0.00736673,
    "pm": 0.0000421394,
    "wu": 0.0651549
  },
  "2021-03": {
    "adpe": 5.51416e-7,
    "ap": 0.00127244,
    "ctue": 0.2222,
    "ctuh-c": 0.0000167554,
    "ctuh-nc": 0.00000855473,
    "gwp": 0.524859,
    "ir": 0.00736803,
    "pm": 0.0000416414,
    "wu": 0.0649456
  },
  "2021-04": {
    "adpe": 5.60779e-7,
    "ap": 0.00127438,
    "ctue": 0.220165,
    "ctuh-c": 0.0000171939,
    "ctuh-nc": 0.00000877691,
    "gwp": 0.521601,
    "ir": 0.00734064,
    "pm": 0.0000425357,
    "wu": 0.0640024
  },
  "2021-05": {
    "adpe": 5.68527e-7,
    "ap": 0.00125743,
    "ctue": 0.216876,
    "ctuh-c": 0.0000169086,
    "ctuh-nc": 0.00000863116,
    "gwp": 0.512654,
    "ir": 0.00727466,
    "pm": 0.0000420649,
    "wu": 0.0631228
  },
  "2021-06": {
    "adpe": 5.59514e-7,
    "ap": 0.00126168,
    "ctue": 0.219986,
    "ctuh-c": 0.0000163435,
    "ctuh-nc": 0.00000834476,
    "gwp": 0.521938,
    "ir": 0.00736086,
    "pm": 0.0000411638,
    "wu": 0.0641026
  },
  "2021-07": {
    "adpe": 5.51129e-7,
    "ap": 0.00125395,
    "ctue": 0.221837,
    "ctuh-c": 0.0000158014,
    "ctuh-nc": 0.00000806992,
    "gwp": 0.525484,
    "ir": 0.00737221,
    "pm": 0.0000398756,
    "wu": 0.064797
  },
  "2021-08": {
    "adpe": 5.50829e-7,
    "ap": 0.00125825,
    "ctue": 0.222148,
    "ctuh-c": 0.0000159091,
    "ctuh-nc": 0.00000812468,
    "gwp": 0.526402,
    "ir": 0.00737843,
    "pm": 0.0000401475,
    "wu": 0.0648244
  },
  "2021-09": {
    "adpe": 5.45574e-7,
    "ap": 0.00126377,
    "ctue": 0.218798,
    "ctuh-c": 0.0000166409,
    "ctuh-nc": 0.0000084956,
    "gwp": 0.519506,
    "ir": 0.00733744,
    "pm": 0.0000417806,
    "wu": 0.063849
  },
  "2021-10": {
    "adpe": 5.42804e-7,
    "ap": 0.00126045,
    "ctue": 0.216912,
    "ctuh-c": 0.0000168564,
    "ctuh-nc": 0.00000860444,
    "gwp": 0.514742,
    "ir": 0.00730742,
    "pm": 0.0000422595,
    "wu": 0.0633315
  },
  "2021-11": {
    "adpe": 5.31714e-7,
    "ap": 0.00127543,
    "ctue": 0.220103,