year,adpe,ap,ctue,ctuh-c,ctuh-nc,gwp,ir,pm,wu
2019,1.43669e-7,0.000047832,0.00810745,3.3066e-10,7.21028e-10,0.00384125,0.000364762,0.0000011916,0.00207713
2020,1.64657e-7,0.0000507083,0.0087121,3.66887e-10,7.80103e-10,0.00408478,0.00040108,0.00000124806,0.00224247
2021,1.86108e-7,0.0000532298,0.00911366,4.03933e-10,8.2911e-10,0.00423955,0.000431168,0.00000130436,0.00239936
2022,2.1843e-7,0.0000557179,0.00984263,4.49564e-10,9.01958e-10,0.00450329,0.000482812,0.00000132876,0.00258513
2023,2.54725e-7,0.0000575522,0.0104789,4.91171e-10,9.72237e-10,0.0047264,0.000537691,0.00000132777,0.00275694
2024,3.02947e-7,0.0000599364,0.0113008,5.32539e-10,1.06678e-9,0.00505023,0.000614543,0.00000131812,0.00297371
2025,3.73208e-7,0.0000628023,0.012372,5.90074e-10,1.1962e-9,0.00546258,0.000723072,0.00000128867,0.00326873
