year,adpe,ap,ctue,ctuh-c,ctuh-nc,gwp,ir,pm,wu
2021,9.094047751851482e-7,0.00023592238113810345,0.043133648230196955,2.199009806267065e-9,3.8095483645552055e-9,0.018788662563046187,0.001969198986471708,0.000005724543265848661,0.011110529235723973
2022,9.445698495508778e-7,0.00023551887710293625,0.04375413104398815,2.251524416612898e-9,3.862588641164456e-9,0.018901374679359813,0.002016734322456459,0.00000565229374301825,0.011214987047656236
2023,9.473156153064552e-7,0.00022944434664150495,0.04387921758020659,2.268330391779877e-9,3.831413987815808e-9,0.018705196921702014,0.002014002287947332,0.000005432998739434588,0.01103578941563566
