year,adpe,ap,ctue,ctuh-c,ctuh-nc,gwp,ir,pm,wu
2019,0.0000016291876769054117,0.0003010274547964254,0.04421901287936129,1.8970097451467884e-9,5.101421320425646e-9,0.022943323253757378,0.003102644701417869,0.0000068127722824421676,0.014720024538747536
2020,0.000001673959971335863,0.00030176663632871473,0.044665158539629046,1.926445869149354e-9,5.168962397859961e-9,0.0231022104345628,0.0031661008564162307,0.00000676581705132287,0.01486916957707201
2021,0.0000017147569821014454,0.0003033047837938667,0.04561895336992801,2.0305877020057734e-9,5.244503574053794e-9,0.023268312665450645,0.0032153873475993114,0.000006763669820414464,0.015084745290988386
2022,0.0000017679901492828313,0.00030151136850138866,0.04629934837015364,2.0829427376465376e-9,5.311879249569097e-9,0.02337773549465597,0.0032876140796376176,0.00000661277552975487,0.015186846591495235
2023,0.0000018386033756691587,0.000301108544748912,0.046961129317625305,2.1212709794468973e-9,5.408709973951735e-9,0.023583183547974746,0.003387961533457967,0.0000064806447617915535,0.015365703761713805
