year,adpe,ap,ctue,ctuh-c,ctuh-nc,gwp,ir,pm,wu
2019,1.40075e-7,0.000047076,0.00806291,3.19044e-10,7.127e-10,0.00382749,0.000362006,0.00000116574,0.00203601
2020,1.59554e-7,0.0000497977,0.00862794,3.5294e-10,7.6795e-10,0.00405591,0.000395778,0.00000121993,0.00219133
2021,1.79718e-7,0.0000520914,0.00901047,3.88649e-10,8.13609e-10,0.00419835,0.000423862,0.0000012703,0.00233692
2022,2.09752e-7,0.0000543536,0.00968905,4.31221e-10,8.81022e-10,0.00444177,0.000471792,0.00000129121,0.00250804
2023,2.43493e-7,0.0000557951,0.0102837,4.7017e-10,9.44858e-10,0.00464094,0.000522619,0.00000128082,0.00265939
2024,2.93423e-7,0.000058005,0.0111044,5.06681e-10,1.04107e-9,0.00497365,0.000603197,0.00000125988,0.00287113
