year,adpe,ap,ctue,ctuh-c,ctuh-nc,gwp,ir,pm,wu
2019,1.4003e-7,0.0000470311,0.00807362,3.18949e-10,7.12835e-10,0.00383019,0.000362278,0.00000116348,0.00203431
2020,1.59409e-7,0.0000497293,0.00863599,3.52692e-10,7.67751e-10,0.00405717,0.00039587,0.00000121704,0.00218854
2021,1.79468e-7,0.0000520049,0.00901504,3.88203e-10,8.13077e-10,0.00419814,0.00042376,0.00000126701,0.00233317
2022,2.08931e-7,0.0000535784,0.00968129,4.30204e-10,8.7532e-10,0.00441524,0.000470233,0.00000126454,0.00248027
2023,2.41442e-7,0.0000549592,0.01025,4.68147e-10,9.36532e-10,0.00460419,0.000518929,0.00000125473,0.00262616
2024,2.85357e-7,0.0000564154,0.011092,5.12891e-10,1.02093e-9,0.00489102,0.000588889,0.00000121855,0.00280482
