year,adpe,ap,ctue,ctuh-c,ctuh-nc,gwp,ir,pm,wu
2019,0.0000016258371422869904,0.000304881051775668,0.04415947392254522,1.8963181090910422e-9,5.118459504705352e-9,0.023046259526663868,0.0030994993263914416,0.0000069585532382731145,0.014836851983947776
2020,0.0000016707558912413605,0.0003023879478437061,0.044646591599641704,1.9271272941123357e-9,5.168226879858918e-9,0.023110405865605886,0.003161535568091737,0.000006794034469354142,0.01488225979452703
2021,0.000001712158852014699,0.00030719446008189565,0.045566007594422094,2.030414686837083e-9,5.26277735269977e-9,0.023374296881930025,0.003213289925656903,0.000006909577778994899,0.015204869259743067
2022,0.00000176408092238214,0.0003056026702672674,0.04624054948258202,2.0830863751820854e-9,5.32960148642958e-9,0.023485886348505895,0.003283650485268342,0.000006768261047456577,0.015310636686588058
2023,0.0000018363163525746338,0.0003052167950272941,0.04746929645352432,2.200275381134127e-9,5.437696670364409e-9,0.023689658638162185,0.0033770563235397837,0.00000664384914075869,0.01554653591378487
