{
  "2019-01": {
    "adpe": 4.9431e-7,
    "ap": 0.0013421,
    "ctue": 0.226414,
    "ctuh-c": 0.0000179082,
    "ctuh-nc": 0.00000914103,
    "gwp": 0.537695,
    "ir": 0.00748424,
    "pm": 0.0000456738,
    "wu": 0.0662563
  },
  "2019-02": {
    "adpe": 5.03623e-7,
    "ap": 0.00135715,
    "ctue": 0.226934,
    "ctuh-c": 0.0000183237,
    "ctuh-nc": 0.00000935215,
    "gwp": 0.539275,
    "ir": 0.00745844,
    "pm": 0.0000467608,
    "wu": 0.0657117
  },
  "2019-03": {
    "adpe": 5.23798e-7,
    "ap": 0.00133028,
    "ctue": 0.222971,
    "ctuh-c": 0.0000183132,
    "ctuh-nc": 0.00000934607,
    "gwp": 0.528442,
    "ir": 0.00740837,
    "pm": 0.0000460622,
    "wu": 0.0649507
  },
  "2019-04": {
    "adpe": 5.33304e-7,
    "ap": 0.00133404,
    "ctue": 0.220784,
    "ctuh-c": 0.0000186597,
    "ctuh-nc": 0.00000952143,
    "gwp": 0.524132,
    "ir": 0.00736473,
    "pm": 0.0000470268,
    "wu": 0.0638979
  },
  "2019-05": {
    "adpe": 5.34839e-7,
    "ap": 0.00131661,
    "ctue": 0.21888,
    "ctuh-c": 0.0000183874,
    "ctuh-nc": 0.00000938273,
    "gwp": 0.519425,
    "ir": 0.00731913,
    "pm": 0.0000462207,
    "wu": 0.0633613
  },
  "2019-06": {
    "adpe": 5.32963e-7,
    "ap": 0.00131751,
    "ctue": 0.220371,
    "ctuh-c": 0.0000179584,
    "ctuh-nc": 0.000009165,
    "gwp": 0.524137,
    "ir": 0.00736987,
    "pm": 0.0000456172,
    "wu": 0.0638142
  },
  "2019-07": {
    "adpe": 5.24745e-7,
    "ap": 0.00130733,
    "ctue": 0.222769,
    "ctuh-c": 0.0000173202,
    "ctuh-nc": 0.00000884148,
    "gwp": 0.529764,
    "ir": 0.00741745,
    "pm": 0.0000439985,
    "wu": 0.0648075
  },
  "2019-08": {
    "adpe": 5.27136e-7,
    "ap": 0.00131136,
    "ctue": 0.223206,
    "ctuh-c": 0.000017455,
    "ctuh-nc": 0.00000891007,
    "gwp": 0.531043,
    "ir": 0.00743719,
    "pm": 0.0000442246,
    "wu": 0.064985
  },
  "2019-09": {
    "adpe": 5.24295e-7,
    "ap": 0.00132211,
    "ctue": 0.221669,
    "ctuh-c": 0.0000179647,
    "ctuh-nc": 0.00000916843,
    "gwp": 0.528447,
    "ir": 0.00741916,
    "pm": 0.0000456352,
    "wu": 0.0643043
  },
  "2019-10": {
    "adpe": 5.15933e-7,
    "ap": 0.00131864,
    "ctue": 0.220419,
    "ctuh-c": 0.0000177641,
    "ctuh-nc": 0.00000906605,
    "gwp": 0.525463,
    "ir": 0.00740155,
    "pm": 0.0000455933,
    "wu": 0.064056
  },
  "2019-11": {
    "adpe": 5.04868e-7,
    "ap": 0.00133486,
    "ctue": 0.224544,
    "ctuh-c": 0.0000174953,
    "ctuh-nc": 0.00000893052,
    "gwp": 0.532901,
    "ir": 0.00741788,
    "pm": 0.0000454148,
    "wu": 0.0651621
  },
  "2019-12": {
    "adpe": 5.0175e-7,
    "ap": 0.0013357,
    "ctue": 0.22775,
    "ctuh-c": 0.0000170998,
    "ctuh-nc": 0.00000873051,
    "gwp": 0.538697,
    "ir": 0.00746094,
    "pm": 0.0000444389,
    "wu": 0.0663819
  },
  "2020-01": {
    "adpe": 5.07255e-7,
    "ap": 0.00133494,
    "ctue": 0.221871,
    "ctuh-c": 0.0000179173,
    "ctuh-nc": 0.00000914421,
    "gwp": 0.527832,
    "ir": 0.0074485,
    "pm": 0.0000463108,
    "wu": 0.0649469
  },
  "2020-02": {
    "adpe": 5.1729e-7,
    "ap": 0.00133684,
    "ctue": 0.221338,
    "ctuh-c": 0.0000181384,
    "ctuh-nc": 0.00000925639,
    "gwp": 0.525568,
    "ir": 0.00736813,
    "pm": 0.000046733,
    "wu": 0.0640703
  },
  "2020-03": {
    "adpe": 5.39364e-7,
    "ap": 0.00131586,
    "ctue": 0.217236,
    "ctuh-c": 0.0000184007,
    "ctuh-nc": 0.00000938895,
    "gwp": 0.51507,
    "ir": 0.00732955,
    "pm": 0.0000465622,
    "wu": 0.0633009
  },
  "2020-04": {
    "adpe": 5.61433e-7,
    "ap": 0.00133582,
    "ctue": 0.217855,
    "ctuh-c": 0.000019027,
    "ctuh-nc": 0.00000970731,
    "gwp": 0.516805,
    "ir": 0.0073384,
    "pm": 0.0000479829,
    "wu": 0.0630605
  },
  "2020-05": {
    "adpe": 5.621e-7,
    "ap": 0.00132385,
    "ctue": 0.218372,
    "ctuh-c": 0.0000184559,
    "ctuh-nc": 0.00000941734,
    "gwp": 0.51659,
    "ir": 0.00730742,
    "pm": 0.0000467371,
    "wu": 0.0631259
  },
  "2020-06": {
    "adpe": 5.46805e-7,
    "ap": 0.00131139,
    "ctue": 0.218894,
    "ctuh-c": 0.0000177517,
    "ctuh-nc": 0.00000905962,
    "gwp": 0.519008,
    "ir": 0.00730353,
    "pm": 0.0000454115,
    "wu": 0.0631287
  },
  "2020-07": {
    "adpe": 5.39331e-7,
    "ap": 0.00129244,
    "ctue": 0.219428,
    "ctuh-c": 0.0000169972,
    "ctuh-nc": 0.00000867647,
    "gwp": 0.521165,
    "ir": 0.00733075,
    "pm": 0.000043608,
    "wu": 0.0635608
  },
  "2020-08": {
    "adpe": 5.40413e-7,
    "ap": 0.00130253,
    "ctue": 0.222866,
    "ctuh-c": 0.0000168428,
    "ctuh-nc": 0.00000859891,
    "gwp": 0.528321,
    "ir": 0.00736003,
    "pm": 0.0000433069,
    "wu": 0.0643736
  },
  "2020-09": {
    "adpe": 5.3793e-7,
    "ap": 0.00131204,
    "ctue": 0.219389,
    "ctuh-c": 0.000017576,
    "ctuh-nc": 0.00000897037,
    "gwp": 0.521108,
    "ir": 0.0073159,
    "pm": 0.0000452025,
    "wu": 0.0632629
  },
  "2020-10": {
    "adpe": 5.28719e-7,
    "ap": 0.0013025,
    "ctue": 0.216906,
    "ctuh-c": 0.0000178058,
    "ctuh-nc": 0.00000908657,
    "gwp": 0.514295,
    "ir": 0.00725961,
    "pm": 0.0000454368,
    "wu": 0.0627206
  },
  "2020-11": {
    "adpe": 5.23631e-7,
    "ap": 0.00133669,
    "ctue": 0.224798,
    "ctuh-c": 0.0000177976,
    "ctuh-nc": 0.00000908439,
    "gwp": 0.531495,
    "ir": 0.00737602,
    "pm": 0.0000456442,
    "wu": 0.0649847
  },
  "2020-12": {
    "adpe": 5.15431e-7,
    "ap": 0.00133862,
    "ctue": 0.229852,
    "ctuh-c": 0.0000170668,
    "ctuh-nc": 0.00000871447,
    "gwp": 0.541381,
    "ir": 0.00744239,
    "pm": 0.0000440617,
    "wu": 0.0667695
  },
  "2021-01": {
    "adpe": 5.23997e-7,
    "ap": 0.00133185,
    "ctue": 0.225348,
    "ctuh-c": 0.0000174729,
    "ctuh-nc": 0.00000891956,
    "gwp": 0.532215,
    "ir": 0.00742002,
    "pm": 0.0000449857,
    "wu": 0.0656474
  },
  "2021-02": {
    "adpe": 5.34335e-7,
    "ap": 0.00134262,
    "ctue": 0.22693,
    "ctuh-c": 0.0000174264,
    "ctuh-nc": 0.00000889626,
    "gwp": 0.535088,
    "ir": 0.00737903,
    "pm": 0.0000452199,
    "wu": 0.0653336
  },
  "2021-03": {
    "adpe": 5.61784e-7,
    "ap": 0.00132042,
    "ctue": 0.224237,
    "ctuh-c": 0.0000175598,
    "ctuh-nc": 0.00000896365,
    "gwp": 0.527504,
    "ir": 0.00738186,
    "pm": 0.0000445891,
    "wu": 0.0651366
  },
  "2021-04": {
    "adpe": 5.72603e-7,
    "ap": 0.00132429,
    "ctue": 0.222112,
    "ctuh-c": 0.0000180661,
    "ctuh-nc": 0.00000922028,
    "gwp": 0.524115,
    "ir": 0.00735488,
    "pm": 0.0000456624,
    "wu": 0.0641405
  },
  "2021-05": {
    "adpe": 5.81025e-7,
    "ap": 0.0013051,
    "ctue": 0.218581,
    "ctuh-c": 0.0000177469,
    "ctuh-nc": 0.00000905724,
    "gwp": 0.514551,
    "ir": 0.00728469,
    "pm": 0.0000450863,
    "wu": 0.0632093
  },
  "2021-06": {
    "adpe": 5.71496e-7,
    "ap": 0.001308,
    "ctue": 0.221681,
    "ctuh-c": 0.0000171371,
    "ctuh-nc": 0.00000874808,
    "gwp": 0.523998,
    "ir": 0.00737421,
    "pm": 0.0000440756,
    "wu": 0.0642029
  },
  "2021-07": {
    "adpe": 5.62566e-7,
    "ap": 0.00129797,
    "ctue": 0.223602,
    "ctuh-c": 0.0000165228,
    "ctuh-nc": 0.00000843661,
    "gwp": 0.527737,
    "ir": 0.0073853,
    "pm": 0.0000425841,
    "wu": 0.0649253
  },
  "2021-08": {
    "adpe": 5.62761e-7,
    "ap": 0.00130292,
    "ctue": 0.223995,
    "ctuh-c": 0.0000166408,
    "ctuh-nc": 0.00000849664,
    "gwp": 0.528837,
    "ir": 0.00739361,
    "pm": 0.0000428843,
    "wu": 0.0649722
  },
  "2021-09": {
    "adpe": 5.57625e-7,
    "ap": 0.00131117,
    "ctue": 0.220578,
    "ctuh-c": 0.0000174541,
    "ctuh-nc": 0.00000890891,
    "gwp": 0.521689,
    "ir": 0.00734966,
    "pm": 0.000044753,
    "wu": 0.063951
  },
  "2021-10": {
    "adpe": 5.54225e-7,
    "ap": 0.00130801,
    "ctue": 0.218591,
    "ctuh-c": 0.000017685,
    "ctuh-nc": 0.00000902557,
    "gwp": 0.516653,
    "ir": 0.00731932,
    "pm": 0.0000452799,
    "wu": 0.063425
  },
  "2021-11": {
    "adpe": 5.42712e-7,
    "ap": 0.00132326,
    "ctue": 0.221845,
    "ctuh-c": 0.0000176425,