{
  "2019-01": {
    "adpe": 4.884820566285097e-7,
    "ap": 0.00130105891565377,
    "ctue": 0.2256252302821851,
    "ctuh-c": 0.000016680808856102634,
    "ctuh-nc": 0.000008517343834781437,
    "gwp": 0.5363748191409772,
    "ir": 0.0074525624819973485,
    "pm": 0.000042553994413191884,
    "wu": 0.06610210672808654
  },
  "2019-02": {
    "adpe": 4.964735204529982e-7,
    "ap": 0.0013133906981445992,
    "ctue": 0.22612260700753137,
    "ctuh-c": 0.000016994091668216658,
    "ctuh-nc": 0.000008676533351831214,
    "gwp": 0.537876265371023,
    "ir": 0.007426216337953806,
    "pm": 0.00004340924831702203,
    "wu": 0.06559584248391247
  },
  "2019-03": {
    "adpe": 5.157568948616911e-7,
    "ap": 0.0012888414445004627,
    "ctue": 0.22233053601400934,
    "ctuh-c": 0.000017028847864364482,
    "ctuh-nc": 0.000008693458442784727,
    "gwp": 0.5275477281553884,
    "ir": 0.007379512164588813,
    "pm": 0.000042842920094965035,
    "wu": 0.06486422072389325
  },
  "2019-04": {
    "adpe": 5.230842007756734e-7,
    "ap": 0.0012907235656612413,
    "ctue": 0.22028749628090444,
    "ctuh-c": 0.000017316016414242085,
    "ctuh-nc": 0.000008838758658518822,
    "gwp": 0.5236225887554571,
    "ir": 0.007338960038946306,
    "pm": 0.000043622739799939764,
    "wu": 0.0639008530542813
  },
  "2019-05": {
    "adpe": 5.240179435830904e-7,
    "ap": 0.0012740022573247763,
    "ctue": 0.218454356800887,
    "ctuh-c": 0.000017091815458770658,
    "ctuh-nc": 0.000008724496679686914,
    "gwp": 0.5191907583960129,
    "ir": 0.007297944498963168,
    "pm": 0.000042877461595514026,
    "wu": 0.06341173724964493
  },
  "2019-06": {
    "adpe": 5.219356962678011e-7,
    "ap": 0.0012749802818350583,
    "ctue": 0.21986925735207205,
    "ctuh-c": 0.000016698803679933593,
    "ctuh-nc": 0.000008525052618342706,
    "gwp": 0.5236640467879103,
    "ir": 0.007345638040767006,
    "pm": 0.00004232297747664729,
    "wu": 0.06384108765501285
  },
  "2019-07": {
    "adpe": 5.147799773620067e-7,
    "ap": 0.0012671155018705092,
    "ctue": 0.2220799036328046,
    "ctuh-c": 0.000016164819956282027,
    "ctuh-nc": 0.000008254407099291568,
    "gwp": 0.5288385394919753,
    "ir": 0.0073911646611187765,
    "pm": 0.00004095720952909794,
    "wu": 0.06476402581250582
  },
  "2019-08": {
    "adpe": 5.163882115989207e-7,
    "ap": 0.0012711899677160738,
    "ctue": 0.22257724524609437,
    "ctuh-c": 0.00001628585648246864,
    "ctuh-nc": 0.000008316036373097071,
    "gwp": 0.5302040287854081,
    "ir": 0.0074091326132580335,
    "pm": 0.00004116374782824623,
    "wu": 0.06494902778456983
  },
  "2019-09": {
    "adpe": 5.133391068226641e-7,
    "ap": 0.0012796310272950608,
    "ctue": 0.22110708955022937,
    "ctuh-c": 0.000016709572854625022,
    "ctuh-nc": 0.00000853074078302554,
    "gwp": 0.5277011281183481,
    "ir": 0.007390194030524118,
    "pm": 0.00004235851538174155,
    "wu": 0.0642999935207056
  },
  "2019-10": {
    "adpe": 5.057381770150129e-7,
    "ap": 0.0012769298610026698,
    "ctue": 0.22001295664621098,
    "ctuh-c": 0.000016512165453166352,
    "ctuh-nc": 0.00000843003112617626,
    "gwp": 0.5250568607279361,
    "ir": 0.007373630153438465,
    "pm": 0.0000423277073395522,
    "wu": 0.06406937995037844
  },
  "2019-11": {
    "adpe": 4.957946964718992e-7,
    "ap": 0.0012935054131443444,
    "ctue": 0.22395600380687808,
    "ctuh-c": 0.00001627158601700405,
    "ctuh-nc": 0.00000830877942808894,
    "gwp": 0.5321843632477151,
    "ir": 0.007390128667037487,
    "pm": 0.000042231374361536036,
    "wu": 0.06511326976484626
  },
  "2019-12": {
    "adpe": 4.939433941347912e-7,
    "ap": 0.0012959887157776516,
    "ctue": 0.22697790326033376,
    "ctuh-c": 0.000015940515306113288,
    "ctuh-nc": 0.000008141435325913218,
    "gwp": 0.5376004823799326,
    "ir": 0.00743146957611979,
    "pm": 0.00004144209277781161,
    "wu": 0.06624668840906851
  },
  "2020-01": {
    "adpe": 4.98241411391893e-7,
    "ap": 0.0012916452443262583,
    "ctue": 0.22107890728875126,
    "ctuh-c": 0.000016659031085483587,
    "ctuh-nc": 0.000008504861167793995,
    "gwp": 0.5268245775270473,
    "ir": 0.0074200330738450025,
    "pm": 0.000043037488410857244,
    "wu": 0.06483913072323956
  },
  "2020-02": {
    "adpe": 5.082314749344486e-7,
    "ap": 0.001292079523220714,
    "ctue": 0.22050809148738476,
    "ctuh-c": 0.00001682405308038812,
    "ctuh-nc": 0.000008588545007639506,
    "gwp": 0.5245011071867156,
    "ir": 0.007342929769661406,
    "pm": 0.00004333788019519451,
    "wu": 0.0639989287038136
  },
  "2020-03": {
    "adpe": 5.299909538834121e-7,
    "ap": 0.0012722850849736398,
    "ctue": 0.2166227120884094,
    "ctuh-c": 0.00001707360392232155,
    "ctuh-nc": 0.00000871463247011047,
    "gwp": 0.5145366263304897,
    "ir": 0.007307517635297513,
    "pm": 0.00004318204642158088,
    "wu": 0.0632692238205656
  },
  "2020-04": {
    "adpe": 5.502248529448005e-7,
    "ap": 0.0012888446675979328,
    "ctue": 0.21718370596805345,
    "ctuh-c": 0.000017580244781041862,
    "ctuh-nc": 0.00000897218606047347,
    "gwp": 0.5161847726656975,
    "ir": 0.0073155642555040815,
    "pm": 0.000044335747316205095,
    "wu": 0.0630419775582634
  },
  "2020-05": {
    "adpe": 5.503756128576564e-7,
    "ap": 0.001278058016750788,
    "ctue": 0.21761988799389076,
    "ctuh-c": 0.000017099781735026413,
    "ctuh-nc": 0.000008728276095693298,
    "gwp": 0.515940111508812,
    "ir": 0.007288004293477479,
    "pm": 0.00004324597237686649,
    "wu": 0.06310732411075484
  },
  "2020-06": {
    "adpe": 5.352286196068642e-7,
    "ap": 0.0012673642053121304,
    "ctue": 0.21811609898699855,
    "ctuh-c": 0.000016490806302816394,
    "ctuh-nc": 0.000008418905015458043,
    "gwp": 0.5182477823587295,
    "ir": 0.007284362317667476,
    "pm": 0.00004209343214403349,
    "wu": 0.06312396325216917
  },
  "2020-07": {
    "adpe": 5.266869913200222e-7,
    "ap": 0.001251020004961127,
    "ctue": 0.21865768525733603,
    "ctuh-c": 0.000015851954398382564,
    "ctuh-nc": 0.000008094524119755582,
    "gwp": 0.5203676421983885,
    "ir": 0.007309764407442177,
    "pm": 0.000040527913942596984,
    "wu": 0.06355002320281143
  },
  "2020-08": {
    "adpe": 5.268434689898146e-7,
    "ap": 0.0012612522366293507,
    "ctue": 0.22189547619897326,
    "ctuh-c": 0.000015719010360602428,
    "ctuh-nc": 0.0000080277990132793,
    "gwp": 0.5271324953988336,
    "ir": 0.007336781075180033,
    "pm": 0.000040299941678848934,
    "wu": 0.06430525841895282
  },
  "2020-09": {
    "adpe": 5.244316102999138e-7,
    "ap": 0.001268642794179842,
    "ctue": 0.21865958728881021,
    "ctuh-c": 0.000016342021246539434,
    "ctuh-nc": 0.000008343386618253621,
    "gwp": 0.5204426132445867,
    "ir": 0.007294988232137289,
    "pm": 0.00004193442302088541,
    "wu": 0.06327000245367634
  },
  "2020-10": {
    "adpe": 5.17553096549458e-7,
    "ap": 0.0012607557955817003,
    "ctue": 0.21637543794541703,
    "ctuh-c": 0.000016553598653397083,
    "ctuh-nc": 0.000008450339015496157,
    "gwp": 0.5141083200651255,
    "ir": 0.007243186873538272,
    "pm": 0.00004219989096570391,
    "wu": 0.06275038570612865
  },
  "2020-11": {
    "adpe": 5.135417506764059e-7,
    "ap": 0.0012931526399319914,
    "ctue": 0.22374501995424187,
    "ctuh-c": 0.00001654861459357959,
    "ctuh-nc": 0.000008449643915065521,
    "gwp": 0.5301587833342246,
    "ir": 0.0073524323618912235,
    "pm": 0.00004242149717638941,
    "wu": 0.06485805640899198
  },
  "2020-12": {
    "adpe": 5.069840893529676e-7,
    "ap": 0.0012982508919356347,
    "ctue": 0.22872292850053397,
    "ctuh-c": 0.00001593420193862946,
    "ctuh-nc": 0.000008138844011299153,
    "gwp": 0.5398769665247517,
    "ir": 0.007417947314482739,
    "pm": 0.000041125736128328856,
    "wu": 0.06657720782914206
  },
  "2021-01": {
    "adpe": 5.15305828819199e-7,
    "ap": 0.0012908584750363195,
    "ctue": 0.22455365934631236,
    "ctuh-c": 0.000016305206860140986,
    "ctuh-nc": 0.000008326186020392942,