{
  "2019-01": {
    "adpe": 4.881154248177723e-7,
    "ap": 0.0013077719474778031,
    "ctue": 0.22524374631028704,
    "ctuh-c": 0.000016915854790655863,
    "ctuh-nc": 0.000008636619461922855,
    "gwp": 0.5358819721543758,
    "ir": 0.007461026770591793,
    "pm": 0.000043201353767741117,
    "wu": 0.06602615287673602
  },
  "2019-02": {
    "adpe": 4.962825437644513e-7,
    "ap": 0.0013203602727882785,
    "ctue": 0.225726673647985,
    "ctuh-c": 0.000017247225835876302,
    "ctuh-nc": 0.000008804993334136189,
    "gwp": 0.5373751192175772,
    "ir": 0.007435048006064072,
    "pm": 0.00004409076967272802,
    "wu": 0.06550850647285338
  },
  "2019-03": {
    "adpe": 5.157423593812031e-7,
    "ap": 0.001295719639060227,
    "ctue": 0.22192157271110843,
    "ctuh-c": 0.000017275069837488457,
    "ctuh-nc": 0.000008818405248270582,
    "gwp": 0.5269651528189422,
    "ir": 0.007386871728868023,
    "pm": 0.000043515055789985146,
    "wu": 0.06477035469188314
  },
  "2019-04": {
    "adpe": 5.231486374088888e-7,
    "ap": 0.001298151671547728,
    "ctue": 0.21985114921482382,
    "ctuh-c": 0.000017570139650345103,
    "ctuh-nc": 0.000008967704029528732,
    "gwp": 0.5229731338904433,
    "ir": 0.007345523677414244,
    "pm": 0.00004433993920127856,
    "wu": 0.06378677910839757
  },
  "2019-05": {
    "adpe": 5.241028939178102e-7,
    "ap": 0.0012823252745850756,
    "ctue": 0.2180790129802361,
    "ctuh-c": 0.000017337962893651725,
    "ctuh-nc": 0.000008849391460662852,
    "gwp": 0.5186174352630338,
    "ir": 0.007303296164236102,
    "pm": 0.00004362920468754948,
    "wu": 0.06328980193492385
  },
  "2019-06": {
    "adpe": 5.219014272712193e-7,
    "ap": 0.0012837545934394376,
    "ctue": 0.21955817679351675,
    "ctuh-c": 0.000016938542790253105,
    "ctuh-nc": 0.000008646703374106937,
    "gwp": 0.5232337275219948,
    "ir": 0.007351672057403259,
    "pm": 0.000043081185849638145,
    "wu": 0.06373313163111578
  },
  "2019-07": {
    "adpe": 5.146613646510394e-7,
    "ap": 0.001275636340470466,
    "ctue": 0.22182176051815025,
    "ctuh-c": 0.000016385628358339197,
    "ctuh-nc": 0.000008366452813270418,
    "gwp": 0.5284975784993916,
    "ir": 0.007397132717981194,
    "pm": 0.00004167603871966793,
    "wu": 0.06466826707519231
  },
  "2019-08": {
    "adpe": 5.162546404327456e-7,
    "ap": 0.001279699913525151,
    "ctue": 0.22232350967389244,
    "ctuh-c": 0.0000165101306875663,
    "ctuh-nc": 0.000008429845265718538,
    "gwp": 0.5298759904499526,
    "ir": 0.007415068282089831,
    "pm": 0.00004188389476020078,
    "wu": 0.06485342361648071
  },
  "2019-09": {
    "adpe": 5.131989800668042e-7,
    "ap": 0.0012883852385784913,
    "ctue": 0.22080535046428423,
    "ctuh-c": 0.00001694925077134212,
    "ctuh-nc": 0.000008652361862976781,
    "gwp": 0.5273154960824585,
    "ir": 0.007396805147638061,
    "pm": 0.00004311409229772276,
    "wu": 0.06419580896791834
  },
  "2019-10": {
    "adpe": 5.054079011075303e-7,
    "ap": 0.0012853520875793882,
    "ctue": 0.21966252960472546,
    "ctuh-c": 0.00001675092419630675,
    "ctuh-nc": 0.000008551174445297649,
    "gwp": 0.5245923900101277,
    "ir": 0.007380399346789219,
    "pm": 0.000043073403052184034,
    "wu": 0.06396201261964239
  },
  "2019-11": {
    "adpe": 4.954994013419174e-7,
    "ap": 0.001300883039272537,
    "ctue": 0.2235715762096142,
    "ctuh-c": 0.000016505410619552658,
    "ctuh-nc": 0.000008427420100534794,
    "gwp": 0.5316677282529182,
    "ir": 0.007397710665259893,
    "pm": 0.00004291905993758122,
    "wu": 0.0650182363009557
  },
  "2019-12": {
    "adpe": 4.936379485322444e-7,
    "ap": 0.0013028674714445298,
    "ctue": 0.22666237457937752,
    "ctuh-c": 0.000016163830337420072,
    "ctuh-nc": 0.000008254763508444286,
    "gwp": 0.5372286532709133,
    "ir": 0.007440134145962593,
    "pm": 0.00004207694512459271,
    "wu": 0.06618114801382091
  },
  "2020-01": {
    "adpe": 4.979769423385045e-7,
    "ap": 0.0012987749213888785,
    "ctue": 0.22065700352529802,
    "ctuh-c": 0.000016898101962360108,
    "ctuh-nc": 0.000008626160324686847,
    "gwp": 0.5262261076613556,
    "ir": 0.00742774151134822,
    "pm": 0.000043723288984018486,
    "wu": 0.06474247638521062
  },
  "2020-02": {
    "adpe": 5.079785349563254e-7,
    "ap": 0.0012990647334159004,
    "ctue": 0.22005535813663277,
    "ctuh-c": 0.000017074415966311684,
    "ctuh-nc": 0.000008715576766076082,
    "gwp": 0.5238539629437231,
    "ir": 0.007350245211168464,
    "pm": 0.000044031315832953004,
    "wu": 0.06389119667782082
  },
  "2020-03": {
    "adpe": 5.300949566822681e-7,
    "ap": 0.0012794442499508625,
    "ctue": 0.21614846681344738,
    "ctuh-c": 0.00001732141539617514,
    "ctuh-nc": 0.000008840360308546423,
    "gwp": 0.5137959094171816,
    "ir": 0.007313827434711976,
    "pm": 0.00004388722011098437,
    "wu": 0.06315037898960674
  },
  "2020-04": {
    "adpe": 5.504894540944925e-7,
    "ap": 0.0012967754296717812,
    "ctue": 0.21672076451145172,
    "ctuh-c": 0.000017851378288199867,
    "ctuh-nc": 0.000009109764727314588,
    "gwp": 0.5154984045052949,
    "ir": 0.0073227537685805035,
    "pm": 0.00004509894746074516,
    "wu": 0.06292330215966557
  },
  "2020-05": {
    "adpe": 5.505701863051297e-7,
    "ap": 0.0012865096729590285,
    "ctue": 0.2172238090257488,
    "ctuh-c": 0.000017354070876063533,
    "ctuh-nc": 0.000008857305714089904,
    "gwp": 0.5153282158175319,
    "ir": 0.007293563394134347,
    "pm": 0.00004401231774700274,
    "wu": 0.06298808926058325
  },
  "2020-06": {
    "adpe": 5.352036430834159e-7,
    "ap": 0.0012759540405770033,
    "ctue": 0.21777836193528208,
    "ctuh-c": 0.000016727090704606563,
    "ctuh-nc": 0.000008538793918972587,
    "gwp": 0.5177426222289357,
    "ir": 0.007289511485172695,
    "pm": 0.000042844347527671413,
    "wu": 0.06300722572886847
  },
  "2020-07": {
    "adpe": 5.265594539338709e-7,
    "ap": 0.0012599464746470314,
    "ctue": 0.21839162337205562,
    "ctuh-c": 0.00001606608314453669,
    "ctuh-nc": 0.000008203164634861263,
    "gwp": 0.5199839544373255,
    "ir": 0.007314380340576263,
    "pm": 0.00004126743893644031,
    "wu": 0.06343773562428989
  },
  "2020-08": {
    "adpe": 5.266371335040224e-7,
    "ap": 0.0012701053692247821,
    "ctue": 0.22165922257308712,
    "ctuh-c": 0.00001593213040336831,
    "ctuh-nc": 0.000008135939325021852,
    "gwp": 0.5268278240354815,
    "ir": 0.007341827147002665,
    "pm": 0.00004102539560263325,
    "wu": 0.06420730486783346
  },
  "2020-09": {
    "adpe": 5.243530995134546e-7,
    "ap": 0.001277759511027893,
    "ctue": 0.2183588660820487,
    "ctuh-c": 0.0000165720717023435,
    "ctuh-nc": 0.000008460108525183698,
    "gwp": 0.520017682498584,
    "ir": 0.00730018792741901,
    "pm": 0.000042703455168574775,
    "wu": 0.06315315095994573
  },
  "2020-10": {
    "adpe": 5.175155464460543e-7,
    "ap": 0.00126880978268908,
    "ctue": 0.2159637831851979,
    "ctuh-c": 0.000016788501655078845,
    "ctuh-nc": 0.000008569509167285591,
    "gwp": 0.5134492895353701,
    "ir": 0.007247815488783724,
    "pm": 0.00004293534091870481,
    "wu": 0.06262108009669784
  },
  "2020-11": {
    "adpe": 5.13381859714603e-7,
    "ap": 0.0013010323735599383,
    "ctue": 0.2234304550208276,
    "ctuh-c": 0.000016784212394736473,
    "ctuh-nc": 0.000008569200861870494,
    "gwp": 0.5297674558424422,
    "ir": 0.007360008811789317,
    "pm": 0.00004312423812810214,
    "wu": 0.06477213588909629
  },
  "2020-12": {
    "adpe": 5.069105066762889e-7,
    "ap": 0.001305134332780786,
    "ctue": 0.22842091835496306,
    "ctuh-c": 0.000016148178483707762,
    "ctuh-nc": 0.000008247428239131008,
    "gwp": 0.5394852828691166,
    "ir": 0.007425909311621725,
    "pm": 0.000041751438820523125,
    "wu": 0.06651045231897688
  },
  "2021-01": {
    "adpe": 5.151732662390534e-7,
    "ap": 0.0012978167132639772,
    "ctue": 0.22420643651513786,
    "ctuh-c": 0.000016529036631299536,
    "ctuh-nc": 0.000008439762015052546,