{
  "2019-01": {
    "adpe": 1.14e-7,
    "ap": 0.0000474059,
    "ctue": 0.0076089,
    "ctuh-c": 3.10496e-10,
    "ctuh-nc": 6.6846e-10,
    "gwp": 0.00366454,
    "ir": 0.00031669,
    "pm": 0.00000123731,
    "wu": 0.00198123
  },
  "2019-02": {
    "adpe": 1.21398e-7,
    "ap": 0.0000465042,
    "ctue": 0.00763612,
    "ctuh-c": 3.02748e-10,
    "ctuh-nc": 6.73797e-10,
    "gwp": 0.00367413,
    "ir": 0.000329233,
    "pm": 0.00000118868,
    "wu": 0.00196398
  },
  "2019-03": {
    "adpe": 1.45081e-7,
    "ap": 0.0000482286,
    "ctue": 0.00835231,
    "ctuh-c": 3.47836e-10,
    "ctuh-nc": 7.31989e-10,
    "gwp": 0.00390002,
    "ir": 0.000368704,
    "pm": 0.00000119827,
    "wu": 0.00210402
  },
  "2019-04": {
    "adpe": 1.54172e-7,
    "ap": 0.0000477456,
    "ctue": 0.00845179,
    "ctuh-c": 3.37772e-10,
    "ctuh-nc": 7.45092e-10,
    "gwp": 0.00395836,
    "ir": 0.000386816,
    "pm": 0.00000115642,
    "wu": 0.00210225
  },
  "2019-05": {
    "adpe": 1.58615e-7,
    "ap": 0.0000476504,
    "ctue": 0.00862013,
    "ctuh-c": 3.36966e-10,
    "ctuh-nc": 7.56519e-10,
    "gwp": 0.00402476,
    "ir": 0.000398095,
    "pm": 0.00000113586,
    "wu": 0.0021081
  },
  "2019-06": {
    "adpe": 1.56354e-7,
    "ap": 0.0000468105,
    "ctue": 0.0082681,
    "ctuh-c": 3.09624e-10,
    "ctuh-nc": 7.39353e-10,
    "gwp": 0.00393834,
    "ir": 0.000392818,
    "pm": 0.00000111544,
    "wu": 0.00205825
  },
  "2019-07": {
    "adpe": 1.48354e-7,
    "ap": 0.0000462766,
    "ctue": 0.00797754,
    "ctuh-c": 2.93234e-10,
    "ctuh-nc": 7.18199e-10,
    "gwp": 0.00384874,
    "ir": 0.000378405,
    "pm": 0.00000111632,
    "wu": 0.00201202
  },
  "2019-08": {
    "adpe": 1.48468e-7,
    "ap": 0.0000466128,
    "ctue": 0.00791085,
    "ctuh-c": 2.9164e-10,
    "ctuh-nc": 7.17891e-10,
    "gwp": 0.00383951,
    "ir": 0.000377278,
    "pm": 0.00000113145,
    "wu": 0.00202249
  },
  "2019-09": {
    "adpe": 1.44947e-7,
    "ap": 0.0000461083,
    "ctue": 0.00800405,
    "ctuh-c": 3.06072e-10,
    "ctuh-nc": 7.12212e-10,
    "gwp": 0.0038144,
    "ir": 0.000370267,
    "pm": 0.00000112068,
    "wu": 0.00200741
  },
  "2019-10": {
    "adpe": 1.39414e-7,
    "ap": 0.0000464887,
    "ctue": 0.00812472,
    "ctuh-c": 3.22557e-10,
    "ctuh-nc": 7.10354e-10,
    "gwp": 0.00382082,
    "ir": 0.000361424,
    "pm": 0.00000114379,
    "wu": 0.00201749
  },
  "2019-11": {
    "adpe": 1.2693e-7,
    "ap": 0.0000469583,
    "ctue": 0.00800295,
    "ctuh-c": 3.29233e-10,
    "ctuh-nc": 6.93062e-10,
    "gwp": 0.00375926,
    "ir": 0.000339282,
    "pm": 0.00000118934,
    "wu": 0.00200843
  },
  "2019-12": {
    "adpe": 1.229e-7,
    "ap": 0.0000477602,
    "ctue": 0.00795475,
    "ctuh-c": 3.41404e-10,
    "ctuh-nc": 6.89253e-10,
    "gwp": 0.00373026,
    "ir": 0.000328959,
    "pm": 0.00000123355,
    "wu": 0.00203381
  },
  "2020-01": {
    "adpe": 1.29958e-7,
    "ap": 0.0000486311,
    "ctue": 0.00805007,
    "ctuh-c": 3.39425e-10,
    "ctuh-nc": 7.06609e-10,
    "gwp": 0.0038074,
    "ir": 0.00034254,
    "pm": 0.0000012478,
    "wu": 0.00207688
  },
  "2020-02": {
    "adpe": 1.41613e-7,
    "ap": 0.0000489356,
    "ctue": 0.00850325,
    "ctuh-c": 3.66317e-10,
    "ctuh-nc": 7.35283e-10,
    "gwp": 0.00392525,
    "ir": 0.00036309,
    "pm": 0.00000122943,
    "wu": 0.00213086
  },
  "2020-03": {
    "adpe": 1.66396e-7,
    "ap": 0.0000509805,
    "ctue": 0.00903022,
    "ctuh-c": 3.87983e-10,
    "ctuh-nc": 7.92994e-10,
    "gwp": 0.00415634,
    "ir": 0.000406305,
    "pm": 0.00000124747,
    "wu": 0.00226843
  },
  "2020-04": {
    "adpe": 1.84112e-7,
    "ap": 0.000052111,
    "ctue": 0.00897882,
    "ctuh-c": 3.68431e-10,
    "ctuh-nc": 8.20894e-10,
    "gwp": 0.00424703,
    "ir": 0.000435526,
    "pm": 0.00000125538,
    "wu": 0.00233382
  },
  "2020-05": {
    "adpe": 1.87007e-7,
    "ap": 0.000051966,
    "ctue": 0.00911849,
    "ctuh-c": 3.7114e-10,
    "ctuh-nc": 8.28502e-10,
    "gwp": 0.0042899,
    "ir": 0.00044265,
    "pm": 0.00000123898,
    "wu": 0.00233706
  },
  "2020-06": {
    "adpe": 1.73978e-7,
    "ap": 0.0000493943,
    "ctue": 0.00882289,
    "ctuh-c": 3.44153e-10,
    "ctuh-nc": 7.91173e-10,
    "gwp": 0.00415468,
    "ir": 0.00042351,
    "pm": 0.00000116827,
    "wu": 0.00220519
  },
  "2020-07": {
    "adpe": 1.66969e-7,
    "ap": 0.0000485852,
    "ctue": 0.00854474,
    "ctuh-c": 3.19916e-10,
    "ctuh-nc": 7.71366e-10,
    "gwp": 0.00408305,
    "ir": 0.000413237,
    "pm": 0.0000011527,
    "wu": 0.00214671
  },
  "2020-08": {
    "adpe": 1.64478e-7,
    "ap": 0.0000487824,
    "ctue": 0.00842095,
    "ctuh-c": 3.2019e-10,
    "ctuh-nc": 7.64648e-10,
    "gwp": 0.00404012,
    "ir": 0.00040617,
    "pm": 0.00000117111,
    "wu": 0.00214816
  },
  "2020-09": {
    "adpe": 1.62702e-7,
    "ap": 0.0000488329,
    "ctue": 0.00854401,
    "ctuh-c": 3.24547e-10,
    "ctuh-nc": 7.67239e-10,
    "gwp": 0.00407366,
    "ir": 0.000406208,
    "pm": 0.00000117016,
    "wu": 0.00214784
  },
  "2020-10": {
    "adpe": 1.57415e-7,
    "ap": 0.0000490508,
    "ctue": 0.00897919,
    "ctuh-c": 3.69178e-10,
    "ctuh-nc": 7.72611e-10,
    "gwp": 0.0041152,
    "ir": 0.000397799,
    "pm": 0.00000118345,
    "wu": 0.00217128
  },
  "2020-11": {
    "adpe": 1.44846e-7,
    "ap": 0.0000496836,
    "ctue": 0.00847402,
    "ctuh-c": 3.6273e-10,
    "ctuh-nc": 7.42811e-10,
    "gwp": 0.00395231,
    "ir": 0.000368219,
    "pm": 0.00000125147,
    "wu": 0.00216047
  },
  "2020-12": {
    "adpe": 1.35774e-7,
    "ap": 0.0000502299,
    "ctue": 0.00823848,
    "ctuh-c": 3.63357e-10,
    "ctuh-nc": 7.26197e-10,
    "gwp": 0.00387124,
    "ir": 0.000349153,
    "pm": 0.0000012987,
    "wu": 0.00215849
  },
  "2021-01": {
    "adpe": 1.46263e-7,
    "ap": 0.0000510146,
    "ctue": 0.00849707,
    "ctuh-c": 3.7718e-10,
    "ctuh-nc": 7.50775e-10,
    "gwp": 0.00396693,
    "ir": 0.00036691,
    "pm": 0.00000130387,
    "wu": 0.00221719
  },
  "2021-02": {
    "adpe": 1.56586e-7,
    "ap": 0.0000513257,
    "ctue": 0.00866152,
    "ctuh-c": 3.80152e-10,
    "ctuh-nc": 7.70384e-10,
    "gwp": 0.00404142,
    "ir": 0.000384846,
    "pm": 0.00000129206,
    "wu": 0.002253
  },
  "2021-03": {
    "adpe": 1.84191e-7,
    "ap": 0.0000531326,
    "ctue": 0.00920786,
    "ctuh-c": 4.14293e-10,
    "ctuh-nc": 8.28421e-10,
    "gwp": 0.00424104,
    "ir": 0.000427985,
    "pm": 0.00000130354,
    "wu": 0.0023984
  },
  "2021-04": {
    "adpe": 1.94087e-7,
    "ap": 0.0000529136,
    "ctue": 0.00927687,
    "ctuh-c": 4.06032e-10,
    "ctuh-nc": 8.42443e-10,
    "gwp": 0.00429275,
    "ir": 0.000445802,
    "pm": 0.00000127295,
    "wu": 0.00240861
  },
  "2021-05": {
    "adpe": 2.07893e-7,
    "ap": 0.0000536793,
    "ctue": 0.00976818,
    "ctuh-c": 4.26754e-10,
    "ctuh-nc": 8.78928e-10,
    "gwp": 0.00445905,
    "ir": 0.000472801,
    "pm": 0.00000126219,
    "wu": 0.00247802
  },
  "2021-06": {
    "adpe": 1.97174e-7,
    "ap": 0.0000517366,
    "ctue": 0.00896342,
    "ctuh-c": 3.59989e-10,
    "ctuh-nc": 8.34096e-10,
    "gwp": 0.00426626,
    "ir": 0.000454844,
    "pm": 0.00000122,
    "wu": 0.002347
  },
  "2021-07": {
    "adpe": 1.89267e-7,
    "ap": 0.0000517361,
    "ctue": 0.00882334,
    "ctuh-c": 3.52102e-10,
    "ctuh-nc": 8.20911e-10,
    "gwp": 0.00422704,
    "ir": 0.000442744,
    "pm": 0.00000123525,
    "wu": 0.00232336
  },
  "2021-08": {
    "adpe": 1.88067e-7,
    "ap": 0.0000514598,
    "ctue": 0.00878097,
    "ctuh-c": 3.51415e-10,
    "ctuh-nc": 8.163e-10,
    "gwp": 0.00420278,
    "ir": 0.000439873,
    "pm": 0.0000012293,
    "wu": 0.00231132
  },
  "2021-09": {
    "adpe": 1.82571e-7,
    "ap": 0.0000512899,
    "ctue": 0.00887156,
    "ctuh-c": 3.55001e-10,
    "ctuh-nc": 8.12221e-10,
    "gwp": 0.00421503,
    "ir": 0.000434097,
    "pm": 0.00000122723,
    "wu": 0.00229463
  },
  "2021-10": {
    "adpe": 1.80986e-7,
    "ap": 0.0000514033,
    "ctue": 0.00931833,
    "ctuh-c": 4.08563e-10,
    "ctuh-nc": 8.20007e-10,