{
  "2019-01": {
    "adpe": 1.13929e-7,
    "ap": 0.0000474394,
    "ctue": 0.00759637,
    "ctuh-c": 3.1054e-10,
    "ctuh-nc": 6.6806e-10,
    "gwp": 0.00366079,
    "ir": 0.000316218,
    "pm": 0.00000123942,
    "wu": 0.00198226
  },
  "2019-02": {
    "adpe": 1.21351e-7,
    "ap": 0.0000465359,
    "ctue": 0.00762278,
    "ctuh-c": 3.02751e-10,
    "ctuh-nc": 6.73388e-10,
    "gwp": 0.00367017,
    "ir": 0.000328781,
    "pm": 0.00000119072,
    "wu": 0.00196498
  },
  "2019-03": {
    "adpe": 1.45083e-7,
    "ap": 0.0000482595,
    "ctue": 0.00834044,
    "ctuh-c": 3.47947e-10,
    "ctuh-nc": 7.31671e-10,
    "gwp": 0.00389633,
    "ir": 0.000368324,
    "pm": 0.00000120017,
    "wu": 0.00210518
  },
  "2019-04": {
    "adpe": 1.54227e-7,
    "ap": 0.0000477794,
    "ctue": 0.00843997,
    "ctuh-c": 3.37865e-10,
    "ctuh-nc": 7.44855e-10,
    "gwp": 0.00395489,
    "ir": 0.000386516,
    "pm": 0.00000115835,
    "wu": 0.00210362
  },
  "2019-05": {
    "adpe": 1.58631e-7,
    "ap": 0.0000476789,
    "ctue": 0.0086087,
    "ctuh-c": 3.37047e-10,
    "ctuh-nc": 7.56225e-10,
    "gwp": 0.00402125,
    "ir": 0.000397755,
    "pm": 0.00000113761,
    "wu": 0.0021092
  },
  "2019-06": {
    "adpe": 1.56406e-7,
    "ap": 0.0000468387,
    "ctue": 0.00825656,
    "ctuh-c": 3.09679e-10,
    "ctuh-nc": 7.39097e-10,
    "gwp": 0.00393489,
    "ir": 0.000392531,
    "pm": 0.00000111713,
    "wu": 0.0020594
  },
  "2019-07": {
    "adpe": 1.48438e-7,
    "ap": 0.0000463049,
    "ctue": 0.00796623,
    "ctuh-c": 2.93253e-10,
    "ctuh-nc": 7.17996e-10,
    "gwp": 0.00384551,
    "ir": 0.00037818,
    "pm": 0.00000111794,
    "wu": 0.00201322
  },
  "2019-08": {
    "adpe": 1.4857e-7,
    "ap": 0.0000466448,
    "ctue": 0.00790048,
    "ctuh-c": 2.91688e-10,
    "ctuh-nc": 7.17764e-10,
    "gwp": 0.0038367,
    "ir": 0.000377099,
    "pm": 0.00000113313,
    "wu": 0.00202387
  },
  "2019-09": {
    "adpe": 1.45044e-7,
    "ap": 0.0000461409,
    "ctue": 0.00799384,
    "ctuh-c": 3.06181e-10,
    "ctuh-nc": 7.1208e-10,
    "gwp": 0.00381149,
    "ir": 0.000370066,
    "pm": 0.00000112241,
    "wu": 0.00200884
  },
  "2019-10": {
    "adpe": 1.39511e-7,
    "ap": 0.0000465268,
    "ctue": 0.00811709,
    "ctuh-c": 3.22773e-10,
    "ctuh-nc": 7.10341e-10,
    "gwp": 0.00381876,
    "ir": 0.000361271,
    "pm": 0.00000114562,
    "wu": 0.00201916
  },
  "2019-11": {
    "adpe": 1.27032e-7,
    "ap": 0.0000469997,
    "ctue": 0.00799446,
    "ctuh-c": 3.29455e-10,
    "ctuh-nc": 6.93037e-10,
    "gwp": 0.00375698,
    "ir": 0.000339109,
    "pm": 0.00000119134,
    "wu": 0.00201023
  },
  "2019-12": {
    "adpe": 1.2291e-7,
    "ap": 0.0000477999,
    "ctue": 0.00794608,
    "ctuh-c": 3.4163e-10,
    "ctuh-nc": 6.89108e-10,
    "gwp": 0.00372774,
    "ir": 0.000328657,
    "pm": 0.00000123563,
    "wu": 0.00203534
  },
  "2020-01": {
    "adpe": 1.29966e-7,
    "ap": 0.0000486769,
    "ctue": 0.00804018,
    "ctuh-c": 3.39673e-10,
    "ctuh-nc": 7.06444e-10,
    "gwp": 0.00380458,
    "ir": 0.000342195,
    "pm": 0.00000125019,
    "wu": 0.00207863
  },
  "2020-02": {
    "adpe": 1.41647e-7,
    "ap": 0.0000489814,
    "ctue": 0.00849342,
    "ctuh-c": 3.66631e-10,
    "ctuh-nc": 7.35138e-10,
    "gwp": 0.0039223,
    "ir": 0.000362758,
    "pm": 0.00000123182,
    "wu": 0.00213271
  },
  "2020-03": {
    "adpe": 1.66549e-7,
    "ap": 0.0000510342,
    "ctue": 0.00902044,
    "ctuh-c": 3.88194e-10,
    "ctuh-nc": 7.93049e-10,
    "gwp": 0.00415408,
    "ir": 0.000406173,
    "pm": 0.00000124991,
    "wu": 0.00227075
  },
  "2020-04": {
    "adpe": 1.84387e-7,
    "ap": 0.000052177,
    "ctue": 0.00897154,
    "ctuh-c": 3.68811e-10,
    "ctuh-nc": 8.21233e-10,
    "gwp": 0.00424577,
    "ir": 0.000435584,
    "pm": 0.00000125803,
    "wu": 0.00233694
  },
  "2020-05": {
    "adpe": 1.87266e-7,
    "ap": 0.0000520352,
    "ctue": 0.00911194,
    "ctuh-c": 3.71489e-10,
    "ctuh-nc": 8.28876e-10,
    "gwp": 0.00428908,
    "ir": 0.000442721,
    "pm": 0.0000012417,
    "wu": 0.00234022
  },
  "2020-06": {
    "adpe": 1.74181e-7,
    "ap": 0.0000494503,
    "ctue": 0.00881562,
    "ctuh-c": 3.44396e-10,
    "ctuh-nc": 7.91395e-10,
    "gwp": 0.00415338,
    "ir": 0.000423512,
    "pm": 0.00000117058,
    "wu": 0.00220771
  },
  "2020-07": {
    "adpe": 1.67121e-7,
    "ap": 0.0000486333,
    "ctue": 0.00853572,
    "ctuh-c": 3.20029e-10,
    "ctuh-nc": 7.71434e-10,
    "gwp": 0.00408114,
    "ir": 0.000413155,
    "pm": 0.00000115484,
    "wu": 0.00214877
  },
  "2020-08": {
    "adpe": 1.64627e-7,
    "ap": 0.0000488333,
    "ctue": 0.00841213,
    "ctuh-c": 3.20232e-10,
    "ctuh-nc": 7.6475e-10,
    "gwp": 0.00403857,
    "ir": 0.000406116,
    "pm": 0.0000011733,
    "wu": 0.00215025
  },
  "2020-09": {
    "adpe": 1.62883e-7,
    "ap": 0.0000488883,
    "ctue": 0.00853672,
    "ctuh-c": 3.24736e-10,
    "ctuh-nc": 7.67441e-10,
    "gwp": 0.00407247,
    "ir": 0.000406198,
    "pm": 0.00000117246,
    "wu": 0.00215026
  },
  "2020-10": {
    "adpe": 1.5756e-7,
    "ap": 0.0000491087,
    "ctue": 0.00897347,
    "ctuh-c": 3.69525e-10,
    "ctuh-nc": 7.72825e-10,
    "gwp": 0.0041142,
    "ir": 0.000397739,
    "pm": 0.00000118588,
    "wu": 0.00217379
  },
  "2020-11": {
    "adpe": 1.44932e-7,
    "ap": 0.0000497408,
    "ctue": 0.0084655,
    "ctuh-c": 3.63024e-10,
    "ctuh-nc": 7.4285e-10,
    "gwp": 0.00395033,
    "ir": 0.000368012,
    "pm": 0.0000012541,
    "wu": 0.0021628
  },
  "2020-12": {
    "adpe": 1.35822e-7,
    "ap": 0.0000502845,
    "ctue": 0.00822898,
    "ctuh-c": 3.63631e-10,
    "ctuh-nc": 7.26141e-10,
    "gwp": 0.00386882,
    "ir": 0.000348869,
    "pm": 0.00000130134,
    "wu": 0.00216064
  },
  "2021-01": {
    "adpe": 1.46341e-7,
    "ap": 0.000051072,
    "ctue": 0.00848813,
    "ctuh-c": 3.77524e-10,
    "ctuh-nc": 7.50781e-10,
    "gwp": 0.00396465,
    "ir": 0.000366663,
    "pm": 0.00000130657,
    "wu": 0.00221954
  },
  "2021-02": {
    "adpe": 1.56671e-7,
    "ap": 0.0000513847,
    "ctue": 0.00865205,
    "ctuh-c": 3.80473e-10,
    "ctuh-nc": 7.70389e-10,
    "gwp": 0.00403907,
    "ir": 0.000384601,
    "pm": 0.00000129482,
    "wu": 0.00225541
  },
  "2021-03": {
    "adpe": 1.84361e-7,
    "ap": 0.000053194,
    "ctue": 0.00920013,
    "ctuh-c": 4.14693e-10,
    "ctuh-nc": 8.28592e-10,
    "gwp": 0.00423929,
    "ir": 0.00042788,
    "pm": 0.00000130621,
    "wu": 0.00240114
  },
  "2021-04": {
    "adpe": 1.94333e-7,
    "ap": 0.0000529798,
    "ctue": 0.00927057,
    "ctuh-c": 4.06475e-10,
    "ctuh-nc": 8.42778e-10,
    "gwp": 0.00429165,
    "ir": 0.00044583,
    "pm": 0.00000127562,
    "wu": 0.0024117
  },
  "2021-05": {
    "adpe": 2.08249e-7,
    "ap": 0.0000537584,
    "ctue": 0.00976645,
    "ctuh-c": 4.27387e-10,
    "ctuh-nc": 8.79619e-10,
    "gwp": 0.00445968,
    "ir": 0.000473062,
    "pm": 0.000001265,
    "wu": 0.0024819
  },
  "2021-06": {
    "adpe": 1.97508e-7,
    "ap": 0.0000518164,
    "ctue": 0.00896085,
    "ctuh-c": 3.60443e-10,
    "ctuh-nc": 8.34763e-10,
    "gwp": 0.00426706,
    "ir": 0.000455112,
    "pm": 0.00000122281,
    "wu": 0.00235073
  },
  "2021-07": {
    "adpe": 1.89559e-7,
    "ap": 0.0000518104,
    "ctue": 0.00881961,
    "ctuh-c": 3.52495e-10,
    "ctuh-nc": 8.21461e-10,
    "gwp": 0.00422735,
    "ir": 0.000442936,
    "pm": 0.00000123796,
    "wu": 0.00232678
  },
  "2021-08": {
    "adpe": 1.88355e-7,
    "ap": 0.000051533,
    "ctue": 0.00877643,
    "ctuh-c": 3.51788e-10,
    "ctuh-nc": 8.16808e-10,
    "gwp": 0.0042028,
    "ir": 0.00044004,
    "pm": 0.00000123201,
    "wu": 0.00231468
  },
  "2021-09": {
    "adpe": 1.82869e-7,
    "ap": 0.0000513695,
    "ctue": 0.00886834,
    "ctuh-c": 3.55519e-10,
    "ctuh-nc": 8.12807e-10,
    "gwp": 0.00421538,
    "ir": 0.000434274,
    "pm": 0.00000123016,
    "wu": 0.00229831
  },
  "2021-10": {
    "adpe": 1.81255e-7,
    "ap": 0.000051483,
    "ctue": 0.00931604,
    "ctuh-c": 4.09162e-10,
    "ctuh-nc": 8.20586e-10,