year,adpe,ap,ctue,ctuh-c,ctuh-nc,gwp,ir,pm,wu
2019,5.091906419581228e-7,0.001298489775550187,0.2225926568323335,0.000016651131760442858,0.00000850132097307593,0.5293460824622123,0.007380560582561694,0.000043038265939708545,0.0646695424347512
2020,5.23864870138384e-7,0.0012903685049605047,0.2204520693470541,0.00001655747428992683,0.000008453165550525532,0.5232623926324954,0.0073229509964821814,0.0000429702971196609,0.06385010994667134
2021,5.428582162818426e-7,0.0012872896862191586,0.22211807417192783,0.000016203644268095258,0.000008273896807538931,0.5250020656774342,0.007340413077990571,0.00004212905092407769,0.06441734216629393
2022,5.677028303278963e-7,0.0012824247661574503,0.22121990807460282,0.000016152072894125795,0.00000824744494565442,0.5213666772381488,0.007293149930598776,0.00004202046987261436,0.06375203203931112
2023,5.95627771026237e-7,0.0012745378551566456,0.22044427604583797,0.0000162240400596463,0.000008283885556919426,0.5183711380013386,0.007296562886725691,0.00004179545888066729,0.06357008499484582
