year,adpe,ap,ctue,ctuh-c,ctuh-nc,gwp,ir,pm,wu
2019,5.15198e-7,0.0013315,0.222369,0.000017896,0.00000913384,0.527376,0.00737238,0.0000458947,0.0645919
2020,5.33639e-7,0.00132798,0.220203,0.0000181279,0.00000925118,0.520902,0.00730417,0.0000463048,0.0637364
2021,5.54461e-7,0.00132418,0.222268,0.0000176381,0.00000900293,0.523257,0.00732523,0.0000452293,0.0644172
2022,5.82867e-7,0.00131301,0.220608,0.0000175411,0.00000895322,0.517972,0.00727361,0.0000448672,0.0636363
2023,6.17085e-7,0.00128905,0.21919,0.000017377,0.00000886974,0.51336,0.00728007,0.0000436431,0.0635206
2024,6.59968e-7,0.00126828,0.216682,0.0000169827,0.00000866889,0.505471,0.00725738,0.000042668,0.0628747
2025,7.20468e-7,0.00124994,0.213799,0.0000167606,0.00000855536,0.49636,0.00724939,0.0000420308,0.0621406
2026,6.92912e-7,0.00125331,0.214953,0.0000166407,0.00000849463,0.499459,0.00725207,0.0000419506,0.0625461
