year,adpe,ap,ctue,ctuh-c,ctuh-nc,gwp,ir,pm,wu
2019,1.40182e-7,0.0000470811,0.00806437,3.1911e-10,7.12897e-10,0.00382813,0.000362174,0.00000116572,0.00203647
2020,1.59668e-7,0.0000498029,0.0086293,3.52993e-10,7.68154e-10,0.00405657,0.000395957,0.0000012199,0.0021918
2021,1.79881e-7,0.0000520988,0.0090124,3.88723e-10,8.13902e-10,0.00419929,0.000424117,0.00000127025,0.00233759
2022,2.10079e-7,0.0000543684,0.00969291,4.31369e-10,8.81608e-10,0.00444365,0.000472304,0.00000129113,0.00250939
2023,2.43914e-7,0.0000558184,0.0102887,4.70353e-10,9.4564e-10,0.00464352,0.000523284,0.00000128086,0.00266125
2024,2.91074e-7,0.0000579331,0.0110681,5.08217e-10,1.03626e-9,0.00495106,0.000598401,0.00000126371,0.00286452
