{
  "2019-01": {
    "adpe": 1.13982e-7,
    "ap": 0.0000474407,
    "ctue": 0.00759701,
    "ctuh-c": 3.10565e-10,
    "ctuh-nc": 6.68149e-10,
    "gwp": 0.00366106,
    "ir": 0.0003163,
    "pm": 0.00000123936,
    "wu": 0.00198245
  },
  "2019-02": {
    "adpe": 1.21456e-7,
    "ap": 0.0000465413,
    "ctue": 0.00762499,
    "ctuh-c": 3.02889e-10,
    "ctuh-nc": 6.73604e-10,
    "gwp": 0.00367091,
    "ir": 0.000328945,
    "pm": 0.0000011907,
    "wu": 0.00196549
  },
  "2019-03": {
    "adpe": 1.45192e-7,
    "ap": 0.0000482645,
    "ctue": 0.0083417,
    "ctuh-c": 3.47994e-10,
    "ctuh-nc": 7.31866e-10,
    "gwp": 0.00389695,
    "ir": 0.000368495,
    "pm": 0.00000120015,
    "wu": 0.00210563
  },
  "2019-04": {
    "adpe": 1.54345e-7,
    "ap": 0.0000477852,
    "ctue": 0.0084414,
    "ctuh-c": 3.37921e-10,
    "ctuh-nc": 7.45071e-10,
    "gwp": 0.00395559,
    "ir": 0.000386702,
    "pm": 0.00000115833,
    "wu": 0.00210413
  },
  "2019-05": {
    "adpe": 1.58736e-7,
    "ap": 0.0000476839,
    "ctue": 0.00860996,
    "ctuh-c": 3.37096e-10,
    "ctuh-nc": 7.56416e-10,
    "gwp": 0.00402186,
    "ir": 0.000397921,
    "pm": 0.0000011376,
    "wu": 0.00210964
  },
  "2019-06": {
    "adpe": 1.56542e-7,
    "ap": 0.0000468453,
    "ctue": 0.00825824,
    "ctuh-c": 3.09745e-10,
    "ctuh-nc": 7.39346e-10,
    "gwp": 0.0039357,
    "ir": 0.000392745,
    "pm": 0.00000111711,
    "wu": 0.00205998
  },
  "2019-07": {
    "adpe": 1.48564e-7,
    "ap": 0.000046311,
    "ctue": 0.00796879,
    "ctuh-c": 2.93411e-10,
    "ctuh-nc": 7.18251e-10,
    "gwp": 0.00384637,
    "ir": 0.000378377,
    "pm": 0.00000111791,
    "wu": 0.00201382
  },
  "2019-08": {
    "adpe": 1.48686e-7,
    "ap": 0.0000466502,
    "ctue": 0.00790188,
    "ctuh-c": 2.91743e-10,
    "ctuh-nc": 7.17973e-10,
    "gwp": 0.00383737,
    "ir": 0.00037728,
    "pm": 0.00000113311,
    "wu": 0.00202436
  },
  "2019-09": {
    "adpe": 1.45153e-7,
    "ap": 0.0000461459,
    "ctue": 0.00799516,
    "ctuh-c": 3.06234e-10,
    "ctuh-nc": 7.12275e-10,
    "gwp": 0.00381212,
    "ir": 0.000370236,
    "pm": 0.00000112239,
    "wu": 0.00200929
  },
  "2019-10": {
    "adpe": 1.39692e-7,
    "ap": 0.0000465356,
    "ctue": 0.00811936,
    "ctuh-c": 3.22862e-10,
    "ctuh-nc": 7.10672e-10,
    "gwp": 0.00381985,
    "ir": 0.000361555,
    "pm": 0.00000114559,
    "wu": 0.00201993
  },
  "2019-11": {
    "adpe": 1.27086e-7,
    "ap": 0.0000470025,
    "ctue": 0.00799511,
    "ctuh-c": 3.29481e-10,
    "ctuh-nc": 6.93137e-10,
    "gwp": 0.0037573,
    "ir": 0.000339195,
    "pm": 0.00000119134,
    "wu": 0.00201047
  },
  "2019-12": {
    "adpe": 1.22979e-7,
    "ap": 0.0000478031,
    "ctue": 0.00794691,
    "ctuh-c": 3.41662e-10,
    "ctuh-nc": 6.89232e-10,
    "gwp": 0.00372814,
    "ir": 0.000328764,
    "pm": 0.00000123561,
    "wu": 0.00203563
  },
  "2020-01": {
    "adpe": 1.30119e-7,
    "ap": 0.0000486843,
    "ctue": 0.0080421,
    "ctuh-c": 3.39749e-10,
    "ctuh-nc": 7.06724e-10,
    "gwp": 0.00380549,
    "ir": 0.000342435,
    "pm": 0.00000125016,
    "wu": 0.00207928
  },
  "2020-02": {
    "adpe": 1.4175e-7,
    "ap": 0.0000489861,
    "ctue": 0.00849465,
    "ctuh-c": 3.66679e-10,
    "ctuh-nc": 7.35323e-10,
    "gwp": 0.00392289,
    "ir": 0.00036292,
    "pm": 0.00000123179,
    "wu": 0.00213314
  },
  "2020-03": {
    "adpe": 1.66688e-7,
    "ap": 0.0000510404,
    "ctue": 0.00902207,
    "ctuh-c": 3.88257e-10,
    "ctuh-nc": 7.93297e-10,
    "gwp": 0.00415487,
    "ir": 0.000406389,
    "pm": 0.00000124987,
    "wu": 0.00227132
  },
  "2020-04": {
    "adpe": 1.84586e-7,
    "ap": 0.0000521862,
    "ctue": 0.00897391,
    "ctuh-c": 3.68903e-10,
    "ctuh-nc": 8.21591e-10,
    "gwp": 0.00424692,
    "ir": 0.000435895,
    "pm": 0.00000125799,
    "wu": 0.00233777
  },
  "2020-05": {
    "adpe": 1.87404e-7,
    "ap": 0.0000520414,
    "ctue": 0.00911358,
    "ctuh-c": 3.71554e-10,
    "ctuh-nc": 8.29124e-10,
    "gwp": 0.00428987,
    "ir": 0.000442937,
    "pm": 0.00000124166,
    "wu": 0.00234078
  },
  "2020-06": {
    "adpe": 1.74294e-7,
    "ap": 0.0000494554,
    "ctue": 0.00881701,
    "ctuh-c": 3.44451e-10,
    "ctuh-nc": 7.916e-10,
    "gwp": 0.00415404,
    "ir": 0.000423689,
    "pm": 0.00000117055,
    "wu": 0.00220817
  },
  "2020-07": {
    "adpe": 1.67278e-7,
    "ap": 0.0000486405,
    "ctue": 0.00853763,
    "ctuh-c": 3.20105e-10,
    "ctuh-nc": 7.71718e-10,
    "gwp": 0.00408205,
    "ir": 0.000413401,
    "pm": 0.0000011548,
    "wu": 0.00214942
  },
  "2020-08": {
    "adpe": 1.64763e-7,
    "ap": 0.0000488395,
    "ctue": 0.00841376,
    "ctuh-c": 3.20296e-10,
    "ctuh-nc": 7.64996e-10,
    "gwp": 0.00403936,
    "ir": 0.000406329,
    "pm": 0.00000117326,
    "wu": 0.00215081
  },
  "2020-09": {
    "adpe": 1.63004e-7,
    "ap": 0.0000488941,
    "ctue": 0.00853817,
    "ctuh-c": 3.24793e-10,
    "ctuh-nc": 7.6766e-10,
    "gwp": 0.00407317,
    "ir": 0.000406387,
    "pm": 0.00000117244,
    "wu": 0.00215076
  },
  "2020-10": {
    "adpe": 1.57642e-7,
    "ap": 0.0000491124,
    "ctue": 0.00897445,
    "ctuh-c": 3.69564e-10,
    "ctuh-nc": 7.72973e-10,
    "gwp": 0.00411467,
    "ir": 0.000397868,
    "pm": 0.00000118586,
    "wu": 0.00217413
  },
  "2020-11": {
    "adpe": 1.45012e-7,
    "ap": 0.0000497445,
    "ctue": 0.00846645,
    "ctuh-c": 3.6306e-10,
    "ctuh-nc": 7.42995e-10,
    "gwp": 0.00395079,
    "ir": 0.000368138,
    "pm": 0.00000125408,
    "wu": 0.00216313
  },
  "2020-12": {
    "adpe": 1.35778e-7,
    "ap": 0.0000502818,
    "ctue": 0.00822833,
    "ctuh-c": 3.63604e-10,
    "ctuh-nc": 7.26053e-10,
    "gwp": 0.00386851,
    "ir": 0.000348798,
    "pm": 0.00000130133,
    "wu": 0.00216043
  },
  "2021-01": {
    "adpe": 1.46336e-7,
    "ap": 0.0000510709,
    "ctue": 0.00848795,
    "ctuh-c": 3.77516e-10,
    "ctuh-nc": 7.50762e-10,
    "gwp": 0.00396457,
    "ir": 0.000366652,
    "pm": 0.00000130655,
    "wu": 0.00221949
  },
  "2021-02": {
    "adpe": 1.56805e-7,
    "ap": 0.0000513907,
    "ctue": 0.00865363,
    "ctuh-c": 3.80534e-10,
    "ctuh-nc": 7.70629e-10,
    "gwp": 0.00403984,
    "ir": 0.000384811,
    "pm": 0.00000129479,
    "wu": 0.00225596
  },
  "2021-03": {
    "adpe": 1.84528e-7,
    "ap": 0.0000532018,
    "ctue": 0.00920212,
    "ctuh-c": 4.1477e-10,
    "ctuh-nc": 8.28894e-10,
    "gwp": 0.00424027,
    "ir": 0.000428142,
    "pm": 0.00000130618,
    "wu": 0.00240183
  },
  "2021-04": {
    "adpe": 1.94521e-7,
    "ap": 0.0000529883,
    "ctue": 0.00927279,
    "ctuh-c": 4.06561e-10,
    "ctuh-nc": 8.43114e-10,
    "gwp": 0.00429272,
    "ir": 0.000446124,
    "pm": 0.00000127557,
    "wu": 0.00241247
  },
  "2021-05": {
    "adpe": 2.08419e-7,
    "ap": 0.0000537666,
    "ctue": 0.0097685,
    "ctuh-c": 4.27465e-10,
    "ctuh-nc": 8.79927e-10,
    "gwp": 0.00446069,
    "ir": 0.000473329,
    "pm": 0.00000126497,
    "wu": 0.00248261
  },
  "2021-06": {
    "adpe": 1.97757e-7,
    "ap": 0.0000518281,
    "ctue": 0.00896387,
    "ctuh-c": 3.6056e-10,
    "ctuh-nc": 8.35213e-10,
    "gwp": 0.00426852,
    "ir": 0.000455502,
    "pm": 0.00000122276,
    "wu": 0.00235176
  },
  "2021-07": {
    "adpe": 1.89798e-7,
    "ap": 0.0000518214,
    "ctue": 0.00882246,
    "ctuh-c": 3.52607e-10,
    "ctuh-nc": 8.21891e-10,
    "gwp": 0.00422873,
    "ir": 0.00044331,
    "pm": 0.00000123791,
    "wu": 0.00232776
  },
  "2021-08": {
    "adpe": 1.88547e-7,
    "ap": 0.000051542,
    "ctue": 0.00877877,
    "ctuh-c": 3.5188e-10,
    "ctuh-nc": 8.17157e-10,
    "gwp": 0.00420393,
    "ir": 0.000440342,
    "pm": 0.00000123197,
    "wu": 0.00231548
  },
  "2021-09": {
    "adpe": 1.83108e-7,
    "ap": 0.0000513805,
    "ctue": 0.00887121,
    "ctuh-c": 3.55631e-10,
    "ctuh-nc": 8.13238e-10,
    "gwp": 0.00421676,
    "ir": 0.000434648,
    "pm": 0.00000123011,
    "wu": 0.0022993
  },
  "2021-10": {
    "adpe": 1.81443e-7,
    "ap": 0.0000514915,
    "ctue": 0.00931824,
    "ctuh-c": 4.09246e-10,