year,adpe,ap,ctue,ctuh-c,ctuh-nc,gwp,ir,pm,wu
2019,1.43651e-7,0.0000478294,0.00810853,3.30646e-10,7.21039e-10,0.00384158,0.000364775,0.00000119145,0.00207698
2020,1.64639e-7,0.0000507059,0.00871284,3.66867e-10,7.80103e-10,0.00408501,0.000401084,0.00000124794,0.00224234
2021,1.8606e-7,0.0000532241,0.00911467,4.03895e-10,8.29069e-10,0.00423979,0.000431145,0.00000130413,0.00239902
2022,2.18365e-7,0.0000557134,0.00984266,4.4952e-10,9.01867e-10,0.0045032,0.000482738,0.00000132866,0.0025848
2023,2.54613e-7,0.0000575433,0.0104785,4.91081e-10,9.72059e-10,0.00472609,0.000537555,0.00000132758,0.00275632
2024,3.02831e-7,0.0000598823,0.0113078,5.331e-10,1.06651e-9,0.00504937,0.000614375,0.00000131623,0.00297204
2025,3.68846e-7,0.0000632975,0.0123244,5.85714e-10,1.19311e-9,0.00546829,0.000717689,0.00000131294,0.00327154
2026,3.17379e-7,0.0000621437,0.0120072,6.11459e-10,1.11118e-9,0.00518624,0.000630431,0.00000137767,0.00313153
