adpe,ap,ctue,ctuh-c,ctuh-nc,gwp,ir,pm,wu
6.101241645444696e-7,0.0009861482368067704,0.19402491888849716,0.000021557532243988083,0.000010994338621780367,0.4389622294593745,0.006804074217072221,0.0000341618764422198,0.0631805779125832
6.24745921002043e-7,0.0009910367481489872,0.19519112250504872,0.00002131207254834562,0.000010869808637379929,0.44009164629953723,0.006796945646872395,0.00003402443731926812,0.06321786491389908
6.287688378706837e-7,0.0009605903949188074,0.1910809146599921,0.000022004183631556566,0.000011221027716109938,0.4301506088250769,0.006697965560429221,0.00003365091309700039,0.06222048587504072
