{
  "2019-01": {
    "adpe": 1.13887e-7,
    "ap": 0.000048082,
    "ctue": 0.00758393,
    "ctuh-c": 3.19727e-10,
    "ctuh-nc": 6.69741e-10,
    "gwp": 0.0036523,
    "ir": 0.00031315,
    "pm": 0.00000126845,
    "wu": 0.00200965
  },
  "2019-02": {
    "adpe": 1.21982e-7,
    "ap": 0.0000471681,
    "ctue": 0.0076112,
    "ctuh-c": 3.11768e-10,
    "ctuh-nc": 6.75822e-10,
    "gwp": 0.00366285,
    "ir": 0.000326676,
    "pm": 0.00000121829,
    "wu": 0.00199351
  },
  "2019-03": {
    "adpe": 1.46736e-7,
    "ap": 0.0000489608,
    "ctue": 0.0083643,
    "ctuh-c": 3.59335e-10,
    "ctuh-nc": 7.36695e-10,
    "gwp": 0.00389911,
    "ir": 0.000367916,
    "pm": 0.00000122794,
    "wu": 0.00213986
  },
  "2019-04": {
    "adpe": 1.57849e-7,
    "ap": 0.0000485631,
    "ctue": 0.00848904,
    "ctuh-c": 3.49742e-10,
    "ctuh-nc": 7.5352e-10,
    "gwp": 0.00397057,
    "ir": 0.000389381,
    "pm": 0.00000118502,
    "wu": 0.00214586
  },
  "2019-05": {
    "adpe": 1.63396e-7,
    "ap": 0.0000484947,
    "ctue": 0.00868585,
    "ctuh-c": 3.49719e-10,
    "ctuh-nc": 7.6737e-10,
    "gwp": 0.00404749,
    "ir": 0.000402755,
    "pm": 0.00000116254,
    "wu": 0.00215559
  },
  "2019-06": {
    "adpe": 1.61659e-7,
    "ap": 0.0000476354,
    "ctue": 0.00832827,
    "ctuh-c": 3.21621e-10,
    "ctuh-nc": 7.50577e-10,
    "gwp": 0.003961,
    "ir": 0.000398236,
    "pm": 0.00000114062,
    "wu": 0.00210586
  },
  "2019-07": {
    "adpe": 1.53032e-7,
    "ap": 0.000047022,
    "ctue": 0.00802102,
    "ctuh-c": 3.04106e-10,
    "ctuh-nc": 7.27762e-10,
    "gwp": 0.00386496,
    "ir": 0.000382801,
    "pm": 0.00000113993,
    "wu": 0.00205485
  },
  "2019-08": {
    "adpe": 1.53932e-7,
    "ap": 0.0000474362,
    "ctue": 0.00795555,
    "ctuh-c": 3.02349e-10,
    "ctuh-nc": 7.28877e-10,
    "gwp": 0.00386006,
    "ir": 0.000382861,
    "pm": 0.00000115659,
    "wu": 0.00206961
  },
  "2019-09": {
    "adpe": 1.50448e-7,
    "ap": 0.0000469387,
    "ctue": 0.0080579,
    "ctuh-c": 3.18503e-10,
    "ctuh-nc": 7.23355e-10,
    "gwp": 0.00383394,
    "ir": 0.000375606,
    "pm": 0.00000114643,
    "wu": 0.00205602
  },
  "2019-10": {
    "adpe": 1.44536e-7,
    "ap": 0.0000473438,
    "ctue": 0.00818464,
    "ctuh-c": 3.36e-10,
    "ctuh-nc": 7.21292e-10,
    "gwp": 0.00384026,
    "ir": 0.000366128,
    "pm": 0.00000117115,
    "wu": 0.00206668
  },
  "2019-11": {
    "adpe": 1.30847e-7,
    "ap": 0.0000477638,
    "ctue": 0.0080562,
    "ctuh-c": 3.42853e-10,
    "ctuh-nc": 7.02052e-10,
    "gwp": 0.00377279,
    "ir": 0.000342094,
    "pm": 0.00000121711,
    "wu": 0.0020533
  },
  "2019-12": {
    "adpe": 1.25764e-7,
    "ap": 0.0000485914,
    "ctue": 0.00799558,
    "ctuh-c": 3.54583e-10,
    "ctuh-nc": 6.96789e-10,
    "gwp": 0.00374007,
    "ir": 0.000330164,
    "pm": 0.00000126423,
    "wu": 0.00207676
  },
  "2020-01": {
    "adpe": 1.32579e-7,
    "ap": 0.000049479,
    "ctue": 0.00807965,
    "ctuh-c": 3.52088e-10,
    "ctuh-nc": 7.13604e-10,
    "gwp": 0.00381472,
    "ir": 0.000343264,
    "pm": 0.00000127982,
    "wu": 0.0021195
  },
  "2020-02": {
    "adpe": 1.44307e-7,
    "ap": 0.0000497577,
    "ctue": 0.00854595,
    "ctuh-c": 3.80118e-10,
    "ctuh-nc": 7.42542e-10,
    "gwp": 0.00393358,
    "ir": 0.000363913,
    "pm": 0.00000126026,
    "wu": 0.00217354
  },
  "2020-03": {
    "adpe": 1.69361e-7,
    "ap": 0.0000518696,
    "ctue": 0.00908598,
    "ctuh-c": 4.02288e-10,
    "ctuh-nc": 8.01403e-10,
    "gwp": 0.00417065,
    "ir": 0.00040777,
    "pm": 0.00000127979,
    "wu": 0.0023142
  },
  "2020-04": {
    "adpe": 1.88401e-7,
    "ap": 0.0000531627,
    "ctue": 0.00903933,
    "ctuh-c": 3.82747e-10,
    "ctuh-nc": 8.31951e-10,
    "gwp": 0.00426988,
    "ir": 0.000439002,
    "pm": 0.00000129138,
    "wu": 0.00238802
  },
  "2020-05": {
    "adpe": 1.92331e-7,
    "ap": 0.0000530161,
    "ctue": 0.00920393,
    "ctuh-c": 3.86044e-10,
    "ctuh-nc": 8.41622e-10,
    "gwp": 0.00432148,
    "ir": 0.000448063,
    "pm": 0.00000127225,
    "wu": 0.00239393
  },
  "2020-06": {
    "adpe": 1.80022e-7,
    "ap": 0.0000503365,
    "ctue": 0.00890919,
    "ctuh-c": 3.57649e-10,
    "ctuh-nc": 8.04733e-10,
    "gwp": 0.00418763,
    "ir": 0.000430294,
    "pm": 0.00000119584,
    "wu": 0.00225926
  },
  "2020-07": {
    "adpe": 1.74968e-7,
    "ap": 0.0000495905,
    "ctue": 0.0086382,
    "ctuh-c": 3.32196e-10,
    "ctuh-nc": 7.87995e-10,
    "gwp": 0.00412618,
    "ir": 0.000423279,
    "pm": 0.00000117866,
    "wu": 0.00220659
  },
  "2020-08": {
    "adpe": 1.73414e-7,
    "ap": 0.0000498233,
    "ctue": 0.00852166,
    "ctuh-c": 3.32898e-10,
    "ctuh-nc": 7.82759e-10,
    "gwp": 0.00408699,
    "ir": 0.000417553,
    "pm": 0.00000119684,
    "wu": 0.0022117
  },
  "2020-09": {
    "adpe": 1.71258e-7,
    "ap": 0.0000499339,
    "ctue": 0.00865205,
    "ctuh-c": 3.38427e-10,
    "ctuh-nc": 7.8538e-10,
    "gwp": 0.00412162,
    "ir": 0.000416966,
    "pm": 0.00000119878,
    "wu": 0.00221321
  },
  "2020-10": {
    "adpe": 1.63519e-7,
    "ap": 0.000050039,
    "ctue": 0.0090979,
    "ctuh-c": 3.85828e-10,
    "ctuh-nc": 7.87287e-10,
    "gwp": 0.00415319,
    "ir": 0.000404636,
    "pm": 0.00000121235,
    "wu": 0.00222904
  },
  "2020-11": {
    "adpe": 1.49168e-7,
    "ap": 0.0000506506,
    "ctue": 0.00855597,
    "ctuh-c": 3.78977e-10,
    "ctuh-nc": 7.53935e-10,
    "gwp": 0.00397511,
    "ir": 0.000371686,
    "pm": 0.00000128416,
    "wu": 0.00221323
  },
  "2020-12": {
    "adpe": 1.38554e-7,
    "ap": 0.0000511283,
    "ctue": 0.00830106,
    "ctuh-c": 3.78809e-10,
    "ctuh-nc": 7.34532e-10,
    "gwp": 0.00388506,
    "ir": 0.000350203,
    "pm": 0.00000133183,
    "wu": 0.0022049
  },
  "2021-01": {
    "adpe": 1.49739e-7,
    "ap": 0.0000520342,
    "ctue": 0.00858191,
    "ctuh-c": 3.94213e-10,
    "ctuh-nc": 7.61249e-10,
    "gwp": 0.00398946,
    "ir": 0.000369125,
    "pm": 0.00000133987,
    "wu": 0.00227017
  },
  "2021-02": {
    "adpe": 1.60956e-7,
    "ap": 0.0000524413,
    "ctue": 0.00874667,
    "ctuh-c": 3.97082e-10,
    "ctuh-nc": 7.82463e-10,
    "gwp": 0.00406849,
    "ir": 0.000388357,
    "pm": 0.00000133017,
    "wu": 0.00231116
  },
  "2021-03": {
    "adpe": 1.90012e-7,
    "ap": 0.000054315,
    "ctue": 0.0093121,
    "ctuh-c": 4.31886e-10,
    "ctuh-nc": 8.43186e-10,
    "gwp": 0.00427718,
    "ir": 0.000433825,
    "pm": 0.00000134122,
    "wu": 0.00246255
  },
  "2021-04": {
    "adpe": 2.01203e-7,
    "ap": 0.0000541994,
    "ctue": 0.00937904,
    "ctuh-c": 4.22211e-10,
    "ctuh-nc": 8.59438e-10,
    "gwp": 0.00433678,
    "ir": 0.000453841,
    "pm": 0.00000131184,
    "wu": 0.00247821
  },
  "2021-05": {
    "adpe": 2.16116e-7,
    "ap": 0.000055017,
    "ctue": 0.00989806,
    "ctuh-c": 4.4342e-10,
    "ctuh-nc": 8.98521e-10,
    "gwp": 0.00451497,
    "ir": 0.000483033,
    "pm": 0.00000129995,
    "wu": 0.00255211
  },
  "2021-06": {
    "adpe": 2.05086e-7,
    "ap": 0.0000529303,
    "ctue": 0.00906159,
    "ctuh-c": 3.73387e-10,
    "ctuh-nc": 8.51754e-10,
    "gwp": 0.0043142,
    "ir": 0.00046468,
    "pm": 0.00000125317,
    "wu": 0.00241355
  },
  "2021-07": {
    "adpe": 1.96971e-7,
    "ap": 0.0000529286,
    "ctue": 0.00891976,
    "ctuh-c": 3.65549e-10,
    "ctuh-nc": 8.38249e-10,
    "gwp": 0.00427394,
    "ir": 0.000452234,
    "pm": 0.0000012688,
    "wu": 0.00238942
  },
  "2021-08": {
    "adpe": 1.961e-7,
    "ap": 0.0000526662,
    "ctue": 0.00887918,
    "ctuh-c": 3.65574e-10,
    "ctuh-nc": 8.34037e-10,
    "gwp": 0.00424922,
    "ir": 0.000449623,
    "pm": 0.00000126318,
    "wu": 0.00237912
  },
  "2021-09": {
    "adpe": 1.90525e-7,
    "ap": 0.0000525476,
    "ctue": 0.00898084,
    "ctuh-c": 3.70178e-10,
    "ctuh-nc": 8.30451e-10,
    "gwp": 0.00426442,
    "ir": 0.00044378,
    "pm": 0.00000126294,
    "wu": 0.00236456
  },
  "2021-10": {
    "adpe": 1.88238e-7,
    "ap": 0.0000526721,
    "ctue": 0.00943851,
    "ctuh-c": 4.25892e-10,
    "ctuh-nc": 8.37587e-10,