{
  "2019-01": {
    "adpe": 1.13919e-7,
    "ap": 0.0000480858,
    "ctue": 0.0075846,
    "ctuh-c": 3.19814e-10,
    "ctuh-nc": 6.69811e-10,
    "gwp": 0.00365247,
    "ir": 0.000313187,
    "pm": 0.00000126855,
    "wu": 0.0020099
  },
  "2019-02": {
    "adpe": 1.2198e-7,
    "ap": 0.0000471692,
    "ctue": 0.0076109,
    "ctuh-c": 3.11787e-10,
    "ctuh-nc": 6.75812e-10,
    "gwp": 0.00366272,
    "ir": 0.00032666,
    "pm": 0.00000121837,
    "wu": 0.00199356
  },
  "2019-03": {
    "adpe": 1.46729e-7,
    "ap": 0.0000489624,
    "ctue": 0.00836342,
    "ctuh-c": 3.59263e-10,
    "ctuh-nc": 7.36673e-10,
    "gwp": 0.00389902,
    "ir": 0.000367905,
    "pm": 0.00000122802,
    "wu": 0.00213985
  },
  "2019-04": {
    "adpe": 1.57935e-7,
    "ap": 0.0000485712,
    "ctue": 0.00848929,
    "ctuh-c": 3.49775e-10,
    "ctuh-nc": 7.53669e-10,
    "gwp": 0.00397093,
    "ir": 0.000389497,
    "pm": 0.00000118519,
    "wu": 0.00214635
  },
  "2019-05": {
    "adpe": 1.63338e-7,
    "ap": 0.0000484973,
    "ctue": 0.00868406,
    "ctuh-c": 3.49698e-10,
    "ctuh-nc": 7.67251e-10,
    "gwp": 0.00404691,
    "ir": 0.000402631,
    "pm": 0.00000116282,
    "wu": 0.00215553
  },
  "2019-06": {
    "adpe": 1.61551e-7,
    "ap": 0.0000476301,
    "ctue": 0.0083246,
    "ctuh-c": 3.21526e-10,
    "ctuh-nc": 7.50291e-10,
    "gwp": 0.00395961,
    "ir": 0.000398008,
    "pm": 0.00000114076,
    "wu": 0.00210539
  },
  "2019-07": {
    "adpe": 1.52953e-7,
    "ap": 0.0000470264,
    "ctue": 0.00801858,
    "ctuh-c": 3.04077e-10,
    "ctuh-nc": 7.27605e-10,
    "gwp": 0.0038642,
    "ir": 0.000382635,
    "pm": 0.00000114034,
    "wu": 0.0020548
  },
  "2019-08": {
    "adpe": 1.53867e-7,
    "ap": 0.0000474333,
    "ctue": 0.00795374,
    "ctuh-c": 3.02359e-10,
    "ctuh-nc": 7.28712e-10,
    "gwp": 0.00385919,
    "ir": 0.000382714,
    "pm": 0.0000011567,
    "wu": 0.00206938
  },
  "2019-09": {
    "adpe": 1.50409e-7,
    "ap": 0.0000469355,
    "ctue": 0.00805535,
    "ctuh-c": 3.18446e-10,
    "ctuh-nc": 7.23198e-10,
    "gwp": 0.003833,
    "ir": 0.000375492,
    "pm": 0.00000114649,
    "wu": 0.0020558
  },
  "2019-10": {
    "adpe": 1.4454e-7,
    "ap": 0.0000473467,
    "ctue": 0.00818459,
    "ctuh-c": 3.36041e-10,
    "ctuh-nc": 7.21304e-10,
    "gwp": 0.00384022,
    "ir": 0.000366119,
    "pm": 0.00000117127,
    "wu": 0.00206681
  },
  "2019-11": {
    "adpe": 1.30879e-7,
    "ap": 0.0000477739,
    "ctue": 0.00805556,
    "ctuh-c": 3.42888e-10,
    "ctuh-nc": 7.02117e-10,
    "gwp": 0.00377282,
    "ir": 0.000342113,
    "pm": 0.00000121749,
    "wu": 0.00205373
  },
  "2019-12": {
    "adpe": 1.25798e-7,
    "ap": 0.0000485965,
    "ctue": 0.00799495,
    "ctuh-c": 3.54638e-10,
    "ctuh-nc": 6.96823e-10,
    "gwp": 0.00373989,
    "ir": 0.000330175,
    "pm": 0.00000126444,
    "wu": 0.00207705
  },
  "2020-01": {
    "adpe": 1.32572e-7,
    "ap": 0.0000494796,
    "ctue": 0.00808005,
    "ctuh-c": 3.5212e-10,
    "ctuh-nc": 7.1361e-10,
    "gwp": 0.0038148,
    "ir": 0.000343257,
    "pm": 0.00000127985,
    "wu": 0.00211952
  },
  "2020-02": {
    "adpe": 1.44309e-7,
    "ap": 0.0000497753,
    "ctue": 0.00854802,
    "ctuh-c": 3.80221e-10,
    "ctuh-nc": 7.42716e-10,
    "gwp": 0.00393465,
    "ir": 0.000363958,
    "pm": 0.00000126082,
    "wu": 0.00217417
  },
  "2020-03": {
    "adpe": 1.69334e-7,
    "ap": 0.0000518892,
    "ctue": 0.00908904,
    "ctuh-c": 4.02447e-10,
    "ctuh-nc": 8.01589e-10,
    "gwp": 0.00417197,
    "ir": 0.000407791,
    "pm": 0.00000128042,
    "wu": 0.00231487
  },
  "2020-04": {
    "adpe": 1.88405e-7,
    "ap": 0.0000532031,
    "ctue": 0.00904489,
    "ctuh-c": 3.8301e-10,
    "ctuh-nc": 8.32378e-10,
    "gwp": 0.00427256,
    "ir": 0.000439121,
    "pm": 0.00000129262,
    "wu": 0.00238949
  },
  "2020-05": {
    "adpe": 1.92276e-7,
    "ap": 0.0000530217,
    "ctue": 0.00920354,
    "ctuh-c": 3.86036e-10,
    "ctuh-nc": 8.4158e-10,
    "gwp": 0.00432148,
    "ir": 0.000447985,
    "pm": 0.00000127255,
    "wu": 0.00239398
  },
  "2020-06": {
    "adpe": 1.79978e-7,
    "ap": 0.0000503321,
    "ctue": 0.00890696,
    "ctuh-c": 3.57603e-10,
    "ctuh-nc": 8.04575e-10,
    "gwp": 0.00418674,
    "ir": 0.00043018,
    "pm": 0.00000119585,
    "wu": 0.002259
  },
  "2020-07": {
    "adpe": 1.7486e-7,
    "ap": 0.0000495678,
    "ctue": 0.0086324,
    "ctuh-c": 3.32023e-10,
    "ctuh-nc": 7.87532e-10,
    "gwp": 0.00412364,
    "ir": 0.000422999,
    "pm": 0.00000117827,
    "wu": 0.00220551
  },
  "2020-08": {
    "adpe": 1.73321e-7,
    "ap": 0.0000497962,
    "ctue": 0.00851579,
    "ctuh-c": 3.3273e-10,
    "ctuh-nc": 7.82282e-10,
    "gwp": 0.00408427,
    "ir": 0.000417285,
    "pm": 0.00000119627,
    "wu": 0.00221051
  },
  "2020-09": {
    "adpe": 1.71137e-7,
    "ap": 0.0000499203,
    "ctue": 0.00864756,
    "ctuh-c": 3.38301e-10,
    "ctuh-nc": 7.85002e-10,
    "gwp": 0.00411972,
    "ir": 0.000416701,
    "pm": 0.00000119866,
    "wu": 0.00221242
  },
  "2020-10": {
    "adpe": 1.6348e-7,
    "ap": 0.0000500334,
    "ctue": 0.00909403,
    "ctuh-c": 3.85759e-10,
    "ctuh-nc": 7.87063e-10,
    "gwp": 0.00415171,
    "ir": 0.000404483,
    "pm": 0.00000121241,
    "wu": 0.00222874
  },
  "2020-11": {
    "adpe": 1.49175e-7,
    "ap": 0.0000506513,
    "ctue": 0.00855487,
    "ctuh-c": 3.78992e-10,
    "ctuh-nc": 7.53899e-10,
    "gwp": 0.00397469,
    "ir": 0.000371657,
    "pm": 0.00000128425,
    "wu": 0.00221329
  },
  "2020-12": {
    "adpe": 1.38551e-7,
    "ap": 0.000051126,
    "ctue": 0.00829949,
    "ctuh-c": 3.78801e-10,
    "ctuh-nc": 7.34453e-10,
    "gwp": 0.00388442,
    "ir": 0.000350152,
    "pm": 0.00000133185,
    "wu": 0.00220482
  },
  "2021-01": {
    "adpe": 1.4968e-7,
    "ap": 0.000052007,
    "ctue": 0.00858134,
    "ctuh-c": 3.94261e-10,
    "ctuh-nc": 7.60989e-10,
    "gwp": 0.00398817,
    "ir": 0.000368994,
    "pm": 0.00000133905,
    "wu": 0.00226919
  },
  "2021-02": {
    "adpe": 1.6077e-7,
    "ap": 0.0000523957,
    "ctue": 0.00874485,
    "ctuh-c": 3.97122e-10,
    "ctuh-nc": 7.81901e-10,
    "gwp": 0.004066,
    "ir": 0.000388008,
    "pm": 0.00000132894,
    "wu": 0.00230928
  },
  "2021-03": {
    "adpe": 1.89796e-7,
    "ap": 0.0000542745,
    "ctue": 0.00930867,
    "ctuh-c": 4.31747e-10,
    "ctuh-nc": 8.42586e-10,
    "gwp": 0.00427472,
    "ir": 0.000433451,
    "pm": 0.0000013402,
    "wu": 0.00246064
  },
  "2021-04": {
    "adpe": 2.0095e-7,
    "ap": 0.0000541402,
    "ctue": 0.00937342,
    "ctuh-c": 4.21891e-10,
    "ctuh-nc": 8.58626e-10,
    "gwp": 0.00433334,
    "ir": 0.000453397,
    "pm": 0.00000131025,
    "wu": 0.00247549
  },
  "2021-05": {
    "adpe": 2.15885e-7,
    "ap": 0.0000549792,
    "ctue": 0.00989123,
    "ctuh-c": 4.43095e-10,
    "ctuh-nc": 8.97814e-10,
    "gwp": 0.00451182,
    "ir": 0.000482599,
    "pm": 0.00000129916,
    "wu": 0.00255014
  },
  "2021-06": {
    "adpe": 2.0479e-7,
    "ap": 0.0000528805,
    "ctue": 0.00905363,
    "ctuh-c": 3.73112e-10,
    "ctuh-nc": 8.50848e-10,
    "gwp": 0.00431004,
    "ir": 0.0004641,
    "pm": 0.00000125214,
    "wu": 0.00241109
  },
  "2021-07": {
    "adpe": 1.96606e-7,
    "ap": 0.0000528695,
    "ctue": 0.00891221,
    "ctuh-c": 3.65264e-10,
    "ctuh-nc": 8.37228e-10,
    "gwp": 0.00426957,
    "ir": 0.000451571,
    "pm": 0.00000126751,
    "wu": 0.00238648
  },
  "2021-08": {
    "adpe": 1.95759e-7,
    "ap": 0.000052613,
    "ctue": 0.00887209,
    "ctuh-c": 3.65282e-10,
    "ctuh-nc": 8.33099e-10,
    "gwp": 0.00424526,
    "ir": 0.000449013,
    "pm": 0.00000126203,
    "wu": 0.00237642
  },
  "2021-09": {
    "adpe": 1.90146e-7,
    "ap": 0.0000524724,
    "ctue": 0.00897555,
    "ctuh-c": 3.70019e-10,
    "ctuh-nc": 8.29388e-10,
    "gwp": 0.00426,
    "ir": 0.000443113,
    "pm": 0.00000126102,
    "wu": 0.00236113
  },
  "2021-10": {
    "adpe": 1.87919e-7,
    "ap": 0.0000525733,
    "ctue": 0.00943594,
    "ctuh-c": 4.25938e-10,
    "ctuh-nc": 8.36525e-10,