{
  "2019-01": {
    "adpe": 4.886307488628235e-7,
    "ap": 0.001313387722505854,
    "ctue": 0.2257144385007053,
    "ctuh-c": 0.00001670227314731974,
    "ctuh-nc": 0.000008528120979709622,
    "gwp": 0.536439720873375,
    "ir": 0.007447191906430647,
    "pm": 0.000043237581115544004,
    "wu": 0.06600498917838765
  },
  "2019-02": {
    "adpe": 4.963072616068349e-7,
    "ap": 0.001326315175180919,
    "ctue": 0.22618522463346594,
    "ctuh-c": 0.000017004626294550524,
    "ctuh-nc": 0.000008681734857470838,
    "gwp": 0.5378773475802645,
    "ir": 0.007419478320117826,
    "pm": 0.00004412554087291863,
    "wu": 0.06547738062142162
  },
  "2019-03": {
    "adpe": 5.157605228093317e-7,
    "ap": 0.0013016930073270383,
    "ctue": 0.22242514723430765,
    "ctuh-c": 0.000017041661633751725,
    "ctuh-nc": 0.000008699829343594797,
    "gwp": 0.5276821207131134,
    "ir": 0.0073750613853885046,
    "pm": 0.000043548446950746904,
    "wu": 0.0647626457836205
  },
  "2019-04": {
    "adpe": 5.227369375121595e-7,
    "ap": 0.0013036150129002997,
    "ctue": 0.22034229569993327,
    "ctuh-c": 0.000017326379240757172,
    "ctuh-nc": 0.000008843866516289484,
    "gwp": 0.5235804799095978,
    "ir": 0.007330732441565152,
    "pm": 0.00004434157371800344,
    "wu": 0.06377035355380534
  },
  "2019-05": {
    "adpe": 5.240702172489382e-7,
    "ap": 0.0012868135905508122,
    "ctue": 0.21852589880199638,
    "ctuh-c": 0.000017105621516392388,
    "ctuh-nc": 0.000008731362553214977,
    "gwp": 0.5192453738152736,
    "ir": 0.007292493923464245,
    "pm": 0.000043588527437692375,
    "wu": 0.06329881031121544
  },
  "2019-06": {
    "adpe": 5.219643011772416e-7,
    "ap": 0.0012886023707791283,
    "ctue": 0.22007634667403395,
    "ctuh-c": 0.000016719289127847227,
    "ctuh-nc": 0.000008535342290419665,
    "gwp": 0.5240225449765402,
    "ir": 0.00734211167258329,
    "pm": 0.00004305726972309111,
    "wu": 0.06375926586296805
  },
  "2019-07": {
    "adpe": 5.148325733628917e-7,
    "ap": 0.0012804547072466361,
    "ctue": 0.22230218332783364,
    "ctuh-c": 0.000016187137232764966,
    "ctuh-nc": 0.000008265638833208461,
    "gwp": 0.5292053738668854,
    "ir": 0.007385614014956275,
    "pm": 0.000041673154016626254,
    "wu": 0.06467158421046486
  },
  "2019-08": {
    "adpe": 5.165619455237527e-7,
    "ap": 0.0012841856826274933,
    "ctue": 0.22275838151480754,
    "ctuh-c": 0.000016306511309311222,
    "ctuh-nc": 0.00000832641566294649,
    "gwp": 0.5304675074762449,
    "ir": 0.007403489476299267,
    "pm": 0.000041867674472512296,
    "wu": 0.06485282296270158
  },
  "2019-09": {
    "adpe": 5.135239506750584e-7,
    "ap": 0.0012927362414323444,
    "ctue": 0.22123758133063537,
    "ctuh-c": 0.00001672780279323847,
    "ctuh-nc": 0.000008539874081834096,
    "gwp": 0.5278302616363885,
    "ir": 0.007384316713915299,
    "pm": 0.00004307608312953283,
    "wu": 0.06419856103286489
  },
  "2019-10": {
    "adpe": 5.060323789459832e-7,
    "ap": 0.0012904182640380874,
    "ctue": 0.22017340612897074,
    "ctuh-c": 0.000016533376332012007,
    "ctuh-nc": 0.000008440683701542012,
    "gwp": 0.5252535214413756,
    "ir": 0.0073684400866171895,
    "pm": 0.00004306258508660154,
    "wu": 0.0639749502618536
  },
  "2019-11": {
    "adpe": 4.962575477160311e-7,
    "ap": 0.0013065904897281377,
    "ctue": 0.22407415107154208,
    "ctuh-c": 0.000016285991846622433,
    "ctuh-nc": 0.000008315963898268847,
    "gwp": 0.5323156181167242,
    "ir": 0.007385619395199688,
    "pm": 0.00004294686836663989,
    "wu": 0.06501510213002284
  },
  "2019-12": {
    "adpe": 4.939328444174838e-7,
    "ap": 0.0013085476031070502,
    "ctue": 0.22709674471552882,
    "ctuh-c": 0.00001595244450521783,
    "ctuh-nc": 0.000008147365348264058,
    "gwp": 0.5377655581362798,
    "ir": 0.007427255809023523,
    "pm": 0.000042127373258917445,
    "wu": 0.06615475066696117
  },
  "2020-01": {
    "adpe": 4.983405898712744e-7,
    "ap": 0.0013054414520919841,
    "ctue": 0.2215298242379189,
    "ctuh-c": 0.000016675241707409766,
    "ctuh-nc": 0.000008513043305381352,
    "gwp": 0.527535221279054,
    "ir": 0.007415970984198885,
    "pm": 0.00004374133531521973,
    "wu": 0.0647845408569442
  },
  "2020-02": {
    "adpe": 5.083044001777088e-7,
    "ap": 0.001305965271227648,
    "ctue": 0.22093698628993746,
    "ctuh-c": 0.00001684421607295214,
    "ctuh-nc": 0.00000859872827471673,
    "gwp": 0.525164732241128,
    "ir": 0.007338110586255643,
    "pm": 0.00004405474442172092,
    "wu": 0.06393284079943645
  },
  "2020-03": {
    "adpe": 5.301319283519732e-7,
    "ap": 0.00128617929547551,
    "ctue": 0.2170546869129539,
    "ctuh-c": 0.000017096232649758715,
    "ctuh-nc": 0.000008726069262144247,
    "gwp": 0.5152278654834325,
    "ir": 0.00730315209135726,
    "pm": 0.00004390040795528334,
    "wu": 0.0632045312377967
  },
  "2020-04": {
    "adpe": 5.501880233225496e-7,
    "ap": 0.0013029836079101228,
    "ctue": 0.21759965078965243,
    "ctuh-c": 0.000017594459152381773,
    "ctuh-nc": 0.000008979332492734002,
    "gwp": 0.5168564770044227,
    "ir": 0.007310919269032035,
    "pm": 0.0000450667509888403,
    "wu": 0.06296571969419243
  },
  "2020-05": {
    "adpe": 5.503711646586014e-7,
    "ap": 0.001291815818759627,
    "ctue": 0.2180549372056152,
    "ctuh-c": 0.000017113654235774215,
    "ctuh-nc": 0.00000873525595648269,
    "gwp": 0.5166870822760469,
    "ir": 0.007284317402343891,
    "pm": 0.00004395307675068433,
    "wu": 0.06303680568298563
  },
  "2020-06": {
    "adpe": 5.352748131269384e-7,
    "ap": 0.0012810342276091693,
    "ctue": 0.21858364502812488,
    "ctuh-c": 0.000016507123908635908,
    "ctuh-nc": 0.000008427140062635453,
    "gwp": 0.5190520107219224,
    "ir": 0.007280909828657189,
    "pm": 0.00004279052826214772,
    "wu": 0.06306333227920735
  },
  "2020-07": {
    "adpe": 5.267844404536761e-7,
    "ap": 0.0012641666853794643,
    "ctue": 0.21913200105338013,
    "ctuh-c": 0.000015869478528652582,
    "ctuh-nc": 0.000008103382132920954,
    "gwp": 0.5211953633865395,
    "ir": 0.007307125714112105,
    "pm": 0.000041194797272133694,
    "wu": 0.06350069531910721
  },
  "2020-08": {
    "adpe": 5.268368311973158e-7,
    "ap": 0.00127423719386412,
    "ctue": 0.22239554616013102,
    "ctuh-c": 0.00001573433321017379,
    "ctuh-nc": 0.000008035546314660152,
    "gwp": 0.5280132753347581,
    "ir": 0.007334152658681509,
    "pm": 0.00004095288835721984,
    "wu": 0.06425769641201917
  },
  "2020-09": {
    "adpe": 5.244558253422681e-7,
    "ap": 0.001282256199676456,
    "ctue": 0.21911518228289614,
    "ctuh-c": 0.00001635916483928509,
    "ctuh-nc": 0.000008352041935105639,
    "gwp": 0.5212144562297629,
    "ir": 0.00729110597487893,
    "pm": 0.000042629799596192516,
    "wu": 0.06320795569231355
  },
  "2020-10": {
    "adpe": 5.175913956687946e-7,
    "ap": 0.0012744095804057471,
    "ctue": 0.21681379027856468,
    "ctuh-c": 0.000016571974734747944,
    "ctuh-nc": 0.000008459616985285904,
    "gwp": 0.5148467600733292,
    "ir": 0.007239557017712798,
    "pm": 0.00004290079084421383,
    "wu": 0.06268951382651408
  },
  "2020-11": {
    "adpe": 5.13568384706209e-7,
    "ap": 0.0013067666349778715,
    "ctue": 0.22422360796337723,
    "ctuh-c": 0.000016565660398081785,
    "ctuh-nc": 0.00000845825736107987,
    "gwp": 0.5309549584585602,
    "ir": 0.0073490754020597935,
    "pm": 0.00004311290887354226,
    "wu": 0.06480659859732142
  },
  "2020-12": {
    "adpe": 5.070057702501161e-7,
    "ap": 0.0013112101028836768,
    "ctue": 0.22924154000723948,
    "ctuh-c": 0.000015949838545533628,
    "ctuh-nc": 0.00000814675896303148,
    "gwp": 0.540759694392796,
    "ir": 0.00741532035409301,
    "pm": 0.00004177430414726968,
    "wu": 0.06653675601114735
  },
  "2021-01": {
    "adpe": 5.150984363149222e-7,
    "ap": 0.0013039522651937742,
    "ctue": 0.22472566441788075,
    "ctuh-c": 0.00001632131761877071,
    "ctuh-nc": 0.000008334249700543328,