year,adpe,ap,ctue,ctuh-c,ctuh-nc,gwp,ir,pm,wu
2019,5.20319e-7,0.00132827,0.223056,0.0000181942,0.00000928558,0.52999,0.00741259,0.0000458318,0.0648172
2020,5.36686e-7,0.00132118,0.220781,0.0000181106,0.00000924253,0.523359,0.00734762,0.0000458359,0.0639622
2021,5.57257e-7,0.00131733,0.222738,0.000017675,0.00000902178,0.525545,0.00736775,0.0000448205,0.0646182
2022,5.85619e-7,0.00130961,0.221249,0.0000176182,0.00000899254,0.520524,0.0073143,0.0000446497,0.0638356
2023,6.19793e-7,0.00128673,0.219929,0.0000175034,0.00000893417,0.516082,0.00731991,0.0000435032,0.0637311
2024,6.62325e-7,0.00126592,0.217389,0.0000171801,0.00000876937,0.50817,0.00729625,0.0000425837,0.0630826
2025,7.34079e-7,0.0012482,0.214742,0.0000170067,0.0000086807,0.499482,0.00730709,0.0000419458,0.0624526
