year,adpe,ap,ctue,ctuh-c,ctuh-nc,gwp,ir,pm,wu
2019,1.39929e-7,0.0000470247,0.00807198,3.1887e-10,7.12631e-10,0.00382948,0.000362116,0.00000116345,0.00203381
2020,1.59304e-7,0.0000497217,0.00863387,3.52566e-10,7.67524e-10,0.00405636,0.000395703,0.00000121697,0.00218796
2021,1.79376e-7,0.0000519982,0.00901408,3.88179e-10,8.12899e-10,0.00419753,0.000423612,0.00000126694,0.00233272
2022,2.08845e-7,0.000053572,0.00968062,4.30208e-10,8.75157e-10,0.00441468,0.000470092,0.00000126448,0.00247986
2023,2.41467e-7,0.0000549709,0.0102488,4.68109e-10,9.36587e-10,0.00460425,0.000518945,0.00000125517,0.00262658
2024,2.68749e-7,0.000056918,0.0109275,5.20675e-10,9.97283e-10,0.00480714,0.000559635,0.00000127432,0.00278805
