year,adpe,ap,ctue,ctuh-c,ctuh-nc,gwp,ir,pm,wu
2019,5.09916e-7,0.00127785,0.221169,0.0000170385,0.00000869814,0.527292,0.0073977,0.000042451,0.0646795
2020,5.24846e-7,0.00127071,0.218952,0.0000169492,0.00000865217,0.520971,0.00733669,0.0000424378,0.0638584
2021,5.44317e-7,0.00126882,0.220959,0.000016563,0.00000845655,0.523321,0.0073558,0.0000415682,0.0644923
2022,5.70396e-7,0.00126473,0.219805,0.0000165172,0.00000843295,0.519091,0.00730559,0.0000415463,0.0637733
2023,6.00869e-7,0.00125104,0.219126,0.0000163684,0.00000835728,0.516052,0.00730903,0.0000407833,0.0636658
2024,6.46306e-7,0.00122843,0.216569,0.000016048,0.00000819407,0.508132,0.00728281,0.0000397356,0.0629984
