year,adpe,ap,ctue,ctuh-c,ctuh-nc,gwp,ir,pm,wu
2019,5.15957e-7,0.00132322,0.222437,0.0000175934,0.00000898003,0.528595,0.00739968,0.0000451918,0.0646975
2020,5.3409e-7,0.00131969,0.220304,0.0000178191,0.00000909423,0.522231,0.00733285,0.0000455898,0.0638569
2021,5.54555e-7,0.0013162,0.222337,0.0000173465,0.00000885471,0.524519,0.00735277,0.0000445531,0.0645227
2022,5.82502e-7,0.00130522,0.220699,0.0000172538,0.00000880721,0.519299,0.00730182,0.000044201,0.0637529
2023,6.16108e-7,0.00128147,0.219308,0.0000170837,0.00000872068,0.514774,0.00730828,0.0000429812,0.0636365
2024,6.58384e-7,0.00126075,0.216586,0.000016713,0.00000853175,0.506523,0.00728456,0.0000420663,0.0629538
2025,7.18166e-7,0.00124313,0.213928,0.0000165092,0.00000842762,0.497843,0.00727683,0.0000414422,0.0622616
2026,7.17612e-7,0.00124915,0.214742,0.0000166442,0.00000849637,0.499143,0.00725835,0.0000417442,0.0622341
