year,adpe,ap,ctue,ctuh-c,ctuh-nc,gwp,ir,pm,wu
2019,5.09186913016048e-7,0.0012954021531139078,0.22254735535538236,0.000016650573601649165,0.000008501058932833018,0.5293260906027578,0.007383168956246784,0.00004287785803791253,0.06469069952317907
2020,5.238604488152603e-7,0.0012872554785462783,0.22040616072384217,0.000016556871910208383,0.000008452881115105802,0.5232419776231425,0.007325582603416976,0.00004280859257999932,0.0638713798808462
2021,5.428539425724409e-7,0.0012842612771004499,0.2220733409470816,0.000016203058493057187,0.00000827362020750937,0.5249820586347009,0.007342972400415149,0.000041971749093075406,0.06443802961708844
2022,5.676819398996441e-7,0.0012794288701312182,0.22117768702716145,0.000016151039345931805,0.00000824694129834442,0.5213503271354103,0.007295640288177224,0.000041864007101478325,0.06377294433468879
2023,5.97062244334834e-7,0.001272558607991853,0.21992036141020108,0.000016282230656379895,0.000008313320204974987,0.5173195447470045,0.0072963762889093585,0.00004185018268031534,0.06345162846595365
