year,adpe,ap,ctue,ctuh-c,ctuh-nc,gwp,ir,pm,wu
2019,1.43659e-7,0.0000478301,0.00810871,3.30653e-10,7.21058e-10,0.00384166,0.000364789,0.00000119146,0.00207703
2020,1.64647e-7,0.0000507083,0.00871325,3.66883e-10,7.80139e-10,0.00408521,0.000401104,0.000001248,0.00224244
2021,1.86068e-7,0.0000532269,0.00911491,4.03913e-10,8.29103e-10,0.00423993,0.000431159,0.00000130422,0.00239915
2022,2.18373e-7,0.0000557152,0.00984288,4.49538e-10,9.01893e-10,0.0045033,0.000482752,0.00000132871,0.00258488
2023,2.54643e-7,0.0000575486,0.010479,4.91122e-10,9.72137e-10,0.00472636,0.0005376,0.00000132772,0.00275659
2024,3.02927e-7,0.0000598934,0.0113094,5.33157e-10,1.06674e-9,0.00505029,0.000614541,0.00000131643,0.00297266
2025,3.71867e-7,0.0000632642,0.012294,5.77036e-10,1.19657e-9,0.00548281,0.00072364,0.00000130452,0.00327169
