{
  "2021-01": {
    "adpe": 8.317360093934394e-7,
    "ap": 0.00024313883751141919,
    "ctue": 0.04279921573349779,
    "ctuh-c": 2.2144061911363487e-9,
    "ctuh-nc": 3.749633134425454e-9,
    "gwp": 0.018775131871921667,
    "ir": 0.0018566281908004294,
    "pm": 0.000006120181266175536,
    "wu": 0.011171940774243962
  },
  "2021-02": {
    "adpe": 8.593835595298361e-7,
    "ap": 0.00023715461996868996,
    "ctue": 0.04280487397684967,
    "ctuh-c": 2.1881557982280562e-9,
    "ctuh-nc": 3.749498614121221e-9,
    "gwp": 0.018681941051475637,
    "ir": 0.0018976527428188755,
    "pm": 0.000005852507061953255,
    "wu": 0.01102525124432697
  },
  "2021-03": {
    "adpe": 9.123784953181989e-7,
    "ap": 0.0002369720350835882,
    "ctue": 0.0432699508782322,
    "ctuh-c": 2.2128714062109523e-9,
    "ctuh-nc": 3.822305914205681e-9,
    "gwp": 0.018839357561361774,
    "ir": 0.00197344295710128,
    "pm": 0.000005757298431427112,
    "wu": 0.011160679483846409
  },
  "2021-04": {
    "adpe": 9.427390716700492e-7,
    "ap": 0.0002378817417956453,
    "ctue": 0.04325945265890133,
    "ctuh-c": 2.189528049274727e-9,
    "ctuh-nc": 3.865350212332778e-9,
    "gwp": 0.01896211391282833,
    "ir": 0.00202171937321553,
    "pm": 0.0000057350256813396505,
    "wu": 0.011246180085982094
  },
  "2021-05": {
    "adpe": 9.419489297238666e-7,
    "ap": 0.000230699435123276,
    "ctue": 0.04320672328889823,
    "ctuh-c": 2.1732573627409145e-9,
    "ctuh-nc": 3.8221199030281846e-9,
    "gwp": 0.018749552549026712,
    "ir": 0.002019170743685041,
    "pm": 0.000005473352435467556,
    "wu": 0.011000143775102056
  },
  "2021-06": {
    "adpe": 9.676402835346328e-7,
    "ap": 0.0002329191605003706,
    "ctue": 0.042921745482442084,
    "ctuh-c": 2.1188890031514237e-9,
    "ctuh-nc": 3.862015495823799e-9,
    "gwp": 0.018892800481167617,
    "ir": 0.0020642545818360743,
    "pm": 0.000005503942075682058,
    "wu": 0.011096591457624566
  },
  "2021-07": {
    "adpe": 9.525848702513819e-7,
    "ap": 0.00023289541845762874,
    "ctue": 0.04311944315629841,
    "ctuh-c": 2.156528393318834e-9,
    "ctuh-nc": 3.846531485330167e-9,
    "gwp": 0.018846562185275192,
    "ir": 0.0020377879335703843,
    "pm": 0.000005533044840663911,
    "wu": 0.011085403776979233
  },
  "2021-08": {
    "adpe": 9.390177547218377e-7,
    "ap": 0.0002298078910224911,
    "ctue": 0.04306693539340911,
    "ctuh-c": 2.166051014351553e-9,
    "ctuh-nc": 3.809044824902136e-9,
    "gwp": 0.018684718191289588,
    "ir": 0.002012742045193533,
    "pm": 0.000005450192732653441,
    "wu": 0.01096000152857319
  },
  "2021-09": {
    "adpe": 9.401063430667579e-7,
    "ap": 0.0002358096301482809,
    "ctue": 0.04312269112131921,
    "ctuh-c": 2.1799542977340217e-9,
    "ctuh-nc": 3.846072625012772e-9,
    "gwp": 0.018866314414235634,
    "ir": 0.0020156951789215456,
    "pm": 0.0000056677023015291006,
    "wu": 0.01116676300874057
  },
  "2021-10": {
    "adpe": 9.073149777826996e-7,
    "ap": 0.0002321315647001665,
    "ctue": 0.04345845534021079,
    "ctuh-c": 2.252974733806669e-9,
    "ctuh-nc": 3.788304570537702e-9,
    "gwp": 0.018635431390721317,
    "ir": 0.00195542565186034,
    "pm": 0.000005602258456262398,
    "wu": 0.011019045305128906
  },
  "2021-11": {
    "adpe": 8.701271058685398e-7,
    "ap": 0.00023974001266834178,
    "ctue": 0.04320564392300744,
    "ctuh-c": 2.2542988144143588e-9,
    "ctuh-nc": 3.781778598209973e-9,
    "gwp": 0.018747679820898908,
    "ir": 0.0019038064693860017,
    "pm": 0.0000059425569119975775,
    "wu": 0.011179396012670829
  },
  "2021-12": {
    "adpe": 8.478799013604805e-7,
    "ap": 0.00024191822667731376,
    "ctue": 0.04336864780930721,
    "ctuh-c": 2.281202610837698e-9,
    "ctuh-nc": 3.771924996733729e-9,
    "gwp": 0.01878234732635298,
    "ir": 0.0018720619692715226,
    "pm": 0.000006056456995033071,
    "wu": 0.011214954375469856
  },
  "2022-01": {
    "adpe": 8.657211756210888e-7,
    "ap": 0.00023889772081963346,
    "ctue": 0.043658948781561506,
    "ctuh-c": 2.3046067292658893e-9,
    "ctuh-nc": 3.781524383613074e-9,
    "gwp": 0.018746579870595113,
    "ir": 0.0018944079009244267,
    "pm": 0.000005918806775693849,
    "wu": 0.011174504792606494
  },
  "2022-02": {
    "adpe": 9.019121627829653e-7,
    "ap": 0.0002337916962553592,
    "ctue": 0.04411216478427774,
    "ctuh-c": 2.334061387930719e-9,
    "ctuh-nc": 3.8047302162283315e-9,
    "gwp": 0.018706280656180452,
    "ir": 0.0019423893921949617,
    "pm": 0.000005674335297408749,
    "wu": 0.011113575943027844
  },
  "2022-03": {
    "adpe": 9.521021088831593e-7,
    "ap": 0.00023973059978601042,
    "ctue": 0.043803665535338834,
    "ctuh-c": 2.261133374020907e-9,
    "ctuh-nc": 3.896586373844055e-9,
    "gwp": 0.01904048499302698,
    "ir": 0.002028102326116841,
    "pm": 0.000005794790991494053,
    "wu": 0.011376097132617238
  },
  "2022-04": {
    "adpe": 9.729751860795146e-7,
    "ap": 0.00023081919738781134,
    "ctue": 0.04399395286191569,
    "ctuh-c": 2.247843991840473e-9,
    "ctuh-nc": 3.876619941327444e-9,
    "gwp": 0.018876822780182996,
    "ir": 0.002059346322069216,
    "pm": 0.000005427682395979525,
    "wu": 0.011126339187821467
  },
  "2022-05": {
    "adpe": 9.749417291239265e-7,
    "ap": 0.00023096407182918738,
    "ctue": 0.0432172485447606,
    "ctuh-c": 2.1509654588524433e-9,
    "ctuh-nc": 3.864914394605699e-9,
    "gwp": 0.018858905368192173,
    "ir": 0.002070730812371212,
    "pm": 0.000005423638754038809,
    "wu": 0.011071638322286543
  },
  "2022-06": {
    "adpe": 9.85768529481348e-7,
    "ap": 0.000232437605446018,
    "ctue": 0.043442315291369174,
    "ctuh-c": 2.175424013106862e-9,
    "ctuh-nc": 3.890757243662401e-9,
    "gwp": 0.01893627787933192,
    "ir": 0.002084813178579631,
    "pm": 0.00000546111014972602,
    "wu": 0.011161302441978058
  },
  "2022-07": {
    "adpe": 9.962297400704763e-7,
    "ap": 0.00023391367747366135,
    "ctue": 0.04381529139253394,
    "ctuh-c": 2.2210932577736197e-9,
    "ctuh-nc": 3.918534165664397e-9,
    "gwp": 0.01901055392431962,
    "ir": 0.00209582766639479,
    "pm": 0.0000055019864249171655,
    "wu": 0.011264355542846088
  },
  "2022-08": {
    "adpe": 0.0000010196314542713882,
    "ap": 0.0002380274068734627,
    "ctue": 0.04390588937786171,
    "ctuh-c": 2.2095485640249726e-9,
    "ctuh-nc": 3.975073598823019e-9,
    "gwp": 0.019236572512394273,
    "ir": 0.0021364719632702063,
    "pm": 0.00000560433499129166,
    "wu": 0.011444855938018025
  },
  "2022-09": {
    "adpe": 9.581388323145207e-7,
    "ap": 0.0002383350843960989,
    "ctue": 0.04371099454500385,
    "ctuh-c": 2.2403791020627384e-9,
    "ctuh-nc": 3.894820233697081e-9,
    "gwp": 0.019023207867982794,
    "ir": 0.0020391626559622556,
    "pm": 0.0000057305010075841135,
    "wu": 0.011331070440266895
  },
  "2022-10": {
    "adpe": 9.499944794056872e-7,
    "ap": 0.00023210483337421917,
    "ctue": 0.044331314013346806,
    "ctuh-c": 2.3143186478136722e-9,
    "ctuh-nc": 3.860779397162129e-9,
    "gwp": 0.018838426585090974,
    "ir": 0.0020179889736225594,
    "pm": 0.0000055222738778314785,
    "wu": 0.011158332859657763
  },
  "2022-11": {
    "adpe": 8.899330253124448e-7,
    "ap": 0.00023624423580586497,
    "ctue": 0.04366364324491491,
    "ctuh-c": 2.287146465551021e-9,
    "ctuh-nc": 3.795930429272175e-9,
    "gwp": 0.01873498224571965,
    "ir": 0.0019303927212793034,
    "pm": 0.000005780061861974505,
    "wu": 0.011133875926213366
  },
  "2022-12": {
    "adpe": 8.674897712639145e-7,
    "ap": 0.00024096039578788036,
    "ctue": 0.04339414415498288,
    "ctuh-c": 2.2717720071122583e-9,
    "ctuh-nc": 3.7907933160748615e-9,
    "gwp": 0.01880740146930196,
    "ir": 0.0019011779566921899,
    "pm": 0.000005988002388279773,
    "wu": 0.011223896044536009
  },
  "2023-01": {
    "adpe": 8.751892524670325e-7,
    "ap": 0.00023125591925678745,
    "ctue": 0.04382215891842977,
    "ctuh-c": 2.311905638864269e-9,