year,adpe,ap,ctue,ctuh-c,ctuh-nc,gwp,ir,pm,wu
2019,5.15949e-7,0.00132322,0.222437,0.0000175938,0.00000898023,0.528596,0.00739973,0.0000451924,0.0646967
2020,5.34083e-7,0.00131969,0.220308,0.0000178192,0.00000909428,0.522243,0.00733291,0.0000455898,0.0638566
2021,5.54554e-7,0.0013162,0.222336,0.0000173467,0.00000885479,0.524518,0.00735277,0.0000445533,0.0645225
2022,5.82487e-7,0.00130529,0.220703,0.000017254,0.00000880734,0.519308,0.00730172,0.0000442037,0.0637534
2023,6.16158e-7,0.0012818,0.219306,0.0000170955,0.00000872668,0.514758,0.00730782,0.0000430061,0.0636384
2024,6.58328e-7,0.00126154,0.21683,0.0000167139,0.00000853225,0.506951,0.00728471,0.0000420626,0.0629994
2025,7.18039e-7,0.0012436,0.213996,0.0000165062,0.00000842609,0.497972,0.00727651,0.000041449,0.0622759
2026,7.12363e-7,0.00124608,0.214,0.0000166155,0.00000848156,0.497442,0.00725272,0.0000417086,0.0621886
