year,adpe,ap,ctue,ctuh-c,ctuh-nc,gwp,ir,pm,wu
2019,5.23218e-7,0.00136385,0.227083,0.0000185282,0.00000945642,0.533957,0.00734663,0.0000471894,0.0653857
2020,5.40126e-7,0.00135688,0.224768,0.0000184471,0.00000941462,0.527145,0.00727894,0.0000472099,0.0645073
2021,5.60971e-7,0.00135186,0.226694,0.0000179778,0.00000917678,0.52933,0.00730163,0.0000461134,0.0651692
2022,5.89907e-7,0.00134368,0.225167,0.0000179337,0.00000915398,0.524232,0.00724737,0.0000459338,0.06437
2023,6.24537e-7,0.00132028,0.223954,0.0000178089,0.00000909055,0.520015,0.00725517,0.0000447307,0.0642948
2024,6.68935e-7,0.00129796,0.221387,0.0000174394,0.00000890226,0.512115,0.00723675,0.0000436915,0.0636696
2025,6.42153e-7,0.00130208,0.225823,0.0000169081,0.00000863352,0.520722,0.00730806,0.0000426007,0.0655529
