year,adpe,ap,ctue,ctuh-c,ctuh-nc,gwp,ir,pm,wu
2019,5.091906920631924e-7,0.0012984889265447502,0.2225926201041854,0.000016651135074396076,0.000008501322660645104,0.5293460190010189,0.007380561290616839,0.00004303822627497013,0.06466955130116907
2020,5.238578583398297e-7,0.0012900439975208184,0.2201333201787414,0.000016557422971471264,0.000008453063618295431,0.5226656380204532,0.007320839120375658,0.000043000105920808896,0.06380707835880478
2021,5.429369256522434e-7,0.0012872698782454455,0.22211505969366102,0.00001620336937047651,0.000008273756450776818,0.5249928821926036,0.007340424507260236,0.000042128297292281817,0.06441649765709619
2022,5.677868316201379e-7,0.0012822964067606074,0.22118893304677406,0.00001615182730910279,0.00000824731246516826,0.521297828048745,0.007292894790101903,0.00004201957774753599,0.0637448031414753
2023,5.975553910901417e-7,0.0012679849303429784,0.22024001438212878,0.00001600732413462415,0.000008173756329549323,0.5182013482278419,0.007303177134395054,0.00004128110921084467,0.0635827975114416
