year,adpe,ap,ctue,ctuh-c,ctuh-nc,gwp,ir,pm,wu
2019,5.16479e-7,0.00132525,0.222736,0.0000176149,0.00000899099,0.529383,0.0074078,0.0000452613,0.0647752
2020,5.34649e-7,0.00132175,0.220609,0.0000178408,0.0000091053,0.523035,0.00734109,0.0000456599,0.0639363
2021,5.55123e-7,0.00131819,0.222636,0.0000173672,0.00000886526,0.525301,0.00736079,0.0000446199,0.0646008
2022,5.83067e-7,0.00130716,0.220991,0.0000172738,0.00000881743,0.520061,0.00730966,0.000044266,0.0638291
2023,6.16783e-7,0.00128348,0.21961,0.0000171035,0.00000873083,0.515558,0.00731614,0.0000430475,0.0637128
2024,6.58996e-7,0.0012627,0.216876,0.0000167316,0.00000854126,0.507273,0.00729207,0.0000421312,0.0630272
2025,7.18956e-7,0.0012449,0.214195,0.0000165324,0.00000843946,0.498535,0.007284,0.0000415018,0.062336
2026,7.54869e-7,0.00123751,0.21171,0.000016636,0.00000849144,0.491466,0.00724757,0.0000417012,0.0614006
