year,adpe,ap,ctue,ctuh-c,ctuh-nc,gwp,ir,pm,wu
2019,1.40075e-7,0.000047076,0.00806291,3.19044e-10,7.127e-10,0.00382749,0.000362006,0.00000116574,0.00203601
2020,1.59554e-7,0.0000497977,0.00862794,3.5294e-10,7.6795e-10,0.00405591,0.000395778,0.00000121993,0.00219133
2021,1.79718e-7,0.0000520914,0.00901047,3.88649e-10,8.13609e-10,0.00419835,0.000423862,0.0000012703,0.00233692
2022,2.09456e-7,0.0000543475,0.00968195,4.31015e-10,8.804e-10,0.00443917,0.000471247,0.00000129173,0.00250704
2023,2.42181e-7,0.0000557633,0.0102533,4.6917e-10,9.4213e-10,0.00462988,0.00052026,0.00000128284,0.00265471
2024,2.92771e-7,0.0000580593,0.0110537,5.02613e-10,1.0393e-9,0.00496695,0.00060218,0.00000126359,0.00286876
