{
  "2019-01": {
    "adpe": 0.0000015463152741409603,
    "ap": 0.0003275347863101821,
    "ctue": 0.04394851335185552,
    "ctuh-c": 1.9567818839072526e-9,
    "ctuh-nc": 5.146133961538051e-9,
    "gwp": 0.02346201979970014,
    "ir": 0.0029846239851253347,
    "pm": 0.000007926657957836086,
    "wu": 0.015425735527338664
  },
  "2019-02": {
    "adpe": 0.0000016102211332627045,
    "ap": 0.0003151335821093838,
    "ctue": 0.044141780703763435,
    "ctuh-c": 1.9198538969697977e-9,
    "ctuh-nc": 5.157602925354967e-9,
    "gwp": 0.023296007665149387,
    "ir": 0.0030780758240175955,
    "pm": 0.00000736134167324263,
    "wu": 0.015148847780652404
  },
  "2019-03": {
    "adpe": 0.0000016461190370668139,
    "ap": 0.00030699184417779,
    "ctue": 0.044686308883010596,
    "ctuh-c": 1.957663483343963e-9,
    "ctuh-nc": 5.1645559837983005e-9,
    "gwp": 0.02316665403478555,
    "ir": 0.003123404501678534,
    "pm": 0.000007007766615791201,
    "wu": 0.014994160664028693
  },
  "2019-04": {
    "adpe": 0.0000016835269063229502,
    "ap": 0.00030149416659683363,
    "ctue": 0.04457006770111492,
    "ctuh-c": 1.906378033760506e-9,
    "ctuh-nc": 5.177651585504127e-9,
    "gwp": 0.023122993266244007,
    "ir": 0.003182348470395468,
    "pm": 0.000006737320168994208,
    "wu": 0.01486950522943672
  },
  "2019-05": {
    "adpe": 0.0000016534195000072654,
    "ap": 0.00029298088381159767,
    "ctue": 0.044146259383281934,
    "ctuh-c": 1.858108777250789e-9,
    "ctuh-nc": 5.084123047211985e-9,
    "gwp": 0.022783817758932713,
    "ir": 0.0031394701724124963,
    "pm": 0.000006473813397149745,
    "wu": 0.014489775872187315
  },
  "2019-06": {
    "adpe": 0.0000016566388904531342,
    "ap": 0.00029469675190727635,
    "ctue": 0.04377650840919193,
    "ctuh-c": 1.805895714687953e-9,
    "ctuh-nc": 5.092043801211442e-9,
    "gwp": 0.02284855670320808,
    "ir": 0.00315119357909356,
    "pm": 0.000006524140537856222,
    "wu": 0.01451823719923282
  },
  "2019-07": {
    "adpe": 0.0000016213540463211024,
    "ap": 0.00029721745261612943,
    "ctue": 0.04351374856670676,
    "ctuh-c": 1.798170086964316e-9,
    "ctuh-nc": 5.058332721469369e-9,
    "gwp": 0.022816366947692224,
    "ir": 0.0031010280149774473,
    "pm": 0.000006675348210586938,
    "wu": 0.01451178166576721
  },
  "2019-08": {
    "adpe": 0.0000016376958989678677,
    "ap": 0.00030190604743158503,
    "ctue": 0.043511342009623165,
    "ctuh-c": 1.7916922713858524e-9,
    "ctuh-nc": 5.105731843553916e-9,
    "gwp": 0.023005280781490025,
    "ir": 0.0031281974833244188,
    "pm": 0.000006816759716332605,
    "wu": 0.014698270936454257
  },
  "2019-09": {
    "adpe": 0.0000016513089158549966,
    "ap": 0.0003015827762795197,
    "ctue": 0.04406421822112476,
    "ctuh-c": 1.859326552350253e-9,
    "ctuh-nc": 5.129749556619963e-9,
    "gwp": 0.023030833794252335,
    "ir": 0.003140169513523147,
    "pm": 0.000006790150562144091,
    "wu": 0.014765032960762557
  },
  "2019-10": {
    "adpe": 0.0000016338476023514342,
    "ap": 0.000300832972221129,
    "ctue": 0.044280270235200744,
    "ctuh-c": 1.9021765150064454e-9,
    "ctuh-nc": 5.107061405327095e-9,
    "gwp": 0.02295071074363304,
    "ir": 0.003108794411860927,
    "pm": 0.000006798448400483374,
    "wu": 0.014728152736823041
  },
  "2019-11": {
    "adpe": 0.0000016000210202553027,
    "ap": 0.0003091351462434213,
    "ctue": 0.04447898719835082,
    "ctuh-c": 1.9665788588094496e-9,
    "ctuh-nc": 5.115847164736394e-9,
    "gwp": 0.02308553149509172,
    "ir": 0.0030547915055531764,
    "pm": 0.000007166497438134532,
    "wu": 0.014961131592112266
  },
  "2019-12": {
    "adpe": 0.000001571516345701652,
    "ap": 0.0003154206197872076,
    "ctue": 0.04477986422109533,
    "ctuh-c": 2.0380116787286214e-9,
    "ctuh-nc": 5.121437746620418e-9,
    "gwp": 0.0231786084578432,
    "ir": 0.0030070852325832843,
    "pm": 0.000007452646212009453,
    "wu": 0.015145803118806991
  },
  "2020-01": {
    "adpe": 0.0000016193513861363036,
    "ap": 0.00031932864729963654,
    "ctue": 0.044660893669021345,
    "ctuh-c": 1.990713969613857e-9,
    "ctuh-nc": 5.2017449233147214e-9,
    "gwp": 0.023444047992942436,
    "ir": 0.003085381558125972,
    "pm": 0.000007506470841961455,
    "wu": 0.015353910628206355
  },
  "2020-02": {
    "adpe": 0.0000016599519897840308,
    "ap": 0.0003129091875670744,
    "ctue": 0.04497504343687416,
    "ctuh-c": 1.995923986885649e-9,
    "ctuh-nc": 5.220572788150345e-9,
    "gwp": 0.02337966330537516,
    "ir": 0.0031420816533904673,
    "pm": 0.000007203823038158347,
    "wu": 0.015244536757399962
  },
  "2020-03": {
    "adpe": 0.0000017035423254334375,
    "ap": 0.0003075780982190278,
    "ctue": 0.045316878397746826,
    "ctuh-c": 2.003508701083096e-9,
    "ctuh-nc": 5.249980203676292e-9,
    "gwp": 0.0233581879194916,
    "ir": 0.003203593032974947,
    "pm": 0.000006935556298101266,
    "wu": 0.015179115540398183
  },
  "2020-04": {
    "adpe": 0.000001775797002203561,
    "ap": 0.0003099393818885272,
    "ctue": 0.04522564630714054,
    "ctuh-c": 1.939844473299748e-9,
    "ctuh-nc": 5.352310361826727e-9,
    "gwp": 0.0236542581277343,
    "ir": 0.00331932102246623,
    "pm": 0.000006889101908835811,
    "wu": 0.01538360331445365
  },
  "2020-05": {
    "adpe": 0.0000017445435166695148,
    "ap": 0.00030353924565030866,
    "ctue": 0.044930889218489686,
    "ctuh-c": 1.9131693463241807e-9,
    "ctuh-nc": 5.271654876355277e-9,
    "gwp": 0.023372549738548576,
    "ir": 0.003273211025784263,
    "pm": 0.000006706951764995019,
    "wu": 0.015084225433539945
  },
  "2020-06": {
    "adpe": 0.0000016901853019858727,
    "ap": 0.00029553357056390684,
    "ctue": 0.04425430176800779,
    "ctuh-c": 1.8483703117061463e-9,
    "ctuh-nc": 5.146632555200385e-9,
    "gwp": 0.022974658652230986,
    "ir": 0.0031964945359889588,
    "pm": 0.000006501708129944715,
    "wu": 0.014652805782196595
  },
  "2020-07": {
    "adpe": 0.0000016577198955965823,
    "ap": 0.00029505327338274535,
    "ctue": 0.04367463853010828,
    "ctuh-c": 1.7901209681175381e-9,
    "ctuh-nc": 5.0939905273930044e-9,
    "gwp": 0.022866558945579086,
    "ir": 0.003155062315174397,
    "pm": 0.000006532791061340116,
    "wu": 0.014521781500536988
  },
  "2020-08": {
    "adpe": 0.0000016600973928164793,
    "ap": 0.00030008577110129074,
    "ctue": 0.043855206455039195,
    "ctuh-c": 1.8200806469606683e-9,
    "ctuh-nc": 5.128936554747528e-9,
    "gwp": 0.02302033206252986,
    "ir": 0.003157428644549745,
    "pm": 0.000006715172848199964,
    "wu": 0.014710851121444771
  },
  "2020-09": {
    "adpe": 0.0000016742649719996023,
    "ap": 0.0003017634558950752,
    "ctue": 0.043871813526667865,
    "ctuh-c": 1.8148927439247122e-9,
    "ctuh-nc": 5.156411734929292e-9,
    "gwp": 0.023111326177882103,
    "ir": 0.0031796315969260143,
    "pm": 0.000006751487572559061,
    "wu": 0.014795315506905136
  },
  "2020-10": {
    "adpe": 0.0000016439754503256866,
    "ap": 0.0002957370328894456,
    "ctue": 0.044463012836942296,
    "ctuh-c": 1.9130241816775083e-9,
    "ctuh-nc": 5.093407438987082e-9,
    "gwp": 0.022832419470968143,
    "ir": 0.003120330018570465,
    "pm": 0.0000065968942833794394,
    "wu": 0.014593700273637763
  },
  "2020-11": {
    "adpe": 0.0000016377356805373605,
    "ap": 0.0003110364919792211,
    "ctue": 0.04489349131551727,
    "ctuh-c": 1.998272499547363e-9,
    "ctuh-nc": 5.180776986704785e-9,
    "gwp": 0.02325705624224825,
    "ir": 0.003108068341509274,
    "pm": 0.0000071741676043850236,
    "wu": 0.01513289800468176
  },
  "2020-12": {
    "adpe": 0.0000015927511533139311,
    "ap": 0.0003232060501175485,
    "ctue": 0.045132977289296335,
    "ctuh-c": 2.0809854910769236e-9,
    "ctuh-nc": 5.198727884053744e-9,
    "gwp": 0.023472277316698733,
    "ir": 0.003037320682003389,
    "pm": 0.000007703867655830007,
    "wu": 0.015477394162390778
  },
  "2021-01": {
    "adpe": 0.00000163992803752355,
    "ap": 0.00031990011586522277,