{
  "2019-01": {
    "adpe": 4.89118e-7,
    "ap": 0.00129239,
    "ctue": 0.2243,
    "ctuh-c": 0.0000170803,
    "ctuh-nc": 0.0000087202,
    "gwp": 0.534455,
    "ir": 0.00746561,
    "pm": 0.0000426196,
    "wu": 0.0660301
  },
  "2019-02": {
    "adpe": 4.97312e-7,
    "ap": 0.00130417,
    "ctue": 0.224731,
    "ctuh-c": 0.0000174175,
    "ctuh-nc": 0.00000889152,
    "gwp": 0.53586,
    "ir": 0.00743987,
    "pm": 0.0000434766,
    "wu": 0.0655139
  },
  "2019-03": {
    "adpe": 5.16695e-7,
    "ap": 0.00127998,
    "ctue": 0.22096,
    "ctuh-c": 0.0000174407,
    "ctuh-nc": 0.00000890257,
    "gwp": 0.525518,
    "ir": 0.00739178,
    "pm": 0.0000429171,
    "wu": 0.0647774
  },
  "2019-04": {
    "adpe": 5.24103e-7,
    "ap": 0.00128232,
    "ctue": 0.218878,
    "ctuh-c": 0.0000177428,
    "ctuh-nc": 0.00000905543,
    "gwp": 0.521511,
    "ir": 0.00735054,
    "pm": 0.0000437441,
    "wu": 0.0637938
  },
  "2019-05": {
    "adpe": 5.25012e-7,
    "ap": 0.00126686,
    "ctue": 0.217136,
    "ctuh-c": 0.0000175046,
    "ctuh-nc": 0.00000893405,
    "gwp": 0.517211,
    "ir": 0.00730836,
    "pm": 0.0000430435,
    "wu": 0.0632996
  },
  "2019-06": {
    "adpe": 5.22835e-7,
    "ap": 0.0012684,
    "ctue": 0.218616,
    "ctuh-c": 0.000017106,
    "ctuh-nc": 0.00000873179,
    "gwp": 0.521817,
    "ir": 0.0073565,
    "pm": 0.0000425028,
    "wu": 0.0637403
  },
  "2019-07": {
    "adpe": 5.15577e-7,
    "ap": 0.00126095,
    "ctue": 0.220918,
    "ctuh-c": 0.0000165467,
    "ctuh-nc": 0.00000844829,
    "gwp": 0.527138,
    "ir": 0.00740167,
    "pm": 0.000041124,
    "wu": 0.0646738
  },
  "2019-08": {
    "adpe": 5.17149e-7,
    "ap": 0.001265,
    "ctue": 0.221416,
    "ctuh-c": 0.0000166716,
    "ctuh-nc": 0.00000851192,
    "gwp": 0.528509,
    "ir": 0.00741954,
    "pm": 0.0000413322,
    "wu": 0.0648576
  },
  "2019-09": {
    "adpe": 5.14113e-7,
    "ap": 0.00127305,
    "ctue": 0.219858,
    "ctuh-c": 0.0000171148,
    "ctuh-nc": 0.00000873646,
    "gwp": 0.525886,
    "ir": 0.00740149,
    "pm": 0.0000425362,
    "wu": 0.0642008
  },
  "2019-10": {
    "adpe": 5.06377e-7,
    "ap": 0.00126971,
    "ctue": 0.218707,
    "ctuh-c": 0.0000169199,
    "ctuh-nc": 0.00000863703,
    "gwp": 0.523155,
    "ir": 0.00738531,
    "pm": 0.0000424821,
    "wu": 0.0639701
  },
  "2019-11": {
    "adpe": 4.96485e-7,
    "ap": 0.00128518,
    "ctue": 0.222603,
    "ctuh-c": 0.000016674,
    "ctuh-nc": 0.00000851307,
    "gwp": 0.530207,
    "ir": 0.00740257,
    "pm": 0.0000423262,
    "wu": 0.0650233
  },
  "2019-12": {
    "adpe": 4.94602e-7,
    "ap": 0.00128759,
    "ctue": 0.225715,
    "ctuh-c": 0.0000163291,
    "ctuh-nc": 0.00000833872,
    "gwp": 0.535795,
    "ir": 0.00744475,
    "pm": 0.0000415028,
    "wu": 0.0661835
  },
  "2020-01": {
    "adpe": 4.99175e-7,
    "ap": 0.00128453,
    "ctue": 0.219966,
    "ctuh-c": 0.0000170722,
    "ctuh-nc": 0.00000871471,
    "gwp": 0.525198,
    "ir": 0.00743146,
    "pm": 0.0000431567,
    "wu": 0.0647964
  },
  "2020-02": {
    "adpe": 5.09123e-7,
    "ap": 0.00128478,
    "ctue": 0.219369,
    "ctuh-c": 0.0000172515,
    "ctuh-nc": 0.00000880566,
    "gwp": 0.522836,
    "ir": 0.00735404,
    "pm": 0.0000434629,
    "wu": 0.0639497
  },
  "2020-03": {
    "adpe": 5.31166e-7,
    "ap": 0.00126525,
    "ctue": 0.215478,
    "ctuh-c": 0.0000174963,
    "ctuh-nc": 0.00000892931,
    "gwp": 0.512819,
    "ir": 0.00731783,
    "pm": 0.0000433196,
    "wu": 0.0632113
  },
  "2020-04": {
    "adpe": 5.51559e-7,
    "ap": 0.00128182,
    "ctue": 0.216018,
    "ctuh-c": 0.0000180321,
    "ctuh-nc": 0.00000920167,
    "gwp": 0.514473,
    "ir": 0.00732695,
    "pm": 0.0000444974,
    "wu": 0.0629882
  },
  "2020-05": {
    "adpe": 5.51762e-7,
    "ap": 0.00127229,
    "ctue": 0.216547,
    "ctuh-c": 0.0000175301,
    "ctuh-nc": 0.00000894683,
    "gwp": 0.514337,
    "ir": 0.00729762,
    "pm": 0.0000434438,
    "wu": 0.0630504
  },
  "2020-06": {
    "adpe": 5.36276e-7,
    "ap": 0.00126226,
    "ctue": 0.217121,
    "ctuh-c": 0.0000169004,
    "ctuh-nc": 0.00000862692,
    "gwp": 0.51678,
    "ir": 0.00729344,
    "pm": 0.0000423024,
    "wu": 0.0630642
  },
  "2020-07": {
    "adpe": 5.2752e-7,
    "ap": 0.00124687,
    "ctue": 0.217757,
    "ctuh-c": 0.0000162351,
    "ctuh-nc": 0.00000828913,
    "gwp": 0.519056,
    "ir": 0.00731812,
    "pm": 0.0000407548,
    "wu": 0.0634902
  },
  "2020-08": {
    "adpe": 5.2759e-7,
    "ap": 0.00125688,
    "ctue": 0.221014,
    "ctuh-c": 0.0000160973,
    "ctuh-nc": 0.00000821991,
    "gwp": 0.525882,
    "ir": 0.00734564,
    "pm": 0.0000405034,
    "wu": 0.0642591
  },
  "2020-09": {
    "adpe": 5.25356e-7,
    "ap": 0.00126358,
    "ctue": 0.217679,
    "ctuh-c": 0.0000167446,
    "ctuh-nc": 0.00000854787,
    "gwp": 0.519024,
    "ir": 0.00730436,
    "pm": 0.0000421377,
    "wu": 0.0632128
  },
  "2020-10": {
    "adpe": 5.18428e-7,
    "ap": 0.00125439,
    "ctue": 0.215279,
    "ctuh-c": 0.0000169625,
    "ctuh-nc": 0.00000865803,
    "gwp": 0.512461,
    "ir": 0.00725222,
    "pm": 0.0000423573,
    "wu": 0.0626846
  },
  "2020-11": {
    "adpe": 5.14535e-7,
    "ap": 0.00128638,
    "ctue": 0.222715,
    "ctuh-c": 0.0000169569,
    "ctuh-nc": 0.00000865704,
    "gwp": 0.528703,
    "ir": 0.00736412,
    "pm": 0.0000425385,
    "wu": 0.0648275
  },
  "2020-12": {
    "adpe": 5.08035e-7,
    "ap": 0.00129131,
    "ctue": 0.227729,
    "ctuh-c": 0.0000163141,
    "ctuh-nc": 0.00000833181,
    "gwp": 0.538445,
    "ir": 0.00742956,
    "pm": 0.0000412046,
    "wu": 0.0665577
  },
  "2021-01": {
    "adpe": 5.16729e-7,
    "ap": 0.00128229,
    "ctue": 0.22321,
    "ctuh-c": 0.0000166622,
    "ctuh-nc": 0.00000850741,
    "gwp": 0.529105,
    "ir": 0.00740287,
    "pm": 0.0000419669,
    "wu": 0.0654173
  },
  "2021-02": {
    "adpe": 5.26235e-7,
    "ap": 0.00129031,
    "ctue": 0.224578,
    "ctuh-c": 0.0000165827,
    "ctuh-nc": 0.00000846728,
    "gwp": 0.531522,
    "ir": 0.00736076,
    "pm": 0.0000420642,
    "wu": 0.0650937
  },
  "2021-03": {
    "adpe": 5.51697e-7,
    "ap": 0.0012725,
    "ctue": 0.222254,
    "ctuh-c": 0.0000167653,
    "ctuh-nc": 0.00000855977,
    "gwp": 0.525075,
    "ir": 0.0073719,
    "pm": 0.0000416352,
    "wu": 0.0649791
  },
  "2021-04": {
    "adpe": 5.6052e-7,
    "ap": 0.00127449,
    "ctue": 0.220217,
    "ctuh-c": 0.0000172018,
    "ctuh-nc": 0.00000878099,
    "gwp": 0.521798,
    "ir": 0.00734312,
    "pm": 0.0000425337,
    "wu": 0.0640293
  },
  "2021-05": {
    "adpe": 5.70269e-7,
    "ap": 0.00125624,
    "ctue": 0.216764,
    "ctuh-c": 0.0000168997,
    "ctuh-nc": 0.00000862662,
    "gwp": 0.512304,
    "ir": 0.00727333,
    "pm": 0.0000420146,
    "wu": 0.063095
  },
  "2021-06": {
    "adpe": 5.58462e-7,
    "ap": 0.00126222,
    "ctue": 0.220097,
    "ctuh-c": 0.000016358,
    "ctuh-nc": 0.00000835217,
    "gwp": 0.522334,
    "ir": 0.00736475,
    "pm": 0.0000411771,
    "wu": 0.0641516
  },
  "2021-07": {
    "adpe": 5.51078e-7,
    "ap": 0.00125354,
    "ctue": 0.221829,
    "ctuh-c": 0.0000158032,
    "ctuh-nc": 0.0000080708,
    "gwp": 0.525464,
    "ir": 0.00737221,
    "pm": 0.0000398557,
    "wu": 0.0648007
  },
  "2021-08": {
    "adpe": 5.50061e-7,
    "ap": 0.00125823,
    "ctue": 0.22219,
    "ctuh-c": 0.000015915,
    "ctuh-nc": 0.00000812768,
    "gwp": 0.526557,
    "ir": 0.00737965,
    "pm": 0.0000401401,
    "wu": 0.0648467
  },
  "2021-09": {
    "adpe": 5.46711e-7,
    "ap": 0.00126286,
    "ctue": 0.218722,
    "ctuh-c": 0.0000166357,
    "ctuh-nc": 0.00000849291,
    "gwp": 0.519274,
    "ir": 0.00733673,
    "pm": 0.0000417416,
    "wu": 0.0638323
  },
  "2021-10": {
    "adpe": 5.41655e-7,
    "ap": 0.00126009,
    "ctue": 0.216923,
    "ctuh-c": 0.000016861,
    "ctuh-nc": 0.00000860681,
    "gwp": 0.514807,
    "ir": 0.00730689,
    "pm": 0.000042241,
    "wu": 0.0633418
  },
  "2021-11": {
    "adpe": 5.31995e-7,
    "ap": 0.00127485,
    "ctue": 0.220078,