year,adpe,ap,ctue,ctuh-c,ctuh-nc,gwp,ir,pm,wu
2019,0.0000016372649987793748,0.00030335129308359037,0.044116610202017424,1.879899786846819e-9,5.123188619929879e-9,0.023037162593085313,0.0031176443906352595,0.000006881321140209305,0.014803137575865866
2020,0.0000016824528595838403,0.0003041685634733276,0.04456844215303344,1.9099207966182398e-9,5.191792000988557e-9,0.023199594675423395,0.003181685337698807,0.000006836557519144322,0.014956188842486758
2021,0.0000017240320382945755,0.0003055334914736995,0.045541622315850704,2.0159402166045784e-9,5.267632403695968e-9,0.02336294189209226,0.0032318393927827037,0.0000068269843775792625,0.015169232986781793
2022,0.0000017796298043666875,0.00030451964771744983,0.046219862149420726,2.067215810379606e-9,5.342423813533323e-9,0.02350274447879823,0.0033080651794872005,0.0000067002008703358645,0.015301508432840167
2023,0.000001861310531685304,0.00030518978788689243,0.04709859732468086,2.128928862230235e-9,5.462821968113079e-9,0.023772554756974106,0.003422624158809345,0.0000065907807356814555,0.015556904384898148
2024,0.0000017701862250696453,0.0003093536037979217,0.047603419236334286,2.273703785315616e-9,5.38119623423352e-9,0.023603513394221436,0.0032722931159056006,0.000006917015246193825,0.015574075005631157
