year,adpe,ap,ctue,ctuh-c,ctuh-nc,gwp,ir,pm,wu
2019,1.43605e-7,0.0000478304,0.00810732,3.30577e-10,7.20956e-10,0.0038413,0.000364701,0.00000119159,0.00207686
2020,1.64671e-7,0.0000507122,0.00871208,3.66866e-10,7.80144e-10,0.00408498,0.000401108,0.00000124817,0.00224262
2021,1.85983e-7,0.0000531345,0.00911604,4.04234e-10,8.28443e-10,0.00423634,0.000430904,0.00000130114,0.00239617
2022,2.17964e-7,0.0000555766,0.00983733,4.49345e-10,9.00412e-10,0.00449676,0.000482002,0.00000132456,0.00257931
2023,2.53775e-7,0.0000571833,0.0104654,4.90562e-10,9.68518e-10,0.00470986,0.000535949,0.00000131639,0.00274236
2024,3.02042e-7,0.0000596097,0.0112854,5.31774e-10,1.06331e-9,0.00503484,0.000612885,0.00000130823,0.00296051
2025,3.1935e-7,0.000061195,0.011761,5.83286e-10,1.10257e-9,0.0051424,0.000634214,0.00000134039,0.00308698
