year,adpe,ap,ctue,ctuh-c,ctuh-nc,gwp,ir,pm,wu
2019,5.1036e-7,0.00127368,0.220841,0.0000170974,0.00000872801,0.526849,0.00740434,0.0000423215,0.0647021
2020,5.25361e-7,0.00126637,0.2186,0.000017008,0.00000868204,0.520476,0.00734314,0.0000423032,0.0638768
2021,5.44895e-7,0.0012646,0.220599,0.0000166185,0.0000084847,0.522793,0.00736175,0.0000414396,0.0645043
2022,5.71469e-7,0.00125779,0.219289,0.00001659,0.00000846991,0.51825,0.00731188,0.0000413041,0.0637899
2023,6.03477e-7,0.00123665,0.218264,0.000016491,0.00000841961,0.514492,0.00731689,0.000040212,0.0637227
2024,6.47226e-7,0.00121477,0.215238,0.0000162053,0.00000827378,0.505742,0.00728656,0.0000393617,0.0628864
