{
  "2019-01": {
    "adpe": 4.89476e-7,
    "ap": 0.0012883,
    "ctue": 0.223967,
    "ctuh-c": 0.0000171375,
    "ctuh-nc": 0.00000874923,
    "gwp": 0.533986,
    "ir": 0.00747176,
    "pm": 0.0000424951,
    "wu": 0.0660496
  },
  "2019-02": {
    "adpe": 4.97803e-7,
    "ap": 0.00129986,
    "ctue": 0.224389,
    "ctuh-c": 0.000017478,
    "ctuh-nc": 0.00000892224,
    "gwp": 0.535381,
    "ir": 0.00744634,
    "pm": 0.0000433435,
    "wu": 0.065535
  },
  "2019-03": {
    "adpe": 5.173e-7,
    "ap": 0.00127594,
    "ctue": 0.220639,
    "ctuh-c": 0.0000174994,
    "ctuh-nc": 0.00000893236,
    "gwp": 0.525072,
    "ir": 0.0073982,
    "pm": 0.0000427937,
    "wu": 0.0647977
  },
  "2019-04": {
    "adpe": 5.24777e-7,
    "ap": 0.00127808,
    "ctue": 0.218533,
    "ctuh-c": 0.000017804,
    "ctuh-nc": 0.00000908649,
    "gwp": 0.521017,
    "ir": 0.0073569,
    "pm": 0.0000436161,
    "wu": 0.0638108
  },
  "2019-05": {
    "adpe": 5.25693e-7,
    "ap": 0.00126278,
    "ctue": 0.216802,
    "ctuh-c": 0.0000175641,
    "ctuh-nc": 0.00000896429,
    "gwp": 0.516739,
    "ir": 0.00731484,
    "pm": 0.0000429208,
    "wu": 0.0633177
  },
  "2019-06": {
    "adpe": 5.23499e-7,
    "ap": 0.00126429,
    "ctue": 0.218285,
    "ctuh-c": 0.000017165,
    "ctuh-nc": 0.00000876177,
    "gwp": 0.52137,
    "ir": 0.00736332,
    "pm": 0.0000423766,
    "wu": 0.0637612
  },
  "2019-07": {
    "adpe": 5.16104e-7,
    "ap": 0.00125711,
    "ctue": 0.220624,
    "ctuh-c": 0.0000166023,
    "ctuh-nc": 0.00000847653,
    "gwp": 0.526774,
    "ir": 0.0074089,
    "pm": 0.0000410028,
    "wu": 0.0647028
  },
  "2019-08": {
    "adpe": 5.17703e-7,
    "ap": 0.00126107,
    "ctue": 0.221116,
    "ctuh-c": 0.0000167285,
    "ctuh-nc": 0.00000854081,
    "gwp": 0.528135,
    "ir": 0.00742673,
    "pm": 0.0000412083,
    "wu": 0.0648854
  },
  "2019-09": {
    "adpe": 5.14515e-7,
    "ap": 0.00126883,
    "ctue": 0.219525,
    "ctuh-c": 0.0000171756,
    "ctuh-nc": 0.00000876736,
    "gwp": 0.525456,
    "ir": 0.00740862,
    "pm": 0.0000424053,
    "wu": 0.0642264
  },
  "2019-10": {
    "adpe": 5.06598e-7,
    "ap": 0.00126506,
    "ctue": 0.218341,
    "ctuh-c": 0.00001698,
    "ctuh-nc": 0.00000866753,
    "gwp": 0.522648,
    "ir": 0.00739161,
    "pm": 0.0000423334,
    "wu": 0.0639897
  },
  "2019-11": {
    "adpe": 4.96653e-7,
    "ap": 0.00128081,
    "ctue": 0.222264,
    "ctuh-c": 0.0000167337,
    "ctuh-nc": 0.00000854339,
    "gwp": 0.529753,
    "ir": 0.00740904,
    "pm": 0.0000421886,
    "wu": 0.0650467
  },
  "2019-12": {
    "adpe": 4.94559e-7,
    "ap": 0.00128335,
    "ctue": 0.225391,
    "ctuh-c": 0.000016386,
    "ctuh-nc": 0.00000836761,
    "gwp": 0.53537,
    "ir": 0.00745096,
    "pm": 0.0000413671,
    "wu": 0.0662087
  },
  "2020-01": {
    "adpe": 5.00057e-7,
    "ap": 0.00128023,
    "ctue": 0.21959,
    "ctuh-c": 0.0000171292,
    "ctuh-nc": 0.0000087436,
    "gwp": 0.524638,
    "ir": 0.00743813,
    "pm": 0.0000430283,
    "wu": 0.0648084
  },
  "2020-02": {
    "adpe": 5.09913e-7,
    "ap": 0.00128051,
    "ctue": 0.219006,
    "ctuh-c": 0.0000173109,
    "ctuh-nc": 0.00000883581,
    "gwp": 0.522308,
    "ir": 0.00736076,
    "pm": 0.0000433361,
    "wu": 0.0639642
  },
  "2020-03": {
    "adpe": 5.31951e-7,
    "ap": 0.00126094,
    "ctue": 0.215119,
    "ctuh-c": 0.0000175573,
    "ctuh-nc": 0.00000896028,
    "gwp": 0.512308,
    "ir": 0.00732477,
    "pm": 0.0000431893,
    "wu": 0.0632299
  },
  "2020-04": {
    "adpe": 5.52362e-7,
    "ap": 0.00127715,
    "ctue": 0.215623,
    "ctuh-c": 0.0000180979,
    "ctuh-nc": 0.00000923508,
    "gwp": 0.51389,
    "ir": 0.00733343,
    "pm": 0.0000443579,
    "wu": 0.063001
  },
  "2020-05": {
    "adpe": 5.52421e-7,
    "ap": 0.00126769,
    "ctue": 0.216168,
    "ctuh-c": 0.0000175927,
    "ctuh-nc": 0.00000897864,
    "gwp": 0.513785,
    "ir": 0.007304,
    "pm": 0.0000433015,
    "wu": 0.0630669
  },
  "2020-06": {
    "adpe": 5.36766e-7,
    "ap": 0.00125784,
    "ctue": 0.216768,
    "ctuh-c": 0.0000169602,
    "ctuh-nc": 0.00000865731,
    "gwp": 0.516291,
    "ir": 0.00729986,
    "pm": 0.0000421638,
    "wu": 0.063083
  },
  "2020-07": {
    "adpe": 5.27833e-7,
    "ap": 0.0012428,
    "ctue": 0.217444,
    "ctuh-c": 0.0000162904,
    "ctuh-nc": 0.00000831719,
    "gwp": 0.518656,
    "ir": 0.00732465,
    "pm": 0.0000406241,
    "wu": 0.0635143
  },
  "2020-08": {
    "adpe": 5.27875e-7,
    "ap": 0.00125274,
    "ctue": 0.220691,
    "ctuh-c": 0.0000161525,
    "ctuh-nc": 0.00000824796,
    "gwp": 0.525462,
    "ir": 0.00735195,
    "pm": 0.0000403705,
    "wu": 0.064281
  },
  "2020-09": {
    "adpe": 5.25635e-7,
    "ap": 0.0012591,
    "ctue": 0.217327,
    "ctuh-c": 0.0000168035,
    "ctuh-nc": 0.00000857775,
    "gwp": 0.518547,
    "ir": 0.0073107,
    "pm": 0.0000419944,
    "wu": 0.0632331
  },
  "2020-10": {
    "adpe": 5.18757e-7,
    "ap": 0.00124974,
    "ctue": 0.214908,
    "ctuh-c": 0.000017023,
    "ctuh-nc": 0.00000868874,
    "gwp": 0.511937,
    "ir": 0.00725839,
    "pm": 0.0000422095,
    "wu": 0.0627021
  },
  "2020-11": {
    "adpe": 5.14854e-7,
    "ap": 0.00128213,
    "ctue": 0.222368,
    "ctuh-c": 0.0000170164,
    "ctuh-nc": 0.0000086872,
    "gwp": 0.52822,
    "ir": 0.00737041,
    "pm": 0.0000424092,
    "wu": 0.064846
  },
  "2020-12": {
    "adpe": 5.08401e-7,
    "ap": 0.00128728,
    "ctue": 0.227402,
    "ctuh-c": 0.000016367,
    "ctuh-nc": 0.00000835867,
    "gwp": 0.537972,
    "ir": 0.00743523,
    "pm": 0.0000410789,
    "wu": 0.0665749
  },
  "2021-01": {
    "adpe": 5.16421e-7,
    "ap": 0.00128004,
    "ctue": 0.223105,
    "ctuh-c": 0.0000167359,
    "ctuh-nc": 0.00000854488,
    "gwp": 0.529316,
    "ir": 0.00741519,
    "pm": 0.0000419019,
    "wu": 0.0655085
  },
  "2021-02": {
    "adpe": 5.25778e-7,
    "ap": 0.00128805,
    "ctue": 0.224482,
    "ctuh-c": 0.0000166592,
    "ctuh-nc": 0.00000850618,
    "gwp": 0.531774,
    "ir": 0.00737365,
    "pm": 0.0000419998,
    "wu": 0.0651888
  },
  "2021-03": {
    "adpe": 5.52009e-7,
    "ap": 0.00126842,
    "ctue": 0.221913,
    "ctuh-c": 0.0000168132,
    "ctuh-nc": 0.00000858406,
    "gwp": 0.52448,
    "ir": 0.00737473,
    "pm": 0.0000415097,
    "wu": 0.0649776
  },
  "2021-04": {
    "adpe": 5.6145e-7,
    "ap": 0.00127004,
    "ctue": 0.219846,
    "ctuh-c": 0.0000172553,
    "ctuh-nc": 0.00000880809,
    "gwp": 0.521162,
    "ir": 0.0073473,
    "pm": 0.000042395,
    "wu": 0.0640304
  },
  "2021-05": {
    "adpe": 5.69267e-7,
    "ap": 0.00125272,
    "ctue": 0.216523,
    "ctuh-c": 0.0000169681,
    "ctuh-nc": 0.00000866139,
    "gwp": 0.512127,
    "ir": 0.0072807,
    "pm": 0.0000419087,
    "wu": 0.0631448
  },
  "2021-06": {
    "adpe": 5.60203e-7,
    "ap": 0.00125694,
    "ctue": 0.219627,
    "ctuh-c": 0.0000163999,
    "ctuh-nc": 0.00000837338,
    "gwp": 0.521399,
    "ir": 0.00736668,
    "pm": 0.0000410047,
    "wu": 0.064122
  },
  "2021-07": {
    "adpe": 5.51765e-7,
    "ap": 0.00124957,
    "ctue": 0.221513,
    "ctuh-c": 0.0000158534,
    "ctuh-nc": 0.0000080963,
    "gwp": 0.52501,
    "ir": 0.00737798,
    "pm": 0.000039727,
    "wu": 0.0648191
  },
  "2021-08": {
    "adpe": 5.51485e-7,
    "ap": 0.00125379,
    "ctue": 0.221833,
    "ctuh-c": 0.0000159618,
    "ctuh-nc": 0.00000815142,
    "gwp": 0.52595,
    "ir": 0.00738447,
    "pm": 0.0000399919,
    "wu": 0.0648512
  },
  "2021-09": {
    "adpe": 5.46244e-7,
    "ap": 0.00125915,
    "ctue": 0.218454,
    "ctuh-c": 0.000016699,
    "ctuh-nc": 0.00000852506,
    "gwp": 0.519006,
    "ir": 0.00734363,
    "pm": 0.000041626,
    "wu": 0.063873
  },
  "2021-10": {
    "adpe": 5.43443e-7,
    "ap": 0.00125572,
    "ctue": 0.216549,
    "ctuh-c": 0.0000169154,
    "ctuh-nc": 0.00000863439,
    "gwp": 0.514198,
    "ir": 0.00731332,
    "pm": 0.0000421044,
    "wu": 0.0633511
  },
  "2021-11": {
    "adpe": 5.32316e-7,
    "ap": 0.00127063,
    "ctue": 0.219732,
    "ctuh-c": 0.000016879,