{
  "2019-01": {
    "adpe": 4.88519788651113e-7,
    "ap": 0.0013134656573049383,
    "ctue": 0.22572738627383926,
    "ctuh-c": 0.000016701879128543836,
    "ctuh-nc": 0.000008527923327170265,
    "gwp": 0.5364691618287122,
    "ir": 0.0074471912954819945,
    "pm": 0.000043239181210875844,
    "wu": 0.06600728417861947
  },
  "2019-02": {
    "adpe": 4.963227106448352e-7,
    "ap": 0.0013264325598999131,
    "ctue": 0.22619839483830526,
    "ctuh-c": 0.000017006364080825617,
    "ctuh-nc": 0.000008682620661483604,
    "gwp": 0.5379126900449888,
    "ir": 0.0074197645938225395,
    "pm": 0.00004413057374470034,
    "wu": 0.06548020995795316
  },
  "2019-03": {
    "adpe": 5.155636175953132e-7,
    "ap": 0.0013014711526070956,
    "ctue": 0.22239514536231708,
    "ctuh-c": 0.00001703777773175313,
    "ctuh-nc": 0.000008697846393171755,
    "gwp": 0.5275769096416868,
    "ir": 0.007373352036921314,
    "pm": 0.00004354171620656768,
    "wu": 0.06474905340916479
  },
  "2019-04": {
    "adpe": 5.229408544635203e-7,
    "ap": 0.0013039965195833655,
    "ctue": 0.22038469637623417,
    "ctuh-c": 0.000017330570914716566,
    "ctuh-nc": 0.000008846007037729877,
    "gwp": 0.5237214779142259,
    "ir": 0.007332787656903561,
    "pm": 0.00004435501393677122,
    "wu": 0.06378601398366159
  },
  "2019-05": {
    "adpe": 5.23817463576652e-7,
    "ap": 0.0012869172442084786,
    "ctue": 0.21854017848011598,
    "ctuh-c": 0.000017105621631814166,
    "ctuh-nc": 0.00000873136507785141,
    "gwp": 0.5192841999049972,
    "ir": 0.007292507855096761,
    "pm": 0.00004359176797686265,
    "wu": 0.06330199978412378
  },
  "2019-06": {
    "adpe": 5.21946970507539e-7,
    "ap": 0.0012885275796387537,
    "ctue": 0.22006526340734772,
    "ctuh-c": 0.000016719007955463362,
    "ctuh-nc": 0.000008535197013018826,
    "gwp": 0.524000350582713,
    "ir": 0.007341916111317869,
    "pm": 0.00004305512490988935,
    "wu": 0.06375626072347447
  },
  "2019-07": {
    "adpe": 5.148377777591758e-7,
    "ap": 0.001280336413060229,
    "ctue": 0.22230001744988687,
    "ctuh-c": 0.00001618724881648164,
    "ctuh-nc": 0.000008265696706746543,
    "gwp": 0.5292052574844878,
    "ir": 0.007385591175805619,
    "pm": 0.000041666697580549074,
    "wu": 0.06467183726838774
  },
  "2019-08": {
    "adpe": 5.164150265684246e-7,
    "ap": 0.0012842453619298561,
    "ctue": 0.22276438587352876,
    "ctuh-c": 0.000016306060036506205,
    "ctuh-nc": 0.00000832618737341476,
    "gwp": 0.5304872091048767,
    "ir": 0.007403575205594722,
    "pm": 0.000041869431737117596,
    "wu": 0.06485496877019897
  },
  "2019-09": {
    "adpe": 5.13280907978268e-7,
    "ap": 0.0012928055288680563,
    "ctue": 0.2212456348530915,
    "ctuh-c": 0.000016727682701693735,
    "ctuh-nc": 0.000008539813737943843,
    "gwp": 0.5278517136855045,
    "ir": 0.007384116755630356,
    "pm": 0.0000430788642317017,
    "wu": 0.06419912423647346
  },
  "2019-10": {
    "adpe": 5.057897535266348e-7,
    "ap": 0.0012904428561387434,
    "ctue": 0.2201756538840241,
    "ctuh-c": 0.00001653289562029772,
    "ctuh-nc": 0.000008440439206062167,
    "gwp": 0.5252600740625369,
    "ir": 0.007368093427069748,
    "pm": 0.000043063660938449686,
    "wu": 0.06397412038522869
  },
  "2019-11": {
    "adpe": 4.957813932728179e-7,
    "ap": 0.00130663954643326,
    "ctue": 0.2240799062079047,
    "ctuh-c": 0.00001628595258331793,
    "ctuh-nc": 0.000008315944581547807,
    "gwp": 0.532334292571735,
    "ir": 0.007385076187549238,
    "pm": 0.000042949137062925054,
    "wu": 0.06501505986877056
  },
  "2019-12": {
    "adpe": 4.93912598932098e-7,
    "ap": 0.0013085324952580221,
    "ctue": 0.22708224036769817,
    "ctuh-c": 0.000015952071445348382,
    "ctuh-nc": 0.00000814717140135279,
    "gwp": 0.5377316444295778,
    "ir": 0.007426910861170149,
    "pm": 0.00004212946151484496,
    "wu": 0.0661495198304082
  },
  "2020-01": {
    "adpe": 4.983258710823208e-7,
    "ap": 0.0013051874965884338,
    "ctue": 0.22124582874298937,
    "ctuh-c": 0.000016676166152808218,
    "ctuh-nc": 0.000008513445884650057,
    "gwp": 0.5269960651261938,
    "ir": 0.0074138541901262334,
    "pm": 0.00004377056961743177,
    "wu": 0.06474532876566577
  },
  "2020-02": {
    "adpe": 5.082907292923793e-7,
    "ap": 0.001305690810801422,
    "ctue": 0.22064560355109894,
    "ctuh-c": 0.000016844794410892764,
    "ctuh-nc": 0.000008598953012730192,
    "gwp": 0.5246138058017109,
    "ir": 0.007335996228663979,
    "pm": 0.00004408380254494808,
    "wu": 0.06389256570060876
  },
  "2020-03": {
    "adpe": 5.301204257899161e-7,
    "ap": 0.0012859278033731296,
    "ctue": 0.2167732876171623,
    "ctuh-c": 0.00001709677291023051,
    "ctuh-nc": 0.000008726276824059836,
    "gwp": 0.5147003701464485,
    "ir": 0.007301277463718186,
    "pm": 0.00004392886440169336,
    "wu": 0.06316690121010105
  },
  "2020-04": {
    "adpe": 5.501554088250402e-7,
    "ap": 0.0013025709610619577,
    "ctue": 0.21728800188851372,
    "ctuh-c": 0.000017594275171193094,
    "ctuh-nc": 0.000008979165689134205,
    "gwp": 0.5162734612133772,
    "ir": 0.0073088225016369555,
    "pm": 0.000045090977128128475,
    "wu": 0.06292342567251208
  },
  "2020-05": {
    "adpe": 5.503488883962814e-7,
    "ap": 0.0012915005663758474,
    "ctue": 0.21773733194952274,
    "ctuh-c": 0.000017113267345930567,
    "ctuh-nc": 0.000008734983613143336,
    "gwp": 0.5160960477236372,
    "ir": 0.007282291401136562,
    "pm": 0.00004398273146525933,
    "wu": 0.06299465704790139
  },
  "2020-06": {
    "adpe": 5.352521956482888e-7,
    "ap": 0.0012807009063966483,
    "ctue": 0.21826715264019045,
    "ctuh-c": 0.00001650636222673176,
    "ctuh-nc": 0.000008426677384461008,
    "gwp": 0.5184658963391815,
    "ir": 0.007278980008097638,
    "pm": 0.00004281882997033781,
    "wu": 0.06302158392865653
  },
  "2020-07": {
    "adpe": 5.267454287114668e-7,
    "ap": 0.0012637803492039565,
    "ctue": 0.2188048336018167,
    "ctuh-c": 0.00001586870376215762,
    "ctuh-nc": 0.000008102910051862808,
    "gwp": 0.5205887346251026,
    "ir": 0.0073050777525188225,
    "pm": 0.00004122254662555072,
    "wu": 0.06345616577684175
  },
  "2020-08": {
    "adpe": 5.268042657871966e-7,
    "ap": 0.0012738570280267118,
    "ctue": 0.22203507419232668,
    "ctuh-c": 0.00001573353515772458,
    "ctuh-nc": 0.000008035054948405006,
    "gwp": 0.5273415902921698,
    "ir": 0.007331792849938052,
    "pm": 0.0000409852142563666,
    "wu": 0.06420938720149676
  },
  "2020-09": {
    "adpe": 5.244299641318684e-7,
    "ap": 0.0012819249515166828,
    "ctue": 0.21880762041407367,
    "ctuh-c": 0.000016358611182724925,
    "ctuh-nc": 0.000008351686940063679,
    "gwp": 0.5206450370990854,
    "ir": 0.00728923661616249,
    "pm": 0.00004265730511477273,
    "wu": 0.06316699681268904
  },
  "2020-10": {
    "adpe": 5.175792278996741e-7,
    "ap": 0.0012741384247096726,
    "ctue": 0.21652314922936836,
    "ctuh-c": 0.000016572010337846227,
    "ctuh-nc": 0.000008459566008594348,
    "gwp": 0.5143043520812122,
    "ir": 0.0072376700079241655,
    "pm": 0.000042928945344814006,
    "wu": 0.06265116495371084
  },
  "2020-11": {
    "adpe": 5.135489773745823e-7,
    "ap": 0.0013064456416996817,
    "ctue": 0.2238834647276225,
    "ctuh-c": 0.00001656625474336599,
    "ctuh-nc": 0.000008458478440104579,
    "gwp": 0.5303153002437502,
    "ir": 0.0073467114741046545,
    "pm": 0.000043146677923294686,
    "wu": 0.06476007877963769
  },
  "2020-12": {
    "adpe": 5.069908165397985e-7,
    "ap": 0.0013108745958903471,
    "ctue": 0.22885637144368873,
    "ctuh-c": 0.00001595067504668716,
    "ctuh-nc": 0.000008147092300110778,
    "gwp": 0.5400362326990651,
    "ir": 0.007412715682876979,
    "pm": 0.00004181386593690104,
    "wu": 0.06648496098928366
  },
  "2021-01": {
    "adpe": 5.153043941532041e-7,
    "ap": 0.0013037293993925186,
    "ctue": 0.22469058243643134,
    "ctuh-c": 0.000016322345470131385,
    "ctuh-nc": 0.000008334769542579928,