year,adpe,ap,ctue,ctuh-c,ctuh-nc,gwp,ir,pm,wu
2019,1.43656e-7,0.0000478298,0.00810947,3.30653e-10,7.21084e-10,0.00384193,0.000364808,0.00000119141,0.00207701
2020,1.64642e-7,0.0000507078,0.00871419,3.66881e-10,7.8017e-10,0.00408554,0.000401126,0.00000124793,0.0022424
2021,1.86061e-7,0.0000532263,0.00911568,4.0391e-10,8.29124e-10,0.0042402,0.000431175,0.00000130416,0.0023991
2022,2.18368e-7,0.0000557147,0.00984339,4.49534e-10,9.01905e-10,0.00450348,0.000482761,0.00000132866,0.00258485
2023,2.54639e-7,0.0000575481,0.0104794,4.91124e-10,9.72146e-10,0.0047265,0.000537606,0.00000132768,0.00275657
2024,3.02924e-7,0.0000598952,0.0113094,5.33161e-10,1.06675e-9,0.00505035,0.000614538,0.00000131649,0.00297271
2025,3.83785e-7,0.0000636525,0.0123351,5.75452e-10,1.21417e-9,0.00552821,0.000741453,0.00000129837,0.00331138
