{
  "2019-01": {
    "adpe": 4.897963206708081e-7,
    "ap": 0.0013080681503846517,
    "ctue": 0.22633212925733787,
    "ctuh-c": 0.000016770898816709964,
    "ctuh-nc": 0.000008563258974365828,
    "gwp": 0.5377915057406469,
    "ir": 0.007462150439330092,
    "pm": 0.0000428766913845481,
    "wu": 0.06624344186666312
  },
  "2019-02": {
    "adpe": 4.979261098243711e-7,
    "ap": 0.0013205805465820021,
    "ctue": 0.22686789936831753,
    "ctuh-c": 0.00001709231776732934,
    "ctuh-nc": 0.000008726591312836975,
    "gwp": 0.5393749843020934,
    "ir": 0.007436481926691891,
    "pm": 0.000043742803685502625,
    "wu": 0.06574204743406331
  },
  "2019-03": {
    "adpe": 5.171585273641195e-7,
    "ap": 0.001296147935331813,
    "ctue": 0.22305850915135697,
    "ctuh-c": 0.000017124776392854382,
    "ctuh-nc": 0.00000874234395782439,
    "gwp": 0.528991929733282,
    "ir": 0.007388724262294863,
    "pm": 0.00004318345825022121,
    "wu": 0.06500271834177838
  },
  "2019-04": {
    "adpe": 5.245249454490708e-7,
    "ap": 0.0012985783993921766,
    "ctue": 0.22103667213028094,
    "ctuh-c": 0.000017412829659899245,
    "ctuh-nc": 0.000008888090998651299,
    "gwp": 0.5250889051755652,
    "ir": 0.007347749869733888,
    "pm": 0.000043992415243578924,
    "wu": 0.06403365203497714
  },
  "2019-05": {
    "adpe": 5.254260095351828e-7,
    "ap": 0.0012829054820237612,
    "ctue": 0.21925875774178805,
    "ctuh-c": 0.000017186902292846925,
    "ctuh-nc": 0.00000877295131811293,
    "gwp": 0.5207384433421638,
    "ir": 0.00730597609194307,
    "pm": 0.00004329633246070053,
    "wu": 0.063537435092217
  },
  "2019-06": {
    "adpe": 5.232550156000239e-7,
    "ap": 0.0012842913158180903,
    "ctue": 0.2207142379172835,
    "ctuh-c": 0.000016791556209847374,
    "ctuh-nc": 0.000008572328158716286,
    "gwp": 0.5252907750068215,
    "ir": 0.007353826646895914,
    "pm": 0.00004275417934737992,
    "wu": 0.06397425908952921
  },
  "2019-07": {
    "adpe": 5.160337467181491e-7,
    "ap": 0.0012762545790619417,
    "ctue": 0.22290939477971763,
    "ctuh-c": 0.000016250827712705666,
    "ctuh-nc": 0.00000829825061910764,
    "gwp": 0.53043078296798,
    "ir": 0.007399054370017876,
    "pm": 0.000041377406165952455,
    "wu": 0.06489233958533017
  },
  "2019-08": {
    "adpe": 5.1767668266508e-7,
    "ap": 0.0012802719746435429,
    "ctue": 0.22340983123644592,
    "ctuh-c": 0.0000163734834392037,
    "ctuh-nc": 0.000008360704584801607,
    "gwp": 0.5317982886610475,
    "ir": 0.0074168186973604285,
    "pm": 0.00004158159493917828,
    "wu": 0.06507628136073904
  },
  "2019-09": {
    "adpe": 5.14720365970612e-7,
    "ap": 0.0012888507600085418,
    "ctue": 0.22194461859803216,
    "ctuh-c": 0.000016802503352021457,
    "ctuh-nc": 0.000008578105434187229,
    "gwp": 0.5293188173897724,
    "ir": 0.007398504438560481,
    "pm": 0.00004278634075135869,
    "wu": 0.06443156671201938
  },
  "2019-10": {
    "adpe": 5.070170219311813e-7,
    "ap": 0.0012858355405243403,
    "ctue": 0.2208240088669558,
    "ctuh-c": 0.00001660429214841706,
    "ctuh-nc": 0.000008476983728767258,
    "gwp": 0.5266401585348764,
    "ir": 0.007382241694026891,
    "pm": 0.00004274170735287544,
    "wu": 0.06420236495340048
  },
  "2019-11": {
    "adpe": 4.971828253424426e-7,
    "ap": 0.0013012651443447781,
    "ctue": 0.22470939548531724,
    "ctuh-c": 0.00001636038030170116,
    "ctuh-nc": 0.000008354037386477916,
    "gwp": 0.533678714646382,
    "ir": 0.0073995393081093186,
    "pm": 0.000042587818956034285,
    "wu": 0.06525204821487837
  },
  "2019-12": {
    "adpe": 4.952819117741229e-7,
    "ap": 0.0013031699811272255,
    "ctue": 0.22772100881904106,
    "ctuh-c": 0.00001602657152635921,
    "ctuh-nc": 0.000008185307238416617,
    "gwp": 0.5390911420332984,
    "ir": 0.007441334851928199,
    "pm": 0.000041764610368374673,
    "wu": 0.06639312385817055
  },
  "2020-01": {
    "adpe": 4.996515919108782e-7,
    "ap": 0.0012990977822103969,
    "ctue": 0.22179631689428345,
    "ctuh-c": 0.000016749873032809984,
    "ctuh-nc": 0.00000855115227813375,
    "gwp": 0.528233314696987,
    "ir": 0.007429087416762113,
    "pm": 0.00004338633440584604,
    "wu": 0.06497250002490557
  },
  "2020-02": {
    "adpe": 5.096086446215398e-7,
    "ap": 0.0012994417992420863,
    "ctue": 0.22123806064078602,
    "ctuh-c": 0.000016920945651474052,
    "ctuh-nc": 0.000008637917238873692,
    "gwp": 0.5259562391509895,
    "ir": 0.0073525064445310075,
    "pm": 0.00004368373845348706,
    "wu": 0.06413723863062278
  },
  "2020-03": {
    "adpe": 5.314152170670661e-7,
    "ap": 0.0012800325277212226,
    "ctue": 0.21736113519513361,
    "ctuh-c": 0.000017167394255516956,
    "ctuh-nc": 0.00000876242566099772,
    "gwp": 0.5159846941760827,
    "ir": 0.007316396795808827,
    "pm": 0.000043545370009639746,
    "wu": 0.06340219557883649
  },
  "2020-04": {
    "adpe": 5.516457562381147e-7,
    "ap": 0.0012972039222429823,
    "ctue": 0.2179775042903013,
    "ctuh-c": 0.00001768482397994426,
    "ctuh-nc": 0.000009025473289978224,
    "gwp": 0.5177650132270726,
    "ir": 0.007325408160378345,
    "pm": 0.00004472981817042131,
    "wu": 0.06318747192466911
  },
  "2020-05": {
    "adpe": 5.516885032898302e-7,
    "ap": 0.001287008245101264,
    "ctue": 0.2184334576625527,
    "ctuh-c": 0.000017197538073415435,
    "ctuh-nc": 0.000008778092875507404,
    "gwp": 0.5175197103748391,
    "ir": 0.0072964002474557215,
    "pm": 0.00004366497612070081,
    "wu": 0.06324281697307312
  },
  "2020-06": {
    "adpe": 5.364183960983565e-7,
    "ap": 0.0012765245572753884,
    "ctue": 0.21894869287656293,
    "ctuh-c": 0.000016580914859387896,
    "ctuh-nc": 0.00000846483419226836,
    "gwp": 0.5198505444800691,
    "ir": 0.0072922978362710295,
    "pm": 0.00004251699180142828,
    "wu": 0.06325483116511212
  },
  "2020-07": {
    "adpe": 5.278743968015308e-7,
    "ap": 0.0012606727004364111,
    "ctue": 0.2195072605876127,
    "ctuh-c": 0.000015933453943371626,
    "ctuh-nc": 0.000008136073654922356,
    "gwp": 0.5219821357859519,
    "ir": 0.0073169163255070455,
    "pm": 0.00004097061718731,
    "wu": 0.06367166005875566
  },
  "2020-08": {
    "adpe": 5.279473863966452e-7,
    "ap": 0.0012707433486703313,
    "ctue": 0.22274375354404113,
    "ctuh-c": 0.00001580083675267876,
    "ctuh-nc": 0.000008069518857292526,
    "gwp": 0.5287613504694039,
    "ir": 0.007344106742919287,
    "pm": 0.00004073140246443258,
    "wu": 0.06443386761503507
  },
  "2020-09": {
    "adpe": 5.257092416994565e-7,
    "ap": 0.001278320193733964,
    "ctue": 0.21951329268760356,
    "ctuh-c": 0.000016429112683004947,
    "ctuh-nc": 0.000008387780379482209,
    "gwp": 0.5220770637095129,
    "ir": 0.0073026873283034074,
    "pm": 0.00004238117284093594,
    "wu": 0.0633965195124293
  },
  "2020-10": {
    "adpe": 5.189283166020302e-7,
    "ap": 0.0012694549981989436,
    "ctue": 0.21715008049895596,
    "ctuh-c": 0.00001664210779397224,
    "ctuh-nc": 0.000008495443400361741,
    "gwp": 0.5155857060973599,
    "ir": 0.007250779409017891,
    "pm": 0.00004260801316326228,
    "wu": 0.0628712460411726
  },
  "2020-11": {
    "adpe": 5.149188409969356e-7,
    "ap": 0.0013013589890299043,
    "ctue": 0.22455191286306483,
    "ctuh-c": 0.000016637003527065897,
    "ctuh-nc": 0.000008494705235477062,
    "gwp": 0.5317520894060338,
    "ir": 0.007361864521893627,
    "pm": 0.00004279241610420359,
    "wu": 0.06500302341688198
  },
  "2020-12": {
    "adpe": 5.084005682443291e-7,
    "ap": 0.00130544080079433,
    "ctue": 0.22945213771312192,
    "ctuh-c": 0.000016013556458741713,
    "ctuh-nc": 0.00000817930328075733,
    "gwp": 0.5413093461798739,
    "ir": 0.007427262571797569,
    "pm": 0.000041447579660540445,
    "wu": 0.06671753810372125
  },
  "2021-01": {
    "adpe": 5.165814315369695e-7,
    "ap": 0.0012982115529568533,
    "ctue": 0.2252880905355238,
    "ctuh-c": 0.00001638958647883913,
    "ctuh-nc": 0.000008369197451322136,