year,adpe,ap,ctue,ctuh-c,ctuh-nc,gwp,ir,pm,wu
2019,5.10891e-7,0.00129763,0.22283,0.0000169546,0.00000865563,0.530921,0.00742323,0.000043192,0.0649218
2020,5.25812e-7,0.00128911,0.220344,0.0000168583,0.00000860602,0.524102,0.00736129,0.0000431524,0.0640452
2021,5.45051e-7,0.00128684,0.222451,0.0000164817,0.00000841533,0.526608,0.00737953,0.0000422638,0.0646702
2022,5.70787e-7,0.0012822,0.221392,0.0000164318,0.00000838967,0.522588,0.00733068,0.0000422013,0.0639597
2023,6.02198e-7,0.00126862,0.220506,0.000016323,0.00000833427,0.519243,0.00733615,0.0000415023,0.0638374
2024,5.7248e-7,0.001268,0.2256,0.0000158684,0.00000810479,0.529062,0.00736936,0.0000400815,0.0655348
