year,adpe,ap,ctue,ctuh-c,ctuh-nc,gwp,ir,pm,wu
2019,5.2343e-7,0.0013638,0.227077,0.0000185274,0.00000945604,0.533935,0.00734669,0.0000471874,0.0653839
2020,5.40512e-7,0.0013568,0.224756,0.0000184457,0.00000941393,0.527106,0.00727905,0.0000472063,0.0645041
2021,5.61547e-7,0.00135174,0.226677,0.0000179758,0.00000917575,0.529275,0.00730183,0.0000461083,0.0651646
2022,5.9066e-7,0.00134353,0.225143,0.0000179306,0.00000915239,0.524158,0.00724763,0.0000459268,0.0643641
2023,6.25675e-7,0.00132007,0.223921,0.0000178091,0.00000909067,0.519908,0.00725552,0.0000447248,0.0642858
2024,6.70961e-7,0.00129747,0.221299,0.0000174333,0.00000889916,0.511841,0.00723656,0.000043675,0.0636458
2025,6.54486e-7,0.00130837,0.226456,0.0000170151,0.000008688,0.521949,0.00729661,0.0000428703,0.0653877
