year,adpe,ap,ctue,ctuh-c,ctuh-nc,gwp,ir,pm,wu
2019,5.17309e-7,0.00132679,0.223124,0.0000176869,0.00000902769,0.530038,0.0074136,0.0000453667,0.0648149
2020,5.35497e-7,0.00132044,0.22079,0.0000179136,0.00000914235,0.523347,0.00734789,0.000045649,0.0639586
2021,5.55775e-7,0.00131629,0.222742,0.0000174302,0.00000889733,0.525514,0.00736799,0.0000445838,0.0646129
2022,5.83935e-7,0.00130843,0.221262,0.0000173363,0.00000884923,0.520512,0.00731497,0.0000443758,0.0638334
2023,6.17809e-7,0.00128525,0.219924,0.000017178,0.00000876869,0.516035,0.00732063,0.0000431847,0.0637249
2024,6.59913e-7,0.00126414,0.217368,0.0000167981,0.00000857514,0.508078,0.00729715,0.0000422111,0.0630747
2025,7.20327e-7,0.00124563,0.214474,0.0000166232,0.00000848564,0.49904,0.00729018,0.0000415966,0.0623527
2026,6.72805e-7,0.00124869,0.21708,0.0000165023,0.00000842487,0.504888,0.00730733,0.0000411981,0.0635034
