{
  "2021-01": {
    "adpe": 5.899654496143311e-7,
    "ap": 0.0009961290116063822,
    "ctue": 0.1946518719496269,
    "ctuh-c": 0.000022469144257091232,
    "ctuh-nc": 0.000011457887024081222,
    "gwp": 0.44165470244237964,
    "ir": 0.006784095393712955,
    "pm": 0.000035260115369785046,
    "wu": 0.06325509314917438
  },
  "2021-02": {
    "adpe": 5.955361326400167e-7,
    "ap": 0.0009817379362636557,
    "ctue": 0.19305187813917685,
    "ctuh-c": 0.000021888993061827104,
    "ctuh-nc": 0.000011162682037230344,
    "gwp": 0.4366017651589522,
    "ir": 0.006735942642376665,
    "pm": 0.00003435364174973397,
    "wu": 0.06274618004207344
  },
  "2021-03": {
    "adpe": 6.143151215828295e-7,
    "ap": 0.0009741501780923554,
    "ctue": 0.19260918255896203,
    "ctuh-c": 0.000022268798487440736,
    "ctuh-nc": 0.000011355785247344811,
    "gwp": 0.43597594544080115,
    "ir": 0.006791357107895847,
    "pm": 0.00003425528453035649,
    "wu": 0.06310039241186449
  },
  "2021-04": {
    "adpe": 6.20756998697828e-7,
    "ap": 0.0009699685256792981,
    "ctue": 0.19131159337425988,
    "ctuh-c": 0.000021985718538068116,
    "ctuh-nc": 0.00001121154488155736,
    "gwp": 0.4331127098450978,
    "ir": 0.00676834864559201,
    "pm": 0.00003405491233193701,
    "wu": 0.06261190734115672
  },
  "2021-05": {
    "adpe": 6.239774046889363e-7,
    "ap": 0.0009637650057583718,
    "ctue": 0.18946823577498756,
    "ctuh-c": 0.000021639233609398214,
    "ctuh-nc": 0.000011034924738477007,
    "gwp": 0.4272985143119005,
    "ir": 0.006716427880448786,
    "pm": 0.000033890822585702566,
    "wu": 0.06194992967390277
  },
  "2021-06": {
    "adpe": 6.259471803068765e-7,
    "ap": 0.0009735536016275475,
    "ctue": 0.19126678033696665,
    "ctuh-c": 0.000021695904586573492,
    "ctuh-nc": 0.000011064107541184785,
    "gwp": 0.43327545231117764,
    "ir": 0.0068044700791475635,
    "pm": 0.00003408996798261273,
    "wu": 0.06262862725036228
  },
  "2021-07": {
    "adpe": 6.236866511581422e-7,
    "ap": 0.0009985121025961135,
    "ctue": 0.19495798460204855,
    "ctuh-c": 0.000021663081170240677,
    "ctuh-nc": 0.000011048086881920747,
    "gwp": 0.4412857511424981,
    "ir": 0.006861247490886125,
    "pm": 0.00003476542235490234,
    "wu": 0.06345711633276126
  },
  "2021-08": {
    "adpe": 6.228743119698216e-7,
    "ap": 0.0009859947741590672,
    "ctue": 0.19502622282266457,
    "ctuh-c": 0.00002148247186898059,
    "ctuh-nc": 0.000010956532619923687,
    "gwp": 0.4405913215115864,
    "ir": 0.006844683215809313,
    "pm": 0.00003387652285375676,
    "wu": 0.06361132536454998
  },
  "2021-09": {
    "adpe": 6.179655768115909e-7,
    "ap": 0.0009979642859975295,
    "ctue": 0.1969361966943445,
    "ctuh-c": 0.000021698807905039483,
    "ctuh-nc": 0.00001106689714892473,
    "gwp": 0.4457673180307715,
    "ir": 0.006881760225869993,
    "pm": 0.000034312344161506246,
    "wu": 0.06410186018737218
  },
  "2021-10": {
    "adpe": 6.113891313565351e-7,
    "ap": 0.0009960753796470542,
    "ctue": 0.19628034264507238,
    "ctuh-c": 0.00002131594572751266,
    "ctuh-nc": 0.00001087195081524431,
    "gwp": 0.4430440878996922,
    "ir": 0.006826379373885533,
    "pm": 0.00003414149002277415,
    "wu": 0.06363555574649149
  },
  "2021-11": {
    "adpe": 5.93168469390151e-7,
    "ap": 0.000997269835251209,
    "ctue": 0.19659192857451357,
    "ctuh-c": 0.000020731458895245136,
    "ctuh-nc": 0.000010574778333534472,
    "gwp": 0.44541633679950426,
    "ir": 0.006836357700621836,
    "pm": 0.000033705783066606936,
    "wu": 0.06367724145920368
  },
  "2021-12": {
    "adpe": 5.819075463165774e-7,
    "ap": 0.000998658205002897,
    "ctue": 0.1961468091893526,
    "ctuh-c": 0.00001985082882043777,
    "ctuh-nc": 0.00001012688619193862,
    "gwp": 0.44352284861805696,
    "ir": 0.0067978208486195344,
    "pm": 0.00003323621029695303,
    "wu": 0.06339170599207557
  },
  "2022-01": {
    "adpe": 5.915640897587249e-7,
    "ap": 0.0010107898690151981,
    "ctue": 0.19718952076902882,
    "ctuh-c": 0.000020516480368505012,
    "ctuh-nc": 0.000010465435319871058,
    "gwp": 0.44554545303997556,
    "ir": 0.006815296784960235,
    "pm": 0.00003423196286527388,
    "wu": 0.06355966547776473
  },
  "2022-02": {
    "adpe": 6.07980982402502e-7,
    "ap": 0.000998529671986669,
    "ctue": 0.19651322002648583,
    "ctuh-c": 0.00002089527613727184,
    "ctuh-nc": 0.000010658034725773855,
    "gwp": 0.44267138900489134,
    "ir": 0.00679205983041286,
    "pm": 0.00003395361504396223,
    "wu": 0.06342814170639666
  },
  "2022-03": {
    "adpe": 6.204799797321179e-7,
    "ap": 0.001009017211967221,
    "ctue": 0.19749251282296035,
    "ctuh-c": 0.000021126454153302798,
    "ctuh-nc": 0.000010775832068276695,
    "gwp": 0.44570733893709424,
    "ir": 0.006833251418990239,
    "pm": 0.00003442065846750108,
    "wu": 0.06370771958900749
  },
  "2022-04": {
    "adpe": 6.403180244888202e-7,
    "ap": 0.0009897194224293443,
    "ctue": 0.1935803531832474,
    "ctuh-c": 0.000022079757342855217,
    "ctuh-nc": 0.000011259783927749218,
    "gwp": 0.4347179363138773,
    "ir": 0.006744782081120095,
    "pm": 0.00003484154370972171,
    "wu": 0.06269674485316745
  },
  "2022-05": {
    "adpe": 6.464603695990476e-7,
    "ap": 0.0009778248320443232,
    "ctue": 0.1918637657862678,
    "ctuh-c": 0.00002197786365514436,
    "ctuh-nc": 0.000011207676521976082,
    "gwp": 0.4319366170197463,
    "ir": 0.006729225949213722,
    "pm": 0.00003438211309926021,
    "wu": 0.062225322422362804
  },
  "2022-06": {
    "adpe": 6.437093625198475e-7,
    "ap": 0.000977820509289393,
    "ctue": 0.1926122496840469,
    "ctuh-c": 0.000021524908201014406,
    "ctuh-nc": 0.000010977537879589352,
    "gwp": 0.43452603909246656,
    "ir": 0.006765318642115736,
    "pm": 0.00003390268761329085,
    "wu": 0.062460157006693794
  },
  "2022-07": {
    "adpe": 6.439117726288268e-7,
    "ap": 0.0009846318509745373,
    "ctue": 0.19473848449090478,
    "ctuh-c": 0.00002133082255069638,
    "ctuh-nc": 0.000010879372957004053,
    "gwp": 0.43910588975732884,
    "ir": 0.0068236085810008335,
    "pm": 0.00003370706344743136,
    "wu": 0.06327501969654317
  },
  "2022-08": {
    "adpe": 6.429786815986531e-7,
    "ap": 0.0009868917428463937,
    "ctue": 0.195631324889656,
    "ctuh-c": 0.00002135038888247907,
    "ctuh-nc": 0.000010889596047996628,
    "gwp": 0.44181862620217965,
    "ir": 0.006863765566798256,
    "pm": 0.000033623500685628374,
    "wu": 0.06372971714169084
  },
  "2022-09": {
    "adpe": 6.273222478910129e-7,
    "ap": 0.0009898013001362169,
    "ctue": 0.1961361542872987,
    "ctuh-c": 0.000020737883769495192,
    "ctuh-nc": 0.000010578247064287412,
    "gwp": 0.44198846141102266,
    "ir": 0.00683532511669128,
    "pm": 0.00003327239460867941,
    "wu": 0.06374761637320346
  },
  "2022-10": {
    "adpe": 6.247761067781653e-7,
    "ap": 0.0009851792626345173,
    "ctue": 0.19546322003058242,
    "ctuh-c": 0.000021104709245087468,
    "ctuh-nc": 0.00001076444132490555,
    "gwp": 0.43959141257828427,
    "ir": 0.006779296195143811,
    "pm": 0.00003357504388276628,
    "wu": 0.06313576755235645
  },
  "2022-11": {
    "adpe": 6.063454420444288e-7,
    "ap": 0.0009915945957968545,
    "ctue": 0.19585616878809017,
    "ctuh-c": 0.000021155643084316037,
    "ctuh-nc": 0.000010790324130445438,
    "gwp": 0.4416733699872487,
    "ir": 0.006789713312872487,
    "pm": 0.00003390642844442176,
    "wu": 0.06329883708344347
  },
  "2022-12": {
    "adpe": 6.011039925823658e-7,
    "ap": 0.0009906407086674033,
    "ctue": 0.19521649530202392,
    "ctuh-c": 0.000021944683189977503,
    "ctuh-nc": 0.000011191421680681336,
    "gwp": 0.4418172222502551,
    "ir": 0.006791704283148723,
    "pm": 0.00003447623596327024,
    "wu": 0.06334967006414816
  },
  "2023-01": {
    "adpe": 6.064700008645585e-7,
    "ap": 0.0009769856248047284,
    "ctue": 0.19365379710918137,
    "ctuh-c": 0.00002199572347974859,