year,adpe,ap,ctue,ctuh-c,ctuh-nc,gwp,ir,pm,wu
2019,5.066989684212103e-7,0.0012584472324657237,0.2231403621136724,0.000016225384052672248,0.000008285627241878233,0.5318217148697022,0.007417928852347736,0.000040260911135881435,0.06538093704031646
2020,5.209137759277059e-7,0.0012503272558286793,0.22107399554053694,0.000016131929111086077,0.000008237597968165285,0.5259397996496873,0.00736197443158415,0.00004017684263023162,0.06459004414565317
2021,5.396438597852223e-7,0.0012490834221013062,0.22284006490067684,0.000015801450319606342,0.000008070211412898503,0.5278117796757359,0.0073774378329113785,0.000039436779689808634,0.0651555946872257
2022,5.635333489311616e-7,0.0012445961007620354,0.22186384044210997,0.000015762419650122627,0.000008050103980081643,0.5238505491697151,0.007323798129533239,0.00003938231916388933,0.064445250224044
2023,5.873638483953086e-7,0.0012381756521328126,0.22033202006659283,0.000015955507288283228,0.000008147848196153291,0.5188604125807273,0.007308940717173785,0.00003952583926573039,0.06403822240940556
