year,adpe,ap,ctue,ctuh-c,ctuh-nc,gwp,ir,pm,wu
2019,1.43621e-7,0.0000478325,0.00810826,3.3065e-10,7.21011e-10,0.00384153,0.000364728,0.00000119163,0.00207701
2020,1.64695e-7,0.0000507159,0.00871301,3.66935e-10,7.8022e-10,0.00408528,0.000401148,0.00000124825,0.00224284
2021,1.86017e-7,0.0000531392,0.00911745,4.04343e-10,8.28549e-10,0.00423676,0.00043096,0.00000130124,0.00239647
2022,2.18002e-7,0.0000555849,0.00983871,4.49445e-10,9.00543e-10,0.00449732,0.000482067,0.00000132477,0.00257973
2023,2.53788e-7,0.0000571709,0.010462,4.90285e-10,9.6837e-10,0.00470897,0.000535947,0.00000131599,0.00274182
2024,3.01792e-7,0.0000595602,0.0112711,5.30652e-10,1.06235e-9,0.00503068,0.000612455,0.00000130706,0.0029576
2025,3.08948e-7,0.0000605302,0.0114277,5.6084e-10,1.07726e-9,0.00504645,0.000617259,0.00000133917,0.00302671
