year,adpe,ap,ctue,ctuh-c,ctuh-nc,gwp,ir,pm,wu
2019,5.104707730949532e-7,0.0012937302104372684,0.22324832297690422,0.000016726258336914996,0.0000085397691127248,0.5307236982782334,0.007394764129294398,0.00004270772643678594,0.0649060203416494
2020,5.251524959080559e-7,0.0012852862594251331,0.22078445909536465,0.00001663013220334436,0.000008490279234013004,0.5240330689964597,0.007335093695362605,0.00004266973653540229,0.06404179882374102
2021,5.442253754732141e-7,0.001283174668456851,0.22286545675158184,0.000016264242187348032,0.000008304978620937227,0.5265330650724602,0.007354046665842459,0.00004180390642848173,0.06466322022094789
2022,5.698855610668608e-7,0.0012786731964639871,0.22177764841359282,0.000016238331026038967,0.00000829151370932345,0.5224823433828472,0.007305414305991911,0.0000417715230278717,0.06395163214354942
2023,5.97678878678226e-7,0.0012638081256424025,0.22031637201072152,0.000016146607584045976,0.000008244654933913508,0.5180234152612968,0.00730315712885201,0.00004114652295151826,0.06369041324774194
2024,5.812203446123052e-7,0.0012570149244087016,0.21922205354527885,0.000016246508603931557,0.000008295188414725165,0.514382894152091,0.007274332905338227,0.000041133969699909014,0.06370111052222163
