year,adpe,ap,ctue,ctuh-c,ctuh-nc,gwp,ir,pm,wu
2019,5.09919e-7,0.00127785,0.22117,0.0000170385,0.00000869814,0.527294,0.00739773,0.0000424511,0.0646798
2020,5.24843e-7,0.00127072,0.218954,0.0000169492,0.00000865217,0.520974,0.00733673,0.0000424378,0.0638589
2021,5.44319e-7,0.00126881,0.220959,0.000016563,0.00000845654,0.52332,0.00735581,0.0000415675,0.0644924
2022,5.70403e-7,0.00126474,0.219806,0.0000165172,0.00000843295,0.519091,0.00730566,0.0000415464,0.0637739
2023,6.00846e-7,0.00125102,0.219125,0.0000163684,0.00000835728,0.516049,0.00730903,0.0000407826,0.0636657
2024,6.4273e-7,0.00122761,0.216651,0.0000159928,0.00000816601,0.508351,0.00728367,0.0000396418,0.0630473
