year,adpe,ap,ctue,ctuh-c,ctuh-nc,gwp,ir,pm,wu
2019,5.18403e-7,0.00132706,0.223064,0.0000178776,0.00000912463,0.52996,0.00741326,0.0000455324,0.0648118
2020,5.34754e-7,0.00132002,0.220798,0.0000177936,0.00000908135,0.523356,0.00734866,0.000045537,0.0639602
2021,5.55164e-7,0.0013163,0.222788,0.0000173601,0.00000886167,0.525609,0.00736891,0.0000445263,0.0646202
2022,5.83525e-7,0.00130852,0.221327,0.0000173201,0.00000884103,0.520643,0.00731537,0.0000443581,0.0638466
2023,6.17429e-7,0.00128623,0.220083,0.0000172145,0.00000878729,0.51636,0.00732099,0.000043234,0.063758
2024,6.59779e-7,0.00126559,0.217616,0.0000168953,0.00000862462,0.508615,0.00729784,0.0000423084,0.0631327
2025,6.89e-7,0.00127195,0.217255,0.0000171258,0.00000874156,0.50569,0.00731059,0.0000429541,0.0630736
