{
  "2019-01": {
    "adpe": 4.88968e-7,
    "ap": 0.00129245,
    "ctue": 0.224266,
    "ctuh-c": 0.0000170811,
    "ctuh-nc": 0.00000872056,
    "gwp": 0.534399,
    "ir": 0.00746541,
    "pm": 0.0000426318,
    "wu": 0.0660198
  },
  "2019-02": {
    "adpe": 4.97153e-7,
    "ap": 0.00130424,
    "ctue": 0.224696,
    "ctuh-c": 0.0000174186,
    "ctuh-nc": 0.00000889206,
    "gwp": 0.535803,
    "ir": 0.00743968,
    "pm": 0.0000434904,
    "wu": 0.0655029
  },
  "2019-03": {
    "adpe": 5.16532e-7,
    "ap": 0.00128006,
    "ctue": 0.220928,
    "ctuh-c": 0.0000174417,
    "ctuh-nc": 0.00000890306,
    "gwp": 0.525468,
    "ir": 0.0073916,
    "pm": 0.0000429302,
    "wu": 0.0647672
  },
  "2019-04": {
    "adpe": 5.23935e-7,
    "ap": 0.00128242,
    "ctue": 0.218847,
    "ctuh-c": 0.0000177438,
    "ctuh-nc": 0.00000905592,
    "gwp": 0.521465,
    "ir": 0.00735038,
    "pm": 0.0000437579,
    "wu": 0.0637838
  },
  "2019-05": {
    "adpe": 5.24853e-7,
    "ap": 0.00126696,
    "ctue": 0.217109,
    "ctuh-c": 0.0000175055,
    "ctuh-nc": 0.00000893453,
    "gwp": 0.517173,
    "ir": 0.00730829,
    "pm": 0.0000430569,
    "wu": 0.0632907
  },
  "2019-06": {
    "adpe": 5.22688e-7,
    "ap": 0.0012685,
    "ctue": 0.218589,
    "ctuh-c": 0.0000171073,
    "ctuh-nc": 0.00000873246,
    "gwp": 0.521779,
    "ir": 0.00735645,
    "pm": 0.0000425163,
    "wu": 0.0637315
  },
  "2019-07": {
    "adpe": 5.15445e-7,
    "ap": 0.00126105,
    "ctue": 0.220893,
    "ctuh-c": 0.000016548,
    "ctuh-nc": 0.00000844896,
    "gwp": 0.527103,
    "ir": 0.00740167,
    "pm": 0.0000411367,
    "wu": 0.064666
  },
  "2019-08": {
    "adpe": 5.17015e-7,
    "ap": 0.00126509,
    "ctue": 0.221391,
    "ctuh-c": 0.000016673,
    "ctuh-nc": 0.00000851257,
    "gwp": 0.528474,
    "ir": 0.00741954,
    "pm": 0.0000413449,
    "wu": 0.0648498
  },
  "2019-09": {
    "adpe": 5.13966e-7,
    "ap": 0.00127314,
    "ctue": 0.219831,
    "ctuh-c": 0.0000171162,
    "ctuh-nc": 0.00000873718,
    "gwp": 0.525848,
    "ir": 0.00740145,
    "pm": 0.0000425496,
    "wu": 0.0641922
  },
  "2019-10": {
    "adpe": 5.06235e-7,
    "ap": 0.00126982,
    "ctue": 0.218679,
    "ctuh-c": 0.0000169224,
    "ctuh-nc": 0.00000863832,
    "gwp": 0.523116,
    "ir": 0.00738526,
    "pm": 0.0000424972,
    "wu": 0.0639612
  },
  "2019-11": {
    "adpe": 4.96338e-7,
    "ap": 0.00128527,
    "ctue": 0.222571,
    "ctuh-c": 0.0000166765,
    "ctuh-nc": 0.00000851435,
    "gwp": 0.530158,
    "ir": 0.00740241,
    "pm": 0.0000423412,
    "wu": 0.0650131
  },
  "2019-12": {
    "adpe": 4.94464e-7,
    "ap": 0.00128766,
    "ctue": 0.22568,
    "ctuh-c": 0.0000163318,
    "ctuh-nc": 0.00000834008,
    "gwp": 0.535739,
    "ir": 0.00744455,
    "pm": 0.0000415173,
    "wu": 0.066173
  },
  "2020-01": {
    "adpe": 4.99018e-7,
    "ap": 0.0012846,
    "ctue": 0.21993,
    "ctuh-c": 0.0000170742,
    "ctuh-nc": 0.0000087157,
    "gwp": 0.525138,
    "ir": 0.00743126,
    "pm": 0.0000431708,
    "wu": 0.0647855
  },
  "2020-02": {
    "adpe": 5.08962e-7,
    "ap": 0.00128486,
    "ctue": 0.219333,
    "ctuh-c": 0.0000172538,
    "ctuh-nc": 0.00000880681,
    "gwp": 0.522776,
    "ir": 0.00735381,
    "pm": 0.000043478,
    "wu": 0.0639383
  },
  "2020-03": {
    "adpe": 5.30997e-7,
    "ap": 0.00126535,
    "ctue": 0.215447,
    "ctuh-c": 0.0000174987,
    "ctuh-nc": 0.00000893049,
    "gwp": 0.512773,
    "ir": 0.00731768,
    "pm": 0.0000433343,
    "wu": 0.0632014
  },
  "2020-04": {
    "adpe": 5.51381e-7,
    "ap": 0.00128193,
    "ctue": 0.215986,
    "ctuh-c": 0.0000180346,
    "ctuh-nc": 0.00000920293,
    "gwp": 0.514426,
    "ir": 0.00732678,
    "pm": 0.0000445133,
    "wu": 0.0629776
  },
  "2020-05": {
    "adpe": 5.51596e-7,
    "ap": 0.0012724,
    "ctue": 0.216516,
    "ctuh-c": 0.0000175326,
    "ctuh-nc": 0.00000894809,
    "gwp": 0.514293,
    "ir": 0.00729749,
    "pm": 0.0000434592,
    "wu": 0.0630404
  },
  "2020-06": {
    "adpe": 5.36131e-7,
    "ap": 0.00126237,
    "ctue": 0.217095,
    "ctuh-c": 0.0000169028,
    "ctuh-nc": 0.00000862814,
    "gwp": 0.516746,
    "ir": 0.00729342,
    "pm": 0.0000423167,
    "wu": 0.0630558
  },
  "2020-07": {
    "adpe": 5.27392e-7,
    "ap": 0.00124696,
    "ctue": 0.217732,
    "ctuh-c": 0.0000162374,
    "ctuh-nc": 0.00000829028,
    "gwp": 0.519024,
    "ir": 0.00731813,
    "pm": 0.0000407679,
    "wu": 0.0634825
  },
  "2020-08": {
    "adpe": 5.2746e-7,
    "ap": 0.00125697,
    "ctue": 0.220989,
    "ctuh-c": 0.0000160995,
    "ctuh-nc": 0.00000822103,
    "gwp": 0.525847,
    "ir": 0.00734564,
    "pm": 0.0000405164,
    "wu": 0.0642515
  },
  "2020-09": {
    "adpe": 5.25216e-7,
    "ap": 0.0012637,
    "ctue": 0.217656,
    "ctuh-c": 0.0000167469,
    "ctuh-nc": 0.000008549,
    "gwp": 0.518994,
    "ir": 0.00730441,
    "pm": 0.000042152,
    "wu": 0.0632053
  },
  "2020-10": {
    "adpe": 5.18281e-7,
    "ap": 0.0012545,
    "ctue": 0.215254,
    "ctuh-c": 0.0000169648,
    "ctuh-nc": 0.00000865917,
    "gwp": 0.512427,
    "ir": 0.00725221,
    "pm": 0.0000423715,
    "wu": 0.0626766
  },
  "2020-11": {
    "adpe": 5.14387e-7,
    "ap": 0.00128646,
    "ctue": 0.222683,
    "ctuh-c": 0.0000169594,
    "ctuh-nc": 0.00000865827,
    "gwp": 0.528654,
    "ir": 0.00736399,
    "pm": 0.0000425529,
    "wu": 0.0648176
  },
  "2020-12": {
    "adpe": 5.07894e-7,
    "ap": 0.00129138,
    "ctue": 0.227696,
    "ctuh-c": 0.0000163165,
    "ctuh-nc": 0.00000833299,
    "gwp": 0.538393,
    "ir": 0.0074294,
    "pm": 0.0000412181,
    "wu": 0.0665477
  },
  "2021-01": {
    "adpe": 5.16574e-7,
    "ap": 0.00128235,
    "ctue": 0.223178,
    "ctuh-c": 0.0000166638,
    "ctuh-nc": 0.00000850821,
    "gwp": 0.52905,
    "ir": 0.00740263,
    "pm": 0.0000419796,
    "wu": 0.0654071
  },
  "2021-02": {
    "adpe": 5.26082e-7,
    "ap": 0.00129038,
    "ctue": 0.224544,
    "ctuh-c": 0.0000165854,
    "ctuh-nc": 0.00000846868,
    "gwp": 0.531466,
    "ir": 0.0073605,
    "pm": 0.0000420789,
    "wu": 0.0650827
  },
  "2021-03": {
    "adpe": 5.51539e-7,
    "ap": 0.00127256,
    "ctue": 0.222219,
    "ctuh-c": 0.0000167671,
    "ctuh-nc": 0.00000856068,
    "gwp": 0.525016,
    "ir": 0.00737159,
    "pm": 0.0000416484,
    "wu": 0.064968
  },
  "2021-04": {
    "adpe": 5.60352e-7,
    "ap": 0.00127458,
    "ctue": 0.220186,
    "ctuh-c": 0.0000172035,
    "ctuh-nc": 0.00000878184,
    "gwp": 0.521751,
    "ir": 0.00734296,
    "pm": 0.0000425476,
    "wu": 0.0640193
  },
  "2021-05": {
    "adpe": 5.70107e-7,
    "ap": 0.00125634,
    "ctue": 0.216738,
    "ctuh-c": 0.0000169017,
    "ctuh-nc": 0.00000862762,
    "gwp": 0.512269,
    "ir": 0.00727322,
    "pm": 0.0000420285,
    "wu": 0.0630863
  },
  "2021-06": {
    "adpe": 5.58313e-7,
    "ap": 0.00126233,
    "ctue": 0.220072,
    "ctuh-c": 0.0000163601,
    "ctuh-nc": 0.00000835322,
    "gwp": 0.522301,
    "ir": 0.0073647,
    "pm": 0.0000411908,
    "wu": 0.0641436
  },
  "2021-07": {
    "adpe": 5.50945e-7,
    "ap": 0.00125364,
    "ctue": 0.221806,
    "ctuh-c": 0.0000158053,
    "ctuh-nc": 0.0000080719,
    "gwp": 0.525435,
    "ir": 0.0073722,
    "pm": 0.0000398687,
    "wu": 0.0647934
  },
  "2021-08": {
    "adpe": 5.49925e-7,
    "ap": 0.00125833,
    "ctue": 0.222166,
    "ctuh-c": 0.000015917,
    "ctuh-nc": 0.00000812868,
    "gwp": 0.526526,
    "ir": 0.00737963,
    "pm": 0.000040153,
    "wu": 0.0648393
  },
  "2021-09": {
    "adpe": 5.4657e-7,
    "ap": 0.00126298,
    "ctue": 0.2187,
    "ctuh-c": 0.0000166377,
    "ctuh-nc": 0.00000849394,
    "gwp": 0.519245,
    "ir": 0.00733674,
    "pm": 0.0000417554,
    "wu": 0.0638249
  },
  "2021-10": {
    "adpe": 5.41507e-7,
    "ap": 0.00126018,
    "ctue": 0.216897,
    "ctuh-c": 0.0000168628,
    "ctuh-nc": 0.00000860771,
    "gwp": 0.514768,
    "ir": 0.00730676,
    "pm": 0.0000422541,
    "wu": 0.0633329
  },
  "2021-11": {
    "adpe": 5.31835e-7,
    "ap": 0.00127494,
    "ctue": 0.220048,