year,adpe,ap,ctue,ctuh-c,ctuh-nc,gwp,ir,pm,wu
2019,1.43637e-7,0.0000478319,0.00810815,3.30638e-10,7.21023e-10,0.00384153,0.000364748,0.00000119159,0.00207703
2020,1.64598e-7,0.0000507073,0.00871135,3.66842e-10,7.80008e-10,0.00408453,0.000400993,0.00000124813,0.00224227
2021,1.8583e-7,0.0000531715,0.00911028,4.03779e-10,8.28338e-10,0.00423649,0.000430705,0.00000130278,0.00239671
2022,2.17988e-7,0.0000556245,0.00983803,4.49393e-10,9.00747e-10,0.00449849,0.000482075,0.00000132622,0.00258095
2023,2.5387e-7,0.0000574905,0.010467,4.90688e-10,9.70512e-10,0.00472035,0.000536313,0.00000132722,0.00275263
2024,3.01923e-7,0.0000598803,0.0112858,5.31906e-10,1.0648e-9,0.00504338,0.000612898,0.00000131812,0.00296909
2025,3.46573e-7,0.0000620871,0.0121246,5.93754e-10,1.15138e-9,0.00530806,0.000678506,0.00000131767,0.00318609
