{
  "2019-01": {
    "adpe": 4.92549e-7,
    "ap": 0.00134116,
    "ctue": 0.226244,
    "ctuh-c": 0.0000175821,
    "ctuh-nc": 0.00000897522,
    "gwp": 0.537362,
    "ir": 0.00748274,
    "pm": 0.0000453798,
    "wu": 0.0662655
  },
  "2019-02": {
    "adpe": 5.02042e-7,
    "ap": 0.00135645,
    "ctue": 0.226725,
    "ctuh-c": 0.0000180178,
    "ctuh-nc": 0.00000919661,
    "gwp": 0.538846,
    "ir": 0.00745571,
    "pm": 0.0000464939,
    "wu": 0.0657226
  },
  "2019-03": {
    "adpe": 5.21773e-7,
    "ap": 0.00132929,
    "ctue": 0.222796,
    "ctuh-c": 0.0000179405,
    "ctuh-nc": 0.00000915654,
    "gwp": 0.528083,
    "ir": 0.00740656,
    "pm": 0.0000457293,
    "wu": 0.0649615
  },
  "2019-04": {
    "adpe": 5.31305e-7,
    "ap": 0.00133308,
    "ctue": 0.220594,
    "ctuh-c": 0.0000183068,
    "ctuh-nc": 0.00000934202,
    "gwp": 0.523751,
    "ir": 0.00736269,
    "pm": 0.0000467115,
    "wu": 0.0639091
  },
  "2019-05": {
    "adpe": 5.32842e-7,
    "ap": 0.00131579,
    "ctue": 0.218686,
    "ctuh-c": 0.0000180087,
    "ctuh-nc": 0.00000919017,
    "gwp": 0.519011,
    "ir": 0.00731651,
    "pm": 0.0000458918,
    "wu": 0.0633718
  },
  "2019-06": {
    "adpe": 5.30828e-7,
    "ap": 0.0013164,
    "ctue": 0.220171,
    "ctuh-c": 0.0000175534,
    "ctuh-nc": 0.00000895908,
    "gwp": 0.523705,
    "ir": 0.00736742,
    "pm": 0.0000452555,
    "wu": 0.0638219
  },
  "2019-07": {
    "adpe": 5.23064e-7,
    "ap": 0.00130659,
    "ctue": 0.222556,
    "ctuh-c": 0.0000169313,
    "ctuh-nc": 0.00000864374,
    "gwp": 0.529272,
    "ir": 0.00741409,
    "pm": 0.0000436642,
    "wu": 0.0648195
  },
  "2019-08": {
    "adpe": 5.2531e-7,
    "ap": 0.00131109,
    "ctue": 0.222998,
    "ctuh-c": 0.0000170401,
    "ctuh-nc": 0.0000086991,
    "gwp": 0.530542,
    "ir": 0.00743311,
    "pm": 0.0000438902,
    "wu": 0.0650014
  },
  "2019-09": {
    "adpe": 5.23607e-7,
    "ap": 0.00132226,
    "ctue": 0.22141,
    "ctuh-c": 0.000017749,
    "ctuh-nc": 0.00000905873,
    "gwp": 0.527878,
    "ir": 0.00741434,
    "pm": 0.0000454778,
    "wu": 0.0643183
  },
  "2019-10": {
    "adpe": 5.17486e-7,
    "ap": 0.0013197,
    "ctue": 0.220108,
    "ctuh-c": 0.0000179245,
    "ctuh-nc": 0.00000914759,
    "gwp": 0.524868,
    "ir": 0.00739643,
    "pm": 0.0000457715,
    "wu": 0.0640735
  },
  "2019-11": {
    "adpe": 5.06535e-7,
    "ap": 0.00133567,
    "ctue": 0.224213,
    "ctuh-c": 0.0000176819,
    "ctuh-nc": 0.00000902536,
    "gwp": 0.532274,
    "ir": 0.00741267,
    "pm": 0.0000456054,
    "wu": 0.065172
  },
  "2019-12": {
    "adpe": 5.033e-7,
    "ap": 0.00133618,
    "ctue": 0.22734,
    "ctuh-c": 0.0000172989,
    "ctuh-nc": 0.00000883169,
    "gwp": 0.537967,
    "ir": 0.00745654,
    "pm": 0.0000446482,
    "wu": 0.0663591
  },
  "2020-01": {
    "adpe": 5.09029e-7,
    "ap": 0.00133824,
    "ctue": 0.221749,
    "ctuh-c": 0.0000181019,
    "ctuh-nc": 0.00000923806,
    "gwp": 0.527563,
    "ir": 0.00744289,
    "pm": 0.0000466026,
    "wu": 0.0649656
  },
  "2020-02": {
    "adpe": 5.18747e-7,
    "ap": 0.00133948,
    "ctue": 0.221162,
    "ctuh-c": 0.0000182737,
    "ctuh-nc": 0.00000932519,
    "gwp": 0.525207,
    "ir": 0.00736266,
    "pm": 0.0000469643,
    "wu": 0.0640763
  },
  "2020-03": {
    "adpe": 5.40942e-7,
    "ap": 0.00131865,
    "ctue": 0.217092,
    "ctuh-c": 0.0000185463,
    "ctuh-nc": 0.00000946295,
    "gwp": 0.514799,
    "ir": 0.0073251,
    "pm": 0.0000468069,
    "wu": 0.0633085
  },
  "2020-04": {
    "adpe": 5.62697e-7,
    "ap": 0.00133819,
    "ctue": 0.217671,
    "ctuh-c": 0.0000191259,
    "ctuh-nc": 0.00000975755,
    "gwp": 0.516498,
    "ir": 0.00733502,
    "pm": 0.0000481772,
    "wu": 0.063067
  },
  "2020-05": {
    "adpe": 5.63382e-7,
    "ap": 0.00132679,
    "ctue": 0.218243,
    "ctuh-c": 0.0000185356,
    "ctuh-nc": 0.00000945787,
    "gwp": 0.516286,
    "ir": 0.00730209,
    "pm": 0.0000469333,
    "wu": 0.0631417
  },
  "2020-06": {
    "adpe": 5.47729e-7,
    "ap": 0.00131439,
    "ctue": 0.218803,
    "ctuh-c": 0.0000177861,
    "ctuh-nc": 0.00000907709,
    "gwp": 0.518739,
    "ir": 0.00729775,
    "pm": 0.0000455713,
    "wu": 0.0631477
  },
  "2020-07": {
    "adpe": 5.4035e-7,
    "ap": 0.00129578,
    "ctue": 0.219391,
    "ctuh-c": 0.0000170425,
    "ctuh-nc": 0.0000086995,
    "gwp": 0.520975,
    "ir": 0.00732494,
    "pm": 0.0000437887,
    "wu": 0.0635815
  },
  "2020-08": {
    "adpe": 5.41378e-7,
    "ap": 0.00130614,
    "ctue": 0.222836,
    "ctuh-c": 0.0000168791,
    "ctuh-nc": 0.00000861732,
    "gwp": 0.528134,
    "ir": 0.00735408,
    "pm": 0.0000434957,
    "wu": 0.0643911
  },
  "2020-09": {
    "adpe": 5.39167e-7,
    "ap": 0.00131523,
    "ctue": 0.21931,
    "ctuh-c": 0.0000176439,
    "ctuh-nc": 0.00000900489,
    "gwp": 0.520869,
    "ir": 0.00731062,
    "pm": 0.0000454,
    "wu": 0.063277
  },
  "2020-10": {
    "adpe": 5.30199e-7,
    "ap": 0.00130638,
    "ctue": 0.216809,
    "ctuh-c": 0.0000178949,
    "ctuh-nc": 0.00000913189,
    "gwp": 0.513977,
    "ir": 0.00725227,
    "pm": 0.0000456772,
    "wu": 0.0627449
  },
  "2020-11": {
    "adpe": 5.25176e-7,
    "ap": 0.00134025,
    "ctue": 0.224655,
    "ctuh-c": 0.0000178946,
    "ctuh-nc": 0.0000091337,
    "gwp": 0.531117,
    "ir": 0.00736908,
    "pm": 0.0000458791,
    "wu": 0.0650081
  },
  "2020-12": {
    "adpe": 5.16948e-7,
    "ap": 0.00134188,
    "ctue": 0.229721,
    "ctuh-c": 0.000017155,
    "ctuh-nc": 0.00000875928,
    "gwp": 0.541026,
    "ir": 0.00743591,
    "pm": 0.0000442775,
    "wu": 0.0667866
  },
  "2021-01": {
    "adpe": 5.25831e-7,
    "ap": 0.00133487,
    "ctue": 0.225292,
    "ctuh-c": 0.0000176048,
    "ctuh-nc": 0.00000898664,
    "gwp": 0.532021,
    "ir": 0.00741486,
    "pm": 0.000045215,
    "wu": 0.0656719
  },
  "2021-02": {
    "adpe": 5.36151e-7,
    "ap": 0.00134522,
    "ctue": 0.226829,
    "ctuh-c": 0.0000175212,
    "ctuh-nc": 0.00000894445,
    "gwp": 0.534793,
    "ir": 0.00737369,
    "pm": 0.0000454066,
    "wu": 0.0653495
  },
  "2021-03": {
    "adpe": 5.63636e-7,
    "ap": 0.00132312,
    "ctue": 0.224149,
    "ctuh-c": 0.0000176457,
    "ctuh-nc": 0.00000900731,
    "gwp": 0.527241,
    "ir": 0.00737713,
    "pm": 0.0000447776,
    "wu": 0.0651456
  },
  "2021-04": {
    "adpe": 5.7419e-7,
    "ap": 0.00132712,
    "ctue": 0.222031,
    "ctuh-c": 0.0000181004,
    "ctuh-nc": 0.00000923773,
    "gwp": 0.52384,
    "ir": 0.00734963,
    "pm": 0.0000458143,
    "wu": 0.0641546
  },
  "2021-05": {
    "adpe": 5.82637e-7,
    "ap": 0.00130844,
    "ctue": 0.218505,
    "ctuh-c": 0.0000177962,
    "ctuh-nc": 0.00000908232,
    "gwp": 0.514255,
    "ir": 0.00727798,
    "pm": 0.0000452666,
    "wu": 0.0632343
  },
  "2021-06": {
    "adpe": 5.73196e-7,
    "ap": 0.00131122,
    "ctue": 0.221576,
    "ctuh-c": 0.0000171751,
    "ctuh-nc": 0.00000876745,
    "gwp": 0.523617,
    "ir": 0.00736686,
    "pm": 0.0000442468,
    "wu": 0.0642193
  },
  "2021-07": {
    "adpe": 5.63933e-7,
    "ap": 0.00130133,
    "ctue": 0.223506,
    "ctuh-c": 0.0000165432,
    "ctuh-nc": 0.00000844699,
    "gwp": 0.527378,
    "ir": 0.00737784,
    "pm": 0.0000427478,
    "wu": 0.0649439
  },
  "2021-08": {
    "adpe": 5.64217e-7,
    "ap": 0.00130625,
    "ctue": 0.223862,
    "ctuh-c": 0.0000166479,
    "ctuh-nc": 0.00000850021,
    "gwp": 0.528412,
    "ir": 0.00738644,
    "pm": 0.0000430444,
    "wu": 0.0649804
  },
  "2021-09": {
    "adpe": 5.591e-7,
    "ap": 0.00131431,
    "ctue": 0.22045,
    "ctuh-c": 0.000017439,
    "ctuh-nc": 0.00000890122,
    "gwp": 0.521289,
    "ir": 0.00734324,
    "pm": 0.0000448828,
    "wu": 0.0639677
  },
  "2021-10": {
    "adpe": 5.55998e-7,
    "ap": 0.00131107,
    "ctue": 0.218466,
    "ctuh-c": 0.000017711,
    "ctuh-nc": 0.0000090388,
    "gwp": 0.516279,
    "ir": 0.00731335,
    "pm": 0.0000454351,
    "wu": 0.0634464
  },
  "2021-11": {
    "adpe": 5.44239e-7,
    "ap": 0.00132612,
    "ctue": 0.221764,