year,adpe,ap,ctue,ctuh-c,ctuh-nc,gwp,ir,pm,wu
2019,1.43589e-7,0.0000493068,0.00833607,3.40029e-10,7.37491e-10,0.00394906,0.000369681,0.00000123547,0.00212993
2020,1.65416e-7,0.0000523056,0.00896516,3.77751e-10,7.98977e-10,0.00420256,0.000407449,0.00000129447,0.00230217
2021,1.87475e-7,0.0000547654,0.00937546,4.16128e-10,8.48416e-10,0.00435558,0.000438113,0.00000134792,0.0024594
2022,2.20525e-7,0.000057279,0.0101179,4.62573e-10,9.22637e-10,0.00462373,0.000490877,0.00000137185,0.00264823
2023,2.5755e-7,0.0000589039,0.0107609,5.04753e-10,9.92654e-10,0.00484171,0.000546578,0.00000136226,0.00281537
2024,3.08926e-7,0.0000613833,0.0116053,5.46458e-10,1.09215e-9,0.00517953,0.000628241,0.00000135042,0.00304286
2025,2.88288e-7,0.0000613746,0.0113657,5.60553e-10,1.05676e-9,0.00502943,0.000588831,0.00000140178,0.00300488
