{
  "2019-01": {
    "adpe": 1.13789e-7,
    "ap": 0.0000471101,
    "ctue": 0.00749588,
    "ctuh-c": 3.11492e-10,
    "ctuh-nc": 6.61649e-10,
    "gwp": 0.00360992,
    "ir": 0.00031235,
    "pm": 0.00000123466,
    "wu": 0.0019726
  },
  "2019-02": {
    "adpe": 1.21381e-7,
    "ap": 0.000046191,
    "ctue": 0.00751845,
    "ctuh-c": 3.03698e-10,
    "ctuh-nc": 6.66916e-10,
    "gwp": 0.00361755,
    "ir": 0.000325007,
    "pm": 0.0000011854,
    "wu": 0.00195524
  },
  "2019-03": {
    "adpe": 1.45459e-7,
    "ap": 0.0000479421,
    "ctue": 0.00824538,
    "ctuh-c": 3.49479e-10,
    "ctuh-nc": 7.26027e-10,
    "gwp": 0.00384685,
    "ir": 0.000365116,
    "pm": 0.00000119512,
    "wu": 0.00209752
  },
  "2019-04": {
    "adpe": 1.54827e-7,
    "ap": 0.0000474638,
    "ctue": 0.00834753,
    "ctuh-c": 3.39411e-10,
    "ctuh-nc": 7.39578e-10,
    "gwp": 0.00390665,
    "ir": 0.000383681,
    "pm": 0.00000115289,
    "wu": 0.00209654
  },
  "2019-05": {
    "adpe": 1.59261e-7,
    "ap": 0.0000473691,
    "ctue": 0.00852211,
    "ctuh-c": 3.38556e-10,
    "ctuh-nc": 7.51261e-10,
    "gwp": 0.0039755,
    "ir": 0.000395158,
    "pm": 0.00000113193,
    "wu": 0.00210231
  },
  "2019-06": {
    "adpe": 1.57018e-7,
    "ap": 0.0000465179,
    "ctue": 0.00816547,
    "ctuh-c": 3.10776e-10,
    "ctuh-nc": 7.33936e-10,
    "gwp": 0.00388822,
    "ir": 0.000389902,
    "pm": 0.00000111113,
    "wu": 0.00205186
  },
  "2019-07": {
    "adpe": 1.48875e-7,
    "ap": 0.0000459839,
    "ctue": 0.00787536,
    "ctuh-c": 2.94036e-10,
    "ctuh-nc": 7.12701e-10,
    "gwp": 0.00379957,
    "ir": 0.000375433,
    "pm": 0.00000111198,
    "wu": 0.00200502
  },
  "2019-08": {
    "adpe": 1.49009e-7,
    "ap": 0.0000463264,
    "ctue": 0.00780762,
    "ctuh-c": 2.92442e-10,
    "ctuh-nc": 7.12411e-10,
    "gwp": 0.00379018,
    "ir": 0.000374305,
    "pm": 0.00000112737,
    "wu": 0.00201576
  },
  "2019-09": {
    "adpe": 1.45479e-7,
    "ap": 0.000045807,
    "ctue": 0.00789554,
    "ctuh-c": 3.07198e-10,
    "ctuh-nc": 7.0636e-10,
    "gwp": 0.00376174,
    "ir": 0.000366998,
    "pm": 0.00000111659,
    "wu": 0.00200044
  },
  "2019-10": {
    "adpe": 1.39917e-7,
    "ap": 0.0000461931,
    "ctue": 0.00801728,
    "ctuh-c": 3.24046e-10,
    "ctuh-nc": 7.04483e-10,
    "gwp": 0.00376772,
    "ir": 0.00035803,
    "pm": 0.00000114009,
    "wu": 0.00201088
  },
  "2019-11": {
    "adpe": 1.27094e-7,
    "ap": 0.0000466603,
    "ctue": 0.00789563,
    "ctuh-c": 3.30716e-10,
    "ctuh-nc": 6.86804e-10,
    "gwp": 0.00370577,
    "ir": 0.000335446,
    "pm": 0.00000118602,
    "wu": 0.00200093
  },
  "2019-12": {
    "adpe": 1.22903e-7,
    "ap": 0.0000474782,
    "ctue": 0.00785129,
    "ctuh-c": 3.42981e-10,
    "ctuh-nc": 6.83053e-10,
    "gwp": 0.0036783,
    "ir": 0.00032501,
    "pm": 0.00000123083,
    "wu": 0.00202649
  },
  "2020-01": {
    "adpe": 1.30327e-7,
    "ap": 0.0000483792,
    "ctue": 0.00794786,
    "ctuh-c": 3.41211e-10,
    "ctuh-nc": 7.01012e-10,
    "gwp": 0.00375673,
    "ir": 0.000339065,
    "pm": 0.00000124569,
    "wu": 0.00207155
  },
  "2020-02": {
    "adpe": 1.42219e-7,
    "ap": 0.0000486843,
    "ctue": 0.00840391,
    "ctuh-c": 3.68616e-10,
    "ctuh-nc": 7.29982e-10,
    "gwp": 0.00387453,
    "ir": 0.000359843,
    "pm": 0.00000122713,
    "wu": 0.00212646
  },
  "2020-03": {
    "adpe": 1.67455e-7,
    "ap": 0.0000507684,
    "ctue": 0.00893709,
    "ctuh-c": 3.90466e-10,
    "ctuh-nc": 7.88656e-10,
    "gwp": 0.00410921,
    "ir": 0.000403815,
    "pm": 0.00000124565,
    "wu": 0.00226648
  },
  "2020-04": {
    "adpe": 1.85743e-7,
    "ap": 0.0000519407,
    "ctue": 0.008887,
    "ctuh-c": 3.71048e-10,
    "ctuh-nc": 8.17476e-10,
    "gwp": 0.00420202,
    "ir": 0.000433817,
    "pm": 0.00000125425,
    "wu": 0.00233469
  },
  "2020-05": {
    "adpe": 1.88579e-7,
    "ap": 0.0000518004,
    "ctue": 0.00903134,
    "ctuh-c": 3.73699e-10,
    "ctuh-nc": 8.25247e-10,
    "gwp": 0.00424687,
    "ir": 0.000441029,
    "pm": 0.00000123777,
    "wu": 0.00233786
  },
  "2020-06": {
    "adpe": 1.75223e-7,
    "ap": 0.0000491818,
    "ctue": 0.00873426,
    "ctuh-c": 3.46121e-10,
    "ctuh-nc": 7.87316e-10,
    "gwp": 0.0041108,
    "ir": 0.000421579,
    "pm": 0.0000011656,
    "wu": 0.00220327
  },
  "2020-07": {
    "adpe": 1.68043e-7,
    "ap": 0.0000483606,
    "ctue": 0.00845295,
    "ctuh-c": 3.21298e-10,
    "ctuh-nc": 7.67218e-10,
    "gwp": 0.00403901,
    "ir": 0.000411171,
    "pm": 0.0000011497,
    "wu": 0.00214359
  },
  "2020-08": {
    "adpe": 1.65512e-7,
    "ap": 0.000048567,
    "ctue": 0.00832662,
    "ctuh-c": 3.21502e-10,
    "ctuh-nc": 7.60419e-10,
    "gwp": 0.00399559,
    "ir": 0.000404002,
    "pm": 0.00000116862,
    "wu": 0.00214521
  },
  "2020-09": {
    "adpe": 1.63777e-7,
    "ap": 0.0000486133,
    "ctue": 0.00844749,
    "ctuh-c": 3.26136e-10,
    "ctuh-nc": 7.62892e-10,
    "gwp": 0.00402747,
    "ir": 0.00040393,
    "pm": 0.00000116776,
    "wu": 0.00214507
  },
  "2020-10": {
    "adpe": 1.58203e-7,
    "ap": 0.0000488181,
    "ctue": 0.00888671,
    "ctuh-c": 3.71466e-10,
    "ctuh-nc": 7.67908e-10,
    "gwp": 0.00406786,
    "ir": 0.000395023,
    "pm": 0.00000118112,
    "wu": 0.00216787
  },
  "2020-11": {
    "adpe": 1.45451e-7,
    "ap": 0.0000494618,
    "ctue": 0.00837601,
    "ctuh-c": 3.64892e-10,
    "ctuh-nc": 7.37765e-10,
    "gwp": 0.00390342,
    "ir": 0.00036508,
    "pm": 0.00000125006,
    "wu": 0.00215692
  },
  "2020-12": {
    "adpe": 1.3604e-7,
    "ap": 0.0000500124,
    "ctue": 0.00814135,
    "ctuh-c": 3.65299e-10,
    "ctuh-nc": 7.20872e-10,
    "gwp": 0.00382305,
    "ir": 0.000345672,
    "pm": 0.00000129774,
    "wu": 0.00215411
  },
  "2021-01": {
    "adpe": 1.46748e-7,
    "ap": 0.0000508039,
    "ctue": 0.00840194,
    "ctuh-c": 3.7941e-10,
    "ctuh-nc": 7.45767e-10,
    "gwp": 0.00391916,
    "ir": 0.000363688,
    "pm": 0.00000130288,
    "wu": 0.00221374
  },
  "2021-02": {
    "adpe": 1.57411e-7,
    "ap": 0.0000511256,
    "ctue": 0.00856433,
    "ctuh-c": 3.8256e-10,
    "ctuh-nc": 7.65703e-10,
    "gwp": 0.00399313,
    "ir": 0.000381956,
    "pm": 0.0000012912,
    "wu": 0.00225085
  },
  "2021-03": {
    "adpe": 1.85491e-7,
    "ap": 0.0000529667,
    "ctue": 0.00912217,
    "ctuh-c": 4.17195e-10,
    "ctuh-nc": 8.24861e-10,
    "gwp": 0.00419732,
    "ir": 0.000425936,
    "pm": 0.00000130281,
    "wu": 0.00239878
  },
  "2021-04": {
    "adpe": 1.95767e-7,
    "ap": 0.0000527622,
    "ctue": 0.00919471,
    "ctuh-c": 4.09106e-10,
    "ctuh-nc": 8.39508e-10,
    "gwp": 0.00425076,
    "ir": 0.000444317,
    "pm": 0.00000127208,
    "wu": 0.00241046
  },
  "2021-05": {
    "adpe": 2.09835e-7,
    "ap": 0.0000535588,
    "ctue": 0.00970024,
    "ctuh-c": 4.3029e-10,
    "ctuh-nc": 8.76973e-10,
    "gwp": 0.00442239,
    "ir": 0.000471969,
    "pm": 0.00000126145,
    "wu": 0.00248174
  },
  "2021-06": {
    "adpe": 1.98983e-7,
    "ap": 0.0000515971,
    "ctue": 0.00888751,
    "ctuh-c": 3.6237e-10,
    "ctuh-nc": 8.31755e-10,
    "gwp": 0.004229,
    "ir": 0.000453966,
    "pm": 0.0000012186,
    "wu": 0.00234901
  },
  "2021-07": {
    "adpe": 1.90851e-7,
    "ap": 0.0000515893,
    "ctue": 0.00874378,
    "ctuh-c": 3.54177e-10,
    "ctuh-nc": 8.18178e-10,
    "gwp": 0.00418877,
    "ir": 0.000441554,
    "pm": 0.00000123396,
    "wu": 0.0023244
  },
  "2021-08": {
    "adpe": 1.8959e-7,
    "ap": 0.0000513064,
    "ctue": 0.00869839,
    "ctuh-c": 3.53448e-10,
    "ctuh-nc": 8.13343e-10,
    "gwp": 0.00416322,
    "ir": 0.000438518,
    "pm": 0.00000122802,
    "wu": 0.00231199
  },
  "2021-09": {
    "adpe": 1.8417e-7,
    "ap": 0.0000511428,
    "ctue": 0.00878876,
    "ctuh-c": 3.57419e-10,
    "ctuh-nc": 8.0931e-10,
    "gwp": 0.00417464,
    "ir": 0.00043271,
    "pm": 0.0000012263,
    "wu": 0.00229596
  },
  "2021-10": {
    "adpe": 1.82447e-7,
    "ap": 0.0000512403,
    "ctue": 0.00923727,
    "ctuh-c": 4.11732e-10,
    "ctuh-nc": 8.16785e-10,