{
  "2019-01": {
    "adpe": 4.884502776972748e-7,
    "ap": 0.0013010935928924022,
    "ctue": 0.22563020041397155,
    "ctuh-c": 0.000016680965813028633,
    "ctuh-nc": 0.000008517424781347233,
    "gwp": 0.5364087103563584,
    "ir": 0.007453172832393854,
    "pm": 0.000042554425315755616,
    "wu": 0.06610590337726752
  },
  "2019-02": {
    "adpe": 4.964264459804855e-7,
    "ap": 0.0013133469656985348,
    "ctue": 0.22611856031464986,
    "ctuh-c": 0.000016992799543418163,
    "ctuh-nc": 0.000008675875111557322,
    "gwp": 0.5379017601988261,
    "ir": 0.007426976010164466,
    "pm": 0.00004340620630400715,
    "wu": 0.0655982947700384
  },
  "2019-03": {
    "adpe": 5.156774064551362e-7,
    "ap": 0.001288706639749381,
    "ctue": 0.22231719767220381,
    "ctuh-c": 0.00001702586609649193,
    "ctuh-nc": 0.000008691938588857611,
    "gwp": 0.5275705617039211,
    "ir": 0.007380563070047727,
    "pm": 0.0000428355244312161,
    "wu": 0.06486594159760624
  },
  "2019-04": {
    "adpe": 5.230403193957816e-7,
    "ap": 0.0012905870949987902,
    "ctue": 0.22027312610115551,
    "ctuh-c": 0.00001731336757296427,
    "ctuh-nc": 0.000008837408021771442,
    "gwp": 0.5236161852227178,
    "ir": 0.007339356120665756,
    "pm": 0.00004361622855160326,
    "wu": 0.06389950333342541
  },
  "2019-05": {
    "adpe": 5.239487245078481e-7,
    "ap": 0.0012737853134355563,
    "ctue": 0.21843135613656792,
    "ctuh-c": 0.000017087888631327462,
    "ctuh-nc": 0.000008722493793288647,
    "gwp": 0.5191781294957699,
    "ir": 0.0072985117652040075,
    "pm": 0.00004286748814679113,
    "wu": 0.06340909736205284
  },
  "2019-06": {
    "adpe": 5.219222938495262e-7,
    "ap": 0.0012749381356084615,
    "ctue": 0.21986485650743848,
    "ctuh-c": 0.000016698002625213457,
    "ctuh-nc": 0.000008524644045761221,
    "gwp": 0.5236645579183179,
    "ir": 0.007345815637712601,
    "pm": 0.000042320965020095444,
    "wu": 0.0638407865045345
  },
  "2019-07": {
    "adpe": 5.14806872814295e-7,
    "ap": 0.0012672462673984175,
    "ctue": 0.2220950939424209,
    "ctuh-c": 0.00001616693510878273,
    "ctuh-nc": 0.000008255486575945097,
    "gwp": 0.5288591357377089,
    "ir": 0.007391089679503497,
    "pm": 0.00004096262643964602,
    "wu": 0.06476700208722519
  },
  "2019-08": {
    "adpe": 5.164106864304389e-7,
    "ap": 0.0012713174069923165,
    "ctue": 0.22259191927455532,
    "ctuh-c": 0.00001628788230183469,
    "ctuh-nc": 0.000008317070298000934,
    "gwp": 0.5302284018045109,
    "ir": 0.007409159384623025,
    "pm": 0.00004116889359239749,
    "wu": 0.06495237218956558
  },
  "2019-09": {
    "adpe": 5.133503963218874e-7,
    "ap": 0.001279755577562828,
    "ctue": 0.22112174207478055,
    "ctuh-c": 0.000016711653347485884,
    "ctuh-nc": 0.0000085318024700407,
    "gwp": 0.5277298567274891,
    "ir": 0.00739029213179911,
    "pm": 0.000042363499197662015,
    "wu": 0.06430352876624301
  },
  "2019-10": {
    "adpe": 5.057640065829126e-7,
    "ap": 0.0012771573963276778,
    "ctue": 0.22003831429466117,
    "ctuh-c": 0.000016515883429486354,
    "ctuh-nc": 0.000008431928025635176,
    "gwp": 0.5251044369000639,
    "ir": 0.007373772675441573,
    "pm": 0.0000423371445189196,
    "wu": 0.06407532353967264
  },
  "2019-11": {
    "adpe": 4.957709232285666e-7,
    "ap": 0.0012935173512733343,
    "ctue": 0.22395794520535553,
    "ctuh-c": 0.000016271507224012717,
    "ctuh-nc": 0.00000830873974957691,
    "gwp": 0.5322089416718256,
    "ir": 0.007390632567180654,
    "pm": 0.00004223112145771262,
    "wu": 0.06511588251468764
  },
  "2019-12": {
    "adpe": 4.938753191472376e-7,
    "ap": 0.0012958661567426617,
    "ctue": 0.2269649823145134,
    "ctuh-c": 0.000015937983367794336,
    "ctuh-nc": 0.000008140144249605133,
    "gwp": 0.537617790971355,
    "ir": 0.007432380556702747,
    "pm": 0.00004143574085377017,
    "wu": 0.066247839531039
  },
  "2020-01": {
    "adpe": 4.983082700291639e-7,
    "ap": 0.0012922025994576889,
    "ctue": 0.22114069748506585,
    "ctuh-c": 0.00001666912663969601,
    "ctuh-nc": 0.000008510009930730595,
    "gwp": 0.5269415596287471,
    "ir": 0.007420409497725184,
    "pm": 0.00004306147275128948,
    "wu": 0.06485374537571056
  },
  "2020-02": {
    "adpe": 5.082892336664455e-7,
    "ap": 0.001292632762245973,
    "ctue": 0.22056964440889898,
    "ctuh-c": 0.000016833979068966823,
    "ctuh-nc": 0.000008593607452707922,
    "gwp": 0.5246261391246612,
    "ir": 0.00734348348515844,
    "pm": 0.000043361402222571886,
    "wu": 0.06401414378111651
  },
  "2020-03": {
    "adpe": 5.300570340877862e-7,
    "ap": 0.0012727459784693015,
    "ctue": 0.2166733600479936,
    "ctuh-c": 0.00001708121123516192,
    "ctuh-nc": 0.000008718513397794895,
    "gwp": 0.5146323349300492,
    "ir": 0.0073078450235096815,
    "pm": 0.000043201299283257555,
    "wu": 0.0632813324851347
  },
  "2020-04": {
    "adpe": 5.501920117750465e-7,
    "ap": 0.0012888033866943183,
    "ctue": 0.2171804802109295,
    "ctuh-c": 0.00001757859654477261,
    "ctuh-nc": 0.000008971347053725218,
    "gwp": 0.5161929586424862,
    "ir": 0.0073158626476792195,
    "pm": 0.00004433283393103233,
    "wu": 0.06304239589045038
  },
  "2020-05": {
    "adpe": 5.503028137714076e-7,
    "ap": 0.0012778868601552977,
    "ctue": 0.21760221988600856,
    "ctuh-c": 0.000017096560408493174,
    "ctuh-nc": 0.00000872663323246537,
    "gwp": 0.5159380910674337,
    "ir": 0.007288625088356466,
    "pm": 0.00004323786858317475,
    "wu": 0.06310608667865256
  },
  "2020-06": {
    "adpe": 5.351977942300789e-7,
    "ap": 0.0012673107499964306,
    "ctue": 0.2181112067449644,
    "ctuh-c": 0.000016489772308188275,
    "ctuh-nc": 0.000008418377850103344,
    "gwp": 0.5182561952629686,
    "ir": 0.007284748055303458,
    "pm": 0.00004209059917392159,
    "wu": 0.06312454331768151
  },
  "2020-07": {
    "adpe": 5.266514743245232e-7,
    "ap": 0.00125094984091276,
    "ctue": 0.21865041454541567,
    "ctuh-c": 0.00001585060061155984,
    "ctuh-nc": 0.000008093833636280595,
    "gwp": 0.5203734699295289,
    "ir": 0.007310177348973241,
    "pm": 0.000040524476222795173,
    "wu": 0.06355011332861092
  },
  "2020-08": {
    "adpe": 5.268061018551791e-7,
    "ap": 0.0012611820190990897,
    "ctue": 0.22188805756035013,
    "ctuh-c": 0.000015717679490539497,
    "ctuh-nc": 0.000008027120243630628,
    "gwp": 0.5271407131864789,
    "ir": 0.007337247019395659,
    "pm": 0.00004029639041425393,
    "wu": 0.06430570010867749
  },
  "2020-09": {
    "adpe": 5.244232136747175e-7,
    "ap": 0.0012686755710259719,
    "ctue": 0.2186637216035698,
    "ctuh-c": 0.00001634241245882423,
    "ctuh-nc": 0.00000834358646394947,
    "gwp": 0.5204611171817726,
    "ir": 0.00729525502468711,
    "pm": 0.000041935422882017284,
    "wu": 0.0632718650936985
  },
  "2020-10": {
    "adpe": 5.175537883136466e-7,
    "ap": 0.0012609354444676553,
    "ctue": 0.21639593679314292,
    "ctuh-c": 0.000016556434009142185,
    "ctuh-nc": 0.000008451785871203458,
    "gwp": 0.5141633274086166,
    "ir": 0.007243685804248284,
    "pm": 0.00004220682498876757,
    "wu": 0.06275687397292486
  },
  "2020-11": {
    "adpe": 5.135584184784948e-7,
    "ap": 0.0012933769021720375,
    "ctue": 0.22377091790861603,
    "ctuh-c": 0.0000165521651802615,
    "ctuh-nc": 0.000008451455851309163,
    "gwp": 0.5302155345239591,
    "ir": 0.007352769207667561,
    "pm": 0.000042430368564374216,
    "wu": 0.06486496593138512
  },
  "2020-12": {
    "adpe": 5.069897364746351e-7,
    "ap": 0.0012984385875484078,
    "ctue": 0.22874557973324597,
    "ctuh-c": 0.0000159369071378565,
    "ctuh-nc": 0.000008140225217172887,
    "gwp": 0.5399328381897108,
    "ir": 0.007418385441695008,
    "pm": 0.000041132647484764716,
    "wu": 0.06658383307212187
  },
  "2021-01": {
    "adpe": 5.15300700803047e-7,
    "ap": 0.0012909958157351418,
    "ctue": 0.22456988150295235,
    "ctuh-c": 0.000016307183764577392,
    "ctuh-nc": 0.00000832719518391585,