year,adpe,ap,ctue,ctuh-c,ctuh-nc,gwp,ir,pm,wu
2019,5.18889e-7,0.0013277,0.223101,0.0000179501,0.00000916146,0.530038,0.00741325,0.0000456132,0.0648182
2020,5.35221e-7,0.00132059,0.220827,0.0000178605,0.00000911537,0.523409,0.0073483,0.000045612,0.0639633
2021,5.55879e-7,0.00131676,0.222781,0.0000174356,0.00000890008,0.525591,0.00736841,0.0000446062,0.064619
2022,5.84345e-7,0.00130907,0.221289,0.0000173931,0.00000887809,0.520565,0.00731492,0.0000444481,0.0638362
2023,6.1855e-7,0.00128619,0.219968,0.0000172805,0.00000882084,0.51612,0.00732053,0.0000433034,0.0637315
2024,6.61096e-7,0.00126535,0.217452,0.0000169604,0.00000865766,0.508277,0.00729749,0.0000423768,0.063095
2025,7.32512e-7,0.00124919,0.214841,0.0000168345,0.00000859315,0.499511,0.00730476,0.0000418737,0.0624232
