{
  "2019-01": {
    "adpe": 4.89996e-7,
    "ap": 0.00131198,
    "ctue": 0.225929,
    "ctuh-c": 0.0000169972,
    "ctuh-nc": 0.00000867808,
    "gwp": 0.53801,
    "ir": 0.0074904,
    "pm": 0.0000433563,
    "wu": 0.0662653
  },
  "2019-02": {
    "adpe": 4.98256e-7,
    "ap": 0.00132482,
    "ctue": 0.226453,
    "ctuh-c": 0.0000173333,
    "ctuh-nc": 0.00000884888,
    "gwp": 0.539623,
    "ir": 0.00746602,
    "pm": 0.0000442547,
    "wu": 0.0657617
  },
  "2019-03": {
    "adpe": 5.17665e-7,
    "ap": 0.00130008,
    "ctue": 0.222634,
    "ctuh-c": 0.0000173574,
    "ctuh-nc": 0.00000886038,
    "gwp": 0.529168,
    "ir": 0.00741719,
    "pm": 0.0000436737,
    "wu": 0.0650187
  },
  "2019-04": {
    "adpe": 5.25137e-7,
    "ap": 0.00130266,
    "ctue": 0.220588,
    "ctuh-c": 0.0000176567,
    "ctuh-nc": 0.00000901182,
    "gwp": 0.52525,
    "ir": 0.00737685,
    "pm": 0.000044505,
    "wu": 0.0640438
  },
  "2019-05": {
    "adpe": 5.2605e-7,
    "ap": 0.00128676,
    "ctue": 0.218805,
    "ctuh-c": 0.0000174212,
    "ctuh-nc": 0.00000889183,
    "gwp": 0.520857,
    "ir": 0.00733409,
    "pm": 0.0000437896,
    "wu": 0.0635427
  },
  "2019-06": {
    "adpe": 5.23846e-7,
    "ap": 0.00128816,
    "ctue": 0.220279,
    "ctuh-c": 0.0000170226,
    "ctuh-nc": 0.00000868956,
    "gwp": 0.525458,
    "ir": 0.00738229,
    "pm": 0.000043242,
    "wu": 0.0639846
  },
  "2019-07": {
    "adpe": 5.16517e-7,
    "ap": 0.00127985,
    "ctue": 0.222512,
    "ctuh-c": 0.0000164648,
    "ctuh-nc": 0.0000084068,
    "gwp": 0.530628,
    "ir": 0.00742647,
    "pm": 0.0000418286,
    "wu": 0.0649092
  },
  "2019-08": {
    "adpe": 5.18122e-7,
    "ap": 0.00128394,
    "ctue": 0.223017,
    "ctuh-c": 0.0000165898,
    "ctuh-nc": 0.00000847046,
    "gwp": 0.532016,
    "ir": 0.00744452,
    "pm": 0.0000420377,
    "wu": 0.0650953
  },
  "2019-09": {
    "adpe": 5.15132e-7,
    "ap": 0.00129278,
    "ctue": 0.221525,
    "ctuh-c": 0.0000170305,
    "ctuh-nc": 0.0000086938,
    "gwp": 0.529536,
    "ir": 0.0074274,
    "pm": 0.000043272,
    "wu": 0.064447
  },
  "2019-10": {
    "adpe": 5.07364e-7,
    "ap": 0.00128976,
    "ctue": 0.220382,
    "ctuh-c": 0.0000168342,
    "ctuh-nc": 0.0000085936,
    "gwp": 0.526817,
    "ir": 0.0074111,
    "pm": 0.0000432339,
    "wu": 0.0642131
  },
  "2019-11": {
    "adpe": 4.97446e-7,
    "ap": 0.00130523,
    "ctue": 0.22428,
    "ctuh-c": 0.0000165884,
    "ctuh-nc": 0.00000846974,
    "gwp": 0.533865,
    "ir": 0.00742811,
    "pm": 0.0000430782,
    "wu": 0.0652662
  },
  "2019-12": {
    "adpe": 4.95524e-7,
    "ap": 0.00130708,
    "ctue": 0.22735,
    "ctuh-c": 0.0000162444,
    "ctuh-nc": 0.00000829583,
    "gwp": 0.53936,
    "ir": 0.00746957,
    "pm": 0.0000422312,
    "wu": 0.0664215
  },
  "2020-01": {
    "adpe": 4.99988e-7,
    "ap": 0.00130303,
    "ctue": 0.221359,
    "ctuh-c": 0.0000169785,
    "ctuh-nc": 0.00000866716,
    "gwp": 0.528328,
    "ir": 0.00745587,
    "pm": 0.0000438752,
    "wu": 0.064982
  },
  "2020-02": {
    "adpe": 5.10044e-7,
    "ap": 0.00130343,
    "ctue": 0.220776,
    "ctuh-c": 0.0000171571,
    "ctuh-nc": 0.00000875772,
    "gwp": 0.526012,
    "ir": 0.00737915,
    "pm": 0.0000441871,
    "wu": 0.0641375
  },
  "2020-03": {
    "adpe": 5.32149e-7,
    "ap": 0.00128378,
    "ctue": 0.216862,
    "ctuh-c": 0.0000174053,
    "ctuh-nc": 0.00000888311,
    "gwp": 0.515931,
    "ir": 0.0073424,
    "pm": 0.0000440439,
    "wu": 0.0633938
  },
  "2020-04": {
    "adpe": 5.5269e-7,
    "ap": 0.00130146,
    "ctue": 0.217491,
    "ctuh-c": 0.0000179396,
    "ctuh-nc": 0.00000915476,
    "gwp": 0.517794,
    "ir": 0.00735345,
    "pm": 0.000045267,
    "wu": 0.0631856
  },
  "2020-05": {
    "adpe": 5.52703e-7,
    "ap": 0.00129105,
    "ctue": 0.217971,
    "ctuh-c": 0.0000174393,
    "ctuh-nc": 0.00000890078,
    "gwp": 0.517557,
    "ir": 0.00732336,
    "pm": 0.0000441748,
    "wu": 0.0632426
  },
  "2020-06": {
    "adpe": 5.37284e-7,
    "ap": 0.00128037,
    "ctue": 0.218506,
    "ctuh-c": 0.0000168103,
    "ctuh-nc": 0.00000858124,
    "gwp": 0.519915,
    "ir": 0.00731856,
    "pm": 0.0000430022,
    "wu": 0.0632556
  },
  "2020-07": {
    "adpe": 5.28544e-7,
    "ap": 0.00126416,
    "ctue": 0.219086,
    "ctuh-c": 0.0000161457,
    "ctuh-nc": 0.00000824375,
    "gwp": 0.522057,
    "ir": 0.0073421,
    "pm": 0.0000414182,
    "wu": 0.0636746
  },
  "2020-08": {
    "adpe": 5.28598e-7,
    "ap": 0.00127427,
    "ctue": 0.222347,
    "ctuh-c": 0.0000160105,
    "ctuh-nc": 0.00000817591,
    "gwp": 0.528879,
    "ir": 0.00736926,
    "pm": 0.0000411741,
    "wu": 0.0644418
  },
  "2020-09": {
    "adpe": 5.26398e-7,
    "ap": 0.0012821,
    "ctue": 0.219075,
    "ctuh-c": 0.0000166539,
    "ctuh-nc": 0.00000850182,
    "gwp": 0.522156,
    "ir": 0.00732879,
    "pm": 0.0000428585,
    "wu": 0.0633974
  },
  "2020-10": {
    "adpe": 5.19541e-7,
    "ap": 0.00127309,
    "ctue": 0.216671,
    "ctuh-c": 0.0000168695,
    "ctuh-nc": 0.0000086108,
    "gwp": 0.515565,
    "ir": 0.00727615,
    "pm": 0.000043088,
    "wu": 0.0628626
  },
  "2020-11": {
    "adpe": 5.15414e-7,
    "ap": 0.00130534,
    "ctue": 0.224142,
    "ctuh-c": 0.0000168654,
    "ctuh-nc": 0.00000861062,
    "gwp": 0.531894,
    "ir": 0.00738847,
    "pm": 0.0000432779,
    "wu": 0.065015
  },
  "2020-12": {
    "adpe": 5.08836e-7,
    "ap": 0.00130919,
    "ctue": 0.229089,
    "ctuh-c": 0.0000162265,
    "ctuh-nc": 0.00000828738,
    "gwp": 0.541487,
    "ir": 0.00745271,
    "pm": 0.0000418977,
    "wu": 0.0667389
  },
  "2021-01": {
    "adpe": 5.17119e-7,
    "ap": 0.00130193,
    "ctue": 0.224886,
    "ctuh-c": 0.0000166068,
    "ctuh-nc": 0.00000847942,
    "gwp": 0.532917,
    "ir": 0.00743128,
    "pm": 0.0000427275,
    "wu": 0.065652
  },
  "2021-02": {
    "adpe": 5.26301e-7,
    "ap": 0.00131086,
    "ctue": 0.226346,
    "ctuh-c": 0.0000165247,
    "ctuh-nc": 0.00000843801,
    "gwp": 0.535587,
    "ir": 0.00739105,
    "pm": 0.0000428575,
    "wu": 0.065343
  },
  "2021-03": {
    "adpe": 5.52304e-7,
    "ap": 0.00129047,
    "ctue": 0.223757,
    "ctuh-c": 0.000016665,
    "ctuh-nc": 0.00000850892,
    "gwp": 0.528242,
    "ir": 0.00739253,
    "pm": 0.0000423185,
    "wu": 0.0651424
  },
  "2021-04": {
    "adpe": 5.61669e-7,
    "ap": 0.00129344,
    "ctue": 0.22181,
    "ctuh-c": 0.0000171253,
    "ctuh-nc": 0.00000874221,
    "gwp": 0.525258,
    "ir": 0.00736804,
    "pm": 0.0000432679,
    "wu": 0.0642226
  },
  "2021-05": {
    "adpe": 5.69428e-7,
    "ap": 0.00127612,
    "ctue": 0.218485,
    "ctuh-c": 0.0000168414,
    "ctuh-nc": 0.00000859713,
    "gwp": 0.516237,
    "ir": 0.00730176,
    "pm": 0.0000427812,
    "wu": 0.0633456
  },
  "2021-06": {
    "adpe": 5.6035e-7,
    "ap": 0.00128011,
    "ctue": 0.22156,
    "ctuh-c": 0.0000163194,
    "ctuh-nc": 0.00000833266,
    "gwp": 0.525406,
    "ir": 0.00738542,
    "pm": 0.0000419053,
    "wu": 0.06431
  },
  "2021-07": {
    "adpe": 5.51746e-7,
    "ap": 0.00127148,
    "ctue": 0.22338,
    "ctuh-c": 0.0000157353,
    "ctuh-nc": 0.00000803644,
    "gwp": 0.528862,
    "ir": 0.0073964,
    "pm": 0.0000405446,
    "wu": 0.0649987
  },
  "2021-08": {
    "adpe": 5.51551e-7,
    "ap": 0.0012756,
    "ctue": 0.223654,
    "ctuh-c": 0.0000158412,
    "ctuh-nc": 0.00000809028,
    "gwp": 0.529714,
    "ir": 0.00740255,
    "pm": 0.000040811,
    "wu": 0.0650195
  },
  "2021-09": {
    "adpe": 5.46252e-7,
    "ap": 0.00128135,
    "ctue": 0.220278,
    "ctuh-c": 0.0000165497,
    "ctuh-nc": 0.00000844933,
    "gwp": 0.522772,
    "ir": 0.00736144,
    "pm": 0.0000424425,
    "wu": 0.064038
  },
  "2021-10": {
    "adpe": 5.4328e-7,
    "ap": 0.00127824,
    "ctue": 0.21845,
    "ctuh-c": 0.0000167486,
    "ctuh-nc": 0.00000854981,
    "gwp": 0.518153,
    "ir": 0.00732851,
    "pm": 0.0000429098,
    "wu": 0.0634964
  },
  "2021-11": {
    "adpe": 5.3234e-7,
    "ap": 0.00129233,
    "ctue": 0.221541,
    "ctuh-c": 0.0000167071,