year,adpe,ap,ctue,ctuh-c,ctuh-nc,gwp,ir,pm,wu
2019,1.43659e-7,0.0000478301,0.0081087,3.30652e-10,7.21057e-10,0.00384166,0.000364788,0.00000119147,0.00207703
2020,1.64647e-7,0.0000507082,0.00871324,3.66883e-10,7.80139e-10,0.0040852,0.000401103,0.000001248,0.00224244
2021,1.86068e-7,0.0000532269,0.00911491,4.03913e-10,8.29103e-10,0.00423993,0.000431159,0.00000130422,0.00239915
2022,2.18373e-7,0.0000557152,0.00984288,4.49538e-10,9.01893e-10,0.00450331,0.000482752,0.00000132871,0.00258489
2023,2.54644e-7,0.0000575485,0.010479,4.91126e-10,9.72138e-10,0.00472637,0.0005376,0.00000132771,0.0027566
2024,3.02915e-7,0.0000598928,0.0113092,5.33139e-10,1.06672e-9,0.00505023,0.000614525,0.00000131642,0.0029726
2025,3.78702e-7,0.0000633785,0.0123646,5.78584e-10,1.20751e-9,0.00551606,0.000734403,0.00000129557,0.00329239
