{
  "2019-01": {
    "adpe": 4.886271053091992e-7,
    "ap": 0.0013103370653643179,
    "ctue": 0.225669680458392,
    "ctuh-c": 0.000016701721758773866,
    "ctuh-nc": 0.000008527862123950319,
    "gwp": 0.5364199812310031,
    "ir": 0.0074497696448670705,
    "pm": 0.00004307909064522491,
    "wu": 0.06602590217254804
  },
  "2019-02": {
    "adpe": 4.963034895727234e-7,
    "ap": 0.001323144315240874,
    "ctue": 0.22613873004667112,
    "ctuh-c": 0.00001700405390836119,
    "ctuh-nc": 0.000008681466177449176,
    "gwp": 0.537856887689274,
    "ir": 0.007422157998364899,
    "pm": 0.00004396080306323833,
    "wu": 0.06549911947520104
  },
  "2019-03": {
    "adpe": 5.157568556153166e-7,
    "ap": 0.001298590424467931,
    "ctue": 0.22237961967439784,
    "ctuh-c": 0.000017041101735078988,
    "ctuh-nc": 0.000008699566523922986,
    "gwp": 0.5276620136298518,
    "ir": 0.0073776824012031245,
    "pm": 0.00004338726232220546,
    "wu": 0.06478390757129683
  },
  "2019-04": {
    "adpe": 5.227331349405111e-7,
    "ap": 0.0013004240610417913,
    "ctue": 0.22029546146693535,
    "ctuh-c": 0.000017325804080084167,
    "ctuh-nc": 0.000008843596552579221,
    "gwp": 0.5235597762378476,
    "ir": 0.007333427839942922,
    "pm": 0.00004417580409157636,
    "wu": 0.06379221076608572
  },
  "2019-05": {
    "adpe": 5.240664949002502e-7,
    "ap": 0.0012836851607565339,
    "ctue": 0.21847998177807496,
    "ctuh-c": 0.000017105057099547793,
    "ctuh-nc": 0.000008731097611833213,
    "gwp": 0.5192250727546586,
    "ir": 0.007295136432741198,
    "pm": 0.000043426005482024354,
    "wu": 0.06332023868394758
  },
  "2019-06": {
    "adpe": 5.21960601963339e-7,
    "ap": 0.0012854985928119436,
    "ctue": 0.2200307906154265,
    "ctuh-c": 0.00001671872822760685,
    "ctuh-nc": 0.000008535078962921114,
    "gwp": 0.5240024035844967,
    "ir": 0.007344733435278915,
    "pm": 0.00004289602788086011,
    "wu": 0.06378052521954883
  },
  "2019-07": {
    "adpe": 5.148289992808581e-7,
    "ap": 0.001277484166573296,
    "ctue": 0.22225860746102422,
    "ctuh-c": 0.000016186599167405185,
    "ctuh-nc": 0.00000826538618696015,
    "gwp": 0.5291861585004624,
    "ir": 0.007388122971163072,
    "pm": 0.00004151882662128618,
    "wu": 0.06469193444560235
  },
  "2019-08": {
    "adpe": 5.16558385631881e-7,
    "ap": 0.0012812051145211824,
    "ctue": 0.22271467676501377,
    "ctuh-c": 0.000016305971702835387,
    "ctuh-nc": 0.00000832616230896746,
    "gwp": 0.5304482655681652,
    "ir": 0.0074060077657049,
    "pm": 0.00004171282287528531,
    "wu": 0.06487325182751781
  },
  "2019-09": {
    "adpe": 5.135200365499507e-7,
    "ap": 0.001289638618213933,
    "ctue": 0.22119211780322692,
    "ctuh-c": 0.000016727243041215335,
    "ctuh-nc": 0.000008539611297844176,
    "gwp": 0.5278101658297097,
    "ir": 0.007386932770407333,
    "pm": 0.00004291515932747381,
    "wu": 0.06421978028481584
  },
  "2019-10": {
    "adpe": 5.06028575045289e-7,
    "ap": 0.0012872854040685401,
    "ctue": 0.22012741553898194,
    "ctuh-c": 0.000016532809760280317,
    "ctuh-nc": 0.000008440417696279691,
    "gwp": 0.525233173636021,
    "ir": 0.007371085875228628,
    "pm": 0.00004289983192003919,
    "wu": 0.06399640831669061
  },
  "2019-11": {
    "adpe": 4.962535701879679e-7,
    "ap": 0.0013034712902067938,
    "ctue": 0.22402839839681613,
    "ctuh-c": 0.000016285427075604022,
    "ctuh-nc": 0.000008315698721968634,
    "gwp": 0.5322954560378013,
    "ir": 0.007388254653301027,
    "pm": 0.00004278481659211728,
    "wu": 0.0650364812883671
  },
  "2019-12": {
    "adpe": 4.939292118363834e-7,
    "ap": 0.001305526597057747,
    "ctue": 0.2270524411895544,
    "ctuh-c": 0.00001595189671813241,
    "ctuh-nc": 0.000008147108118812665,
    "gwp": 0.5377460513072203,
    "ir": 0.007429808673934565,
    "pm": 0.0000419704197329881,
    "wu": 0.06617546137039745
  },
  "2020-01": {
    "adpe": 4.983356738012323e-7,
    "ap": 0.0013023072513955113,
    "ctue": 0.2214836294544277,
    "ctuh-c": 0.00001667463553815591,
    "ctuh-nc": 0.0000085127570724691,
    "gwp": 0.5275146380189031,
    "ir": 0.0074186172305053324,
    "pm": 0.00004357855689698579,
    "wu": 0.06480589100910882
  },
  "2020-02": {
    "adpe": 5.082999579859366e-7,
    "ap": 0.0013027687057353158,
    "ctue": 0.22088983383585475,
    "ctuh-c": 0.000016843597468946473,
    "ctuh-nc": 0.000008598436178214256,
    "gwp": 0.5251437533580721,
    "ir": 0.007340813090855799,
    "pm": 0.00004388869727938951,
    "wu": 0.06395469071150657
  },
  "2020-03": {
    "adpe": 5.301275144170865e-7,
    "ap": 0.0012830099964525788,
    "ctue": 0.2170079500654123,
    "ctuh-c": 0.000017095619340792825,
    "ctuh-nc": 0.00000872577966766242,
    "gwp": 0.5152070963464082,
    "ir": 0.00730583190233112,
    "pm": 0.00004373577663623643,
    "wu": 0.06322619509281327
  },
  "2020-04": {
    "adpe": 5.501834369360652e-7,
    "ap": 0.0012996888974950713,
    "ctue": 0.2175510652192351,
    "ctuh-c": 0.00001759382157379074,
    "ctuh-nc": 0.000008979031438433579,
    "gwp": 0.5168348853218516,
    "ir": 0.007313705151419427,
    "pm": 0.00004489560509187354,
    "wu": 0.06298824074114645
  },
  "2020-05": {
    "adpe": 5.503664547752626e-7,
    "ap": 0.0012886068569273636,
    "ctue": 0.21800762721841868,
    "ctuh-c": 0.00001711303325762737,
    "ctuh-nc": 0.000008734962742849727,
    "gwp": 0.5166660797773123,
    "ir": 0.007287030500755745,
    "pm": 0.000043786384696858655,
    "wu": 0.06305873968153171
  },
  "2020-06": {
    "adpe": 5.352704878719822e-7,
    "ap": 0.0012779124289904096,
    "ctue": 0.2185376265792246,
    "ctuh-c": 0.000016506519776939115,
    "ctuh-nc": 0.00000842685480562444,
    "gwp": 0.5190315912493105,
    "ir": 0.007283549902366237,
    "pm": 0.000042628360904310654,
    "wu": 0.06308467661784702
  },
  "2020-07": {
    "adpe": 5.268030896386967e-7,
    "ap": 0.0012611737353298575,
    "ctue": 0.21908714142810298,
    "ctuh-c": 0.00001586882694792712,
    "ctuh-nc": 0.000008103071661908504,
    "gwp": 0.5211732884853868,
    "ir": 0.007309656666830016,
    "pm": 0.000041039391774293296,
    "wu": 0.06352090430329324
  },
  "2020-08": {
    "adpe": 5.268326482896239e-7,
    "ap": 0.0012712750313916884,
    "ctue": 0.2223518437807991,
    "ctuh-c": 0.000015733759998512108,
    "ctuh-nc": 0.000008035275648855622,
    "gwp": 0.5279938226441767,
    "ir": 0.0073366563520608765,
    "pm": 0.00004079902055872184,
    "wu": 0.06427793336807171
  },
  "2020-09": {
    "adpe": 5.244514329007912e-7,
    "ap": 0.0012791551560754732,
    "ctue": 0.21906941261854812,
    "ctuh-c": 0.000016358564780977392,
    "ctuh-nc": 0.00000835175858628711,
    "gwp": 0.5211940387038219,
    "ir": 0.00729372698615848,
    "pm": 0.000042468723680137484,
    "wu": 0.06322913677502275
  },
  "2020-10": {
    "adpe": 5.17536893341191e-7,
    "ap": 0.001271295049028661,
    "ctue": 0.21676908620376525,
    "ctuh-c": 0.00001657153032100425,
    "ctuh-nc": 0.000008459413197306296,
    "gwp": 0.5148308772514039,
    "ir": 0.007242178721279716,
    "pm": 0.00004273892382377623,
    "wu": 0.06271123817048786
  },
  "2020-11": {
    "adpe": 5.134871176345305e-7,
    "ap": 0.0013036591918718927,
    "ctue": 0.22417967336544425,
    "ctuh-c": 0.000016565296240245284,
    "ctuh-nc": 0.000008458094489201868,
    "gwp": 0.5309415829664579,
    "ir": 0.0073516861845525135,
    "pm": 0.00004295136834054867,
    "wu": 0.06482850288498175
  },
  "2020-12": {
    "adpe": 5.069414128268475e-7,
    "ap": 0.0013082507717697357,
    "ctue": 0.22919943833993078,
    "ctuh-c": 0.000015949446865521758,
    "ctuh-nc": 0.0000081465809755299,
    "gwp": 0.5407458849017203,
    "ir": 0.007417811446652749,
    "pm": 0.000041620463161106044,
    "wu": 0.06655753764342069
  },
  "2021-01": {
    "adpe": 5.150464960770904e-7,
    "ap": 0.001300947438234095,
    "ctue": 0.22468228127200948,
    "ctuh-c": 0.00001632088577174255,
    "ctuh-nc": 0.000008334051599630837,