year,adpe,ap,ctue,ctuh-c,ctuh-nc,gwp,ir,pm,wu
2019,1.43602e-7,0.0000497926,0.00813029,3.29772e-10,7.33795e-10,0.00391659,0.00036715,0.00000125986,0.00213975
2020,1.64517e-7,0.0000528349,0.00873013,3.65632e-10,7.93652e-10,0.00416472,0.000403471,0.00000132246,0.00231007
2021,1.86002e-7,0.0000553051,0.00913218,4.02596e-10,8.42423e-10,0.00431824,0.000433608,0.00000137679,0.00246531
2022,2.18051e-7,0.0000576477,0.00985579,4.47986e-10,9.13916e-10,0.00457556,0.000484698,0.00000139657,0.00264557
2023,2.54125e-7,0.000059393,0.0104834,4.88775e-10,9.83206e-10,0.00479452,0.000539228,0.00000139278,0.00281345
2024,3.02638e-7,0.0000621084,0.0113151,5.31018e-10,1.0803e-9,0.00513078,0.000616717,0.00000139446,0.00304221
2025,3.68e-7,0.0000650637,0.0123336,5.84287e-10,1.20338e-9,0.00553278,0.000718665,0.00000137588,0.0033257
2026,3.76778e-7,0.000065956,0.0127099,6.2073e-10,1.22753e-9,0.0056123,0.000730244,0.00000139278,0.00339919
