year,adpe,ap,ctue,ctuh-c,ctuh-nc,gwp,ir,pm,wu
2019,1.4361e-7,0.0000497759,0.00810104,3.29452e-10,7.32562e-10,0.00390606,0.000366349,0.0000012609,0.00213919
2020,1.64532e-7,0.0000528178,0.00870043,3.65297e-10,7.92409e-10,0.00415406,0.00040267,0.00000132349,0.00230951
2021,1.86054e-7,0.0000552928,0.00910457,4.0237e-10,8.41318e-10,0.00430827,0.000432888,0.00000137788,0.00246506
2022,2.18097e-7,0.0000576352,0.00982833,4.47731e-10,9.12815e-10,0.0045657,0.000483985,0.00000139763,0.00264528
2023,2.54262e-7,0.0000593869,0.0104565,4.88526e-10,9.82266e-10,0.00478517,0.000538655,0.00000139391,0.00281358
2024,3.0274e-7,0.0000621015,0.0112887,5.30793e-10,1.07934e-9,0.00512149,0.000616104,0.00000139559,0.00304225
2025,3.68295e-7,0.0000651841,0.0123134,5.84391e-10,1.20359e-9,0.0055293,0.000718482,0.0000013811,0.00333052
2026,4.08049e-7,0.0000669862,0.0130625,6.2653e-10,1.28206e-9,0.00579556,0.000781215,0.0000013674,0.0035092
