year,adpe,ap,ctue,ctuh-c,ctuh-nc,gwp,ir,pm,wu
2019,5.11069e-7,0.00128919,0.222319,0.000017041,0.00000869951,0.53026,0.00742747,0.0000428753,0.064915
2020,5.2591e-7,0.00128178,0.220113,0.0000169451,0.00000865023,0.523929,0.00736541,0.0000428376,0.0640967
2021,5.45232e-7,0.0012793,0.221997,0.000016569,0.00000845968,0.526001,0.0073818,0.0000419677,0.0646965
2022,5.71367e-7,0.00127488,0.220922,0.0000165404,0.00000844488,0.521932,0.00733261,0.0000419366,0.0639783
2023,6.01771e-7,0.00126165,0.220268,0.0000163553,0.00000835074,0.518935,0.00733663,0.0000411711,0.0638657
2024,6.08844e-7,0.00126133,0.220854,0.0000162628,0.0000083039,0.518233,0.00731041,0.0000409852,0.0639191
