year,adpe,ap,ctue,ctuh-c,ctuh-nc,gwp,ir,pm,wu
2019,1.43636e-7,0.0000478319,0.00810816,3.30638e-10,7.21023e-10,0.00384153,0.000364749,0.00000119158,0.00207703
2020,1.64598e-7,0.0000507073,0.00871135,3.66842e-10,7.80008e-10,0.00408453,0.000400993,0.00000124813,0.00224227
2021,1.85817e-7,0.0000531278,0.00911006,4.03763e-10,8.28056e-10,0.004235,0.000430654,0.00000130124,0.00239526
2022,2.17977e-7,0.0000555862,0.00983784,4.49379e-10,9.00499e-10,0.00449719,0.00048203,0.00000132487,0.00257967
2023,2.53863e-7,0.0000574614,0.0104669,4.90679e-10,9.70326e-10,0.00471937,0.000536281,0.00000132619,0.00275166
2024,3.01862e-7,0.00005986,0.0112854,5.31852e-10,1.0646e-9,0.00504267,0.00061281,0.00000131747,0.00296825
2025,3.31182e-7,0.000061662,0.0119092,5.86441e-10,1.1241e-9,0.00521716,0.000653691,0.00000133318,0.0031317
