year,adpe,ap,ctue,ctuh-c,ctuh-nc,gwp,ir,pm,wu
2019,5.10912e-7,0.00129768,0.222856,0.0000169529,0.00000865476,0.530964,0.00742325,0.0000431875,0.0649279
2020,5.25735e-7,0.00128917,0.220373,0.0000168569,0.00000860535,0.524154,0.00736128,0.0000431485,0.0640521
2021,5.45021e-7,0.00128687,0.222482,0.0000164806,0.00000841475,0.526661,0.00737961,0.000042259,0.0646764
2022,5.71296e-7,0.00128224,0.221391,0.0000164528,0.00000840032,0.52256,0.00733038,0.000042219,0.0639564
2023,6.02289e-7,0.00126874,0.220487,0.0000162707,0.00000830768,0.519157,0.00733542,0.0000414737,0.063825
2024,5.77926e-7,0.00127859,0.226248,0.0000157398,0.0000080395,0.529827,0.00735253,0.0000404142,0.0654547
