{
  "2019-01": {
    "adpe": 4.90012e-7,
    "ap": 0.00131202,
    "ctue": 0.225955,
    "ctuh-c": 0.0000169955,
    "ctuh-nc": 0.00000867724,
    "gwp": 0.538053,
    "ir": 0.00749042,
    "pm": 0.0000433519,
    "wu": 0.0662713
  },
  "2019-02": {
    "adpe": 4.98273e-7,
    "ap": 0.00132486,
    "ctue": 0.22648,
    "ctuh-c": 0.0000173316,
    "ctuh-nc": 0.00000884801,
    "gwp": 0.539668,
    "ir": 0.00746605,
    "pm": 0.0000442502,
    "wu": 0.065768
  },
  "2019-03": {
    "adpe": 5.17694e-7,
    "ap": 0.00130013,
    "ctue": 0.222661,
    "ctuh-c": 0.0000173557,
    "ctuh-nc": 0.0000088595,
    "gwp": 0.529211,
    "ir": 0.00741721,
    "pm": 0.0000436692,
    "wu": 0.0650247
  },
  "2019-04": {
    "adpe": 5.25154e-7,
    "ap": 0.00130271,
    "ctue": 0.220616,
    "ctuh-c": 0.0000176549,
    "ctuh-nc": 0.00000901093,
    "gwp": 0.525295,
    "ir": 0.00737687,
    "pm": 0.0000445004,
    "wu": 0.0640501
  },
  "2019-05": {
    "adpe": 5.26066e-7,
    "ap": 0.0012868,
    "ctue": 0.218832,
    "ctuh-c": 0.0000174195,
    "ctuh-nc": 0.00000889097,
    "gwp": 0.520901,
    "ir": 0.00733411,
    "pm": 0.0000437851,
    "wu": 0.0635489
  },
  "2019-06": {
    "adpe": 5.23874e-7,
    "ap": 0.00128821,
    "ctue": 0.220305,
    "ctuh-c": 0.0000170209,
    "ctuh-nc": 0.00000868869,
    "gwp": 0.525501,
    "ir": 0.00738232,
    "pm": 0.0000432374,
    "wu": 0.0639907
  },
  "2019-07": {
    "adpe": 5.16543e-7,
    "ap": 0.00127989,
    "ctue": 0.222537,
    "ctuh-c": 0.0000164631,
    "ctuh-nc": 0.00000840596,
    "gwp": 0.530669,
    "ir": 0.00742649,
    "pm": 0.0000418243,
    "wu": 0.0649149
  },
  "2019-08": {
    "adpe": 5.18149e-7,
    "ap": 0.00128398,
    "ctue": 0.223042,
    "ctuh-c": 0.0000165881,
    "ctuh-nc": 0.00000846962,
    "gwp": 0.532057,
    "ir": 0.00744455,
    "pm": 0.0000420333,
    "wu": 0.0651011
  },
  "2019-09": {
    "adpe": 5.15149e-7,
    "ap": 0.00129282,
    "ctue": 0.221552,
    "ctuh-c": 0.0000170288,
    "ctuh-nc": 0.00000869294,
    "gwp": 0.52958,
    "ir": 0.00742743,
    "pm": 0.0000432676,
    "wu": 0.0644532
  },
  "2019-10": {
    "adpe": 5.07393e-7,
    "ap": 0.0012898,
    "ctue": 0.220408,
    "ctuh-c": 0.0000168324,
    "ctuh-nc": 0.00000859272,
    "gwp": 0.52686,
    "ir": 0.00741113,
    "pm": 0.0000432293,
    "wu": 0.0642193
  },
  "2019-11": {
    "adpe": 4.97463e-7,
    "ap": 0.00130527,
    "ctue": 0.224307,
    "ctuh-c": 0.0000165867,
    "ctuh-nc": 0.00000846888,
    "gwp": 0.533909,
    "ir": 0.00742813,
    "pm": 0.0000430737,
    "wu": 0.0652724
  },
  "2019-12": {
    "adpe": 4.9554e-7,
    "ap": 0.00130713,
    "ctue": 0.227376,
    "ctuh-c": 0.0000162427,
    "ctuh-nc": 0.000008295,
    "gwp": 0.539402,
    "ir": 0.0074696,
    "pm": 0.0000422268,
    "wu": 0.0664275
  },
  "2020-01": {
    "adpe": 5.00004e-7,
    "ap": 0.00130307,
    "ctue": 0.221385,
    "ctuh-c": 0.0000169769,
    "ctuh-nc": 0.00000866634,
    "gwp": 0.52837,
    "ir": 0.00745588,
    "pm": 0.0000438706,
    "wu": 0.0649883
  },
  "2020-02": {
    "adpe": 5.09976e-7,
    "ap": 0.0013035,
    "ctue": 0.220804,
    "ctuh-c": 0.0000171562,
    "ctuh-nc": 0.00000875726,
    "gwp": 0.526061,
    "ir": 0.00737911,
    "pm": 0.0000441841,
    "wu": 0.0641448
  },
  "2020-03": {
    "adpe": 5.32076e-7,
    "ap": 0.00128384,
    "ctue": 0.21689,
    "ctuh-c": 0.0000174039,
    "ctuh-nc": 0.00000888244,
    "gwp": 0.515982,
    "ir": 0.00734238,
    "pm": 0.0000440401,
    "wu": 0.063401
  },
  "2020-04": {
    "adpe": 5.52588e-7,
    "ap": 0.00130153,
    "ctue": 0.217522,
    "ctuh-c": 0.0000179389,
    "ctuh-nc": 0.00000915438,
    "gwp": 0.517852,
    "ir": 0.00735344,
    "pm": 0.0000452637,
    "wu": 0.0631932
  },
  "2020-05": {
    "adpe": 5.52692e-7,
    "ap": 0.00129112,
    "ctue": 0.217994,
    "ctuh-c": 0.0000174369,
    "ctuh-nc": 0.00000889954,
    "gwp": 0.517594,
    "ir": 0.00732327,
    "pm": 0.0000441707,
    "wu": 0.0632497
  },
  "2020-06": {
    "adpe": 5.37209e-7,
    "ap": 0.00128042,
    "ctue": 0.218537,
    "ctuh-c": 0.0000168092,
    "ctuh-nc": 0.00000858065,
    "gwp": 0.519969,
    "ir": 0.00731858,
    "pm": 0.0000429981,
    "wu": 0.0632624
  },
  "2020-07": {
    "adpe": 5.28403e-7,
    "ap": 0.00126422,
    "ctue": 0.219117,
    "ctuh-c": 0.0000161457,
    "ctuh-nc": 0.00000824376,
    "gwp": 0.522114,
    "ir": 0.00734208,
    "pm": 0.0000414157,
    "wu": 0.0636816
  },
  "2020-08": {
    "adpe": 5.28451e-7,
    "ap": 0.00127433,
    "ctue": 0.222378,
    "ctuh-c": 0.000016009,
    "ctuh-nc": 0.00000817514,
    "gwp": 0.528938,
    "ir": 0.00736926,
    "pm": 0.0000411701,
    "wu": 0.0644489
  },
  "2020-09": {
    "adpe": 5.26287e-7,
    "ap": 0.00128216,
    "ctue": 0.219106,
    "ctuh-c": 0.0000166525,
    "ctuh-nc": 0.00000850112,
    "gwp": 0.522214,
    "ir": 0.00732881,
    "pm": 0.0000428544,
    "wu": 0.0634045
  },
  "2020-10": {
    "adpe": 5.19299e-7,
    "ap": 0.00127317,
    "ctue": 0.216704,
    "ctuh-c": 0.0000168682,
    "ctuh-nc": 0.00000861014,
    "gwp": 0.515632,
    "ir": 0.0072761,
    "pm": 0.0000430849,
    "wu": 0.0628708
  },
  "2020-11": {
    "adpe": 5.15425e-7,
    "ap": 0.00130537,
    "ctue": 0.22417,
    "ctuh-c": 0.0000168635,
    "ctuh-nc": 0.00000860962,
    "gwp": 0.531941,
    "ir": 0.00738853,
    "pm": 0.0000432724,
    "wu": 0.065021
  },
  "2020-12": {
    "adpe": 5.08863e-7,
    "ap": 0.00130922,
    "ctue": 0.229114,
    "ctuh-c": 0.0000162249,
    "ctuh-nc": 0.00000828654,
    "gwp": 0.541527,
    "ir": 0.00745273,
    "pm": 0.000041893,
    "wu": 0.0667447
  },
  "2021-01": {
    "adpe": 5.17124e-7,
    "ap": 0.00130197,
    "ctue": 0.224912,
    "ctuh-c": 0.0000166051,
    "ctuh-nc": 0.00000847855,
    "gwp": 0.532961,
    "ir": 0.00743131,
    "pm": 0.0000427229,
    "wu": 0.0656582
  },
  "2021-02": {
    "adpe": 5.26255e-7,
    "ap": 0.00131093,
    "ctue": 0.226372,
    "ctuh-c": 0.000016523,
    "ctuh-nc": 0.0000084371,
    "gwp": 0.535632,
    "ir": 0.007391,
    "pm": 0.0000428536,
    "wu": 0.0653498
  },
  "2021-03": {
    "adpe": 5.52203e-7,
    "ap": 0.00129053,
    "ctue": 0.223788,
    "ctuh-c": 0.0000166648,
    "ctuh-nc": 0.00000850878,
    "gwp": 0.528299,
    "ir": 0.00739254,
    "pm": 0.0000423157,
    "wu": 0.0651493
  },
  "2021-04": {
    "adpe": 5.61626e-7,
    "ap": 0.00129348,
    "ctue": 0.221842,
    "ctuh-c": 0.0000171239,
    "ctuh-nc": 0.0000087415,
    "gwp": 0.525313,
    "ir": 0.00736811,
    "pm": 0.0000432632,
    "wu": 0.0642292
  },
  "2021-05": {
    "adpe": 5.6937e-7,
    "ap": 0.00127614,
    "ctue": 0.218519,
    "ctuh-c": 0.0000168404,
    "ctuh-nc": 0.00000859666,
    "gwp": 0.516298,
    "ir": 0.00730189,
    "pm": 0.000042776,
    "wu": 0.0633517
  },
  "2021-06": {
    "adpe": 5.60363e-7,
    "ap": 0.00128013,
    "ctue": 0.221589,
    "ctuh-c": 0.0000163173,
    "ctuh-nc": 0.00000833159,
    "gwp": 0.525454,
    "ir": 0.00738551,
    "pm": 0.0000418995,
    "wu": 0.0643158
  },
  "2021-07": {
    "adpe": 5.51746e-7,
    "ap": 0.00127152,
    "ctue": 0.223406,
    "ctuh-c": 0.0000157348,
    "ctuh-nc": 0.00000803618,
    "gwp": 0.528907,
    "ir": 0.00739643,
    "pm": 0.0000405411,
    "wu": 0.0650045
  },
  "2021-08": {
    "adpe": 5.51451e-7,
    "ap": 0.00127565,
    "ctue": 0.223685,
    "ctuh-c": 0.0000158407,
    "ctuh-nc": 0.00000809006,
    "gwp": 0.529772,
    "ir": 0.0074026,
    "pm": 0.0000408072,
    "wu": 0.065026
  },
  "2021-09": {
    "adpe": 5.46196e-7,
    "ap": 0.00128137,
    "ctue": 0.220311,
    "ctuh-c": 0.0000165493,
    "ctuh-nc": 0.00000844913,
    "gwp": 0.522832,
    "ir": 0.00736154,
    "pm": 0.0000424381,
    "wu": 0.0640443
  },
  "2021-10": {
    "adpe": 5.43188e-7,
    "ap": 0.00127826,
    "ctue": 0.218485,
    "ctuh-c": 0.0000167476,
    "ctuh-nc": 0.00000854929,
    "gwp": 0.518218,
    "ir": 0.00732863,
    "pm": 0.0000429046,
    "wu": 0.0635027
  },
  "2021-11": {
    "adpe": 5.32363e-7,
    "ap": 0.00129233,
    "ctue": 0.221573,