year,adpe,ap,ctue,ctuh-c,ctuh-nc,gwp,ir,pm,wu
2019,5.18872e-7,0.00132771,0.223102,0.0000179527,0.00000916281,0.530041,0.00741323,0.000045616,0.0648184
2020,5.35171e-7,0.00132058,0.220827,0.0000178613,0.00000911579,0.523413,0.0073483,0.0000456119,0.0639639
2021,5.55729e-7,0.00131674,0.222784,0.0000174365,0.00000890052,0.525604,0.00736839,0.0000446052,0.0646207
2022,5.8419e-7,0.00130903,0.221291,0.000017394,0.00000887855,0.520574,0.00731486,0.0000444462,0.0638376
2023,6.1824e-7,0.00128623,0.219977,0.0000172818,0.00000882149,0.516151,0.00732042,0.0000433051,0.063734
2024,6.60735e-7,0.00126541,0.217483,0.0000169508,0.00000865282,0.508351,0.00729748,0.0000423665,0.0631019
2025,7.15858e-7,0.00125819,0.214517,0.0000172805,0.00000881959,0.499266,0.00729018,0.0000428538,0.0622875
