year,adpe,ap,ctue,ctuh-c,ctuh-nc,gwp,ir,pm,wu
2019,5.08967e-7,0.00129328,0.222119,0.0000168721,0.00000861357,0.528724,0.00739296,0.0000430335,0.0646739
2020,5.23772e-7,0.00128478,0.219631,0.0000167763,0.00000856425,0.521971,0.00733277,0.0000429976,0.0638018
2021,5.43078e-7,0.00128265,0.221761,0.0000164028,0.00000837507,0.524543,0.0073519,0.0000421144,0.0644346
2022,5.6893e-7,0.00127818,0.220692,0.0000163747,0.00000836052,0.520511,0.00730292,0.0000420781,0.0637229
2023,6.00661e-7,0.00126441,0.219767,0.0000162496,0.00000829687,0.517086,0.00730914,0.0000413605,0.0636044
2024,5.73028e-7,0.00126674,0.224561,0.0000158127,0.00000807624,0.526001,0.00733315,0.0000401451,0.0652315
