{
  "2019-01": {
    "adpe": 1.13916e-7,
    "ap": 0.0000480826,
    "ctue": 0.00758336,
    "ctuh-c": 3.19731e-10,
    "ctuh-nc": 6.69752e-10,
    "gwp": 0.00365213,
    "ir": 0.00031317,
    "pm": 0.00000126847,
    "wu": 0.00200974
  },
  "2019-02": {
    "adpe": 1.21983e-7,
    "ap": 0.0000471683,
    "ctue": 0.00761032,
    "ctuh-c": 3.11767e-10,
    "ctuh-nc": 6.75788e-10,
    "gwp": 0.00366253,
    "ir": 0.000326651,
    "pm": 0.00000121835,
    "wu": 0.00199352
  },
  "2019-03": {
    "adpe": 1.4677e-7,
    "ap": 0.0000489628,
    "ctue": 0.00836429,
    "ctuh-c": 3.59354e-10,
    "ctuh-nc": 7.36742e-10,
    "gwp": 0.00389916,
    "ir": 0.000367956,
    "pm": 0.00000122797,
    "wu": 0.00214002
  },
  "2019-04": {
    "adpe": 1.57965e-7,
    "ap": 0.0000485696,
    "ctue": 0.00848955,
    "ctuh-c": 3.49816e-10,
    "ctuh-nc": 7.53697e-10,
    "gwp": 0.0039709,
    "ir": 0.000389531,
    "pm": 0.0000011851,
    "wu": 0.0021464
  },
  "2019-05": {
    "adpe": 1.63361e-7,
    "ap": 0.000048493,
    "ctue": 0.00868394,
    "ctuh-c": 3.49706e-10,
    "ctuh-nc": 7.67245e-10,
    "gwp": 0.00404672,
    "ir": 0.000402652,
    "pm": 0.00000116264,
    "wu": 0.00215546
  },
  "2019-06": {
    "adpe": 1.61611e-7,
    "ap": 0.0000476324,
    "ctue": 0.00832528,
    "ctuh-c": 3.21576e-10,
    "ctuh-nc": 7.50391e-10,
    "gwp": 0.00395986,
    "ir": 0.000398093,
    "pm": 0.00000114074,
    "wu": 0.00210563
  },
  "2019-07": {
    "adpe": 1.53003e-7,
    "ap": 0.0000470262,
    "ctue": 0.0080187,
    "ctuh-c": 3.04086e-10,
    "ctuh-nc": 7.27664e-10,
    "gwp": 0.00386427,
    "ir": 0.000382701,
    "pm": 0.00000114026,
    "wu": 0.00205492
  },
  "2019-08": {
    "adpe": 1.53902e-7,
    "ap": 0.0000474341,
    "ctue": 0.00795353,
    "ctuh-c": 3.02345e-10,
    "ctuh-nc": 7.2875e-10,
    "gwp": 0.00385922,
    "ir": 0.00038276,
    "pm": 0.00000115668,
    "wu": 0.00206948
  },
  "2019-09": {
    "adpe": 1.50445e-7,
    "ap": 0.0000469382,
    "ctue": 0.00805582,
    "ctuh-c": 3.18495e-10,
    "ctuh-nc": 7.23265e-10,
    "gwp": 0.00383317,
    "ir": 0.00037554,
    "pm": 0.00000114654,
    "wu": 0.002056
  },
  "2019-10": {
    "adpe": 1.44559e-7,
    "ap": 0.0000473459,
    "ctue": 0.00818431,
    "ctuh-c": 3.36032e-10,
    "ctuh-nc": 7.21311e-10,
    "gwp": 0.00384014,
    "ir": 0.000366138,
    "pm": 0.00000117123,
    "wu": 0.00206683
  },
  "2019-11": {
    "adpe": 1.30886e-7,
    "ap": 0.0000477737,
    "ctue": 0.00805518,
    "ctuh-c": 3.42875e-10,
    "ctuh-nc": 7.02109e-10,
    "gwp": 0.00377271,
    "ir": 0.000342113,
    "pm": 0.00000121749,
    "wu": 0.00205374
  },
  "2019-12": {
    "adpe": 1.258e-7,
    "ap": 0.0000485958,
    "ctue": 0.00799443,
    "ctuh-c": 3.54617e-10,
    "ctuh-nc": 6.96804e-10,
    "gwp": 0.00373973,
    "ir": 0.000330169,
    "pm": 0.00000126443,
    "wu": 0.00207702
  },
  "2020-01": {
    "adpe": 1.32579e-7,
    "ap": 0.0000494715,
    "ctue": 0.00807864,
    "ctuh-c": 3.52073e-10,
    "ctuh-nc": 7.1352e-10,
    "gwp": 0.00381414,
    "ir": 0.000343232,
    "pm": 0.00000127961,
    "wu": 0.00211925
  },
  "2020-02": {
    "adpe": 1.44313e-7,
    "ap": 0.0000497601,
    "ctue": 0.00854501,
    "ctuh-c": 3.80127e-10,
    "ctuh-nc": 7.42523e-10,
    "gwp": 0.00393329,
    "ir": 0.000363891,
    "pm": 0.0000012604,
    "wu": 0.00217364
  },
  "2020-03": {
    "adpe": 1.69364e-7,
    "ap": 0.0000518693,
    "ctue": 0.00908513,
    "ctuh-c": 4.02286e-10,
    "ctuh-nc": 8.0137e-10,
    "gwp": 0.00417033,
    "ir": 0.000407748,
    "pm": 0.00000127982,
    "wu": 0.00231421
  },
  "2020-04": {
    "adpe": 1.88404e-7,
    "ap": 0.0000531624,
    "ctue": 0.00903874,
    "ctuh-c": 3.82751e-10,
    "ctuh-nc": 8.31928e-10,
    "gwp": 0.00426964,
    "ir": 0.000438987,
    "pm": 0.0000012914,
    "wu": 0.00238802
  },
  "2020-05": {
    "adpe": 1.92336e-7,
    "ap": 0.0000530169,
    "ctue": 0.00920338,
    "ctuh-c": 3.86048e-10,
    "ctuh-nc": 8.41609e-10,
    "gwp": 0.00432129,
    "ir": 0.000448051,
    "pm": 0.00000127231,
    "wu": 0.00239398
  },
  "2020-06": {
    "adpe": 1.80042e-7,
    "ap": 0.0000503397,
    "ctue": 0.00890828,
    "ctuh-c": 3.57656e-10,
    "ctuh-nc": 8.04737e-10,
    "gwp": 0.0041874,
    "ir": 0.000430293,
    "pm": 0.00000119598,
    "wu": 0.00225943
  },
  "2020-07": {
    "adpe": 1.74979e-7,
    "ap": 0.0000495878,
    "ctue": 0.00863653,
    "ctuh-c": 3.32198e-10,
    "ctuh-nc": 7.87923e-10,
    "gwp": 0.00412548,
    "ir": 0.000423239,
    "pm": 0.00000117866,
    "wu": 0.00220654
  },
  "2020-08": {
    "adpe": 1.73421e-7,
    "ap": 0.0000498228,
    "ctue": 0.00852012,
    "ctuh-c": 3.32897e-10,
    "ctuh-nc": 7.82701e-10,
    "gwp": 0.00408641,
    "ir": 0.000417515,
    "pm": 0.0000011969,
    "wu": 0.0022117
  },
  "2020-09": {
    "adpe": 1.71267e-7,
    "ap": 0.0000499356,
    "ctue": 0.00865043,
    "ctuh-c": 3.38427e-10,
    "ctuh-nc": 7.85335e-10,
    "gwp": 0.00412109,
    "ir": 0.000416931,
    "pm": 0.00000119892,
    "wu": 0.0022133
  },
  "2020-10": {
    "adpe": 1.63544e-7,
    "ap": 0.0000500416,
    "ctue": 0.00909626,
    "ctuh-c": 3.85846e-10,
    "ctuh-nc": 7.8726e-10,
    "gwp": 0.00415265,
    "ir": 0.000404613,
    "pm": 0.00000121252,
    "wu": 0.0022292
  },
  "2020-11": {
    "adpe": 1.49177e-7,
    "ap": 0.0000506511,
    "ctue": 0.00855461,
    "ctuh-c": 3.78982e-10,
    "ctuh-nc": 7.53891e-10,
    "gwp": 0.00397461,
    "ir": 0.000371655,
    "pm": 0.00000128425,
    "wu": 0.00221328
  },
  "2020-12": {
    "adpe": 1.38572e-7,
    "ap": 0.0000511291,
    "ctue": 0.00830006,
    "ctuh-c": 3.78821e-10,
    "ctuh-nc": 7.34514e-10,
    "gwp": 0.0038847,
    "ir": 0.000350192,
    "pm": 0.00000133191,
    "wu": 0.00220498
  },
  "2021-01": {
    "adpe": 1.49757e-7,
    "ap": 0.0000520348,
    "ctue": 0.00858092,
    "ctuh-c": 3.94223e-10,
    "ctuh-nc": 7.61231e-10,
    "gwp": 0.00398911,
    "ir": 0.000369115,
    "pm": 0.00000133994,
    "wu": 0.00227025
  },
  "2021-02": {
    "adpe": 1.60978e-7,
    "ap": 0.0000524439,
    "ctue": 0.00874557,
    "ctuh-c": 3.97093e-10,
    "ctuh-nc": 7.82455e-10,
    "gwp": 0.00406816,
    "ir": 0.00038835,
    "pm": 0.00000133031,
    "wu": 0.00231131
  },
  "2021-03": {
    "adpe": 1.90034e-7,
    "ap": 0.0000543172,
    "ctue": 0.00931129,
    "ctuh-c": 4.31899e-10,
    "ctuh-nc": 8.43189e-10,
    "gwp": 0.00427694,
    "ir": 0.000433826,
    "pm": 0.00000134132,
    "wu": 0.00246269
  },
  "2021-04": {
    "adpe": 2.01243e-7,
    "ap": 0.000054202,
    "ctue": 0.00937822,
    "ctuh-c": 4.22232e-10,
    "ctuh-nc": 8.5946e-10,
    "gwp": 0.00433655,
    "ir": 0.000453863,
    "pm": 0.00000131195,
    "wu": 0.00247841
  },
  "2021-05": {
    "adpe": 2.16162e-7,
    "ap": 0.0000550206,
    "ctue": 0.00989616,
    "ctuh-c": 4.43448e-10,
    "ctuh-nc": 8.98512e-10,
    "gwp": 0.00451436,
    "ir": 0.000483029,
    "pm": 0.00000130015,
    "wu": 0.00255237
  },
  "2021-06": {
    "adpe": 2.05146e-7,
    "ap": 0.0000529353,
    "ctue": 0.00905889,
    "ctuh-c": 3.7342e-10,
    "ctuh-nc": 8.51735e-10,
    "gwp": 0.00431335,
    "ir": 0.00046467,
    "pm": 0.00000125345,
    "wu": 0.0024139
  },
  "2021-07": {
    "adpe": 1.97016e-7,
    "ap": 0.0000529319,
    "ctue": 0.00891776,
    "ctuh-c": 3.65565e-10,
    "ctuh-nc": 8.38234e-10,
    "gwp": 0.00427331,
    "ir": 0.000452228,
    "pm": 0.00000126899,
    "wu": 0.00238966
  },
  "2021-08": {
    "adpe": 1.96144e-7,
    "ap": 0.0000526686,
    "ctue": 0.00887757,
    "ctuh-c": 3.65595e-10,
    "ctuh-nc": 8.34031e-10,
    "gwp": 0.00424869,
    "ir": 0.000449626,
    "pm": 0.00000126332,
    "wu": 0.00237933
  },
  "2021-09": {
    "adpe": 1.9057e-7,
    "ap": 0.0000525511,
    "ctue": 0.00897982,
    "ctuh-c": 3.70196e-10,
    "ctuh-nc": 8.30477e-10,
    "gwp": 0.00426416,
    "ir": 0.000443803,
    "pm": 0.00000126308,
    "wu": 0.0023648
  },
  "2021-10": {
    "adpe": 1.88273e-7,
    "ap": 0.0000526742,
    "ctue": 0.00943756,
    "ctuh-c": 4.25911e-10,
    "ctuh-nc": 8.37597e-10,