year,adpe,ap,ctue,ctuh-c,ctuh-nc,gwp,ir,pm,wu
2019,1.39936e-7,0.0000470252,0.00807236,3.18899e-10,7.12652e-10,0.00382956,0.000362126,0.00000116345,0.00203387
2020,1.59313e-7,0.0000497244,0.00863456,3.52623e-10,7.67569e-10,0.00405656,0.000395719,0.00000121704,0.00218811
2021,1.7938e-7,0.0000519998,0.00901433,3.882e-10,8.1292e-10,0.00419762,0.000423619,0.000001267,0.0023328
2022,2.08846e-7,0.0000535732,0.009681,4.30242e-10,8.75175e-10,0.00441477,0.000470096,0.00000126451,0.00247993
2023,2.41354e-7,0.000054953,0.0102494,4.68157e-10,9.3637e-10,0.00460363,0.000518786,0.00000125468,0.00262576
2024,2.84426e-7,0.0000565452,0.0111163,5.16166e-10,1.02109e-9,0.00489439,0.000587405,0.00000122483,0.00280898
