{
  "2019-01": {
    "adpe": 1.13848e-7,
    "ap": 0.0000473858,
    "ctue": 0.00760289,
    "ctuh-c": 3.10014e-10,
    "ctuh-nc": 6.68008e-10,
    "gwp": 0.00366279,
    "ir": 0.000316451,
    "pm": 0.00000123691,
    "wu": 0.00197991
  },
  "2019-02": {
    "adpe": 1.21149e-7,
    "ap": 0.0000464735,
    "ctue": 0.00762779,
    "ctuh-c": 3.02113e-10,
    "ctuh-nc": 6.73105e-10,
    "gwp": 0.00367149,
    "ir": 0.000328839,
    "pm": 0.00000118809,
    "wu": 0.00196199
  },
  "2019-03": {
    "adpe": 1.44756e-7,
    "ap": 0.0000481965,
    "ctue": 0.0083437,
    "ctuh-c": 3.47238e-10,
    "ctuh-nc": 7.31185e-10,
    "gwp": 0.00389704,
    "ir": 0.000368187,
    "pm": 0.00000119777,
    "wu": 0.00210183
  },
  "2019-04": {
    "adpe": 1.53825e-7,
    "ap": 0.0000477082,
    "ctue": 0.00844113,
    "ctuh-c": 3.37011e-10,
    "ctuh-nc": 7.44177e-10,
    "gwp": 0.00395486,
    "ir": 0.000386257,
    "pm": 0.0000011558,
    "wu": 0.00209973
  },
  "2019-05": {
    "adpe": 1.58224e-7,
    "ap": 0.0000476107,
    "ctue": 0.00861275,
    "ctuh-c": 3.36551e-10,
    "ctuh-nc": 7.55615e-10,
    "gwp": 0.00402141,
    "ir": 0.000397461,
    "pm": 0.00000113521,
    "wu": 0.00210563
  },
  "2019-06": {
    "adpe": 1.56027e-7,
    "ap": 0.0000467825,
    "ctue": 0.00826502,
    "ctuh-c": 3.09597e-10,
    "ctuh-nc": 7.38697e-10,
    "gwp": 0.00393599,
    "ir": 0.000392279,
    "pm": 0.00000111507,
    "wu": 0.00205656
  },
  "2019-07": {
    "adpe": 1.48223e-7,
    "ap": 0.0000462615,
    "ctue": 0.00798107,
    "ctuh-c": 2.93675e-10,
    "ctuh-nc": 7.18029e-10,
    "gwp": 0.00384821,
    "ir": 0.000378181,
    "pm": 0.000001116,
    "wu": 0.0020115
  },
  "2019-08": {
    "adpe": 1.4833e-7,
    "ap": 0.0000466011,
    "ctue": 0.00791499,
    "ctuh-c": 2.92179e-10,
    "ctuh-nc": 7.17741e-10,
    "gwp": 0.00383904,
    "ir": 0.000377033,
    "pm": 0.00000113127,
    "wu": 0.00202214
  },
  "2019-09": {
    "adpe": 1.44962e-7,
    "ap": 0.000046091,
    "ctue": 0.00800861,
    "ctuh-c": 3.06535e-10,
    "ctuh-nc": 7.1223e-10,
    "gwp": 0.00381428,
    "ir": 0.000370258,
    "pm": 0.00000112002,
    "wu": 0.00200718
  },
  "2019-10": {
    "adpe": 1.39585e-7,
    "ap": 0.0000464877,
    "ctue": 0.00812788,
    "ctuh-c": 3.22736e-10,
    "ctuh-nc": 7.10638e-10,
    "gwp": 0.00382166,
    "ir": 0.000361686,
    "pm": 0.00000114342,
    "wu": 0.00201798
  },
  "2019-11": {
    "adpe": 1.27175e-7,
    "ap": 0.0000469585,
    "ctue": 0.0080056,
    "ctuh-c": 3.29326e-10,
    "ctuh-nc": 6.9343e-10,
    "gwp": 0.00376027,
    "ir": 0.000339657,
    "pm": 0.0000011889,
    "wu": 0.00200908
  },
  "2019-12": {
    "adpe": 1.23264e-7,
    "ap": 0.0000477736,
    "ctue": 0.00795955,
    "ctuh-c": 3.4166e-10,
    "ctuh-nc": 6.89892e-10,
    "gwp": 0.00373218,
    "ir": 0.000329511,
    "pm": 0.00000123337,
    "wu": 0.00203527
  },
  "2020-01": {
    "adpe": 1.29341e-7,
    "ap": 0.0000485865,
    "ctue": 0.00804019,
    "ctuh-c": 3.38918e-10,
    "ctuh-nc": 7.05336e-10,
    "gwp": 0.00380297,
    "ir": 0.000341558,
    "pm": 0.00000124739,
    "wu": 0.00207366
  },
  "2020-02": {
    "adpe": 1.41116e-7,
    "ap": 0.0000489032,
    "ctue": 0.00849276,
    "ctuh-c": 3.65655e-10,
    "ctuh-nc": 7.3422e-10,
    "gwp": 0.00392155,
    "ir": 0.000362309,
    "pm": 0.00000122924,
    "wu": 0.00212821
  },
  "2020-03": {
    "adpe": 1.6605e-7,
    "ap": 0.0000509455,
    "ctue": 0.00902472,
    "ctuh-c": 3.87728e-10,
    "ctuh-nc": 7.92217e-10,
    "gwp": 0.00415347,
    "ir": 0.000405738,
    "pm": 0.0000012469,
    "wu": 0.00226632
  },
  "2020-04": {
    "adpe": 1.83824e-7,
    "ap": 0.0000520725,
    "ctue": 0.00897114,
    "ctuh-c": 3.67911e-10,
    "ctuh-nc": 8.20119e-10,
    "gwp": 0.00424402,
    "ir": 0.000435056,
    "pm": 0.00000125458,
    "wu": 0.00233157
  },
  "2020-05": {
    "adpe": 1.86816e-7,
    "ap": 0.0000519331,
    "ctue": 0.00911499,
    "ctuh-c": 3.70984e-10,
    "ctuh-nc": 8.27976e-10,
    "gwp": 0.00428773,
    "ir": 0.000442317,
    "pm": 0.00000123819,
    "wu": 0.00233545
  },
  "2020-06": {
    "adpe": 1.73941e-7,
    "ap": 0.0000493809,
    "ctue": 0.00882314,
    "ctuh-c": 3.4426e-10,
    "ctuh-nc": 7.91043e-10,
    "gwp": 0.004154,
    "ir": 0.000423423,
    "pm": 0.00000116789,
    "wu": 0.00220474
  },
  "2020-07": {
    "adpe": 1.67091e-7,
    "ap": 0.0000485808,
    "ctue": 0.00854936,
    "ctuh-c": 3.20313e-10,
    "ctuh-nc": 7.71595e-10,
    "gwp": 0.00408367,
    "ir": 0.000413404,
    "pm": 0.00000115231,
    "wu": 0.00214711
  },
  "2020-08": {
    "adpe": 1.64605e-7,
    "ap": 0.0000487742,
    "ctue": 0.00842618,
    "ctuh-c": 3.20653e-10,
    "ctuh-nc": 7.64874e-10,
    "gwp": 0.00404068,
    "ir": 0.000406336,
    "pm": 0.00000117058,
    "wu": 0.00214849
  },
  "2020-09": {
    "adpe": 1.62902e-7,
    "ap": 0.0000488214,
    "ctue": 0.00854877,
    "ctuh-c": 3.24888e-10,
    "ctuh-nc": 7.67529e-10,
    "gwp": 0.00407435,
    "ir": 0.000406495,
    "pm": 0.00000116937,
    "wu": 0.00214816
  },
  "2020-10": {
    "adpe": 1.57537e-7,
    "ap": 0.0000490434,
    "ctue": 0.008982,
    "ctuh-c": 3.694e-10,
    "ctuh-nc": 7.72779e-10,
    "gwp": 0.00411553,
    "ir": 0.000397966,
    "pm": 0.00000118297,
    "wu": 0.00217147
  },
  "2020-11": {
    "adpe": 1.4492e-7,
    "ap": 0.0000496703,
    "ctue": 0.00847189,
    "ctuh-c": 3.62491e-10,
    "ctuh-nc": 7.42769e-10,
    "gwp": 0.00395182,
    "ir": 0.000368321,
    "pm": 0.0000012509,
    "wu": 0.00216006
  },
  "2020-12": {
    "adpe": 1.3572e-7,
    "ap": 0.0000502143,
    "ctue": 0.00823023,
    "ctuh-c": 3.62589e-10,
    "ctuh-nc": 7.2584e-10,
    "gwp": 0.00386969,
    "ir": 0.000349073,
    "pm": 0.0000012983,
    "wu": 0.00215736
  },
  "2021-01": {
    "adpe": 1.47369e-7,
    "ap": 0.000051009,
    "ctue": 0.00856757,
    "ctuh-c": 3.83358e-10,
    "ctuh-nc": 7.53778e-10,
    "gwp": 0.00397733,
    "ir": 0.000368461,
    "pm": 0.00000130124,
    "wu": 0.0022236
  },
  "2021-02": {
    "adpe": 1.579e-7,
    "ap": 0.0000513562,
    "ctue": 0.00873601,
    "ctuh-c": 3.86613e-10,
    "ctuh-nc": 7.73949e-10,
    "gwp": 0.00405394,
    "ir": 0.000386726,
    "pm": 0.00000129033,
    "wu": 0.00226126
  },
  "2021-03": {
    "adpe": 1.84169e-7,
    "ap": 0.000053105,
    "ctue": 0.00917779,
    "ctuh-c": 4.11346e-10,
    "ctuh-nc": 8.27518e-10,
    "gwp": 0.00423697,
    "ir": 0.000428,
    "pm": 0.00000130279,
    "wu": 0.00239555
  },
  "2021-04": {
    "adpe": 1.93518e-7,
    "ap": 0.0000528919,
    "ctue": 0.00925032,
    "ctuh-c": 4.03827e-10,
    "ctuh-nc": 8.40976e-10,
    "gwp": 0.00428755,
    "ir": 0.000444957,
    "pm": 0.00000127337,
    "wu": 0.00240514
  },
  "2021-05": {
    "adpe": 2.09722e-7,
    "ap": 0.0000537263,
    "ctue": 0.0098068,
    "ctuh-c": 4.29349e-10,
    "ctuh-nc": 8.8238e-10,
    "gwp": 0.00446988,
    "ir": 0.000475568,
    "pm": 0.00000126039,
    "wu": 0.00248552
  },
  "2021-06": {
    "adpe": 1.95716e-7,
    "ap": 0.0000516783,
    "ctue": 0.00891025,
    "ctuh-c": 3.55811e-10,
    "ctuh-nc": 8.30675e-10,
    "gwp": 0.00425437,
    "ir": 0.000452642,
    "pm": 0.0000012209,
    "wu": 0.00233899
  },
  "2021-07": {
    "adpe": 1.89118e-7,
    "ap": 0.0000517208,
    "ctue": 0.00882589,
    "ctuh-c": 3.52509e-10,
    "ctuh-nc": 8.20686e-10,
    "gwp": 0.00422621,
    "ir": 0.000442477,
    "pm": 0.00000123498,
    "wu": 0.00232278
  },
  "2021-08": {
    "adpe": 1.87038e-7,
    "ap": 0.0000514384,
    "ctue": 0.00876013,
    "ctuh-c": 3.50111e-10,
    "ctuh-nc": 8.14399e-10,
    "gwp": 0.00419676,
    "ir": 0.000438296,
    "pm": 0.00000123053,
    "wu": 0.00230737
  },
  "2021-09": {
    "adpe": 1.83771e-7,
    "ap": 0.0000513168,
    "ctue": 0.00890001,
    "ctuh-c": 3.56981e-10,
    "ctuh-nc": 8.1454e-10,
    "gwp": 0.00422241,
    "ir": 0.000435912,
    "pm": 0.00000122587,
    "wu": 0.0022996
  },
  "2021-10": {
    "adpe": 1.7968e-7,
    "ap": 0.0000513248,
    "ctue": 0.00930642,
    "ctuh-c": 4.08332e-10,
    "ctuh-nc": 8.17629e-10,