year,adpe,ap,ctue,ctuh-c,ctuh-nc,gwp,ir,pm,wu
2019,1.43577e-7,0.0000497918,0.00812898,3.29733e-10,7.33716e-10,0.00391615,0.000367089,0.00000125993,0.00213964
2020,1.64471e-7,0.000052833,0.0087285,3.65579e-10,7.93532e-10,0.00416415,0.000403376,0.00000132252,0.00230987
2021,1.8597e-7,0.0000553042,0.00913102,4.02556e-10,8.42342e-10,0.00431786,0.000433543,0.00000137686,0.00246518
2022,2.18002e-7,0.0000576463,0.00985419,4.47935e-10,9.13798e-10,0.00457501,0.000484601,0.00000139666,0.00264539
2023,2.54059e-7,0.0000593908,0.0104818,4.88718e-10,9.83063e-10,0.00479393,0.000539108,0.00000139286,0.00281319
2024,3.02579e-7,0.0000621068,0.011313,5.30973e-10,1.08015e-9,0.00513002,0.000616588,0.00000139459,0.003042
2025,3.67963e-7,0.0000650602,0.0123333,5.84245e-10,1.20331e-9,0.00553263,0.000718618,0.0000013758,0.00332548
2026,3.66564e-7,0.0000656503,0.0125267,6.11513e-10,1.20841e-9,0.00554814,0.000713988,0.00000140225,0.00335947
