year,adpe,ap,ctue,ctuh-c,ctuh-nc,gwp,ir,pm,wu
2019,5.18889e-7,0.0013277,0.223101,0.0000179501,0.00000916146,0.530038,0.00741325,0.0000456132,0.0648182
2020,5.35217e-7,0.00132059,0.220827,0.0000178605,0.00000911537,0.523409,0.0073483,0.000045612,0.0639633
2021,5.55853e-7,0.00131677,0.222782,0.0000174357,0.00000890012,0.525593,0.0073684,0.0000446064,0.0646192
2022,5.84299e-7,0.00130908,0.22129,0.0000173932,0.00000887817,0.520569,0.00731491,0.0000444485,0.0638365
2023,6.18486e-7,0.0012862,0.21997,0.0000172807,0.00000882095,0.516126,0.00732051,0.000043304,0.063732
2024,6.61019e-7,0.00126535,0.217454,0.0000169609,0.00000865792,0.508285,0.00729746,0.0000423767,0.0630957
2025,7.32451e-7,0.00124733,0.214657,0.0000168629,0.00000860756,0.499105,0.00730191,0.0000418228,0.0624025
