year,adpe,ap,ctue,ctuh-c,ctuh-nc,gwp,ir,pm,wu
2019,0.0000016259310348059272,0.0003054144892102488,0.04415523399542618,1.896355827167723e-9,5.1215814572242944e-9,0.023062241499071535,0.00309987810287119,0.000006977783698571225,0.014854426795253086
2020,0.0000016705824379006381,0.00030627958299311224,0.04459456874640657,1.925097075373596e-9,5.1895854535929804e-9,0.023224501737025473,0.00316329295222295,0.000006935529734386585,0.015006913441894832
2021,0.0000017126043618052892,0.0003077079765143139,0.045563002007115314,2.0303317056286014e-9,5.266244477510682e-9,0.02339079453923123,0.0032141964439255767,0.000006927461501790906,0.0152225448000189
2022,0.000001764486788743613,0.00030610453094281025,0.04623526858994611,2.082700681083487e-9,5.332914516108337e-9,0.023501935674859097,0.00328452785195916,0.000006785753312999712,0.015327638195658336
2023,0.0000018423239141541435,0.00030294711448349254,0.04705857004592296,2.134674684280671e-9,5.42551969278131e-9,0.023647481662498835,0.0033927303060313175,0.000006542741939295297,0.015443148753485724
