year,adpe,ap,ctue,ctuh-c,ctuh-nc,gwp,ir,pm,wu
2019,1.4003e-7,0.0000470311,0.00807362,3.18949e-10,7.12835e-10,0.00383019,0.000362278,0.00000116348,0.00203431
2020,1.59409e-7,0.0000497293,0.00863599,3.52692e-10,7.67751e-10,0.00405717,0.00039587,0.00000121704,0.00218854
2021,1.79468e-7,0.0000520049,0.00901504,3.88203e-10,8.13077e-10,0.00419814,0.00042376,0.00000126701,0.00233317
2022,2.09106e-7,0.0000542724,0.00968445,4.30437e-10,8.79763e-10,0.00443881,0.000471003,0.00000128904,0.00250333
2023,2.41642e-7,0.0000556776,0.0102533,4.68386e-10,9.41153e-10,0.00462861,0.000519751,0.00000128008,0.00265008
2024,2.87938e-7,0.0000577545,0.0110753,5.06423e-10,1.03229e-9,0.0049493,0.000594963,0.00000126022,0.0028499
