{
  "2019-01": {
    "adpe": 5.0047e-7,
    "ap": 0.00137831,
    "ctue": 0.230385,
    "ctuh-c": 0.0000185457,
    "ctuh-nc": 0.00000946621,
    "gwp": 0.541589,
    "ir": 0.00742117,
    "pm": 0.0000472967,
    "wu": 0.0668444
  },
  "2019-02": {
    "adpe": 5.10188e-7,
    "ap": 0.00139555,
    "ctue": 0.231171,
    "ctuh-c": 0.0000189964,
    "ctuh-nc": 0.00000969528,
    "gwp": 0.543521,
    "ir": 0.00739127,
    "pm": 0.0000484755,
    "wu": 0.0663223
  },
  "2019-03": {
    "adpe": 5.31095e-7,
    "ap": 0.00136675,
    "ctue": 0.226914,
    "ctuh-c": 0.0000189722,
    "ctuh-nc": 0.00000968214,
    "gwp": 0.532097,
    "ir": 0.00734069,
    "pm": 0.0000477231,
    "wu": 0.0655025
  },
  "2019-04": {
    "adpe": 5.3985e-7,
    "ap": 0.00137212,
    "ctue": 0.224781,
    "ctuh-c": 0.0000193602,
    "ctuh-nc": 0.00000987866,
    "gwp": 0.527813,
    "ir": 0.00729264,
    "pm": 0.000048799,
    "wu": 0.0644306
  },
  "2019-05": {
    "adpe": 5.40386e-7,
    "ap": 0.00135335,
    "ctue": 0.222784,
    "ctuh-c": 0.000019061,
    "ctuh-nc": 0.00000972621,
    "gwp": 0.523015,
    "ir": 0.00724696,
    "pm": 0.000047917,
    "wu": 0.0638817
  },
  "2019-06": {
    "adpe": 5.37836e-7,
    "ap": 0.00135421,
    "ctue": 0.224328,
    "ctuh-c": 0.0000186141,
    "ctuh-nc": 0.0000094994,
    "gwp": 0.527983,
    "ir": 0.00730077,
    "pm": 0.0000472858,
    "wu": 0.0643566
  },
  "2019-07": {
    "adpe": 5.28886e-7,
    "ap": 0.00134194,
    "ctue": 0.226615,
    "ctuh-c": 0.0000179235,
    "ctuh-nc": 0.00000914921,
    "gwp": 0.533621,
    "ir": 0.00735321,
    "pm": 0.0000455336,
    "wu": 0.0653586
  },
  "2019-08": {
    "adpe": 5.31078e-7,
    "ap": 0.00134632,
    "ctue": 0.227091,
    "ctuh-c": 0.0000180671,
    "ctuh-nc": 0.00000922231,
    "gwp": 0.534998,
    "ir": 0.00737351,
    "pm": 0.0000457776,
    "wu": 0.0655474
  },
  "2019-09": {
    "adpe": 5.28187e-7,
    "ap": 0.00135902,
    "ctue": 0.225673,
    "ctuh-c": 0.0000186241,
    "ctuh-nc": 0.00000950474,
    "gwp": 0.532493,
    "ir": 0.00735201,
    "pm": 0.0000473101,
    "wu": 0.0648678
  },
  "2019-10": {
    "adpe": 5.19514e-7,
    "ap": 0.00135594,
    "ctue": 0.224443,
    "ctuh-c": 0.0000184261,
    "ctuh-nc": 0.00000940367,
    "gwp": 0.52949,
    "ir": 0.0073333,
    "pm": 0.0000472892,
    "wu": 0.0646225
  },
  "2019-11": {
    "adpe": 5.08343e-7,
    "ap": 0.0013725,
    "ctue": 0.228684,
    "ctuh-c": 0.0000181437,
    "ctuh-nc": 0.00000926128,
    "gwp": 0.537139,
    "ir": 0.00735064,
    "pm": 0.0000470936,
    "wu": 0.0657648
  },
  "2019-12": {
    "adpe": 5.05704e-7,
    "ap": 0.00137186,
    "ctue": 0.231838,
    "ctuh-c": 0.0000177091,
    "ctuh-nc": 0.00000904136,
    "gwp": 0.542924,
    "ir": 0.00739777,
    "pm": 0.0000460161,
    "wu": 0.0669994
  },
  "2020-01": {
    "adpe": 5.12663e-7,
    "ap": 0.00137219,
    "ctue": 0.225864,
    "ctuh-c": 0.0000185745,
    "ctuh-nc": 0.00000947943,
    "gwp": 0.53168,
    "ir": 0.00738218,
    "pm": 0.0000480051,
    "wu": 0.0655247
  },
  "2020-02": {
    "adpe": 5.23961e-7,
    "ap": 0.00137485,
    "ctue": 0.225368,
    "ctuh-c": 0.0000188174,
    "ctuh-nc": 0.00000960269,
    "gwp": 0.529315,
    "ir": 0.00729708,
    "pm": 0.0000484776,
    "wu": 0.0646181
  },
  "2020-03": {
    "adpe": 5.48115e-7,
    "ap": 0.00135256,
    "ctue": 0.221062,
    "ctuh-c": 0.0000190737,
    "ctuh-nc": 0.00000973214,
    "gwp": 0.518297,
    "ir": 0.00725809,
    "pm": 0.0000482691,
    "wu": 0.063809
  },
  "2020-04": {
    "adpe": 5.71546e-7,
    "ap": 0.00137503,
    "ctue": 0.221859,
    "ctuh-c": 0.0000197575,
    "ctuh-nc": 0.0000100798,
    "gwp": 0.520207,
    "ir": 0.00726374,
    "pm": 0.0000498335,
    "wu": 0.0635725
  },
  "2020-05": {
    "adpe": 5.70987e-7,
    "ap": 0.00136169,
    "ctue": 0.222331,
    "ctuh-c": 0.0000191445,
    "ctuh-nc": 0.00000976851,
    "gwp": 0.520031,
    "ir": 0.0072341,
    "pm": 0.0000484891,
    "wu": 0.0636432
  },
  "2020-06": {
    "adpe": 5.5292e-7,
    "ap": 0.00134784,
    "ctue": 0.222777,
    "ctuh-c": 0.0000184009,
    "ctuh-nc": 0.00000939067,
    "gwp": 0.522548,
    "ir": 0.00723105,
    "pm": 0.0000470761,
    "wu": 0.0636366
  },
  "2020-07": {
    "adpe": 5.42353e-7,
    "ap": 0.00132687,
    "ctue": 0.223204,
    "ctuh-c": 0.000017596,
    "ctuh-nc": 0.00000898192,
    "gwp": 0.524807,
    "ir": 0.00726122,
    "pm": 0.0000451478,
    "wu": 0.064073
  },
  "2020-08": {
    "adpe": 5.42416e-7,
    "ap": 0.00133727,
    "ctue": 0.22676,
    "ctuh-c": 0.0000174371,
    "ctuh-nc": 0.00000890209,
    "gwp": 0.532295,
    "ir": 0.00729196,
    "pm": 0.0000448358,
    "wu": 0.0649195
  },
  "2020-09": {
    "adpe": 5.40662e-7,
    "ap": 0.00134879,
    "ctue": 0.223342,
    "ctuh-c": 0.0000182283,
    "ctuh-nc": 0.00000930307,
    "gwp": 0.52498,
    "ir": 0.00724339,
    "pm": 0.0000468751,
    "wu": 0.0637928
  },
  "2020-10": {
    "adpe": 5.33362e-7,
    "ap": 0.00133907,
    "ctue": 0.220777,
    "ctuh-c": 0.0000184662,
    "ctuh-nc": 0.00000942336,
    "gwp": 0.517869,
    "ir": 0.007187,
    "pm": 0.000047121,
    "wu": 0.0632344
  },
  "2020-11": {
    "adpe": 5.29211e-7,
    "ap": 0.00137439,
    "ctue": 0.228931,
    "ctuh-c": 0.0000184571,
    "ctuh-nc": 0.00000942076,
    "gwp": 0.535643,
    "ir": 0.00730895,
    "pm": 0.000047332,
    "wu": 0.065577
  },
  "2020-12": {
    "adpe": 5.21152e-7,
    "ap": 0.00137438,
    "ctue": 0.233946,
    "ctuh-c": 0.0000176637,
    "ctuh-nc": 0.00000901905,
    "gwp": 0.54566,
    "ir": 0.00738223,
    "pm": 0.0000455999,
    "wu": 0.0673961
  },
  "2021-01": {
    "adpe": 5.30328e-7,
    "ap": 0.00136817,
    "ctue": 0.229373,
    "ctuh-c": 0.0000180956,
    "ctuh-nc": 0.00000923722,
    "gwp": 0.536281,
    "ir": 0.00735872,
    "pm": 0.0000465903,
    "wu": 0.066251
  },
  "2021-02": {
    "adpe": 5.41286e-7,
    "ap": 0.0013804,
    "ctue": 0.231126,
    "ctuh-c": 0.0000180684,
    "ctuh-nc": 0.00000922374,
    "gwp": 0.53932,
    "ir": 0.00731332,
    "pm": 0.0000468849,
    "wu": 0.0659364
  },
  "2021-03": {
    "adpe": 5.69371e-7,
    "ap": 0.00135617,
    "ctue": 0.228187,
    "ctuh-c": 0.0000181851,
    "ctuh-nc": 0.00000928261,
    "gwp": 0.531251,
    "ir": 0.00731652,
    "pm": 0.0000461803,
    "wu": 0.0657006
  },
  "2021-04": {
    "adpe": 5.8033e-7,
    "ap": 0.00136086,
    "ctue": 0.226076,
    "ctuh-c": 0.0000187243,
    "ctuh-nc": 0.00000955594,
    "gwp": 0.527708,
    "ir": 0.00728364,
    "pm": 0.0000473244,
    "wu": 0.0646718
  },
  "2021-05": {
    "adpe": 5.88655e-7,
    "ap": 0.00134041,
    "ctue": 0.222337,
    "ctuh-c": 0.0000183846,
    "ctuh-nc": 0.00000938248,
    "gwp": 0.517703,
    "ir": 0.00721149,
    "pm": 0.0000467097,
    "wu": 0.0636903
  },
  "2021-06": {
    "adpe": 5.78204e-7,
    "ap": 0.00134274,
    "ctue": 0.225517,
    "ctuh-c": 0.0000177362,
    "ctuh-nc": 0.00000905371,
    "gwp": 0.527559,
    "ir": 0.00730651,
    "pm": 0.0000456182,
    "wu": 0.0647263
  },
  "2021-07": {
    "adpe": 5.68298e-7,
    "ap": 0.00133144,
    "ctue": 0.227382,
    "ctuh-c": 0.0000170823,
    "ctuh-nc": 0.00000872208,
    "gwp": 0.53141,
    "ir": 0.00732183,
    "pm": 0.0000440374,
    "wu": 0.0654618
  },
  "2021-08": {
    "adpe": 5.68282e-7,
    "ap": 0.0013366,
    "ctue": 0.227801,
    "ctuh-c": 0.0000172093,
    "ctuh-nc": 0.00000878667,
    "gwp": 0.532582,
    "ir": 0.00733028,
    "pm": 0.0000443496,
    "wu": 0.065515
  },
  "2021-09": {
    "adpe": 5.63207e-7,
    "ap": 0.00134692,
    "ctue": 0.224458,
    "ctuh-c": 0.000018082,
    "ctuh-nc": 0.00000922918,
    "gwp": 0.525372,
    "ir": 0.00728146,
    "pm": 0.0000463636,
    "wu": 0.0644851
  },
  "2021-10": {
    "adpe": 5.59749e-7,
    "ap": 0.00134383,
    "ctue": 0.222431,
    "ctuh-c": 0.0000183246,
    "ctuh-nc": 0.00000935178,
    "gwp": 0.520155,
    "ir": 0.00724889,
    "pm": 0.000046916,
    "wu": 0.0639435
  },
  "2021-11": {
    "adpe": 5.48245e-7,
    "ap": 0.00135948,
    "ctue": 0.225768,