year,adpe,ap,ctue,ctuh-c,ctuh-nc,gwp,ir,pm,wu
2019,1.43669e-7,0.0000478319,0.00810744,3.3066e-10,7.21026e-10,0.00384124,0.000364762,0.0000011916,0.00207712
2020,1.64645e-7,0.000050708,0.00871192,3.66878e-10,7.80083e-10,0.00408472,0.000401062,0.00000124807,0.00224243
2021,1.86097e-7,0.0000532299,0.00911359,4.03931e-10,8.29096e-10,0.00423952,0.000431153,0.00000130438,0.00239933
2022,2.18413e-7,0.0000557179,0.00984291,4.496e-10,9.01944e-10,0.00450328,0.000482786,0.00000132878,0.00258511
2023,2.54683e-7,0.0000575507,0.0104786,4.9117e-10,9.72167e-10,0.00472619,0.000537624,0.00000132779,0.00275679
2024,3.02996e-7,0.0000599349,0.0113015,5.32586e-10,1.06685e-9,0.00505035,0.000614612,0.00000131798,0.00297381
2025,3.62006e-7,0.0000625122,0.0123034,5.93185e-10,1.17859e-9,0.00540683,0.000704905,0.00000129993,0.0032352
