year,adpe,ap,ctue,ctuh-c,ctuh-nc,gwp,ir,pm,wu
2019,5.20266e-7,0.00132813,0.223035,0.0000181919,0.00000928441,0.529932,0.00741185,0.0000458265,0.06481
2020,5.36623e-7,0.00132103,0.220759,0.0000181072,0.0000092408,0.5233,0.00734686,0.0000458293,0.0639549
2021,5.57189e-7,0.00131716,0.222712,0.0000176725,0.00000902049,0.525478,0.00736688,0.0000448144,0.0646099
2022,5.85578e-7,0.00130951,0.221234,0.0000176169,0.00000899188,0.520485,0.00731379,0.0000446463,0.0638307
2023,6.19742e-7,0.00128662,0.219913,0.0000175016,0.00000893323,0.51604,0.00731937,0.0000434993,0.0637259
2024,6.62245e-7,0.00126576,0.217365,0.0000171778,0.00000876818,0.508107,0.00729541,0.0000425782,0.0630746
2025,7.37386e-7,0.0012462,0.215218,0.0000168608,0.00000860675,0.500417,0.00730931,0.0000415911,0.0625593
