year,adpe,ap,ctue,ctuh-c,ctuh-nc,gwp,ir,pm,wu
2019,1.43635e-7,0.0000478303,0.00810702,3.30643e-10,7.20964e-10,0.00384104,0.000364708,0.0000011916,0.00207698
2020,1.64598e-7,0.0000507059,0.00871136,3.66856e-10,7.79999e-10,0.00408445,0.000400989,0.00000124809,0.00224224
2021,1.85943e-7,0.0000532223,0.00911169,4.03857e-10,8.28813e-10,0.0042386,0.000430909,0.0000013044,0.00239868
2022,2.18262e-7,0.0000557106,0.00984103,4.49526e-10,9.01667e-10,0.00450237,0.000482548,0.00000132881,0.00258447
2023,2.54391e-7,0.0000575372,0.010475,4.91033e-10,9.71639e-10,0.00472448,0.000537165,0.00000132786,0.00275558
2024,3.02633e-7,0.0000599222,0.0112969,5.32402e-10,1.06621e-9,0.00504833,0.000614042,0.00000131822,0.00297243
2025,3.60682e-7,0.0000625206,0.0123335,5.99202e-10,1.17733e-9,0.00540048,0.000702065,0.0000013036,0.00323641
