{
  "2019-01": {
    "adpe": 6.73888496420431e-7,
    "ap": 0.0002517954192982485,
    "ctue": 0.04025280785828005,
    "ctuh-c": 1.990629964355867e-9,
    "ctuh-nc": 3.5602541842409463e-9,
    "gwp": 0.01855060332367306,
    "ir": 0.0016517395649095798,
    "pm": 0.0000066811213177445695,
    "wu": 0.010931955557470814
  },
  "2019-02": {
    "adpe": 7.026518426494248e-7,
    "ap": 0.0002406544498270254,
    "ctue": 0.040348333520064686,
    "ctuh-c": 1.966035809525291e-9,
    "ctuh-nc": 3.5338463463092353e-9,
    "gwp": 0.018317775747617882,
    "ir": 0.0016926022492933861,
    "pm": 0.000006222825651316046,
    "wu": 0.010621330727292372
  },
  "2019-03": {
    "adpe": 7.299631019826637e-7,
    "ap": 0.00023596101936375295,
    "ctue": 0.04069795970374575,
    "ctuh-c": 1.9878406422575e-9,
    "ctuh-nc": 3.546708404080963e-9,
    "gwp": 0.018263687478452535,
    "ir": 0.0017285613335744807,
    "pm": 0.000006007577133355576,
    "wu": 0.01054775723825883
  },
  "2019-04": {
    "adpe": 7.506572176253688e-7,
    "ap": 0.00023711994159741684,
    "ctue": 0.040399720740875035,
    "ctuh-c": 1.9334059653452445e-9,
    "ctuh-nc": 3.5741317411869668e-9,
    "gwp": 0.01836181179901034,
    "ir": 0.0017658744359103499,
    "pm": 0.000006007971102133075,
    "wu": 0.010597898607826117
  },
  "2019-05": {
    "adpe": 7.427789471257324e-7,
    "ap": 0.0002294464378965031,
    "ctue": 0.04017209165141293,
    "ctuh-c": 1.8991327140303975e-9,
    "ctuh-nc": 3.5160422992916498e-9,
    "gwp": 0.01810936413506774,
    "ir": 0.0017542794019149647,
    "pm": 0.000005739289150104599,
    "wu": 0.01030727269889261
  },
  "2019-06": {
    "adpe": 7.65490718651859e-7,
    "ap": 0.00023004526641975928,
    "ctue": 0.04019256377702138,
    "ctuh-c": 1.8837006867806565e-9,
    "ctuh-nc": 3.5485555524831526e-9,
    "gwp": 0.018203497303968374,
    "ir": 0.0017905238800845844,
    "pm": 0.0000057190890433653475,
    "wu": 0.01036984794501478
  },
  "2019-07": {
    "adpe": 7.698883561512903e-7,
    "ap": 0.0002366596203349978,
    "ctue": 0.04031324798119468,
    "ctuh-c": 1.9046828803945954e-9,
    "ctuh-nc": 3.594365989172543e-9,
    "gwp": 0.018413726491391325,
    "ir": 0.0017979169251803742,
    "pm": 0.000005953868894857925,
    "wu": 0.010609016626236674
  },
  "2019-08": {
    "adpe": 7.679178238125617e-7,
    "ap": 0.00023768064523701346,
    "ctue": 0.04032745608435011,
    "ctuh-c": 1.9103435897731394e-9,
    "ctuh-nc": 3.597870939949966e-9,
    "gwp": 0.01843505183081577,
    "ir": 0.0017946091384980747,
    "pm": 0.000005995445393803584,
    "wu": 0.010641358979834968
  },
  "2019-09": {
    "adpe": 7.655603531181235e-7,
    "ap": 0.00023607900898297876,
    "ctue": 0.04068232486919194,
    "ctuh-c": 1.9589987367910472e-9,
    "ctuh-nc": 3.5916139091422365e-9,
    "gwp": 0.01837916690580927,
    "ir": 0.001784849474350529,
    "pm": 0.000005946913516336376,
    "wu": 0.010616218463651808
  },
  "2019-10": {
    "adpe": 7.433548692222424e-7,
    "ap": 0.00023790161083198208,
    "ctue": 0.040590544959447056,
    "ctuh-c": 1.9665111251297722e-9,
    "ctuh-nc": 3.5726523130473137e-9,
    "gwp": 0.01836034629156227,
    "ir": 0.001751552233124134,
    "pm": 0.00000605295209663656,
    "wu": 0.010628173752834685
  },
  "2019-11": {
    "adpe": 7.008084929445651e-7,
    "ap": 0.00024026269356827804,
    "ctue": 0.0403707824108142,
    "ctuh-c": 1.9697836351741405e-9,
    "ctuh-nc": 3.5296992263053345e-9,
    "gwp": 0.01830100569432447,
    "ir": 0.00168930735028979,
    "pm": 0.000006212105351482897,
    "wu": 0.010606750073368757
  },
  "2019-12": {
    "adpe": 6.866106012723488e-7,
    "ap": 0.00024065595518316595,
    "ctue": 0.04040797158919439,
    "ctuh-c": 1.989153148291448e-9,
    "ctuh-nc": 3.5143124580518083e-9,
    "gwp": 0.018259537491186143,
    "ir": 0.001665485713721638,
    "pm": 0.000006254580982572877,
    "wu": 0.010599137944947339
  },
  "2020-01": {
    "adpe": 7.036994500837281e-7,
    "ap": 0.0002394890744766103,
    "ctue": 0.04072257582345692,
    "ctuh-c": 2.0187513974505718e-9,
    "ctuh-nc": 3.5340875996308465e-9,
    "gwp": 0.018276125923703507,
    "ir": 0.0016868854712656256,
    "pm": 0.0000061862580067702535,
    "wu": 0.010621253496450801
  },
  "2020-02": {
    "adpe": 7.28317978536295e-7,
    "ap": 0.00023093906684948932,
    "ctue": 0.04114514234947416,
    "ctuh-c": 2.0480289476933275e-9,
    "ctuh-nc": 3.5224988773615124e-9,
    "gwp": 0.01809892190513738,
    "ir": 0.0017161425687340012,
    "pm": 0.0000058365360827138406,
    "wu": 0.010421058785344852
  },
  "2020-03": {
    "adpe": 7.610958022356483e-7,
    "ap": 0.00023384556051836937,
    "ctue": 0.04096203412279195,
    "ctuh-c": 2.0012743388021076e-9,
    "ctuh-nc": 3.5772601046786106e-9,
    "gwp": 0.01828963472863962,
    "ir": 0.0017716663245001746,
    "pm": 0.0000058797920620573215,
    "wu": 0.010561491007485187
  },
  "2020-04": {
    "adpe": 8.159664792310025e-7,
    "ap": 0.00023711762502136053,
    "ctue": 0.0410236331468613,
    "ctuh-c": 1.9739366315435554e-9,
    "ctuh-nc": 3.6654998726368006e-9,
    "gwp": 0.018554590487585294,
    "ir": 0.0018576100113797283,
    "pm": 0.000005901152116771149,
    "wu": 0.010778879151981613
  },
  "2020-05": {
    "adpe": 8.052691003542263e-7,
    "ap": 0.00023189445247406355,
    "ctue": 0.04085545952813058,
    "ctuh-c": 1.9516652709515815e-9,
    "ctuh-nc": 3.6192721693601646e-9,
    "gwp": 0.018369127604284084,
    "ir": 0.00184191640941024,
    "pm": 0.000005727108683382482,
    "wu": 0.010569139837048176
  },
  "2020-06": {
    "adpe": 7.844352810692205e-7,
    "ap": 0.00022972012096063896,
    "ctue": 0.04041441529069401,
    "ctuh-c": 1.9027713463333644e-9,
    "ctuh-nc": 3.573501982056581e-9,
    "gwp": 0.018244020900253996,
    "ir": 0.0018156847504329366,
    "pm": 0.000005678102431691797,
    "wu": 0.010416782626682903
  },
  "2020-07": {
    "adpe": 7.955518718929582e-7,
    "ap": 0.0002291716465874793,
    "ctue": 0.04060556261862249,
    "ctuh-c": 1.918540958283374e-9,
    "ctuh-nc": 3.5876878528546398e-9,
    "gwp": 0.01826620421268726,
    "ir": 0.0018305230228722743,
    "pm": 0.000005640051837886951,
    "wu": 0.010435596157752521
  },
  "2020-08": {
    "adpe": 7.944679256980912e-7,
    "ap": 0.0002350324538544434,
    "ctue": 0.04057984085770038,
    "ctuh-c": 1.9218968140105006e-9,
    "ctuh-nc": 3.619962017498482e-9,
    "gwp": 0.018439224086721342,
    "ir": 0.001831547590350374,
    "pm": 0.000005854641383244434,
    "wu": 0.010625592336765098
  },
  "2020-09": {
    "adpe": 7.830203520872234e-7,
    "ap": 0.00023297684587565918,
    "ctue": 0.04087730513419872,
    "ctuh-c": 1.9697215960318167e-9,
    "ctuh-nc": 3.5986243872538402e-9,
    "gwp": 0.018339399526746243,
    "ir": 0.0018079651692599055,
    "pm": 0.000005805626505833074,
    "wu": 0.010563776498449657
  },
  "2020-10": {
    "adpe": 7.411109656038774e-7,
    "ap": 0.00022893974315389923,
    "ctue": 0.04085761884076614,
    "ctuh-c": 1.993399579079818e-9,
    "ctuh-nc": 3.5226385733293914e-9,
    "gwp": 0.018088964186369773,
    "ir": 0.001741073800488556,
    "pm": 0.0000057341980705738564,
    "wu": 0.010349693723310805
  },
  "2020-11": {
    "adpe": 7.255151729052855e-7,
    "ap": 0.000235544705552841,
    "ctue": 0.040812229766806055,
    "ctuh-c": 2.0044715033730766e-9,
    "ctuh-nc": 3.5409991168468904e-9,
    "gwp": 0.018242305117947458,
    "ir": 0.0017203040522437948,
    "pm": 0.000006001178373982583,
    "wu": 0.01053475060074813
  },
  "2020-12": {
    "adpe": 7.03151553459266e-7,
    "ap": 0.00024274776703599364,
    "ctue": 0.040773610647039916,
    "ctuh-c": 2.027209751581462e-9,
    "ctuh-nc": 3.5536099600432495e-9,
    "gwp": 0.01837871034812449,
    "ir": 0.0016873235592071462,
    "pm": 0.000006305157733356505,
    "wu": 0.010731304541015332
  },
  "2021-01": {
    "adpe": 7.126096654679282e-7,
    "ap": 0.00024369535747585517,
    "ctue": 0.04065765728432221,
    "ctuh-c": 2.0053088585867986e-9,