year,adpe,ap,ctue,ctuh-c,ctuh-nc,gwp,ir,pm,wu
2019,5.18904e-7,0.00132771,0.223101,0.0000179526,0.00000916275,0.530038,0.00741324,0.0000456157,0.0648181
2020,5.35214e-7,0.00132057,0.220826,0.0000178612,0.0000091157,0.523409,0.00734831,0.0000456114,0.0639635
2021,5.55871e-7,0.00131671,0.222779,0.0000174359,0.00000890022,0.525587,0.00736842,0.0000446038,0.0646194
2022,5.84329e-7,0.001309,0.221285,0.0000173933,0.00000887822,0.520557,0.00731489,0.0000444447,0.0638364
2023,6.1851e-7,0.00128616,0.219967,0.0000172807,0.00000882095,0.516119,0.0073205,0.0000433021,0.0637318
2024,6.61068e-7,0.00126529,0.217461,0.0000169503,0.00000865254,0.508294,0.00729757,0.0000423642,0.0630973
2025,7.16893e-7,0.00125715,0.214694,0.0000171944,0.00000877591,0.499572,0.00729153,0.0000426772,0.0623443
