{
  "2019-01": {
    "adpe": 4.92526e-7,
    "ap": 0.00134153,
    "ctue": 0.226492,
    "ctuh-c": 0.0000176067,
    "ctuh-nc": 0.00000898774,
    "gwp": 0.53779,
    "ir": 0.00748473,
    "pm": 0.0000454064,
    "wu": 0.0662596
  },
  "2019-02": {
    "adpe": 5.01989e-7,
    "ap": 0.00135657,
    "ctue": 0.226999,
    "ctuh-c": 0.0000180444,
    "ctuh-nc": 0.00000921015,
    "gwp": 0.539341,
    "ir": 0.00745866,
    "pm": 0.0000465125,
    "wu": 0.065712
  },
  "2019-03": {
    "adpe": 5.21777e-7,
    "ap": 0.00132953,
    "ctue": 0.22305,
    "ctuh-c": 0.0000179669,
    "ctuh-nc": 0.00000916999,
    "gwp": 0.528526,
    "ir": 0.00740888,
    "pm": 0.0000457529,
    "wu": 0.0649528
  },
  "2019-04": {
    "adpe": 5.3131e-7,
    "ap": 0.00133334,
    "ctue": 0.220856,
    "ctuh-c": 0.0000183342,
    "ctuh-nc": 0.00000935596,
    "gwp": 0.524209,
    "ir": 0.00736508,
    "pm": 0.0000467367,
    "wu": 0.0638989
  },
  "2019-05": {
    "adpe": 5.32814e-7,
    "ap": 0.00131585,
    "ctue": 0.218951,
    "ctuh-c": 0.0000180352,
    "ctuh-nc": 0.00000920368,
    "gwp": 0.519487,
    "ir": 0.00731935,
    "pm": 0.0000459081,
    "wu": 0.0633586
  },
  "2019-06": {
    "adpe": 5.30809e-7,
    "ap": 0.00131653,
    "ctue": 0.220434,
    "ctuh-c": 0.0000175791,
    "ctuh-nc": 0.00000897219,
    "gwp": 0.524177,
    "ir": 0.00737009,
    "pm": 0.0000452736,
    "wu": 0.0638111
  },
  "2019-07": {
    "adpe": 5.22678e-7,
    "ap": 0.00130642,
    "ctue": 0.222836,
    "ctuh-c": 0.000016956,
    "ctuh-nc": 0.00000865629,
    "gwp": 0.529816,
    "ir": 0.00741777,
    "pm": 0.0000436692,
    "wu": 0.0648059
  },
  "2019-08": {
    "adpe": 5.24909e-7,
    "ap": 0.00131066,
    "ctue": 0.22329,
    "ctuh-c": 0.0000170702,
    "ctuh-nc": 0.00000871444,
    "gwp": 0.531129,
    "ir": 0.0074376,
    "pm": 0.0000438893,
    "wu": 0.0649834
  },
  "2019-09": {
    "adpe": 5.23172e-7,
    "ap": 0.00132186,
    "ctue": 0.221713,
    "ctuh-c": 0.0000177757,
    "ctuh-nc": 0.00000907236,
    "gwp": 0.528481,
    "ir": 0.00741887,
    "pm": 0.0000454756,
    "wu": 0.0643003
  },
  "2019-10": {
    "adpe": 5.17016e-7,
    "ap": 0.00131934,
    "ctue": 0.220412,
    "ctuh-c": 0.0000179518,
    "ctuh-nc": 0.00000916149,
    "gwp": 0.525469,
    "ir": 0.00740075,
    "pm": 0.00004577,
    "wu": 0.0640568
  },
  "2019-11": {
    "adpe": 5.06085e-7,
    "ap": 0.00133547,
    "ctue": 0.224519,
    "ctuh-c": 0.0000177084,
    "ctuh-nc": 0.00000903889,
    "gwp": 0.53287,
    "ir": 0.00741666,
    "pm": 0.0000456088,
    "wu": 0.0651596
  },
  "2019-12": {
    "adpe": 5.03018e-7,
    "ap": 0.00133639,
    "ctue": 0.227721,
    "ctuh-c": 0.0000173239,
    "ctuh-nc": 0.00000884442,
    "gwp": 0.538657,
    "ir": 0.00745949,
    "pm": 0.0000446458,
    "wu": 0.0663773
  },
  "2020-01": {
    "adpe": 5.08499e-7,
    "ap": 0.00133555,
    "ctue": 0.221842,
    "ctuh-c": 0.0000181297,
    "ctuh-nc": 0.00000925219,
    "gwp": 0.52781,
    "ir": 0.00744773,
    "pm": 0.0000465055,
    "wu": 0.0649437
  },
  "2020-02": {
    "adpe": 5.18209e-7,
    "ap": 0.00133689,
    "ctue": 0.221254,
    "ctuh-c": 0.0000183029,
    "ctuh-nc": 0.00000934001,
    "gwp": 0.525447,
    "ir": 0.00736713,
    "pm": 0.0000468735,
    "wu": 0.064053
  },
  "2020-03": {
    "adpe": 5.40378e-7,
    "ap": 0.001316,
    "ctue": 0.217158,
    "ctuh-c": 0.000018576,
    "ctuh-nc": 0.00000947805,
    "gwp": 0.514982,
    "ir": 0.00732912,
    "pm": 0.0000467142,
    "wu": 0.0632865
  },
  "2020-04": {
    "adpe": 5.62172e-7,
    "ap": 0.00133572,
    "ctue": 0.217775,
    "ctuh-c": 0.0000191577,
    "ctuh-nc": 0.00000977375,
    "gwp": 0.516749,
    "ir": 0.00733918,
    "pm": 0.0000480905,
    "wu": 0.063048
  },
  "2020-05": {
    "adpe": 5.62778e-7,
    "ap": 0.00132404,
    "ctue": 0.218341,
    "ctuh-c": 0.0000185657,
    "ctuh-nc": 0.0000094732,
    "gwp": 0.516538,
    "ir": 0.00730658,
    "pm": 0.0000468343,
    "wu": 0.0631194
  },
  "2020-06": {
    "adpe": 5.47205e-7,
    "ap": 0.0013115,
    "ctue": 0.218885,
    "ctuh-c": 0.0000178141,
    "ctuh-nc": 0.0000090913,
    "gwp": 0.518963,
    "ir": 0.0073023,
    "pm": 0.000045464,
    "wu": 0.0631255
  },
  "2020-07": {
    "adpe": 5.39844e-7,
    "ap": 0.00129297,
    "ctue": 0.219458,
    "ctuh-c": 0.0000170681,
    "ctuh-nc": 0.00000871253,
    "gwp": 0.521166,
    "ir": 0.00732906,
    "pm": 0.0000436813,
    "wu": 0.0635631
  },
  "2020-08": {
    "adpe": 5.40866e-7,
    "ap": 0.00130329,
    "ctue": 0.222922,
    "ctuh-c": 0.0000169044,
    "ctuh-nc": 0.00000863022,
    "gwp": 0.52836,
    "ir": 0.00735826,
    "pm": 0.000043382,
    "wu": 0.0643785
  },
  "2020-09": {
    "adpe": 5.38596e-7,
    "ap": 0.0013125,
    "ctue": 0.219402,
    "ctuh-c": 0.0000176712,
    "ctuh-nc": 0.00000901882,
    "gwp": 0.521105,
    "ir": 0.00731468,
    "pm": 0.0000452941,
    "wu": 0.0632635
  },
  "2020-10": {
    "adpe": 5.29443e-7,
    "ap": 0.00130314,
    "ctue": 0.216928,
    "ctuh-c": 0.0000179233,
    "ctuh-nc": 0.00000914632,
    "gwp": 0.514306,
    "ir": 0.00725809,
    "pm": 0.0000455528,
    "wu": 0.0627223
  },
  "2020-11": {
    "adpe": 5.24355e-7,
    "ap": 0.00133715,
    "ctue": 0.2248,
    "ctuh-c": 0.0000179215,
    "ctuh-nc": 0.00000914737,
    "gwp": 0.531503,
    "ir": 0.00737516,
    "pm": 0.0000457589,
    "wu": 0.0649857
  },
  "2020-12": {
    "adpe": 5.16107e-7,
    "ap": 0.00133916,
    "ctue": 0.229867,
    "ctuh-c": 0.0000171808,
    "ctuh-nc": 0.00000877243,
    "gwp": 0.541399,
    "ir": 0.00744137,
    "pm": 0.0000441712,
    "wu": 0.0667716
  },
  "2021-01": {
    "adpe": 5.24938e-7,
    "ap": 0.00133218,
    "ctue": 0.225317,
    "ctuh-c": 0.0000176261,
    "ctuh-nc": 0.00000899743,
    "gwp": 0.532175,
    "ir": 0.00741932,
    "pm": 0.000045121,
    "wu": 0.0656446
  },
  "2021-02": {
    "adpe": 5.3518e-7,
    "ap": 0.00134274,
    "ctue": 0.226886,
    "ctuh-c": 0.0000175444,
    "ctuh-nc": 0.0000089562,
    "gwp": 0.535005,
    "ir": 0.007378,
    "pm": 0.0000453199,
    "wu": 0.0653264
  },
  "2021-03": {
    "adpe": 5.62604e-7,
    "ap": 0.00132058,
    "ctue": 0.224199,
    "ctuh-c": 0.0000176688,
    "ctuh-nc": 0.00000901909,
    "gwp": 0.527431,
    "ir": 0.00738098,
    "pm": 0.0000446838,
    "wu": 0.0651297
  },
  "2021-04": {
    "adpe": 5.73141e-7,
    "ap": 0.00132429,
    "ctue": 0.222076,
    "ctuh-c": 0.0000181234,
    "ctuh-nc": 0.00000924938,
    "gwp": 0.524035,
    "ir": 0.00735412,
    "pm": 0.0000457107,
    "wu": 0.0641325
  },
  "2021-05": {
    "adpe": 5.81622e-7,
    "ap": 0.00130501,
    "ctue": 0.21853,
    "ctuh-c": 0.0000178196,
    "ctuh-nc": 0.00000909419,
    "gwp": 0.514443,
    "ir": 0.00728368,
    "pm": 0.0000451439,
    "wu": 0.0631984
  },
  "2021-06": {
    "adpe": 5.72085e-7,
    "ap": 0.00130765,
    "ctue": 0.221615,
    "ctuh-c": 0.0000171978,
    "ctuh-nc": 0.00000877898,
    "gwp": 0.523843,
    "ir": 0.00737283,
    "pm": 0.0000441123,
    "wu": 0.06419
  },
  "2021-07": {
    "adpe": 5.631e-7,
    "ap": 0.00129779,
    "ctue": 0.223549,
    "ctuh-c": 0.0000165634,
    "ctuh-nc": 0.00000845723,
    "gwp": 0.527604,
    "ir": 0.00738401,
    "pm": 0.0000426129,
    "wu": 0.0649119
  },
  "2021-08": {
    "adpe": 5.63173e-7,
    "ap": 0.00130274,
    "ctue": 0.223946,
    "ctuh-c": 0.0000166671,
    "ctuh-nc": 0.00000850997,
    "gwp": 0.528715,
    "ir": 0.00739252,
    "pm": 0.0000429021,
    "wu": 0.0649589
  },
  "2021-09": {
    "adpe": 5.58006e-7,
    "ap": 0.00131102,
    "ctue": 0.220552,
    "ctuh-c": 0.000017462,
    "ctuh-nc": 0.00000891291,
    "gwp": 0.521623,
    "ir": 0.00734926,
    "pm": 0.0000447537,
    "wu": 0.0639456
  },
  "2021-10": {
    "adpe": 5.5481e-7,
    "ap": 0.00130788,
    "ctue": 0.218556,
    "ctuh-c": 0.0000177346,
    "ctuh-nc": 0.00000905078,
    "gwp": 0.516588,
    "ir": 0.00731906,
    "pm": 0.0000453132,
    "wu": 0.0634228
  },
  "2021-11": {
    "adpe": 5.43285e-7,
    "ap": 0.00132345,
    "ctue": 0.221827,
    "ctuh-c": 0.0000177244,