year,adpe,ap,ctue,ctuh-c,ctuh-nc,gwp,ir,pm,wu
2019,1.4361e-7,0.000049776,0.00810105,3.29452e-10,7.32564e-10,0.00390607,0.00036635,0.00000126091,0.00213919
2020,1.64532e-7,0.0000528179,0.00870043,3.65297e-10,7.9241e-10,0.00415407,0.00040267,0.00000132349,0.00230951
2021,1.86054e-7,0.0000552928,0.00910459,4.02371e-10,8.41318e-10,0.00430827,0.000432888,0.00000137788,0.00246506
2022,2.18097e-7,0.0000576352,0.00982832,4.47731e-10,9.12814e-10,0.0045657,0.000483984,0.00000139763,0.00264528
2023,2.5426e-7,0.0000593869,0.0104564,4.88516e-10,9.8226e-10,0.00478515,0.000538651,0.00000139391,0.00281356
2024,3.02739e-7,0.0000621006,0.0112886,5.30784e-10,1.07933e-9,0.00512145,0.000616102,0.00000139556,0.00304221
2025,3.68539e-7,0.0000652085,0.0123178,5.84578e-10,1.20415e-9,0.00553146,0.000718893,0.00000138147,0.003332
2026,4.14942e-7,0.0000672534,0.0131587,6.31622e-10,1.2944e-9,0.00583373,0.000791761,0.00000136426,0.00353735
