year,adpe,ap,ctue,ctuh-c,ctuh-nc,gwp,ir,pm,wu
2019,1.43669e-7,0.000047832,0.00810745,3.3066e-10,7.21028e-10,0.00384125,0.000364762,0.0000011916,0.00207713
2020,1.64654e-7,0.0000507081,0.00871206,3.66885e-10,7.80097e-10,0.00408476,0.000401075,0.00000124806,0.00224246
2021,1.8608e-7,0.0000532285,0.00911334,4.03921e-10,8.2906e-10,0.00423939,0.000431125,0.00000130436,0.00239924
2022,2.18381e-7,0.0000557158,0.00984204,4.49541e-10,9.0187e-10,0.00450301,0.000482735,0.00000132877,0.00258493
2023,2.54656e-7,0.0000575492,0.0104781,4.9114e-10,9.72115e-10,0.00472601,0.000537583,0.00000132779,0.00275667
2024,3.0289e-7,0.0000599301,0.0113004,5.32532e-10,1.06666e-9,0.00504981,0.000614452,0.000001318,0.00297337
2025,3.79515e-7,0.0000631745,0.0124011,5.86626e-10,1.20727e-9,0.0055019,0.000733731,0.00000128944,0.00329322
