{
  "2019-01": {
    "adpe": 4.89028e-7,
    "ap": 0.00129246,
    "ctue": 0.224304,
    "ctuh-c": 0.0000170803,
    "ctuh-nc": 0.0000087202,
    "gwp": 0.534466,
    "ir": 0.00746555,
    "pm": 0.0000426228,
    "wu": 0.0660302
  },
  "2019-02": {
    "adpe": 4.97214e-7,
    "ap": 0.00130424,
    "ctue": 0.224736,
    "ctuh-c": 0.0000174175,
    "ctuh-nc": 0.00000889152,
    "gwp": 0.535872,
    "ir": 0.00743982,
    "pm": 0.0000434801,
    "wu": 0.065514
  },
  "2019-03": {
    "adpe": 5.16599e-7,
    "ap": 0.00128005,
    "ctue": 0.220964,
    "ctuh-c": 0.0000174407,
    "ctuh-nc": 0.00000890257,
    "gwp": 0.525529,
    "ir": 0.00739172,
    "pm": 0.0000429205,
    "wu": 0.0647774
  },
  "2019-04": {
    "adpe": 5.24006e-7,
    "ap": 0.0012824,
    "ctue": 0.218882,
    "ctuh-c": 0.0000177428,
    "ctuh-nc": 0.00000905545,
    "gwp": 0.521523,
    "ir": 0.00735048,
    "pm": 0.0000437477,
    "wu": 0.0637939
  },
  "2019-05": {
    "adpe": 5.24921e-7,
    "ap": 0.00126693,
    "ctue": 0.217141,
    "ctuh-c": 0.0000175046,
    "ctuh-nc": 0.00000893407,
    "gwp": 0.517222,
    "ir": 0.00730831,
    "pm": 0.0000430469,
    "wu": 0.0632996
  },
  "2019-06": {
    "adpe": 5.22744e-7,
    "ap": 0.00126847,
    "ctue": 0.21862,
    "ctuh-c": 0.000017106,
    "ctuh-nc": 0.00000873179,
    "gwp": 0.521829,
    "ir": 0.00735645,
    "pm": 0.0000425062,
    "wu": 0.0637404
  },
  "2019-07": {
    "adpe": 5.1549e-7,
    "ap": 0.00126102,
    "ctue": 0.220922,
    "ctuh-c": 0.0000165467,
    "ctuh-nc": 0.00000844829,
    "gwp": 0.527149,
    "ir": 0.00740162,
    "pm": 0.0000411273,
    "wu": 0.064674
  },
  "2019-08": {
    "adpe": 5.17062e-7,
    "ap": 0.00126507,
    "ctue": 0.221421,
    "ctuh-c": 0.0000166716,
    "ctuh-nc": 0.00000851192,
    "gwp": 0.528521,
    "ir": 0.0074195,
    "pm": 0.0000413355,
    "wu": 0.0648578
  },
  "2019-09": {
    "adpe": 5.14019e-7,
    "ap": 0.00127311,
    "ctue": 0.219862,
    "ctuh-c": 0.0000171148,
    "ctuh-nc": 0.00000873646,
    "gwp": 0.525897,
    "ir": 0.00740143,
    "pm": 0.0000425394,
    "wu": 0.0642008
  },
  "2019-10": {
    "adpe": 5.06286e-7,
    "ap": 0.00126979,
    "ctue": 0.218712,
    "ctuh-c": 0.0000169199,
    "ctuh-nc": 0.00000863703,
    "gwp": 0.523167,
    "ir": 0.00738527,
    "pm": 0.0000424856,
    "wu": 0.0639703
  },
  "2019-11": {
    "adpe": 4.96392e-7,
    "ap": 0.00128525,
    "ctue": 0.222608,
    "ctuh-c": 0.000016674,
    "ctuh-nc": 0.00000851307,
    "gwp": 0.530218,
    "ir": 0.00740251,
    "pm": 0.0000423296,
    "wu": 0.0650233
  },
  "2019-12": {
    "adpe": 4.94514e-7,
    "ap": 0.00128766,
    "ctue": 0.225719,
    "ctuh-c": 0.0000163291,
    "ctuh-nc": 0.00000833872,
    "gwp": 0.535808,
    "ir": 0.00744471,
    "pm": 0.0000415062,
    "wu": 0.0661837
  },
  "2020-01": {
    "adpe": 4.99083e-7,
    "ap": 0.0012846,
    "ctue": 0.21997,
    "ctuh-c": 0.0000170723,
    "ctuh-nc": 0.00000871473,
    "gwp": 0.525209,
    "ir": 0.00743142,
    "pm": 0.0000431601,
    "wu": 0.0647967
  },
  "2020-02": {
    "adpe": 5.09029e-7,
    "ap": 0.00128485,
    "ctue": 0.219373,
    "ctuh-c": 0.0000172516,
    "ctuh-nc": 0.00000880568,
    "gwp": 0.522847,
    "ir": 0.00735399,
    "pm": 0.0000434664,
    "wu": 0.0639499
  },
  "2020-03": {
    "adpe": 5.3107e-7,
    "ap": 0.00126532,
    "ctue": 0.215482,
    "ctuh-c": 0.0000174964,
    "ctuh-nc": 0.00000892937,
    "gwp": 0.512831,
    "ir": 0.00731781,
    "pm": 0.0000433228,
    "wu": 0.0632117
  },
  "2020-04": {
    "adpe": 5.51461e-7,
    "ap": 0.00128189,
    "ctue": 0.216022,
    "ctuh-c": 0.0000180322,
    "ctuh-nc": 0.00000920175,
    "gwp": 0.514485,
    "ir": 0.0073269,
    "pm": 0.000044501,
    "wu": 0.0629884
  },
  "2020-05": {
    "adpe": 5.51666e-7,
    "ap": 0.00127236,
    "ctue": 0.216551,
    "ctuh-c": 0.0000175301,
    "ctuh-nc": 0.00000894685,
    "gwp": 0.514347,
    "ir": 0.00729757,
    "pm": 0.0000434472,
    "wu": 0.0630505
  },
  "2020-06": {
    "adpe": 5.36185e-7,
    "ap": 0.00126232,
    "ctue": 0.217125,
    "ctuh-c": 0.0000169004,
    "ctuh-nc": 0.00000862696,
    "gwp": 0.516792,
    "ir": 0.00729341,
    "pm": 0.0000423055,
    "wu": 0.0630645
  },
  "2020-07": {
    "adpe": 5.27434e-7,
    "ap": 0.00124693,
    "ctue": 0.21776,
    "ctuh-c": 0.0000162352,
    "ctuh-nc": 0.00000828919,
    "gwp": 0.519065,
    "ir": 0.00731807,
    "pm": 0.0000407576,
    "wu": 0.0634902
  },
  "2020-08": {
    "adpe": 5.27502e-7,
    "ap": 0.00125694,
    "ctue": 0.221017,
    "ctuh-c": 0.0000160973,
    "ctuh-nc": 0.00000821993,
    "gwp": 0.525891,
    "ir": 0.00734559,
    "pm": 0.0000405062,
    "wu": 0.0642592
  },
  "2020-09": {
    "adpe": 5.25266e-7,
    "ap": 0.00126365,
    "ctue": 0.217684,
    "ctuh-c": 0.0000167447,
    "ctuh-nc": 0.00000854791,
    "gwp": 0.519037,
    "ir": 0.00730434,
    "pm": 0.0000421411,
    "wu": 0.0632132
  },
  "2020-10": {
    "adpe": 5.18336e-7,
    "ap": 0.00125445,
    "ctue": 0.215282,
    "ctuh-c": 0.0000169626,
    "ctuh-nc": 0.00000865808,
    "gwp": 0.51247,
    "ir": 0.00725216,
    "pm": 0.0000423604,
    "wu": 0.0626846
  },
  "2020-11": {
    "adpe": 5.14444e-7,
    "ap": 0.00128644,
    "ctue": 0.222719,
    "ctuh-c": 0.000016957,
    "ctuh-nc": 0.00000865708,
    "gwp": 0.528713,
    "ir": 0.00736407,
    "pm": 0.0000425415,
    "wu": 0.0648276
  },
  "2020-12": {
    "adpe": 5.07947e-7,
    "ap": 0.00129138,
    "ctue": 0.227732,
    "ctuh-c": 0.0000163143,
    "ctuh-nc": 0.00000833189,
    "gwp": 0.538457,
    "ir": 0.00742953,
    "pm": 0.0000412078,
    "wu": 0.0665579
  },
  "2021-01": {
    "adpe": 5.16643e-7,
    "ap": 0.00128235,
    "ctue": 0.223214,
    "ctuh-c": 0.000016662,
    "ctuh-nc": 0.00000850731,
    "gwp": 0.529112,
    "ir": 0.00740275,
    "pm": 0.0000419698,
    "wu": 0.065417
  },
  "2021-02": {
    "adpe": 5.2615e-7,
    "ap": 0.00129037,
    "ctue": 0.224581,
    "ctuh-c": 0.0000165825,
    "ctuh-nc": 0.00000846718,
    "gwp": 0.531527,
    "ir": 0.00736062,
    "pm": 0.0000420672,
    "wu": 0.065093
  },
  "2021-03": {
    "adpe": 5.51611e-7,
    "ap": 0.00127255,
    "ctue": 0.222256,
    "ctuh-c": 0.0000167651,
    "ctuh-nc": 0.00000855966,
    "gwp": 0.525078,
    "ir": 0.00737173,
    "pm": 0.000041638,
    "wu": 0.0649782
  },
  "2021-04": {
    "adpe": 5.60427e-7,
    "ap": 0.00127456,
    "ctue": 0.220221,
    "ctuh-c": 0.0000172018,
    "ctuh-nc": 0.00000878094,
    "gwp": 0.521808,
    "ir": 0.00734305,
    "pm": 0.000042537,
    "wu": 0.0640293
  },
  "2021-05": {
    "adpe": 5.7018e-7,
    "ap": 0.00125631,
    "ctue": 0.216768,
    "ctuh-c": 0.0000168996,
    "ctuh-nc": 0.0000086266,
    "gwp": 0.512315,
    "ir": 0.00727325,
    "pm": 0.0000420178,
    "wu": 0.0630949
  },
  "2021-06": {
    "adpe": 5.58372e-7,
    "ap": 0.00126229,
    "ctue": 0.220101,
    "ctuh-c": 0.000016358,
    "ctuh-nc": 0.00000835215,
    "gwp": 0.522345,
    "ir": 0.00736469,
    "pm": 0.0000411803,
    "wu": 0.0641518
  },
  "2021-07": {
    "adpe": 5.50993e-7,
    "ap": 0.0012536,
    "ctue": 0.221833,
    "ctuh-c": 0.0000158031,
    "ctuh-nc": 0.00000807079,
    "gwp": 0.525474,
    "ir": 0.00737215,
    "pm": 0.0000398588,
    "wu": 0.0648008
  },
  "2021-08": {
    "adpe": 5.49976e-7,
    "ap": 0.0012583,
    "ctue": 0.222194,
    "ctuh-c": 0.000015915,
    "ctuh-nc": 0.00000812768,
    "gwp": 0.526567,
    "ir": 0.00737959,
    "pm": 0.0000401433,
    "wu": 0.0648468
  },
  "2021-09": {
    "adpe": 5.46623e-7,
    "ap": 0.00126293,
    "ctue": 0.218726,
    "ctuh-c": 0.0000166356,
    "ctuh-nc": 0.00000849289,
    "gwp": 0.519283,
    "ir": 0.00733665,
    "pm": 0.0000417449,
    "wu": 0.0638323
  },
  "2021-10": {
    "adpe": 5.41566e-7,
    "ap": 0.00126014,
    "ctue": 0.216925,
    "ctuh-c": 0.0000168608,
    "ctuh-nc": 0.00000860671,
    "gwp": 0.51481,
    "ir": 0.00730672,
    "pm": 0.0000422435,
    "wu": 0.0633409
  },
  "2021-11": {
    "adpe": 5.31905e-7,
    "ap": 0.00127491,
    "ctue": 0.22008,