year,adpe,ap,ctue,ctuh-c,ctuh-nc,gwp,ir,pm,wu
2019,1.43642e-7,0.0000478322,0.00810693,3.30638e-10,7.20982e-10,0.00384109,0.000364719,0.00000119167,0.00207706
2020,1.64601e-7,0.0000507076,0.00871075,3.66843e-10,7.79989e-10,0.00408432,0.000400979,0.00000124817,0.00224229
2021,1.8583e-7,0.0000531716,0.00911026,4.03779e-10,8.28338e-10,0.00423649,0.000430705,0.00000130279,0.00239672
2022,2.17988e-7,0.0000556246,0.00983804,4.49393e-10,9.00747e-10,0.0044985,0.000482076,0.00000132622,0.00258095
2023,2.5387e-7,0.0000574906,0.0104671,4.90688e-10,9.70514e-10,0.00472037,0.000536315,0.00000132722,0.00275263
2024,3.01899e-7,0.0000598411,0.0112847,5.31918e-10,1.06449e-9,0.00504164,0.0006128,0.00000131682,0.00296778
2025,3.48106e-7,0.0000622367,0.0121486,5.93417e-10,1.15503e-9,0.00532446,0.000681495,0.00000131921,0.00319422
