{
  "2019-01": {
    "adpe": 1.13789e-7,
    "ap": 0.0000471101,
    "ctue": 0.00749588,
    "ctuh-c": 3.11492e-10,
    "ctuh-nc": 6.61649e-10,
    "gwp": 0.00360992,
    "ir": 0.00031235,
    "pm": 0.00000123466,
    "wu": 0.0019726
  },
  "2019-02": {
    "adpe": 1.21381e-7,
    "ap": 0.000046191,
    "ctue": 0.00751845,
    "ctuh-c": 3.03698e-10,
    "ctuh-nc": 6.66916e-10,
    "gwp": 0.00361755,
    "ir": 0.000325007,
    "pm": 0.0000011854,
    "wu": 0.00195524
  },
  "2019-03": {
    "adpe": 1.45459e-7,
    "ap": 0.0000479421,
    "ctue": 0.00824538,
    "ctuh-c": 3.49479e-10,
    "ctuh-nc": 7.26027e-10,
    "gwp": 0.00384685,
    "ir": 0.000365116,
    "pm": 0.00000119512,
    "wu": 0.00209752
  },
  "2019-04": {
    "adpe": 1.54827e-7,
    "ap": 0.0000474638,
    "ctue": 0.00834753,
    "ctuh-c": 3.39411e-10,
    "ctuh-nc": 7.39578e-10,
    "gwp": 0.00390665,
    "ir": 0.000383681,
    "pm": 0.00000115289,
    "wu": 0.00209654
  },
  "2019-05": {
    "adpe": 1.59261e-7,
    "ap": 0.0000473691,
    "ctue": 0.00852211,
    "ctuh-c": 3.38556e-10,
    "ctuh-nc": 7.51261e-10,
    "gwp": 0.0039755,
    "ir": 0.000395158,
    "pm": 0.00000113193,
    "wu": 0.00210231
  },
  "2019-06": {
    "adpe": 1.57018e-7,
    "ap": 0.0000465179,
    "ctue": 0.00816547,
    "ctuh-c": 3.10776e-10,
    "ctuh-nc": 7.33936e-10,
    "gwp": 0.00388822,
    "ir": 0.000389902,
    "pm": 0.00000111113,
    "wu": 0.00205186
  },
  "2019-07": {
    "adpe": 1.48875e-7,
    "ap": 0.0000459839,
    "ctue": 0.00787536,
    "ctuh-c": 2.94036e-10,
    "ctuh-nc": 7.12701e-10,
    "gwp": 0.00379957,
    "ir": 0.000375433,
    "pm": 0.00000111198,
    "wu": 0.00200502
  },
  "2019-08": {
    "adpe": 1.49009e-7,
    "ap": 0.0000463264,
    "ctue": 0.00780762,
    "ctuh-c": 2.92442e-10,
    "ctuh-nc": 7.12411e-10,
    "gwp": 0.00379018,
    "ir": 0.000374305,
    "pm": 0.00000112737,
    "wu": 0.00201576
  },
  "2019-09": {
    "adpe": 1.45479e-7,
    "ap": 0.000045807,
    "ctue": 0.00789554,
    "ctuh-c": 3.07198e-10,
    "ctuh-nc": 7.0636e-10,
    "gwp": 0.00376174,
    "ir": 0.000366998,
    "pm": 0.00000111659,
    "wu": 0.00200044
  },
  "2019-10": {
    "adpe": 1.39917e-7,
    "ap": 0.0000461931,
    "ctue": 0.00801728,
    "ctuh-c": 3.24046e-10,
    "ctuh-nc": 7.04483e-10,
    "gwp": 0.00376772,
    "ir": 0.00035803,
    "pm": 0.00000114009,
    "wu": 0.00201088
  },
  "2019-11": {
    "adpe": 1.27094e-7,
    "ap": 0.0000466603,
    "ctue": 0.00789563,
    "ctuh-c": 3.30716e-10,
    "ctuh-nc": 6.86804e-10,
    "gwp": 0.00370577,
    "ir": 0.000335446,
    "pm": 0.00000118602,
    "wu": 0.00200093
  },
  "2019-12": {
    "adpe": 1.22903e-7,
    "ap": 0.0000474782,
    "ctue": 0.00785129,
    "ctuh-c": 3.42981e-10,
    "ctuh-nc": 6.83053e-10,
    "gwp": 0.0036783,
    "ir": 0.00032501,
    "pm": 0.00000123083,
    "wu": 0.00202649
  },
  "2020-01": {
    "adpe": 1.30327e-7,
    "ap": 0.0000483792,
    "ctue": 0.00794786,
    "ctuh-c": 3.41211e-10,
    "ctuh-nc": 7.01012e-10,
    "gwp": 0.00375673,
    "ir": 0.000339065,
    "pm": 0.00000124569,
    "wu": 0.00207155
  },
  "2020-02": {
    "adpe": 1.42219e-7,
    "ap": 0.0000486843,
    "ctue": 0.00840391,
    "ctuh-c": 3.68616e-10,
    "ctuh-nc": 7.29982e-10,
    "gwp": 0.00387453,
    "ir": 0.000359843,
    "pm": 0.00000122713,
    "wu": 0.00212646
  },
  "2020-03": {
    "adpe": 1.67455e-7,
    "ap": 0.0000507684,
    "ctue": 0.00893709,
    "ctuh-c": 3.90466e-10,
    "ctuh-nc": 7.88656e-10,
    "gwp": 0.00410921,
    "ir": 0.000403815,
    "pm": 0.00000124565,
    "wu": 0.00226648
  },
  "2020-04": {
    "adpe": 1.85743e-7,
    "ap": 0.0000519407,
    "ctue": 0.008887,
    "ctuh-c": 3.71048e-10,
    "ctuh-nc": 8.17476e-10,
    "gwp": 0.00420202,
    "ir": 0.000433817,
    "pm": 0.00000125425,
    "wu": 0.00233469
  },
  "2020-05": {
    "adpe": 1.88579e-7,
    "ap": 0.0000518004,
    "ctue": 0.00903134,
    "ctuh-c": 3.73699e-10,
    "ctuh-nc": 8.25247e-10,
    "gwp": 0.00424687,
    "ir": 0.000441029,
    "pm": 0.00000123777,
    "wu": 0.00233786
  },
  "2020-06": {
    "adpe": 1.75223e-7,
    "ap": 0.0000491818,
    "ctue": 0.00873426,
    "ctuh-c": 3.46121e-10,
    "ctuh-nc": 7.87316e-10,
    "gwp": 0.0041108,
    "ir": 0.000421579,
    "pm": 0.0000011656,
    "wu": 0.00220327
  },
  "2020-07": {
    "adpe": 1.68043e-7,
    "ap": 0.0000483606,
    "ctue": 0.00845295,
    "ctuh-c": 3.21298e-10,
    "ctuh-nc": 7.67218e-10,
    "gwp": 0.00403901,
    "ir": 0.000411171,
    "pm": 0.0000011497,
    "wu": 0.00214359
  },
  "2020-08": {
    "adpe": 1.65512e-7,
    "ap": 0.000048567,
    "ctue": 0.00832662,
    "ctuh-c": 3.21502e-10,
    "ctuh-nc": 7.60419e-10,
    "gwp": 0.00399559,
    "ir": 0.000404002,
    "pm": 0.00000116862,
    "wu": 0.00214521
  },
  "2020-09": {
    "adpe": 1.63777e-7,
    "ap": 0.0000486133,
    "ctue": 0.00844749,
    "ctuh-c": 3.26136e-10,
    "ctuh-nc": 7.62892e-10,
    "gwp": 0.00402747,
    "ir": 0.00040393,
    "pm": 0.00000116776,
    "wu": 0.00214507
  },
  "2020-10": {
    "adpe": 1.58205e-7,
    "ap": 0.0000488184,
    "ctue": 0.0088866,
    "ctuh-c": 3.71468e-10,
    "ctuh-nc": 7.67908e-10,
    "gwp": 0.00406783,
    "ir": 0.000395022,
    "pm": 0.00000118114,
    "wu": 0.00216789
  },
  "2020-11": {
    "adpe": 1.45454e-7,
    "ap": 0.0000494622,
    "ctue": 0.00837589,
    "ctuh-c": 3.64896e-10,
    "ctuh-nc": 7.37765e-10,
    "gwp": 0.00390339,
    "ir": 0.00036508,
    "pm": 0.00000125008,
    "wu": 0.00215695
  },
  "2020-12": {
    "adpe": 1.36044e-7,
    "ap": 0.000050013,
    "ctue": 0.00814115,
    "ctuh-c": 3.65302e-10,
    "ctuh-nc": 7.2087e-10,
    "gwp": 0.00382298,
    "ir": 0.000345669,
    "pm": 0.00000129777,
    "wu": 0.00215414
  },
  "2021-01": {
    "adpe": 1.46752e-7,
    "ap": 0.0000508044,
    "ctue": 0.0084018,
    "ctuh-c": 3.79415e-10,
    "ctuh-nc": 7.45768e-10,
    "gwp": 0.00391912,
    "ir": 0.000363687,
    "pm": 0.00000130291,
    "wu": 0.00221377
  },
  "2021-02": {
    "adpe": 1.57414e-7,
    "ap": 0.0000511261,
    "ctue": 0.00856423,
    "ctuh-c": 3.82564e-10,
    "ctuh-nc": 7.65705e-10,
    "gwp": 0.0039931,
    "ir": 0.000381956,
    "pm": 0.00000129122,
    "wu": 0.00225088
  },
  "2021-03": {
    "adpe": 1.85495e-7,
    "ap": 0.0000529672,
    "ctue": 0.00912206,
    "ctuh-c": 4.17199e-10,
    "ctuh-nc": 8.24862e-10,
    "gwp": 0.00419728,
    "ir": 0.000425936,
    "pm": 0.00000130283,
    "wu": 0.0023988
  },
  "2021-04": {
    "adpe": 1.95772e-7,
    "ap": 0.0000527626,
    "ctue": 0.00919441,
    "ctuh-c": 4.0911e-10,
    "ctuh-nc": 8.39502e-10,
    "gwp": 0.00425065,
    "ir": 0.000444312,
    "pm": 0.00000127211,
    "wu": 0.00241049
  },
  "2021-05": {
    "adpe": 2.09841e-7,
    "ap": 0.0000535593,
    "ctue": 0.00969988,
    "ctuh-c": 4.30296e-10,
    "ctuh-nc": 8.76967e-10,
    "gwp": 0.00442226,
    "ir": 0.000471964,
    "pm": 0.00000126148,
    "wu": 0.00248177
  },
  "2021-06": {
    "adpe": 1.98989e-7,
    "ap": 0.0000515975,
    "ctue": 0.0088871,
    "ctuh-c": 3.62374e-10,
    "ctuh-nc": 8.31746e-10,
    "gwp": 0.00422886,
    "ir": 0.00045396,
    "pm": 0.00000121864,
    "wu": 0.00234904
  },
  "2021-07": {
    "adpe": 1.90867e-7,
    "ap": 0.0000515903,
    "ctue": 0.00874158,
    "ctuh-c": 3.54178e-10,
    "ctuh-nc": 8.18112e-10,
    "gwp": 0.004188,
    "ir": 0.000441507,
    "pm": 0.00000123411,
    "wu": 0.00232448
  },
  "2021-08": {
    "adpe": 1.89605e-7,
    "ap": 0.0000513074,
    "ctue": 0.00869632,
    "ctuh-c": 3.5345e-10,
    "ctuh-nc": 8.13281e-10,
    "gwp": 0.0041625,
    "ir": 0.000438474,
    "pm": 0.00000122816,
    "wu": 0.00231207
  },
  "2021-09": {
    "adpe": 1.84184e-7,
    "ap": 0.0000511436,
    "ctue": 0.00878681,
    "ctuh-c": 3.5742e-10,
    "ctuh-nc": 8.0925e-10,
    "gwp": 0.00417396,
    "ir": 0.000432667,
    "pm": 0.00000122644,
    "wu": 0.00229604
  },
  "2021-10": {
    "adpe": 1.82448e-7,
    "ap": 0.0000512403,
    "ctue": 0.00923713,
    "ctuh-c": 4.11732e-10,
    "ctuh-nc": 8.16781e-10,