{
  "2019-01": {
    "adpe": 1.13901e-7,
    "ap": 0.0000480813,
    "ctue": 0.00758317,
    "ctuh-c": 3.19723e-10,
    "ctuh-nc": 6.69722e-10,
    "gwp": 0.00365202,
    "ir": 0.000313147,
    "pm": 0.00000126845,
    "wu": 0.00200966
  },
  "2019-02": {
    "adpe": 1.21972e-7,
    "ap": 0.000047168,
    "ctue": 0.00761019,
    "ctuh-c": 3.11762e-10,
    "ctuh-nc": 6.7577e-10,
    "gwp": 0.00366247,
    "ir": 0.000326634,
    "pm": 0.00000121836,
    "wu": 0.00199348
  },
  "2019-03": {
    "adpe": 1.46729e-7,
    "ap": 0.0000489608,
    "ctue": 0.0083638,
    "ctuh-c": 3.59334e-10,
    "ctuh-nc": 7.36667e-10,
    "gwp": 0.00389892,
    "ir": 0.000367892,
    "pm": 0.00000122798,
    "wu": 0.00213984
  },
  "2019-04": {
    "adpe": 1.57926e-7,
    "ap": 0.0000485679,
    "ctue": 0.00848907,
    "ctuh-c": 3.49797e-10,
    "ctuh-nc": 7.53626e-10,
    "gwp": 0.00397067,
    "ir": 0.000389469,
    "pm": 0.00000118511,
    "wu": 0.00214624
  },
  "2019-05": {
    "adpe": 1.63322e-7,
    "ap": 0.0000484912,
    "ctue": 0.00868345,
    "ctuh-c": 3.49686e-10,
    "ctuh-nc": 7.67174e-10,
    "gwp": 0.0040465,
    "ir": 0.000402591,
    "pm": 0.00000116265,
    "wu": 0.0021553
  },
  "2019-06": {
    "adpe": 1.61547e-7,
    "ap": 0.0000476294,
    "ctue": 0.0083245,
    "ctuh-c": 3.21543e-10,
    "ctuh-nc": 7.50275e-10,
    "gwp": 0.00395949,
    "ir": 0.000397994,
    "pm": 0.00000114075,
    "wu": 0.00210537
  },
  "2019-07": {
    "adpe": 1.52941e-7,
    "ap": 0.0000470231,
    "ctue": 0.00801794,
    "ctuh-c": 3.04056e-10,
    "ctuh-nc": 7.27549e-10,
    "gwp": 0.00386389,
    "ir": 0.000382603,
    "pm": 0.00000114027,
    "wu": 0.00205466
  },
  "2019-08": {
    "adpe": 1.53852e-7,
    "ap": 0.0000474314,
    "ctue": 0.00795291,
    "ctuh-c": 3.0232e-10,
    "ctuh-nc": 7.28657e-10,
    "gwp": 0.00385892,
    "ir": 0.000382681,
    "pm": 0.00000115668,
    "wu": 0.00206926
  },
  "2019-09": {
    "adpe": 1.50406e-7,
    "ap": 0.0000469364,
    "ctue": 0.00805534,
    "ctuh-c": 3.18476e-10,
    "ctuh-nc": 7.23194e-10,
    "gwp": 0.00383294,
    "ir": 0.000375479,
    "pm": 0.00000114655,
    "wu": 0.00205584
  },
  "2019-10": {
    "adpe": 1.44531e-7,
    "ap": 0.0000473447,
    "ctue": 0.00818397,
    "ctuh-c": 3.36018e-10,
    "ctuh-nc": 7.21261e-10,
    "gwp": 0.00383998,
    "ir": 0.000366095,
    "pm": 0.00000117124,
    "wu": 0.00206671
  },
  "2019-11": {
    "adpe": 1.30872e-7,
    "ap": 0.0000477729,
    "ctue": 0.00805498,
    "ctuh-c": 3.42868e-10,
    "ctuh-nc": 7.02082e-10,
    "gwp": 0.00377262,
    "ir": 0.000342091,
    "pm": 0.00000121749,
    "wu": 0.00205367
  },
  "2019-12": {
    "adpe": 1.25789e-7,
    "ap": 0.0000485952,
    "ctue": 0.00799429,
    "ctuh-c": 3.54611e-10,
    "ctuh-nc": 6.96783e-10,
    "gwp": 0.00373966,
    "ir": 0.000330151,
    "pm": 0.00000126443,
    "wu": 0.00207697
  },
  "2020-01": {
    "adpe": 1.32554e-7,
    "ap": 0.0000494702,
    "ctue": 0.00807814,
    "ctuh-c": 3.52042e-10,
    "ctuh-nc": 7.13471e-10,
    "gwp": 0.00381397,
    "ir": 0.000343194,
    "pm": 0.00000127961,
    "wu": 0.00211913
  },
  "2020-02": {
    "adpe": 1.4427e-7,
    "ap": 0.0000497581,
    "ctue": 0.00854428,
    "ctuh-c": 3.80088e-10,
    "ctuh-nc": 7.4244e-10,
    "gwp": 0.00393301,
    "ir": 0.000363824,
    "pm": 0.00000126041,
    "wu": 0.00217345
  },
  "2020-03": {
    "adpe": 1.6928e-7,
    "ap": 0.0000518658,
    "ctue": 0.009084,
    "ctuh-c": 4.02232e-10,
    "ctuh-nc": 8.01219e-10,
    "gwp": 0.00416985,
    "ir": 0.000407618,
    "pm": 0.00000127986,
    "wu": 0.00231386
  },
  "2020-04": {
    "adpe": 1.88329e-7,
    "ap": 0.0000531601,
    "ctue": 0.00903797,
    "ctuh-c": 3.82723e-10,
    "ctuh-nc": 8.31803e-10,
    "gwp": 0.00426927,
    "ir": 0.000438872,
    "pm": 0.00000129146,
    "wu": 0.00238775
  },
  "2020-05": {
    "adpe": 1.92253e-7,
    "ap": 0.0000530137,
    "ctue": 0.00920244,
    "ctuh-c": 3.86014e-10,
    "ctuh-nc": 8.41465e-10,
    "gwp": 0.00432084,
    "ir": 0.000447922,
    "pm": 0.00000127235,
    "wu": 0.00239366
  },
  "2020-06": {
    "adpe": 1.79941e-7,
    "ap": 0.0000503354,
    "ctue": 0.00890709,
    "ctuh-c": 3.57611e-10,
    "ctuh-nc": 8.04557e-10,
    "gwp": 0.00418683,
    "ir": 0.000430134,
    "pm": 0.00000119602,
    "wu": 0.00225902
  },
  "2020-07": {
    "adpe": 1.74886e-7,
    "ap": 0.0000495841,
    "ctue": 0.00863547,
    "ctuh-c": 3.32159e-10,
    "ctuh-nc": 7.8776e-10,
    "gwp": 0.00412497,
    "ir": 0.000423094,
    "pm": 0.0000011787,
    "wu": 0.00220618
  },
  "2020-08": {
    "adpe": 1.73367e-7,
    "ap": 0.000049821,
    "ctue": 0.00851953,
    "ctuh-c": 3.32876e-10,
    "ctuh-nc": 7.8261e-10,
    "gwp": 0.00408613,
    "ir": 0.000417432,
    "pm": 0.00000119694,
    "wu": 0.00221151
  },
  "2020-09": {
    "adpe": 1.71182e-7,
    "ap": 0.0000499315,
    "ctue": 0.00864937,
    "ctuh-c": 3.38385e-10,
    "ctuh-nc": 7.8518e-10,
    "gwp": 0.00412058,
    "ir": 0.000416797,
    "pm": 0.00000119894,
    "wu": 0.00221294
  },
  "2020-10": {
    "adpe": 1.63507e-7,
    "ap": 0.0000500397,
    "ctue": 0.0090958,
    "ctuh-c": 3.85827e-10,
    "ctuh-nc": 7.87191e-10,
    "gwp": 0.00415242,
    "ir": 0.000404555,
    "pm": 0.00000121252,
    "wu": 0.00222904
  },
  "2020-11": {
    "adpe": 1.49168e-7,
    "ap": 0.0000506509,
    "ctue": 0.00855452,
    "ctuh-c": 3.78978e-10,
    "ctuh-nc": 7.53878e-10,
    "gwp": 0.00397458,
    "ir": 0.000371641,
    "pm": 0.00000128426,
    "wu": 0.00221325
  },
  "2020-12": {
    "adpe": 1.38559e-7,
    "ap": 0.0000511287,
    "ctue": 0.00829975,
    "ctuh-c": 3.78799e-10,
    "ctuh-nc": 7.34489e-10,
    "gwp": 0.00388462,
    "ir": 0.000350173,
    "pm": 0.00000133192,
    "wu": 0.00220492
  },
  "2021-01": {
    "adpe": 1.4976e-7,
    "ap": 0.0000520348,
    "ctue": 0.00858101,
    "ctuh-c": 3.94227e-10,
    "ctuh-nc": 7.61238e-10,
    "gwp": 0.00398914,
    "ir": 0.000369122,
    "pm": 0.00000133993,
    "wu": 0.00227026
  },
  "2021-02": {
    "adpe": 1.60936e-7,
    "ap": 0.0000524418,
    "ctue": 0.00874489,
    "ctuh-c": 3.97056e-10,
    "ctuh-nc": 7.82375e-10,
    "gwp": 0.0040679,
    "ir": 0.000388284,
    "pm": 0.00000133031,
    "wu": 0.00231112
  },
  "2021-03": {
    "adpe": 1.89897e-7,
    "ap": 0.0000543117,
    "ctue": 0.00930979,
    "ctuh-c": 4.31843e-10,
    "ctuh-nc": 8.42952e-10,
    "gwp": 0.00427621,
    "ir": 0.000433615,
    "pm": 0.00000134137,
    "wu": 0.00246215
  },
  "2021-04": {
    "adpe": 2.01015e-7,
    "ap": 0.0000541913,
    "ctue": 0.00937555,
    "ctuh-c": 4.22128e-10,
    "ctuh-nc": 8.59051e-10,
    "gwp": 0.00433524,
    "ir": 0.000453507,
    "pm": 0.00000131199,
    "wu": 0.00247746
  },
  "2021-05": {
    "adpe": 2.15926e-7,
    "ap": 0.0000550093,
    "ctue": 0.00989338,
    "ctuh-c": 4.43342e-10,
    "ctuh-nc": 8.98085e-10,
    "gwp": 0.00451299,
    "ir": 0.000482659,
    "pm": 0.00000130019,
    "wu": 0.00255138
  },
  "2021-06": {
    "adpe": 2.0488e-7,
    "ap": 0.000052923,
    "ctue": 0.00905561,
    "ctuh-c": 3.73293e-10,
    "ctuh-nc": 8.51252e-10,
    "gwp": 0.00431177,
    "ir": 0.00046425,
    "pm": 0.00000125352,
    "wu": 0.0024128
  },
  "2021-07": {
    "adpe": 1.96712e-7,
    "ap": 0.0000529193,
    "ctue": 0.00891412,
    "ctuh-c": 3.65431e-10,
    "ctuh-nc": 8.37694e-10,
    "gwp": 0.00427158,
    "ir": 0.000451751,
    "pm": 0.00000126911,
    "wu": 0.00238846
  },
  "2021-08": {
    "adpe": 1.95847e-7,
    "ap": 0.0000526548,
    "ctue": 0.00887389,
    "ctuh-c": 3.65451e-10,
    "ctuh-nc": 8.33491e-10,
    "gwp": 0.00424694,
    "ir": 0.000449158,
    "pm": 0.00000126339,
    "wu": 0.00237809
  },
  "2021-09": {
    "adpe": 1.90311e-7,
    "ap": 0.0000525388,
    "ctue": 0.00897666,
    "ctuh-c": 3.70073e-10,
    "ctuh-nc": 8.30006e-10,
    "gwp": 0.00426263,
    "ir": 0.000443396,
    "pm": 0.00000126313,
    "wu": 0.00236371
  },
  "2021-10": {
    "adpe": 1.88101e-7,
    "ap": 0.0000526662,
    "ctue": 0.00943548,
    "ctuh-c": 4.2583e-10,