{
  "2019-01": {
    "adpe": 5.426539720024675e-7,
    "ap": 0.001055911286521389,
    "ctue": 0.20194497227912275,
    "ctuh-c": 0.000023165542797976118,
    "ctuh-nc": 0.000011813553393507295,
    "gwp": 0.4582485360142357,
    "ir": 0.006844375820593319,
    "pm": 0.00003760406977977932,
    "wu": 0.06507979197501385
  },
  "2019-02": {
    "adpe": 5.42326435503278e-7,
    "ap": 0.001037349873532158,
    "ctue": 0.20041603959358856,
    "ctuh-c": 0.000021702009160347218,
    "ctuh-nc": 0.000011069260495287674,
    "gwp": 0.4533742378023113,
    "ir": 0.006821800824849641,
    "pm": 0.000035797938050103634,
    "wu": 0.06480054533322774
  },
  "2019-03": {
    "adpe": 5.567371290828386e-7,
    "ap": 0.001029568571232024,
    "ctue": 0.19893010522672283,
    "ctuh-c": 0.000022517068332012996,
    "ctuh-nc": 0.000011483395490531724,
    "gwp": 0.4489917796234153,
    "ir": 0.006803587610710509,
    "pm": 0.000036263499518272884,
    "wu": 0.06460669537852753
  },
  "2019-04": {
    "adpe": 5.57158149631493e-7,
    "ap": 0.0010253251541400856,
    "ctue": 0.1967635469615284,
    "ctuh-c": 0.000022266082771921112,
    "ctuh-nc": 0.000011355243624181549,
    "gwp": 0.4442422909857444,
    "ir": 0.00679756859052369,
    "pm": 0.00003628143740848524,
    "wu": 0.06419407724328484
  },
  "2019-05": {
    "adpe": 5.581239888934642e-7,
    "ap": 0.0010104410793043371,
    "ctue": 0.19511080878707696,
    "ctuh-c": 0.000022539123188322016,
    "ctuh-nc": 0.000011493796769248635,
    "gwp": 0.4404611480462372,
    "ir": 0.006741347974090504,
    "pm": 0.00003600038837500471,
    "wu": 0.0635367010597703
  },
  "2019-06": {
    "adpe": 5.648560695126277e-7,
    "ap": 0.0010129518879175212,
    "ctue": 0.19632574314444895,
    "ctuh-c": 0.00002260425779363283,
    "ctuh-nc": 0.000011527201225178615,
    "gwp": 0.44385036922174614,
    "ir": 0.006776258617981762,
    "pm": 0.000035936734782589634,
    "wu": 0.06381325370755318
  },
  "2019-07": {
    "adpe": 5.675996509150123e-7,
    "ap": 0.00102740498749318,
    "ctue": 0.19859240681719656,
    "ctuh-c": 0.000023157676512961264,
    "ctuh-nc": 0.000011809052348163446,
    "gwp": 0.45005095534646267,
    "ir": 0.006861755866004538,
    "pm": 0.00003665931610495264,
    "wu": 0.06476976370896934
  },
  "2019-08": {
    "adpe": 5.684952409209893e-7,
    "ap": 0.0010299820480723413,
    "ctue": 0.19830942966271314,
    "ctuh-c": 0.00002341325868917819,
    "ctuh-nc": 0.000011938861550214749,
    "gwp": 0.4495204989152341,
    "ir": 0.006870839464359958,
    "pm": 0.000037068227105904034,
    "wu": 0.06478441672966354
  },
  "2019-09": {
    "adpe": 5.664804268567681e-7,
    "ap": 0.0010275779017596097,
    "ctue": 0.198568014362322,
    "ctuh-c": 0.000023401238963888992,
    "ctuh-nc": 0.00001193279006315387,
    "gwp": 0.45018639664780585,
    "ir": 0.0068735745173475775,
    "pm": 0.000036903242594256636,
    "wu": 0.06484210693657158
  },
  "2019-10": {
    "adpe": 5.628485233065321e-7,
    "ap": 0.0010239509828972434,
    "ctue": 0.1991098219244165,
    "ctuh-c": 0.000023747378134339336,
    "ctuh-nc": 0.000012109032815806984,
    "gwp": 0.45206103061051234,
    "ir": 0.0068640447050604845,
    "pm": 0.0000367938698178718,
    "wu": 0.06495066379992695
  },
  "2019-11": {
    "adpe": 5.472503583350971e-7,
    "ap": 0.0010188632628225047,
    "ctue": 0.19748132406241475,
    "ctuh-c": 0.000023048898353774376,
    "ctuh-nc": 0.000011753516346432402,
    "gwp": 0.44699845843197694,
    "ir": 0.006776210013481801,
    "pm": 0.0000363539366772941,
    "wu": 0.06422633675868757
  },
  "2019-12": {
    "adpe": 5.490646579743193e-7,
    "ap": 0.0010185919814820817,
    "ctue": 0.19648664537238397,
    "ctuh-c": 0.000023459869245433198,
    "ctuh-nc": 0.000011962258879173213,
    "gwp": 0.4440406443022457,
    "ir": 0.006745658882850249,
    "pm": 0.00003680905098264169,
    "wu": 0.06405808332750568
  },
  "2020-01": {
    "adpe": 5.499448478634007e-7,
    "ap": 0.0010088091158418676,
    "ctue": 0.19633498473086777,
    "ctuh-c": 0.000023291705396359675,
    "ctuh-nc": 0.000011876647201725329,
    "gwp": 0.4464229247433551,
    "ir": 0.006805031154802515,
    "pm": 0.00003619772310900387,
    "wu": 0.06414557780279383
  },
  "2020-02": {
    "adpe": 5.592941164104551e-7,
    "ap": 0.0010061424775540389,
    "ctue": 0.19589944913098087,
    "ctuh-c": 0.00002329392496202422,
    "ctuh-nc": 0.000011877663587663092,
    "gwp": 0.4436885960844388,
    "ir": 0.006759436318456431,
    "pm": 0.00003618698407936782,
    "wu": 0.06374776455758083
  },
  "2020-03": {
    "adpe": 5.726798547124214e-7,
    "ap": 0.0009925835104524733,
    "ctue": 0.19348400128875784,
    "ctuh-c": 0.000023769200961962456,
    "ctuh-nc": 0.000012118964935733741,
    "gwp": 0.4377658188482749,
    "ir": 0.006738109422666266,
    "pm": 0.000036179323005270636,
    "wu": 0.06344331960759526
  },
  "2020-04": {
    "adpe": 6.000533091349839e-7,
    "ap": 0.000983742282794058,
    "ctue": 0.1911923876421824,
    "ctuh-c": 0.00002503186904385372,
    "ctuh-nc": 0.000012760544081732206,
    "gwp": 0.43265104676811367,
    "ir": 0.006770353308837997,
    "pm": 0.00003700155132322969,
    "wu": 0.0634662076112398
  },
  "2020-05": {
    "adpe": 5.889542227551184e-7,
    "ap": 0.0009713280104767622,
    "ctue": 0.19070455376829,
    "ctuh-c": 0.00002326288115897135,
    "ctuh-nc": 0.000011861037003777484,
    "gwp": 0.4312896594820595,
    "ir": 0.006742098177552543,
    "pm": 0.00003515860085649579,
    "wu": 0.06301072292737794
  },
  "2020-06": {
    "adpe": 5.80118751857711e-7,
    "ap": 0.0009913818982779502,
    "ctue": 0.19356628863090536,
    "ctuh-c": 0.000023206168878471155,
    "ctuh-nc": 0.000011832652622293746,
    "gwp": 0.4395244375315335,
    "ir": 0.006769856225151831,
    "pm": 0.0000356942459513908,
    "wu": 0.0632103318977941
  },
  "2020-07": {
    "adpe": 5.765749141165931e-7,
    "ap": 0.0009959487829494902,
    "ctue": 0.19467929912154106,
    "ctuh-c": 0.000022674524694457184,
    "ctuh-nc": 0.000011562509428496286,
    "gwp": 0.44218273901362004,
    "ir": 0.006790233644733062,
    "pm": 0.00003537862314300657,
    "wu": 0.06337184447263489
  },
  "2020-08": {
    "adpe": 5.71248219062242e-7,
    "ap": 0.0010055517142337415,
    "ctue": 0.195627126299648,
    "ctuh-c": 0.000022278684764667206,
    "ctuh-nc": 0.000011361366324944173,
    "gwp": 0.44471379288404655,
    "ir": 0.0068109993388010305,
    "pm": 0.00003543346754074342,
    "wu": 0.06356344244944878
  },
  "2020-09": {
    "adpe": 5.644387174358476e-7,
    "ap": 0.001002201241275207,
    "ctue": 0.1964061947156452,
    "ctuh-c": 0.00002159607722946235,
    "ctuh-nc": 0.000011014543936712937,
    "gwp": 0.4457473978245569,
    "ir": 0.006813980264861909,
    "pm": 0.000034604736502291015,
    "wu": 0.06381341077120839
  },
  "2020-10": {
    "adpe": 5.587601983401192e-7,
    "ap": 0.0009979012468839523,
    "ctue": 0.19494167385961125,
    "ctuh-c": 0.00002234905187640732,
    "ctuh-nc": 0.000011397033974908693,
    "gwp": 0.4419014260462505,
    "ir": 0.006768426540236067,
    "pm": 0.000035248662468371,
    "wu": 0.06347732277043032
  },
  "2020-11": {
    "adpe": 5.475248007153161e-7,
    "ap": 0.0010015794404909437,
    "ctue": 0.19623783096214226,
    "ctuh-c": 0.00002174058579682022,
    "ctuh-nc": 0.000011087933477657459,
    "gwp": 0.44590510033836905,
    "ir": 0.006811688658133519,
    "pm": 0.00003473850661852739,
    "wu": 0.0639371629922403
  },
  "2020-12": {
    "adpe": 5.451878745376952e-7,
    "ap": 0.0010102216831465547,
    "ctue": 0.19636780100737367,
    "ctuh-c": 0.0000219271336442469,
    "ctuh-nc": 0.000011182764598552202,
    "gwp": 0.44599451062623713,
    "ir": 0.0067857333719684556,
    "pm": 0.000035278979241824696,
    "wu": 0.0638650415646941
  },
  "2021-01": {
    "adpe": 5.537549470705035e-7,
    "ap": 0.0010195406476251668,
    "ctue": 0.19651167205173795,
    "ctuh-c": 0.000023143316615896775,
    "ctuh-nc": 0.000011801107891408861,