year,adpe,ap,ctue,ctuh-c,ctuh-nc,gwp,ir,pm,wu
2019,5.20264e-7,0.00132817,0.223043,0.0000181892,0.00000928305,0.529953,0.00741213,0.0000458248,0.0648127
2020,5.36636e-7,0.00132109,0.220769,0.0000181062,0.0000092403,0.523326,0.00734721,0.0000458298,0.0639582
2021,5.57212e-7,0.00131721,0.222721,0.0000176734,0.00000902094,0.5255,0.00736716,0.0000448164,0.0646126
2022,5.85594e-7,0.00130955,0.22124,0.0000176174,0.00000899212,0.5205,0.00731399,0.0000446476,0.0638326
2023,6.19757e-7,0.00128665,0.219917,0.0000175023,0.00000893361,0.516052,0.00731952,0.0000435006,0.0637274
2024,6.62233e-7,0.00126574,0.217355,0.0000171765,0.0000087675,0.508088,0.00729549,0.0000425782,0.0630733
2025,7.25557e-7,0.00124734,0.214314,0.0000170411,0.00000869807,0.498827,0.00728733,0.0000420164,0.0622755
