year,adpe,ap,ctue,ctuh-c,ctuh-nc,gwp,ir,pm,wu
2019,5.09827e-7,0.00127792,0.221175,0.0000170385,0.00000869815,0.527306,0.00739768,0.0000424545,0.0646799
2020,5.2475e-7,0.00127078,0.218957,0.0000169493,0.00000865221,0.520985,0.00733669,0.000042441,0.0638591
2021,5.44199e-7,0.00126865,0.220918,0.0000165629,0.00000845647,0.523255,0.00735578,0.0000415679,0.0644838
2022,5.70209e-7,0.00126442,0.219847,0.0000165174,0.00000843305,0.519214,0.00730704,0.0000415366,0.0637602
2023,6.00625e-7,0.00125127,0.219192,0.0000163695,0.00000835785,0.516209,0.0073102,0.0000408012,0.0636492
2024,6.34083e-7,0.00123841,0.217132,0.000016264,0.00000830376,0.509211,0.00726907,0.000040443,0.0629429
