year,adpe,ap,ctue,ctuh-c,ctuh-nc,gwp,ir,pm,wu
2019,1.41846e-7,0.0000503335,0.00821046,3.32934e-10,7.37802e-10,0.00395362,0.000366656,0.00000127843,0.00215481
2020,1.63085e-7,0.0000534282,0.00882088,3.69417e-10,7.98659e-10,0.00420607,0.000403561,0.00000134214,0.00232799
2021,1.8499e-7,0.000055953,0.00922751,4.06912e-10,8.48321e-10,0.0043621,0.000434255,0.00000139786,0.00248635
2022,2.17557e-7,0.0000583532,0.00996135,4.52968e-10,9.21041e-10,0.00462387,0.000486164,0.00000141871,0.00267013
2023,2.54225e-7,0.0000602609,0.0106021,4.94942e-10,9.92296e-10,0.00485047,0.000541604,0.00000141976,0.00284545
2024,3.03324e-7,0.0000626123,0.0114392,5.37308e-10,1.08807e-9,0.00517709,0.00061972,0.00000140734,0.00306387
2025,3.6973e-7,0.0000659319,0.0124732,5.91259e-10,1.21501e-9,0.00559611,0.000723567,0.00000139975,0.00336205
2026,3.22295e-7,0.0000643736,0.0122059,6.1608e-10,1.13736e-9,0.00532617,0.000643179,0.00000144078,0.00321758
