year,adpe,ap,ctue,ctuh-c,ctuh-nc,gwp,ir,pm,wu
2019,5.18889e-7,0.0013277,0.223101,0.0000179501,0.00000916146,0.530038,0.00741325,0.0000456132,0.0648182
2020,5.35221e-7,0.00132059,0.220827,0.0000178605,0.00000911537,0.523409,0.0073483,0.000045612,0.0639633
2021,5.55879e-7,0.00131676,0.222781,0.0000174356,0.00000890008,0.525591,0.00736841,0.0000446062,0.064619
2022,5.84345e-7,0.00130907,0.221289,0.0000173931,0.00000887809,0.520565,0.00731492,0.0000444481,0.0638362
2023,6.1855e-7,0.00128619,0.219968,0.0000172805,0.00000882084,0.51612,0.00732053,0.0000433034,0.0637315
2024,6.61042e-7,0.00126532,0.217454,0.0000169554,0.00000865512,0.508282,0.00729752,0.0000423713,0.0630956
2025,7.26794e-7,0.00125278,0.214739,0.0000169814,0.00000866774,0.49938,0.00729803,0.0000422334,0.0623635
