year,adpe,ap,ctue,ctuh-c,ctuh-nc,gwp,ir,pm,wu
2019,5.09887e-7,0.00127792,0.221153,0.0000170369,0.00000869729,0.527263,0.00739753,0.0000424576,0.0646733
2020,5.24804e-7,0.00127075,0.218927,0.0000169474,0.00000865126,0.520926,0.00733651,0.0000424443,0.0638503
2021,5.44275e-7,0.00126907,0.220929,0.0000165613,0.00000845563,0.523268,0.00735557,0.0000415881,0.0644794
2022,5.70326e-7,0.00126473,0.219738,0.0000165156,0.0000084321,0.518977,0.00730545,0.0000415606,0.0637545
2023,6.01233e-7,0.00125191,0.219203,0.0000163787,0.00000836252,0.516313,0.00731373,0.0000408257,0.0636939
2024,6.46379e-7,0.00122989,0.216493,0.0000160883,0.00000821448,0.508137,0.00728696,0.0000398772,0.0629712
