year,adpe,ap,ctue,ctuh-c,ctuh-nc,gwp,ir,pm,wu
2019,5.066989684212103e-7,0.0012584472324657237,0.2231403621136724,0.000016225384052672248,0.000008285627241878233,0.5318217148697022,0.007417928852347736,0.000040260911135881435,0.06538093704031646
2020,5.209137759277059e-7,0.0012503272558286793,0.22107399554053694,0.000016131929111086077,0.000008237597968165285,0.5259397996496873,0.00736197443158415,0.00004017684263023162,0.06459004414565317
2021,5.39643851271832e-7,0.0012490829761510002,0.22284007672483017,0.000015801450320682812,0.00000807021141051097,0.5278117664516029,0.0073774374904839,0.00003943676362801238,0.06515558089931704
2022,5.636117385453297e-7,0.0012445905810695012,0.22186202812524328,0.000015762615795245812,0.000008050203378933555,0.5238457463362014,0.007323861518070164,0.00003938237190290545,0.06444490211972577
2023,5.830364870941971e-7,0.0012425897476362505,0.22084197550609494,0.000016076726611353635,0.00000820958537292502,0.5197541331909554,0.0073044438125784115,0.000039761916808904355,0.06415513290780347
