{
  "2019-01": {
    "adpe": 4.96229e-7,
    "ap": 0.00134336,
    "ctue": 0.2264,
    "ctuh-c": 0.0000182371,
    "ctuh-nc": 0.00000930826,
    "gwp": 0.537709,
    "ir": 0.00748314,
    "pm": 0.0000459858,
    "wu": 0.0662586
  },
  "2019-02": {
    "adpe": 5.05651e-7,
    "ap": 0.00135839,
    "ctue": 0.226908,
    "ctuh-c": 0.0000186671,
    "ctuh-nc": 0.00000952677,
    "gwp": 0.539264,
    "ir": 0.00745713,
    "pm": 0.0000470848,
    "wu": 0.0657115
  },
  "2019-03": {
    "adpe": 5.25928e-7,
    "ap": 0.00133155,
    "ctue": 0.222942,
    "ctuh-c": 0.000018673,
    "ctuh-nc": 0.00000952899,
    "gwp": 0.528425,
    "ir": 0.00740699,
    "pm": 0.0000464008,
    "wu": 0.0649506
  },
  "2019-04": {
    "adpe": 5.35253e-7,
    "ap": 0.0013353,
    "ctue": 0.220761,
    "ctuh-c": 0.0000190035,
    "ctuh-nc": 0.00000969623,
    "gwp": 0.524131,
    "ir": 0.00736349,
    "pm": 0.0000473523,
    "wu": 0.0638987
  },
  "2019-05": {
    "adpe": 5.36867e-7,
    "ap": 0.00131781,
    "ctue": 0.218854,
    "ctuh-c": 0.0000187207,
    "ctuh-nc": 0.0000095522,
    "gwp": 0.519411,
    "ir": 0.0073179,
    "pm": 0.000046536,
    "wu": 0.0633603
  },
  "2019-06": {
    "adpe": 5.34286e-7,
    "ap": 0.00131824,
    "ctue": 0.22036,
    "ctuh-c": 0.0000181619,
    "ctuh-nc": 0.00000926845,
    "gwp": 0.524133,
    "ir": 0.00736916,
    "pm": 0.0000458076,
    "wu": 0.0638154
  },
  "2019-07": {
    "adpe": 5.26445e-7,
    "ap": 0.00130832,
    "ctue": 0.222752,
    "ctuh-c": 0.0000175932,
    "ctuh-nc": 0.00000898028,
    "gwp": 0.529762,
    "ir": 0.00741657,
    "pm": 0.0000442554,
    "wu": 0.0648087
  },
  "2019-08": {
    "adpe": 5.28793e-7,
    "ap": 0.00131233,
    "ctue": 0.223191,
    "ctuh-c": 0.0000177225,
    "ctuh-nc": 0.0000090461,
    "gwp": 0.531045,
    "ir": 0.00743636,
    "pm": 0.0000444761,
    "wu": 0.0649869
  },
  "2019-09": {
    "adpe": 5.26118e-7,
    "ap": 0.00132317,
    "ctue": 0.221645,
    "ctuh-c": 0.0000182651,
    "ctuh-nc": 0.00000932113,
    "gwp": 0.528434,
    "ir": 0.00741814,
    "pm": 0.0000459171,
    "wu": 0.0643052
  },
  "2019-10": {
    "adpe": 5.179e-7,
    "ap": 0.00131982,
    "ctue": 0.220402,
    "ctuh-c": 0.0000180951,
    "ctuh-nc": 0.00000923435,
    "gwp": 0.525471,
    "ir": 0.00740058,
    "pm": 0.0000459028,
    "wu": 0.0640597
  },
  "2019-11": {
    "adpe": 5.06851e-7,
    "ap": 0.00133603,
    "ctue": 0.224522,
    "ctuh-c": 0.0000178338,
    "ctuh-nc": 0.00000910264,
    "gwp": 0.532901,
    "ir": 0.00741674,
    "pm": 0.0000457307,
    "wu": 0.0651644
  },
  "2019-12": {
    "adpe": 5.03891e-7,
    "ap": 0.00133695,
    "ctue": 0.227722,
    "ctuh-c": 0.0000174658,
    "ctuh-nc": 0.0000089166,
    "gwp": 0.538687,
    "ir": 0.00745961,
    "pm": 0.0000447803,
    "wu": 0.066383
  },
  "2020-01": {
    "adpe": 5.09407e-7,
    "ap": 0.00133598,
    "ctue": 0.221827,
    "ctuh-c": 0.0000182796,
    "ctuh-nc": 0.0000093284,
    "gwp": 0.527807,
    "ir": 0.00744754,
    "pm": 0.0000466412,
    "wu": 0.064947
  },
  "2020-02": {
    "adpe": 5.19138e-7,
    "ap": 0.00133735,
    "ctue": 0.221241,
    "ctuh-c": 0.0000184565,
    "ctuh-nc": 0.00000941811,
    "gwp": 0.525448,
    "ir": 0.00736695,
    "pm": 0.0000470133,
    "wu": 0.0640564
  },
  "2020-03": {
    "adpe": 5.41407e-7,
    "ap": 0.0013165,
    "ctue": 0.217141,
    "ctuh-c": 0.0000187468,
    "ctuh-nc": 0.0000095649,
    "gwp": 0.514974,
    "ir": 0.00732881,
    "pm": 0.0000468696,
    "wu": 0.0632893
  },
  "2020-04": {
    "adpe": 5.63263e-7,
    "ap": 0.00133627,
    "ctue": 0.217756,
    "ctuh-c": 0.0000193398,
    "ctuh-nc": 0.00000986632,
    "gwp": 0.516736,
    "ir": 0.00733876,
    "pm": 0.0000482573,
    "wu": 0.0630501
  },
  "2020-05": {
    "adpe": 5.63959e-7,
    "ap": 0.00132489,
    "ctue": 0.218332,
    "ctuh-c": 0.0000187638,
    "ctuh-nc": 0.0000095739,
    "gwp": 0.516546,
    "ir": 0.00730607,
    "pm": 0.0000470279,
    "wu": 0.0631205
  },
  "2020-06": {
    "adpe": 5.48354e-7,
    "ap": 0.00131246,
    "ctue": 0.218886,
    "ctuh-c": 0.0000180063,
    "ctuh-nc": 0.00000918903,
    "gwp": 0.518994,
    "ir": 0.00730196,
    "pm": 0.0000456577,
    "wu": 0.0631277
  },
  "2020-07": {
    "adpe": 5.41036e-7,
    "ap": 0.00129387,
    "ctue": 0.219461,
    "ctuh-c": 0.0000172635,
    "ctuh-nc": 0.00000881187,
    "gwp": 0.521204,
    "ir": 0.00732896,
    "pm": 0.000043874,
    "wu": 0.0635677
  },
  "2020-08": {
    "adpe": 5.42079e-7,
    "ap": 0.00130409,
    "ctue": 0.222916,
    "ctuh-c": 0.0000171047,
    "ctuh-nc": 0.00000873205,
    "gwp": 0.528382,
    "ir": 0.00735808,
    "pm": 0.0000435732,
    "wu": 0.0643832
  },
  "2020-09": {
    "adpe": 5.39935e-7,
    "ap": 0.00131334,
    "ctue": 0.219394,
    "ctuh-c": 0.0000178916,
    "ctuh-nc": 0.00000913085,
    "gwp": 0.521125,
    "ir": 0.00731449,
    "pm": 0.0000455029,
    "wu": 0.0632687
  },
  "2020-10": {
    "adpe": 5.30869e-7,
    "ap": 0.00130403,
    "ctue": 0.21692,
    "ctuh-c": 0.0000181583,
    "ctuh-nc": 0.00000926579,
    "gwp": 0.514328,
    "ir": 0.00725791,
    "pm": 0.0000457752,
    "wu": 0.062728
  },
  "2020-11": {
    "adpe": 5.25753e-7,
    "ap": 0.00133802,
    "ctue": 0.224789,
    "ctuh-c": 0.0000181538,
    "ctuh-nc": 0.00000926545,
    "gwp": 0.531517,
    "ir": 0.00737483,
    "pm": 0.0000459786,
    "wu": 0.06499
  },
  "2020-12": {
    "adpe": 5.17489e-7,
    "ap": 0.00134,
    "ctue": 0.229854,
    "ctuh-c": 0.0000174109,
    "ctuh-nc": 0.0000088894,
    "gwp": 0.541408,
    "ir": 0.00744099,
    "pm": 0.000044388,
    "wu": 0.0667756
  },
  "2021-01": {
    "adpe": 5.26373e-7,
    "ap": 0.00133306,
    "ctue": 0.225302,
    "ctuh-c": 0.0000178649,
    "ctuh-nc": 0.00000911886,
    "gwp": 0.532183,
    "ir": 0.0074189,
    "pm": 0.0000453466,
    "wu": 0.0656483
  },
  "2021-02": {
    "adpe": 5.36523e-7,
    "ap": 0.00134358,
    "ctue": 0.226876,
    "ctuh-c": 0.0000177664,
    "ctuh-nc": 0.00000906908,
    "gwp": 0.535019,
    "ir": 0.0073777,
    "pm": 0.00004553,
    "wu": 0.0653307
  },
  "2021-03": {
    "adpe": 5.64077e-7,
    "ap": 0.00132152,
    "ctue": 0.224185,
    "ctuh-c": 0.0000179141,
    "ctuh-nc": 0.00000914377,
    "gwp": 0.527438,
    "ir": 0.00738047,
    "pm": 0.0000449176,
    "wu": 0.0651327
  },
  "2021-04": {
    "adpe": 5.7464e-7,
    "ap": 0.00132521,
    "ctue": 0.222061,
    "ctuh-c": 0.0000183716,
    "ctuh-nc": 0.00000937559,
    "gwp": 0.524042,
    "ir": 0.00735367,
    "pm": 0.0000459456,
    "wu": 0.0641361
  },
  "2021-05": {
    "adpe": 5.83171e-7,
    "ap": 0.00130612,
    "ctue": 0.218531,
    "ctuh-c": 0.0000180726,
    "ctuh-nc": 0.00000922281,
    "gwp": 0.514488,
    "ir": 0.00728361,
    "pm": 0.0000453901,
    "wu": 0.0632054
  },
  "2021-06": {
    "adpe": 5.73461e-7,
    "ap": 0.00130889,
    "ctue": 0.221638,
    "ctuh-c": 0.0000174195,
    "ctuh-nc": 0.00000889167,
    "gwp": 0.523935,
    "ir": 0.00737317,
    "pm": 0.0000443388,
    "wu": 0.0641996
  },
  "2021-07": {
    "adpe": 5.64502e-7,
    "ap": 0.00129901,
    "ctue": 0.223568,
    "ctuh-c": 0.000016791,
    "ctuh-nc": 0.00000857294,
    "gwp": 0.527686,
    "ir": 0.00738424,
    "pm": 0.0000428435,
    "wu": 0.0649207
  },
  "2021-08": {
    "adpe": 5.64677e-7,
    "ap": 0.00130379,
    "ctue": 0.223951,
    "ctuh-c": 0.0000169105,
    "ctuh-nc": 0.00000863373,
    "gwp": 0.528773,
    "ir": 0.00739266,
    "pm": 0.0000431366,
    "wu": 0.0649681
  },
  "2021-09": {
    "adpe": 5.59551e-7,
    "ap": 0.00131203,
    "ctue": 0.220543,
    "ctuh-c": 0.0000177172,
    "ctuh-nc": 0.00000904268,
    "gwp": 0.521643,
    "ir": 0.00734892,
    "pm": 0.0000449976,
    "wu": 0.0639504
  },
  "2021-10": {
    "adpe": 5.56391e-7,
    "ap": 0.00130904,
    "ctue": 0.218549,
    "ctuh-c": 0.0000179984,
    "ctuh-nc": 0.00000918493,
    "gwp": 0.516612,
    "ir": 0.00731857,
    "pm": 0.0000455715,
    "wu": 0.0634261
  },
  "2021-11": {
    "adpe": 5.44821e-7,
    "ap": 0.00132444,
    "ctue": 0.22181,
    "ctuh-c": 0.0000179826,