{
  "2019-01": {
    "adpe": 1.14795e-7,
    "ap": 0.0000496516,
    "ctue": 0.00781874,
    "ctuh-c": 3.30055e-10,
    "ctuh-nc": 6.87962e-10,
    "gwp": 0.00376401,
    "ir": 0.000319311,
    "pm": 0.0000013145,
    "wu": 0.00206854
  },
  "2019-02": {
    "adpe": 1.23091e-7,
    "ap": 0.0000487719,
    "ctue": 0.00786081,
    "ctuh-c": 3.22726e-10,
    "ctuh-nc": 6.94968e-10,
    "gwp": 0.00377969,
    "ir": 0.000333373,
    "pm": 0.00000126472,
    "wu": 0.00205434
  },
  "2019-03": {
    "adpe": 1.4886e-7,
    "ap": 0.0000505947,
    "ctue": 0.00863458,
    "ctuh-c": 3.71562e-10,
    "ctuh-nc": 7.57779e-10,
    "gwp": 0.00402227,
    "ir": 0.000376184,
    "pm": 0.00000127346,
    "wu": 0.00220486
  },
  "2019-04": {
    "adpe": 1.59098e-7,
    "ap": 0.0000501625,
    "ctue": 0.00875672,
    "ctuh-c": 3.61367e-10,
    "ctuh-nc": 7.73418e-10,
    "gwp": 0.0040923,
    "ir": 0.000396593,
    "pm": 0.00000123034,
    "wu": 0.00220724
  },
  "2019-05": {
    "adpe": 1.63666e-7,
    "ap": 0.0000499981,
    "ctue": 0.00893676,
    "ctuh-c": 3.60068e-10,
    "ctuh-nc": 7.85136e-10,
    "gwp": 0.00416224,
    "ir": 0.000408514,
    "pm": 0.00000120612,
    "wu": 0.00221072
  },
  "2019-06": {
    "adpe": 1.61183e-7,
    "ap": 0.0000490517,
    "ctue": 0.00854969,
    "ctuh-c": 3.29996e-10,
    "ctuh-nc": 7.66128e-10,
    "gwp": 0.00406649,
    "ir": 0.000402702,
    "pm": 0.00000118284,
    "wu": 0.00215516
  },
  "2019-07": {
    "adpe": 1.52126e-7,
    "ap": 0.0000483484,
    "ctue": 0.00821768,
    "ctuh-c": 3.11054e-10,
    "ctuh-nc": 7.4153e-10,
    "gwp": 0.00396172,
    "ir": 0.000386347,
    "pm": 0.00000118028,
    "wu": 0.00209935
  },
  "2019-08": {
    "adpe": 1.52792e-7,
    "ap": 0.0000487599,
    "ctue": 0.00814616,
    "ctuh-c": 3.09028e-10,
    "ctuh-nc": 7.42168e-10,
    "gwp": 0.00395495,
    "ir": 0.000386,
    "pm": 0.00000119738,
    "wu": 0.00211331
  },
  "2019-09": {
    "adpe": 1.48887e-7,
    "ap": 0.0000482911,
    "ctue": 0.00825682,
    "ctuh-c": 3.25936e-10,
    "ctuh-nc": 7.36555e-10,
    "gwp": 0.00393035,
    "ir": 0.000378214,
    "pm": 0.00000118874,
    "wu": 0.00210013
  },
  "2019-10": {
    "adpe": 1.42758e-7,
    "ap": 0.0000487305,
    "ctue": 0.00839385,
    "ctuh-c": 3.44504e-10,
    "ctuh-nc": 7.34688e-10,
    "gwp": 0.00393847,
    "ir": 0.000368432,
    "pm": 0.00000121495,
    "wu": 0.00211208
  },
  "2019-11": {
    "adpe": 1.28967e-7,
    "ap": 0.000049226,
    "ctue": 0.00826166,
    "ctuh-c": 3.5162e-10,
    "ctuh-nc": 7.15588e-10,
    "gwp": 0.00387126,
    "ir": 0.000344116,
    "pm": 0.00000126414,
    "wu": 0.00210112
  },
  "2019-12": {
    "adpe": 1.24424e-7,
    "ap": 0.0000500262,
    "ctue": 0.00820246,
    "ctuh-c": 3.64087e-10,
    "ctuh-nc": 7.10692e-10,
    "gwp": 0.00383676,
    "ir": 0.000332672,
    "pm": 0.00000130986,
    "wu": 0.0021255
  },
  "2020-01": {
    "adpe": 1.32683e-7,
    "ap": 0.0000510707,
    "ctue": 0.00831924,
    "ctuh-c": 3.62921e-10,
    "ctuh-nc": 7.31167e-10,
    "gwp": 0.00392668,
    "ir": 0.000348358,
    "pm": 0.00000132776,
    "wu": 0.00217751
  },
  "2020-02": {
    "adpe": 1.45658e-7,
    "ap": 0.0000514602,
    "ctue": 0.00882129,
    "ctuh-c": 3.93082e-10,
    "ctuh-nc": 7.63251e-10,
    "gwp": 0.00405802,
    "ir": 0.000371122,
    "pm": 0.00000130941,
    "wu": 0.00223941
  },
  "2020-03": {
    "adpe": 1.72992e-7,
    "ap": 0.0000537068,
    "ctue": 0.00939614,
    "ctuh-c": 4.16594e-10,
    "ctuh-nc": 8.26656e-10,
    "gwp": 0.0043113,
    "ir": 0.00041871,
    "pm": 0.00000132917,
    "wu": 0.00239063
  },
  "2020-04": {
    "adpe": 1.93094e-7,
    "ap": 0.0000551195,
    "ctue": 0.00936773,
    "ctuh-c": 3.97115e-10,
    "ctuh-nc": 8.59843e-10,
    "gwp": 0.00442222,
    "ir": 0.000451978,
    "pm": 0.00000134245,
    "wu": 0.00247078
  },
  "2020-05": {
    "adpe": 1.95809e-7,
    "ap": 0.0000548508,
    "ctue": 0.00950582,
    "ctuh-c": 3.99032e-10,
    "ctuh-nc": 8.66582e-10,
    "gwp": 0.00446239,
    "ir": 0.000458988,
    "pm": 0.00000132153,
    "wu": 0.00246902
  },
  "2020-06": {
    "adpe": 1.80911e-7,
    "ap": 0.0000518991,
    "ctue": 0.00916757,
    "ctuh-c": 3.68399e-10,
    "ctuh-nc": 8.23782e-10,
    "gwp": 0.00430669,
    "ir": 0.000437012,
    "pm": 0.00000124043,
    "wu": 0.00231803
  },
  "2020-07": {
    "adpe": 1.72886e-7,
    "ap": 0.0000508922,
    "ctue": 0.00884592,
    "ctuh-c": 3.40737e-10,
    "ctuh-nc": 8.00475e-10,
    "gwp": 0.00422061,
    "ir": 0.000425061,
    "pm": 0.00000121997,
    "wu": 0.00224854
  },
  "2020-08": {
    "adpe": 1.70197e-7,
    "ap": 0.0000510998,
    "ctue": 0.0087067,
    "ctuh-c": 3.40633e-10,
    "ctuh-nc": 7.93033e-10,
    "gwp": 0.00417311,
    "ir": 0.000417389,
    "pm": 0.00000123977,
    "wu": 0.00224969
  },
  "2020-09": {
    "adpe": 1.68433e-7,
    "ap": 0.0000512897,
    "ctue": 0.00885933,
    "ctuh-c": 3.46829e-10,
    "ctuh-nc": 7.97361e-10,
    "gwp": 0.00421723,
    "ir": 0.000417843,
    "pm": 0.00000124299,
    "wu": 0.00225505
  },
  "2020-10": {
    "adpe": 1.62566e-7,
    "ap": 0.0000515235,
    "ctue": 0.00933445,
    "ctuh-c": 3.95768e-10,
    "ctuh-nc": 8.03058e-10,
    "gwp": 0.00426176,
    "ir": 0.000408464,
    "pm": 0.00000125761,
    "wu": 0.00228043
  },
  "2020-11": {
    "adpe": 1.49069e-7,
    "ap": 0.0000522311,
    "ctue": 0.00878219,
    "ctuh-c": 3.88504e-10,
    "ctuh-nc": 7.70885e-10,
    "gwp": 0.00408506,
    "ir": 0.000376531,
    "pm": 0.00000133208,
    "wu": 0.00226955
  },
  "2020-12": {
    "adpe": 1.38688e-7,
    "ap": 0.0000526696,
    "ctue": 0.0085076,
    "ctuh-c": 3.87638e-10,
    "ctuh-nc": 7.50825e-10,
    "gwp": 0.00398858,
    "ir": 0.000354952,
    "pm": 0.00000137886,
    "wu": 0.00226013
  },
  "2021-01": {
    "adpe": 1.50332e-7,
    "ap": 0.0000536081,
    "ctue": 0.00879943,
    "ctuh-c": 4.03359e-10,
    "ctuh-nc": 7.78644e-10,
    "gwp": 0.00409777,
    "ir": 0.000374737,
    "pm": 0.00000138693,
    "wu": 0.00232772
  },
  "2021-02": {
    "adpe": 1.6195e-7,
    "ap": 0.0000540362,
    "ctue": 0.0089871,
    "ctuh-c": 4.07672e-10,
    "ctuh-nc": 8.01116e-10,
    "gwp": 0.0041825,
    "ir": 0.000394735,
    "pm": 0.0000013768,
    "wu": 0.00237123
  },
  "2021-03": {
    "adpe": 1.91943e-7,
    "ap": 0.0000559388,
    "ctue": 0.0095741,
    "ctuh-c": 4.44289e-10,
    "ctuh-nc": 8.63623e-10,
    "gwp": 0.00439624,
    "ir": 0.000441515,
    "pm": 0.00000138726,
    "wu": 0.00252694
  },
  "2021-04": {
    "adpe": 2.03176e-7,
    "ap": 0.0000558069,
    "ctue": 0.00966898,
    "ctuh-c": 4.36562e-10,
    "ctuh-nc": 8.80625e-10,
    "gwp": 0.00446043,
    "ir": 0.000461781,
    "pm": 0.00000135661,
    "wu": 0.00254338
  },
  "2021-05": {
    "adpe": 2.18251e-7,
    "ap": 0.0000566229,
    "ctue": 0.0102058,
    "ctuh-c": 4.58966e-10,
    "ctuh-nc": 9.20399e-10,
    "gwp": 0.00464209,
    "ir": 0.000491334,
    "pm": 0.000001344,
    "wu": 0.00261836
  },
  "2021-06": {
    "adpe": 2.06249e-7,
    "ap": 0.0000544273,
    "ctue": 0.00931816,
    "ctuh-c": 3.85214e-10,
    "ctuh-nc": 8.70453e-10,
    "gwp": 0.00442781,
    "ir": 0.00047129,
    "pm": 0.00000129576,
    "wu": 0.00247163
  },
  "2021-07": {
    "adpe": 1.97378e-7,
    "ap": 0.0000543237,
    "ctue": 0.00914596,
    "ctuh-c": 3.75419e-10,
    "ctuh-nc": 8.54592e-10,
    "gwp": 0.00437741,
    "ir": 0.000457491,
    "pm": 0.00000130958,
    "wu": 0.00244119
  },
  "2021-08": {
    "adpe": 1.96163e-7,
    "ap": 0.0000540396,
    "ctue": 0.00909666,
    "ctuh-c": 3.7476e-10,
    "ctuh-nc": 8.49629e-10,
    "gwp": 0.00435022,
    "ir": 0.000454371,
    "pm": 0.00000130382,
    "wu": 0.00242892
  },
  "2021-09": {
    "adpe": 1.9035e-7,
    "ap": 0.0000539803,
    "ctue": 0.00921689,
    "ctuh-c": 3.80255e-10,
    "ctuh-nc": 8.46736e-10,
    "gwp": 0.00437159,
    "ir": 0.000448532,
    "pm": 0.00000130538,
    "wu": 0.00241623
  },
  "2021-10": {
    "adpe": 1.8805e-7,
    "ap": 0.0000540938,
    "ctue": 0.00970088,
    "ctuh-c": 4.38752e-10,