year,adpe,ap,ctue,ctuh-c,ctuh-nc,gwp,ir,pm,wu
2019,1.43665e-7,0.0000478305,0.00810734,3.30652e-10,7.21011e-10,0.00384117,0.000364755,0.00000119155,0.00207706
2020,1.64654e-7,0.0000507085,0.00871204,3.66885e-10,7.80099e-10,0.00408477,0.000401075,0.00000124807,0.00224247
2021,1.8608e-7,0.000053228,0.00911331,4.03919e-10,8.29055e-10,0.00423937,0.000431124,0.00000130435,0.00239922
2022,2.1838e-7,0.0000557157,0.00984203,4.49541e-10,9.01869e-10,0.00450301,0.000482734,0.00000132877,0.00258493
2023,2.54656e-7,0.0000575493,0.0104781,4.91138e-10,9.72114e-10,0.00472601,0.000537583,0.00000132779,0.00275667
2024,3.02957e-7,0.0000598974,0.0113074,5.33188e-10,1.06671e-9,0.00504963,0.000614512,0.00000131667,0.00297289
2025,3.83805e-7,0.0000637091,0.0123496,5.79138e-10,1.21447e-9,0.00552543,0.000740724,0.00000130156,0.00331581
