year,adpe,ap,ctue,ctuh-c,ctuh-nc,gwp,ir,pm,wu
2019,5.091906419581228e-7,0.001298489775550187,0.2225926568323335,0.000016651131760442858,0.00000850132097307593,0.5293460824622123,0.007380560582561694,0.000043038265939708545,0.0646695424347512
2020,5.238786592886612e-7,0.0012903660706026984,0.22045171343482067,0.000016557431127120584,0.00000845314354003574,0.523261164391949,0.007322956362133066,0.00004297019002306739,0.06385001086485952
2021,5.429375714784723e-7,0.001287273279068261,0.22211568339572585,0.000016203391493319334,0.000008273767858876301,0.5249941930115778,0.007340433275087454,0.000042128364580874226,0.0644166637475853
2022,5.678180528232176e-7,0.0012823759442463865,0.22121453330729954,0.000016150979912475117,0.000008246888448276728,0.5213511080840263,0.007293192774385117,0.00004201787068627881,0.06375108583946362
2023,5.973178613947283e-7,0.0012721965935273633,0.22078556673058,0.000016097291951384155,0.000008219597686887798,0.519119996714996,0.007302701971003243,0.00004148080021594083,0.06368148791290801
