year,adpe,ap,ctue,ctuh-c,ctuh-nc,gwp,ir,pm,wu
2019,1.43659e-7,0.0000478301,0.00810871,3.30653e-10,7.21058e-10,0.00384166,0.000364789,0.00000119146,0.00207703
2020,1.64647e-7,0.0000507083,0.00871325,3.66883e-10,7.80139e-10,0.00408521,0.000401104,0.000001248,0.00224244
2021,1.86067e-7,0.0000532269,0.00911506,4.03912e-10,8.29108e-10,0.00423999,0.000431163,0.00000130421,0.00239914
2022,2.18372e-7,0.0000557151,0.00984301,4.49537e-10,9.01896e-10,0.00450335,0.000482754,0.0000013287,0.00258488
2023,2.54642e-7,0.0000575483,0.0104791,4.91122e-10,9.72139e-10,0.0047264,0.000537602,0.0000013277,0.00275658
2024,3.02922e-7,0.0000598925,0.0113093,5.33162e-10,1.06673e-9,0.00505022,0.000614531,0.00000131641,0.00297262
2025,3.73661e-7,0.0000633329,0.0123482,5.82568e-10,1.20023e-9,0.00549209,0.000725865,0.00000130424,0.00328181
