{
  "2019-01": {
    "adpe": 4.89029e-7,
    "ap": 0.00129248,
    "ctue": 0.224307,
    "ctuh-c": 0.0000170805,
    "ctuh-nc": 0.00000872028,
    "gwp": 0.534474,
    "ir": 0.00746553,
    "pm": 0.0000426237,
    "wu": 0.06603
  },
  "2019-02": {
    "adpe": 4.97212e-7,
    "ap": 0.00130428,
    "ctue": 0.224741,
    "ctuh-c": 0.0000174178,
    "ctuh-nc": 0.00000889165,
    "gwp": 0.535886,
    "ir": 0.00743978,
    "pm": 0.0000434816,
    "wu": 0.0655136
  },
  "2019-03": {
    "adpe": 5.16594e-7,
    "ap": 0.0012801,
    "ctue": 0.22097,
    "ctuh-c": 0.0000174409,
    "ctuh-nc": 0.00000890268,
    "gwp": 0.525545,
    "ir": 0.00739169,
    "pm": 0.000042922,
    "wu": 0.0647771
  },
  "2019-04": {
    "adpe": 5.23998e-7,
    "ap": 0.00128244,
    "ctue": 0.218887,
    "ctuh-c": 0.0000177429,
    "ctuh-nc": 0.0000090555,
    "gwp": 0.521537,
    "ir": 0.00735045,
    "pm": 0.0000437489,
    "wu": 0.0637936
  },
  "2019-05": {
    "adpe": 5.24914e-7,
    "ap": 0.00126697,
    "ctue": 0.217146,
    "ctuh-c": 0.0000175047,
    "ctuh-nc": 0.00000893412,
    "gwp": 0.517234,
    "ir": 0.00730829,
    "pm": 0.000043048,
    "wu": 0.0632994
  },
  "2019-06": {
    "adpe": 5.22737e-7,
    "ap": 0.00126852,
    "ctue": 0.218626,
    "ctuh-c": 0.0000171063,
    "ctuh-nc": 0.00000873197,
    "gwp": 0.521844,
    "ir": 0.00735641,
    "pm": 0.0000425079,
    "wu": 0.0637406
  },
  "2019-07": {
    "adpe": 5.15484e-7,
    "ap": 0.00126104,
    "ctue": 0.220925,
    "ctuh-c": 0.0000165467,
    "ctuh-nc": 0.00000844831,
    "gwp": 0.527156,
    "ir": 0.00740159,
    "pm": 0.0000411279,
    "wu": 0.0646737
  },
  "2019-08": {
    "adpe": 5.17056e-7,
    "ap": 0.00126511,
    "ctue": 0.221425,
    "ctuh-c": 0.0000166716,
    "ctuh-nc": 0.00000851189,
    "gwp": 0.528531,
    "ir": 0.00741947,
    "pm": 0.0000413367,
    "wu": 0.0648578
  },
  "2019-09": {
    "adpe": 5.14013e-7,
    "ap": 0.00127314,
    "ctue": 0.219866,
    "ctuh-c": 0.0000171148,
    "ctuh-nc": 0.00000873649,
    "gwp": 0.525908,
    "ir": 0.0074014,
    "pm": 0.0000425403,
    "wu": 0.0642005
  },
  "2019-10": {
    "adpe": 5.06283e-7,
    "ap": 0.00126984,
    "ctue": 0.218718,
    "ctuh-c": 0.00001692,
    "ctuh-nc": 0.00000863708,
    "gwp": 0.523182,
    "ir": 0.00738521,
    "pm": 0.0000424873,
    "wu": 0.0639699
  },
  "2019-11": {
    "adpe": 4.96393e-7,
    "ap": 0.00128529,
    "ctue": 0.222613,
    "ctuh-c": 0.0000166741,
    "ctuh-nc": 0.00000851314,
    "gwp": 0.530233,
    "ir": 0.00740248,
    "pm": 0.000042331,
    "wu": 0.0650231
  },
  "2019-12": {
    "adpe": 4.94515e-7,
    "ap": 0.00128773,
    "ctue": 0.225726,
    "ctuh-c": 0.0000163291,
    "ctuh-nc": 0.00000833874,
    "gwp": 0.535826,
    "ir": 0.00744468,
    "pm": 0.0000415084,
    "wu": 0.0661836
  },
  "2020-01": {
    "adpe": 4.99109e-7,
    "ap": 0.00128461,
    "ctue": 0.219974,
    "ctuh-c": 0.0000170721,
    "ctuh-nc": 0.00000871467,
    "gwp": 0.525217,
    "ir": 0.00743141,
    "pm": 0.0000431599,
    "wu": 0.0647965
  },
  "2020-02": {
    "adpe": 5.0904e-7,
    "ap": 0.00128493,
    "ctue": 0.219383,
    "ctuh-c": 0.0000172521,
    "ctuh-nc": 0.00000880597,
    "gwp": 0.522872,
    "ir": 0.00735407,
    "pm": 0.0000434688,
    "wu": 0.0639508
  },
  "2020-03": {
    "adpe": 5.31077e-7,
    "ap": 0.00126536,
    "ctue": 0.215488,
    "ctuh-c": 0.0000174965,
    "ctuh-nc": 0.0000089294,
    "gwp": 0.512845,
    "ir": 0.0073178,
    "pm": 0.000043324,
    "wu": 0.0632115
  },
  "2020-04": {
    "adpe": 5.51425e-7,
    "ap": 0.00128195,
    "ctue": 0.216029,
    "ctuh-c": 0.0000180323,
    "ctuh-nc": 0.00000920178,
    "gwp": 0.514503,
    "ir": 0.00732692,
    "pm": 0.0000445033,
    "wu": 0.0629888
  },
  "2020-05": {
    "adpe": 5.51603e-7,
    "ap": 0.00127244,
    "ctue": 0.216561,
    "ctuh-c": 0.0000175305,
    "ctuh-nc": 0.00000894702,
    "gwp": 0.514374,
    "ir": 0.00729758,
    "pm": 0.0000434496,
    "wu": 0.0630516
  },
  "2020-06": {
    "adpe": 5.36152e-7,
    "ap": 0.00126238,
    "ctue": 0.217133,
    "ctuh-c": 0.0000169008,
    "ctuh-nc": 0.00000862715,
    "gwp": 0.516813,
    "ir": 0.00729342,
    "pm": 0.0000423072,
    "wu": 0.0630652
  },
  "2020-07": {
    "adpe": 5.27423e-7,
    "ap": 0.00124698,
    "ctue": 0.217767,
    "ctuh-c": 0.0000162355,
    "ctuh-nc": 0.00000828932,
    "gwp": 0.519084,
    "ir": 0.00731807,
    "pm": 0.0000407593,
    "wu": 0.0634908
  },
  "2020-08": {
    "adpe": 5.27483e-7,
    "ap": 0.00125699,
    "ctue": 0.221024,
    "ctuh-c": 0.0000160976,
    "ctuh-nc": 0.00000822008,
    "gwp": 0.525908,
    "ir": 0.00734559,
    "pm": 0.0000405078,
    "wu": 0.0642597
  },
  "2020-09": {
    "adpe": 5.25274e-7,
    "ap": 0.0012637,
    "ctue": 0.217691,
    "ctuh-c": 0.0000167451,
    "ctuh-nc": 0.00000854809,
    "gwp": 0.519054,
    "ir": 0.00730436,
    "pm": 0.0000421428,
    "wu": 0.0632131
  },
  "2020-10": {
    "adpe": 5.18354e-7,
    "ap": 0.00125449,
    "ctue": 0.215288,
    "ctuh-c": 0.0000169627,
    "ctuh-nc": 0.0000086581,
    "gwp": 0.512485,
    "ir": 0.00725214,
    "pm": 0.0000423615,
    "wu": 0.0626841
  },
  "2020-11": {
    "adpe": 5.14466e-7,
    "ap": 0.0012865,
    "ctue": 0.222725,
    "ctuh-c": 0.0000169572,
    "ctuh-nc": 0.00000865715,
    "gwp": 0.528729,
    "ir": 0.00736407,
    "pm": 0.0000425436,
    "wu": 0.0648273
  },
  "2020-12": {
    "adpe": 5.07974e-7,
    "ap": 0.00129144,
    "ctue": 0.227741,
    "ctuh-c": 0.0000163145,
    "ctuh-nc": 0.00000833199,
    "gwp": 0.538478,
    "ir": 0.00742954,
    "pm": 0.0000412098,
    "wu": 0.066558
  },
  "2021-01": {
    "adpe": 5.16645e-7,
    "ap": 0.00128238,
    "ctue": 0.223217,
    "ctuh-c": 0.0000166621,
    "ctuh-nc": 0.00000850735,
    "gwp": 0.529121,
    "ir": 0.00740273,
    "pm": 0.0000419706,
    "wu": 0.0654167
  },
  "2021-02": {
    "adpe": 5.26162e-7,
    "ap": 0.0012904,
    "ctue": 0.224587,
    "ctuh-c": 0.0000165826,
    "ctuh-nc": 0.00000846726,
    "gwp": 0.531542,
    "ir": 0.00736063,
    "pm": 0.0000420683,
    "wu": 0.0650929
  },
  "2021-03": {
    "adpe": 5.51601e-7,
    "ap": 0.00127257,
    "ctue": 0.22226,
    "ctuh-c": 0.0000167652,
    "ctuh-nc": 0.00000855974,
    "gwp": 0.52509,
    "ir": 0.00737175,
    "pm": 0.0000416387,
    "wu": 0.0649783
  },
  "2021-04": {
    "adpe": 5.60386e-7,
    "ap": 0.00127458,
    "ctue": 0.220224,
    "ctuh-c": 0.0000172019,
    "ctuh-nc": 0.000008781,
    "gwp": 0.521815,
    "ir": 0.00734305,
    "pm": 0.0000425376,
    "wu": 0.0640295
  },
  "2021-05": {
    "adpe": 5.70153e-7,
    "ap": 0.00125632,
    "ctue": 0.216771,
    "ctuh-c": 0.0000168998,
    "ctuh-nc": 0.00000862669,
    "gwp": 0.512323,
    "ir": 0.00727325,
    "pm": 0.000042018,
    "wu": 0.0630953
  },
  "2021-06": {
    "adpe": 5.58378e-7,
    "ap": 0.00126231,
    "ctue": 0.220103,
    "ctuh-c": 0.0000163578,
    "ctuh-nc": 0.00000835205,
    "gwp": 0.522348,
    "ir": 0.00736467,
    "pm": 0.0000411807,
    "wu": 0.0641516
  },
  "2021-07": {
    "adpe": 5.51004e-7,
    "ap": 0.0012536,
    "ctue": 0.221833,
    "ctuh-c": 0.0000158031,
    "ctuh-nc": 0.00000807077,
    "gwp": 0.525473,
    "ir": 0.00737216,
    "pm": 0.0000398588,
    "wu": 0.0648008
  },
  "2021-08": {
    "adpe": 5.49946e-7,
    "ap": 0.00125831,
    "ctue": 0.222195,
    "ctuh-c": 0.000015915,
    "ctuh-nc": 0.00000812769,
    "gwp": 0.526571,
    "ir": 0.00737955,
    "pm": 0.0000401437,
    "wu": 0.0648468
  },
  "2021-09": {
    "adpe": 5.46632e-7,
    "ap": 0.00126295,
    "ctue": 0.218726,
    "ctuh-c": 0.0000166355,
    "ctuh-nc": 0.0000084928,
    "gwp": 0.519283,
    "ir": 0.00733659,
    "pm": 0.0000417456,
    "wu": 0.0638318
  },
  "2021-10": {
    "adpe": 5.41587e-7,
    "ap": 0.00126015,
    "ctue": 0.216927,
    "ctuh-c": 0.0000168608,
    "ctuh-nc": 0.00000860671,
    "gwp": 0.514816,
    "ir": 0.00730673,
    "pm": 0.0000422436,
    "wu": 0.0633408
  },
  "2021-11": {
    "adpe": 5.31915e-7,
    "ap": 0.00127493,
    "ctue": 0.220083,