year,adpe,ap,ctue,ctuh-c,ctuh-nc,gwp,ir,pm,wu
2019,0.0000015563811247880237,0.00029860684612647887,0.04395512350940937,1.911570885154607e-9,4.992210979383481e-9,0.02264641486969271,0.0029917414819222252,0.000006852170960175258,0.014479547802132179
2020,0.000001598952043984274,0.0002960481853749337,0.044420649261053,1.9410481089169824e-9,5.038312586900934e-9,0.022701441366754976,0.0030504144122080914,0.000006689163889393349,0.014516405141016217
2021,0.0000016409227547915387,0.00030094451872606046,0.04531307723400767,2.040271884569562e-9,5.133645060610092e-9,0.022969943199565513,0.003103522088988921,0.000006806508052037823,0.014840559029050142
2022,0.0000016901354362272502,0.0002990961156901427,0.0460415733043702,2.1022549955915246e-9,5.196476475215407e-9,0.023064826668213138,0.0031686422711002865,0.000006661698902358141,0.01493782391827039
2023,0.0000017604161137585214,0.0002979480388696517,0.04738775314594697,2.236461324177075e-9,5.299636048870927e-9,0.023238686412254548,0.003256786167982905,0.000006515077544842661,0.015155720945213308
