year,adpe,ap,ctue,ctuh-c,ctuh-nc,gwp,ir,pm,wu
2019,1.41846e-7,0.0000503335,0.00821046,3.32934e-10,7.37802e-10,0.00395362,0.000366656,0.00000127843,0.00215481
2020,1.63085e-7,0.0000534282,0.00882088,3.69417e-10,7.98659e-10,0.00420607,0.000403561,0.00000134214,0.00232799
2021,1.8499e-7,0.000055953,0.00922751,4.06912e-10,8.48321e-10,0.0043621,0.000434255,0.00000139786,0.00248635
2022,2.17557e-7,0.0000583532,0.00996135,4.52968e-10,9.21041e-10,0.00462387,0.000486164,0.00000141871,0.00267013
2023,2.54225e-7,0.0000602609,0.0106021,4.94941e-10,9.92296e-10,0.00485047,0.000541604,0.00000141976,0.00284545
2024,3.03296e-7,0.0000626111,0.0114389,5.3729e-10,1.08802e-9,0.00517693,0.000619677,0.00000140734,0.00306375
2025,3.69733e-7,0.0000659329,0.0124722,5.91142e-10,1.21499e-9,0.00559607,0.000723577,0.00000139979,0.00336202
2026,3.38922e-7,0.0000654748,0.0123192,6.12999e-10,1.16772e-9,0.00543105,0.000670479,0.00000144821,0.0032901
