year,adpe,ap,ctue,ctuh-c,ctuh-nc,gwp,ir,pm,wu
2019,1.40389e-7,0.0000470562,0.00797885,3.18747e-10,7.09542e-10,0.00379679,0.0003599,0.00000116969,0.00203647
2020,1.59933e-7,0.0000497821,0.00854726,3.52542e-10,7.65047e-10,0.00402696,0.0003939,0.00000122366,0.00219199
2021,1.79663e-7,0.0000512431,0.00893098,3.88104e-10,8.05304e-10,0.00414235,0.000420874,0.0000012447,0.00230942
2022,2.09295e-7,0.0000528789,0.00960168,4.30253e-10,8.68265e-10,0.00436294,0.000467704,0.00000124403,0.00245902
2023,2.42774e-7,0.0000550318,0.0101569,4.66275e-10,9.3497e-10,0.00457855,0.000518484,0.00000126024,0.00263098
2024,2.15044e-7,0.000054529,0.0100244,4.90368e-10,8.91317e-10,0.00441696,0.000469293,0.00000130278,0.00256644
