year,adpe,ap,ctue,ctuh-c,ctuh-nc,gwp,ir,pm,wu
2019,0.000001625931177917928,0.0003054144613956394,0.044155236178322774,1.8963559831631644e-9,5.121581512344681e-9,0.02306224112637073,0.003099878285649589,0.000006977782457273577,0.014854426332807077
2020,0.0000016708537869342539,0.0003029263031772192,0.044642329079022866,1.927165341486941e-9,5.171381798290014e-9,0.02312654478743395,0.0031619224907056716,0.000006813436818188682,0.014900004015111344
2021,0.00000171225421649088,0.0003077172183967905,0.04556187413090985,2.0304521806669404e-9,5.265841340178677e-9,0.023389969140465313,0.003213666027522565,0.000006928417550696288,0.015222100486631286
2022,0.0000017642373504677106,0.0003061217183072319,0.04623699280687922,2.0831540872712056e-9,5.3327297577701934e-9,0.023501635259859065,0.0032841119772437466,0.00000678686439855806,0.015327911459741175
2023,0.0000018374512708719586,0.0003045563865087302,0.04735006130419188,2.1816054684333362e-9,5.433406345802232e-9,0.023675680420685057,0.003380675843507179,0.000006615502387125933,0.015515283749793314
