year,adpe,ap,ctue,ctuh-c,ctuh-nc,gwp,ir,pm,wu
2019,5.23415e-7,0.0013638,0.227076,0.0000185274,0.00000945603,0.533935,0.00734667,0.0000471873,0.0653839
2020,5.40502e-7,0.0013568,0.224756,0.0000184457,0.00000941391,0.527108,0.00727904,0.0000472062,0.0645043
2021,5.61558e-7,0.00135175,0.226678,0.0000179759,0.00000917583,0.529278,0.00730189,0.0000461084,0.0651653
2022,5.9066e-7,0.00134352,0.225143,0.0000179305,0.00000915237,0.524156,0.00724762,0.0000459267,0.0643639
2023,6.25672e-7,0.00132007,0.223923,0.0000178089,0.00000909056,0.519913,0.00725555,0.0000447246,0.0642864
2024,6.6907e-7,0.0012977,0.221333,0.0000174363,0.00000890068,0.511969,0.00723567,0.0000436862,0.0636549
2025,6.69882e-7,0.00130498,0.222501,0.0000174183,0.0000088917,0.514084,0.00729543,0.0000438795,0.0643802
