{
  "2019-01": {
    "adpe": 4.886307488628235e-7,
    "ap": 0.001313387722505854,
    "ctue": 0.2257144385007053,
    "ctuh-c": 0.00001670227314731974,
    "ctuh-nc": 0.000008528120979709622,
    "gwp": 0.536439720873375,
    "ir": 0.007447191906430647,
    "pm": 0.000043237581115544004,
    "wu": 0.06600498917838765
  },
  "2019-02": {
    "adpe": 4.963072616068349e-7,
    "ap": 0.001326315175180919,
    "ctue": 0.22618522463346594,
    "ctuh-c": 0.000017004626294550524,
    "ctuh-nc": 0.000008681734857470838,
    "gwp": 0.5378773475802645,
    "ir": 0.007419478320117826,
    "pm": 0.00004412554087291863,
    "wu": 0.06547738062142162
  },
  "2019-03": {
    "adpe": 5.157605228093317e-7,
    "ap": 0.0013016930073270383,
    "ctue": 0.22242514723430765,
    "ctuh-c": 0.000017041661633751725,
    "ctuh-nc": 0.000008699829343594797,
    "gwp": 0.5276821207131134,
    "ir": 0.0073750613853885046,
    "pm": 0.000043548446950746904,
    "wu": 0.0647626457836205
  },
  "2019-04": {
    "adpe": 5.227369375121595e-7,
    "ap": 0.0013036150129002997,
    "ctue": 0.22034229569993327,
    "ctuh-c": 0.000017326379240757172,
    "ctuh-nc": 0.000008843866516289484,
    "gwp": 0.5235804799095978,
    "ir": 0.007330732441565152,
    "pm": 0.00004434157371800344,
    "wu": 0.06377035355380534
  },
  "2019-05": {
    "adpe": 5.240702172489382e-7,
    "ap": 0.0012868135905508122,
    "ctue": 0.21852589880199638,
    "ctuh-c": 0.000017105621516392388,
    "ctuh-nc": 0.000008731362553214977,
    "gwp": 0.5192453738152736,
    "ir": 0.007292493923464245,
    "pm": 0.000043588527437692375,
    "wu": 0.06329881031121544
  },
  "2019-06": {
    "adpe": 5.219643011772416e-7,
    "ap": 0.0012886023707791283,
    "ctue": 0.22007634667403395,
    "ctuh-c": 0.000016719289127847227,
    "ctuh-nc": 0.000008535342290419665,
    "gwp": 0.5240225449765402,
    "ir": 0.00734211167258329,
    "pm": 0.00004305726972309111,
    "wu": 0.06375926586296805
  },
  "2019-07": {
    "adpe": 5.148325733628917e-7,
    "ap": 0.0012804547072466361,
    "ctue": 0.22230218332783364,
    "ctuh-c": 0.000016187137232764966,
    "ctuh-nc": 0.000008265638833208461,
    "gwp": 0.5292053738668854,
    "ir": 0.007385614014956275,
    "pm": 0.000041673154016626254,
    "wu": 0.06467158421046486
  },
  "2019-08": {
    "adpe": 5.165619455237527e-7,
    "ap": 0.0012841856826274933,
    "ctue": 0.22275838151480754,
    "ctuh-c": 0.000016306511309311222,
    "ctuh-nc": 0.00000832641566294649,
    "gwp": 0.5304675074762449,
    "ir": 0.007403489476299267,
    "pm": 0.000041867674472512296,
    "wu": 0.06485282296270158
  },
  "2019-09": {
    "adpe": 5.135239506750584e-7,
    "ap": 0.0012927362414323444,
    "ctue": 0.22123758133063537,
    "ctuh-c": 0.00001672780279323847,
    "ctuh-nc": 0.000008539874081834096,
    "gwp": 0.5278302616363885,
    "ir": 0.007384316713915299,
    "pm": 0.00004307608312953283,
    "wu": 0.06419856103286489
  },
  "2019-10": {
    "adpe": 5.060329813077443e-7,
    "ap": 0.0012904079080435216,
    "ctue": 0.2201729531090594,
    "ctuh-c": 0.0000165334163931537,
    "ctuh-nc": 0.00000844070410030492,
    "gwp": 0.5252527388974727,
    "ir": 0.00736844867763523,
    "pm": 0.000043062102237189155,
    "wu": 0.06397505652473133
  },
  "2019-11": {
    "adpe": 4.962575477160311e-7,
    "ap": 0.0013065904897281377,
    "ctue": 0.22407415107154208,
    "ctuh-c": 0.000016285991846622433,
    "ctuh-nc": 0.000008315963898268847,
    "gwp": 0.5323156181167242,
    "ir": 0.007385619395199688,
    "pm": 0.00004294686836663989,
    "wu": 0.06501510213002284
  },
  "2019-12": {
    "adpe": 4.939328444174838e-7,
    "ap": 0.0013085476031070502,
    "ctue": 0.22709674471552882,
    "ctuh-c": 0.00001595244450521783,
    "ctuh-nc": 0.000008147365348264058,
    "gwp": 0.5377655581362798,
    "ir": 0.007427255809023523,
    "pm": 0.000042127373258917445,
    "wu": 0.06615475066696117
  },
  "2020-01": {
    "adpe": 4.983133029675822e-7,
    "ap": 0.0013051370761242443,
    "ctue": 0.22124040409582468,
    "ctuh-c": 0.00001667523730915099,
    "ctuh-nc": 0.000008512972158652283,
    "gwp": 0.526991074502343,
    "ir": 0.0074139330726233025,
    "pm": 0.00004376828426078464,
    "wu": 0.06474441533253728
  },
  "2020-02": {
    "adpe": 5.082777278547685e-7,
    "ap": 0.0013056581075553337,
    "ctue": 0.22064203474458954,
    "ctuh-c": 0.000016844211590961633,
    "ctuh-nc": 0.000008598655759847849,
    "gwp": 0.5246105108491433,
    "ir": 0.007336046957444116,
    "pm": 0.000044082319524570765,
    "wu": 0.06389208376865259
  },
  "2020-03": {
    "adpe": 5.301161905542433e-7,
    "ap": 0.0012858987650291357,
    "ctue": 0.2167702471151652,
    "ctuh-c": 0.00001709622832612265,
    "ctuh-nc": 0.000008725999136592499,
    "gwp": 0.5146978985611022,
    "ir": 0.007301342187664917,
    "pm": 0.00004392749191060486,
    "wu": 0.06316654149671146
  },
  "2020-04": {
    "adpe": 5.501604504745847e-7,
    "ap": 0.001302579221650525,
    "ctue": 0.21728905939364065,
    "ctuh-c": 0.00001759445444516931,
    "ctuh-nc": 0.000008979257146261514,
    "gwp": 0.5162740479154057,
    "ir": 0.007308801694484329,
    "pm": 0.00004509133643438546,
    "wu": 0.0629235872531117
  },
  "2020-05": {
    "adpe": 5.503571093582171e-7,
    "ap": 0.001291521710746659,
    "ctue": 0.21773967082260173,
    "ctuh-c": 0.000017113607000907603,
    "ctuh-nc": 0.00000873515692191174,
    "gwp": 0.5160981727411533,
    "ir": 0.007282256926189869,
    "pm": 0.00004398364642905115,
    "wu": 0.06299498529377816
  },
  "2020-06": {
    "adpe": 5.352616751636425e-7,
    "ap": 0.0012807441505157534,
    "ctue": 0.2182717687703133,
    "ctuh-c": 0.000016507119178148862,
    "ctuh-nc": 0.000008427063496209271,
    "gwp": 0.5184694554575285,
    "ir": 0.007278872121710073,
    "pm": 0.00004282079279312413,
    "wu": 0.06302206119703486
  },
  "2020-07": {
    "adpe": 5.26758990384964e-7,
    "ap": 0.0012638274859278448,
    "ctue": 0.21881001230228264,
    "ctuh-c": 0.000015869473633328876,
    "ctuh-nc": 0.000008103302871335886,
    "gwp": 0.5205930501780234,
    "ir": 0.007304978932988313,
    "pm": 0.00004122461718504526,
    "wu": 0.06345679468999117
  },
  "2020-08": {
    "adpe": 5.268168042460995e-7,
    "ap": 0.0012739022220900015,
    "ctue": 0.22203992186999882,
    "ctuh-c": 0.000015734291794428804,
    "ctuh-nc": 0.000008035440984395017,
    "gwp": 0.5273452635901279,
    "ir": 0.007331682803784846,
    "pm": 0.000040987216523841824,
    "wu": 0.06420991920270885
  },
  "2020-09": {
    "adpe": 5.244398723353155e-7,
    "ap": 0.0012819558743194673,
    "ctue": 0.21881089338795487,
    "ctuh-c": 0.000016359160215726,
    "ctuh-nc": 0.000008351966991428927,
    "gwp": 0.5206474920646225,
    "ir": 0.0072891703184656004,
    "pm": 0.0000426586970446705,
    "wu": 0.06316743662681369
  },
  "2020-10": {
    "adpe": 5.17579227899674e-7,
    "ap": 0.0012741384247096726,
    "ctue": 0.2165231492293684,
    "ctuh-c": 0.000016572010337846213,
    "ctuh-nc": 0.000008459566008594345,
    "gwp": 0.5143043520812125,
    "ir": 0.007237670007924168,
    "pm": 0.000042928945344814006,
    "wu": 0.06265116495371086
  },
  "2020-11": {
    "adpe": 5.135405972191791e-7,
    "ap": 0.00130640963731324,
    "ctue": 0.22387952616448245,
    "ctuh-c": 0.00001656565516420497,
    "ctuh-nc": 0.000008458172518191137,
    "gwp": 0.5303114986215268,
    "ir": 0.007346776604721409,
    "pm": 0.000043145120200304396,
    "wu": 0.06475949139819495
  },
  "2020-12": {
    "adpe": 5.06981959348654e-7,
    "ap": 0.0013108302863086042,
    "ctue": 0.22885139169097332,
    "ctuh-c": 0.000015949832610813282,
    "ctuh-nc": 0.000008146662571602157,
    "gwp": 0.5400325198252006,
    "ir": 0.007412824867161491,
    "pm": 0.00004181187018154627,
    "wu": 0.0664842981415359
  },
  "2021-01": {
    "adpe": 5.151596529230864e-7,
    "ap": 0.0013039402787008475,
    "ctue": 0.22472391159818778,
    "ctuh-c": 0.00001632112717823006,
    "ctuh-nc": 0.00000833415257857562,