{
  "2019-01": {
    "adpe": 1.13884e-7,
    "ap": 0.0000480809,
    "ctue": 0.00758441,
    "ctuh-c": 3.19726e-10,
    "ctuh-nc": 6.6975e-10,
    "gwp": 0.00365244,
    "ir": 0.000313161,
    "pm": 0.00000126839,
    "wu": 0.0020096
  },
  "2019-02": {
    "adpe": 1.21979e-7,
    "ap": 0.0000471673,
    "ctue": 0.0076116,
    "ctuh-c": 3.11768e-10,
    "ctuh-nc": 6.75831e-10,
    "gwp": 0.00366297,
    "ir": 0.000326685,
    "pm": 0.00000121825,
    "wu": 0.00199348
  },
  "2019-03": {
    "adpe": 1.46734e-7,
    "ap": 0.0000489607,
    "ctue": 0.00836529,
    "ctuh-c": 3.59335e-10,
    "ctuh-nc": 7.36733e-10,
    "gwp": 0.00389947,
    "ir": 0.000367944,
    "pm": 0.00000122787,
    "wu": 0.00213984
  },
  "2019-04": {
    "adpe": 1.57838e-7,
    "ap": 0.0000485617,
    "ctue": 0.00849061,
    "ctuh-c": 3.49739e-10,
    "ctuh-nc": 7.53565e-10,
    "gwp": 0.0039711,
    "ir": 0.000389416,
    "pm": 0.00000118488,
    "wu": 0.00214578
  },
  "2019-05": {
    "adpe": 1.63386e-7,
    "ap": 0.0000484948,
    "ctue": 0.00868789,
    "ctuh-c": 3.4972e-10,
    "ctuh-nc": 7.67443e-10,
    "gwp": 0.00404824,
    "ir": 0.000402804,
    "pm": 0.00000116243,
    "wu": 0.00215556
  },
  "2019-06": {
    "adpe": 1.61655e-7,
    "ap": 0.0000476357,
    "ctue": 0.00832892,
    "ctuh-c": 3.21617e-10,
    "ctuh-nc": 7.50602e-10,
    "gwp": 0.00396126,
    "ir": 0.000398252,
    "pm": 0.0000011406,
    "wu": 0.00210585
  },
  "2019-07": {
    "adpe": 1.53037e-7,
    "ap": 0.0000470223,
    "ctue": 0.00802036,
    "ctuh-c": 3.04107e-10,
    "ctuh-nc": 7.27741e-10,
    "gwp": 0.00386473,
    "ir": 0.000382787,
    "pm": 0.00000113998,
    "wu": 0.00205488
  },
  "2019-08": {
    "adpe": 1.53935e-7,
    "ap": 0.0000474358,
    "ctue": 0.00795514,
    "ctuh-c": 3.0235e-10,
    "ctuh-nc": 7.28862e-10,
    "gwp": 0.00385989,
    "ir": 0.000382853,
    "pm": 0.0000011566,
    "wu": 0.00206961
  },
  "2019-09": {
    "adpe": 1.50449e-7,
    "ap": 0.000046939,
    "ctue": 0.00805814,
    "ctuh-c": 3.18505e-10,
    "ctuh-nc": 7.23367e-10,
    "gwp": 0.00383403,
    "ir": 0.000375615,
    "pm": 0.00000114642,
    "wu": 0.00205603
  },
  "2019-10": {
    "adpe": 1.44531e-7,
    "ap": 0.000047343,
    "ctue": 0.00818585,
    "ctuh-c": 3.36002e-10,
    "ctuh-nc": 7.21331e-10,
    "gwp": 0.00384067,
    "ir": 0.000366157,
    "pm": 0.00000117105,
    "wu": 0.00206663
  },
  "2019-11": {
    "adpe": 1.30844e-7,
    "ap": 0.0000477634,
    "ctue": 0.00805715,
    "ctuh-c": 3.4285e-10,
    "ctuh-nc": 7.02087e-10,
    "gwp": 0.00377313,
    "ir": 0.000342121,
    "pm": 0.00000121704,
    "wu": 0.00205327
  },
  "2019-12": {
    "adpe": 1.25758e-7,
    "ap": 0.0000485916,
    "ctue": 0.00799749,
    "ctuh-c": 3.54583e-10,
    "ctuh-nc": 6.96862e-10,
    "gwp": 0.00374078,
    "ir": 0.000330216,
    "pm": 0.00000126413,
    "wu": 0.00207674
  },
  "2020-01": {
    "adpe": 1.32578e-7,
    "ap": 0.0000494789,
    "ctue": 0.00808054,
    "ctuh-c": 3.52087e-10,
    "ctuh-nc": 7.13639e-10,
    "gwp": 0.00381505,
    "ir": 0.000343291,
    "pm": 0.00000127976,
    "wu": 0.00211949
  },
  "2020-02": {
    "adpe": 1.44307e-7,
    "ap": 0.0000497569,
    "ctue": 0.00854618,
    "ctuh-c": 3.80118e-10,
    "ctuh-nc": 7.42546e-10,
    "gwp": 0.00393363,
    "ir": 0.00036392,
    "pm": 0.00000126022,
    "wu": 0.00217351
  },
  "2020-03": {
    "adpe": 1.69351e-7,
    "ap": 0.0000518677,
    "ctue": 0.00908732,
    "ctuh-c": 4.02279e-10,
    "ctuh-nc": 8.01438e-10,
    "gwp": 0.0041711,
    "ir": 0.000407801,
    "pm": 0.00000127964,
    "wu": 0.00231411
  },
  "2020-04": {
    "adpe": 1.88383e-7,
    "ap": 0.0000531612,
    "ctue": 0.0090415,
    "ctuh-c": 3.82743e-10,
    "ctuh-nc": 8.32011e-10,
    "gwp": 0.00427062,
    "ir": 0.000439047,
    "pm": 0.00000129121,
    "wu": 0.00238791
  },
  "2020-05": {
    "adpe": 1.92315e-7,
    "ap": 0.000053015,
    "ctue": 0.00920585,
    "ctuh-c": 3.86037e-10,
    "ctuh-nc": 8.41677e-10,
    "gwp": 0.00432215,
    "ir": 0.000448102,
    "pm": 0.00000127211,
    "wu": 0.00239384
  },
  "2020-06": {
    "adpe": 1.80013e-7,
    "ap": 0.0000503361,
    "ctue": 0.00891079,
    "ctuh-c": 3.57649e-10,
    "ctuh-nc": 8.04787e-10,
    "gwp": 0.0041882,
    "ir": 0.000430331,
    "pm": 0.00000119573,
    "wu": 0.00225922
  },
  "2020-07": {
    "adpe": 1.74966e-7,
    "ap": 0.0000495904,
    "ctue": 0.00863835,
    "ctuh-c": 3.32193e-10,
    "ctuh-nc": 7.87999e-10,
    "gwp": 0.00412624,
    "ir": 0.000423283,
    "pm": 0.00000117865,
    "wu": 0.00220658
  },
  "2020-08": {
    "adpe": 1.73414e-7,
    "ap": 0.0000498233,
    "ctue": 0.00852166,
    "ctuh-c": 3.32898e-10,
    "ctuh-nc": 7.82759e-10,
    "gwp": 0.00408699,
    "ir": 0.000417553,
    "pm": 0.00000119684,
    "wu": 0.0022117
  },
  "2020-09": {
    "adpe": 1.71255e-7,
    "ap": 0.0000499347,
    "ctue": 0.00865255,
    "ctuh-c": 3.38428e-10,
    "ctuh-nc": 7.85402e-10,
    "gwp": 0.00412183,
    "ir": 0.000416979,
    "pm": 0.00000119878,
    "wu": 0.00221323
  },
  "2020-10": {
    "adpe": 1.63514e-7,
    "ap": 0.0000500394,
    "ctue": 0.00909898,
    "ctuh-c": 3.85827e-10,
    "ctuh-nc": 7.87328e-10,
    "gwp": 0.0041536,
    "ir": 0.000404663,
    "pm": 0.0000012123,
    "wu": 0.00222903
  },
  "2020-11": {
    "adpe": 1.49164e-7,
    "ap": 0.0000506497,
    "ctue": 0.00855684,
    "ctuh-c": 3.78972e-10,
    "ctuh-nc": 7.53961e-10,
    "gwp": 0.00397541,
    "ir": 0.000371709,
    "pm": 0.00000128407,
    "wu": 0.00221318
  },
  "2020-12": {
    "adpe": 1.38552e-7,
    "ap": 0.0000511283,
    "ctue": 0.00830184,
    "ctuh-c": 3.78808e-10,
    "ctuh-nc": 7.34562e-10,
    "gwp": 0.00388535,
    "ir": 0.000350225,
    "pm": 0.00000133179,
    "wu": 0.00220488
  },
  "2021-01": {
    "adpe": 1.49735e-7,
    "ap": 0.0000520335,
    "ctue": 0.00858235,
    "ctuh-c": 3.94214e-10,
    "ctuh-nc": 7.61259e-10,
    "gwp": 0.0039896,
    "ir": 0.000369134,
    "pm": 0.00000133983,
    "wu": 0.00227014
  },
  "2021-02": {
    "adpe": 1.60949e-7,
    "ap": 0.0000524407,
    "ctue": 0.00874757,
    "ctuh-c": 3.97077e-10,
    "ctuh-nc": 7.82488e-10,
    "gwp": 0.00406881,
    "ir": 0.000388376,
    "pm": 0.0000013301,
    "wu": 0.00231112
  },
  "2021-03": {
    "adpe": 1.90004e-7,
    "ap": 0.0000543139,
    "ctue": 0.00931297,
    "ctuh-c": 4.31881e-10,
    "ctuh-nc": 8.43208e-10,
    "gwp": 0.00427747,
    "ir": 0.000433844,
    "pm": 0.00000134113,
    "wu": 0.00246248
  },
  "2021-04": {
    "adpe": 2.01191e-7,
    "ap": 0.0000541982,
    "ctue": 0.00938035,
    "ctuh-c": 4.22204e-10,
    "ctuh-nc": 8.59472e-10,
    "gwp": 0.00433723,
    "ir": 0.000453867,
    "pm": 0.00000131173,
    "wu": 0.00247813
  },
  "2021-05": {
    "adpe": 2.16097e-7,
    "ap": 0.0000550162,
    "ctue": 0.00990007,
    "ctuh-c": 4.43408e-10,
    "ctuh-nc": 8.9858e-10,
    "gwp": 0.0045157,
    "ir": 0.000483075,
    "pm": 0.00000129982,
    "wu": 0.00255202
  },
  "2021-06": {
    "adpe": 2.05079e-7,
    "ap": 0.0000529306,
    "ctue": 0.00906221,
    "ctuh-c": 3.73387e-10,
    "ctuh-nc": 8.51774e-10,
    "gwp": 0.00431444,
    "ir": 0.000464692,
    "pm": 0.00000125315,
    "wu": 0.00241354
  },
  "2021-07": {
    "adpe": 1.96974e-7,
    "ap": 0.0000529282,
    "ctue": 0.0089195,
    "ctuh-c": 3.65551e-10,
    "ctuh-nc": 8.38238e-10,
    "gwp": 0.00427383,
    "ir": 0.000452229,
    "pm": 0.0000012688,
    "wu": 0.00238942
  },
  "2021-08": {
    "adpe": 1.96092e-7,
    "ap": 0.0000526652,
    "ctue": 0.00887952,
    "ctuh-c": 3.6557e-10,
    "ctuh-nc": 8.34036e-10,
    "gwp": 0.00424932,
    "ir": 0.000449623,
    "pm": 0.00000126313,
    "wu": 0.00237906
  },
  "2021-09": {
    "adpe": 1.9052e-7,
    "ap": 0.0000525469,
    "ctue": 0.00898106,
    "ctuh-c": 3.70174e-10,
    "ctuh-nc": 8.30452e-10,
    "gwp": 0.00426449,
    "ir": 0.000443781,
    "pm": 0.00000126291,
    "wu": 0.00236452
  },
  "2021-10": {
    "adpe": 1.88236e-7,
    "ap": 0.0000526718,
    "ctue": 0.00943897,
    "ctuh-c": 4.25893e-10,