year,adpe,ap,ctue,ctuh-c,ctuh-nc,gwp,ir,pm,wu
2019,1.39906e-7,0.0000470226,0.0080719,3.18859e-10,7.1259e-10,0.00382938,0.000362084,0.0000011634,0.00203368
2020,1.59276e-7,0.0000497201,0.00863398,3.52577e-10,7.67486e-10,0.00405629,0.000395665,0.00000121695,0.00218785
2021,1.79337e-7,0.0000519939,0.00901351,3.88134e-10,8.12815e-10,0.00419726,0.000423555,0.00000126686,0.00233246
2022,2.08794e-7,0.0000535662,0.00968002,4.30167e-10,8.75047e-10,0.00441432,0.000470016,0.00000126435,0.00247953
2023,2.41305e-7,0.0000549449,0.0102483,4.68103e-10,9.36232e-10,0.00460306,0.0005187,0.00000125449,0.00262535
2024,2.80066e-7,0.0000564941,0.0111105,5.22603e-10,1.01454e-9,0.00486828,0.000579262,0.00000123308,0.00280154
