{
  "2019-01": {
    "adpe": 1.1399e-7,
    "ap": 0.0000473956,
    "ctue": 0.00760851,
    "ctuh-c": 3.10477e-10,
    "ctuh-nc": 6.68374e-10,
    "gwp": 0.00366409,
    "ir": 0.000316663,
    "pm": 0.00000123697,
    "wu": 0.00198086
  },
  "2019-02": {
    "adpe": 1.21397e-7,
    "ap": 0.0000464903,
    "ctue": 0.0076368,
    "ctuh-c": 3.02821e-10,
    "ctuh-nc": 6.73726e-10,
    "gwp": 0.00367372,
    "ir": 0.000329217,
    "pm": 0.00000118818,
    "wu": 0.00196357
  },
  "2019-03": {
    "adpe": 1.45073e-7,
    "ap": 0.0000482186,
    "ctue": 0.00835195,
    "ctuh-c": 3.47821e-10,
    "ctuh-nc": 7.31908e-10,
    "gwp": 0.00389958,
    "ir": 0.00036868,
    "pm": 0.00000119793,
    "wu": 0.00210367
  },
  "2019-04": {
    "adpe": 1.54167e-7,
    "ap": 0.0000477303,
    "ctue": 0.00845161,
    "ctuh-c": 3.37783e-10,
    "ctuh-nc": 7.44986e-10,
    "gwp": 0.00395775,
    "ir": 0.000386789,
    "pm": 0.0000011559,
    "wu": 0.00210175
  },
  "2019-05": {
    "adpe": 1.58596e-7,
    "ap": 0.0000476346,
    "ctue": 0.00861961,
    "ctuh-c": 3.36955e-10,
    "ctuh-nc": 7.56384e-10,
    "gwp": 0.00402405,
    "ir": 0.000398046,
    "pm": 0.00000113535,
    "wu": 0.00210754
  },
  "2019-06": {
    "adpe": 1.56361e-7,
    "ap": 0.0000467963,
    "ctue": 0.0082679,
    "ctuh-c": 3.09625e-10,
    "ctuh-nc": 7.39266e-10,
    "gwp": 0.0039378,
    "ir": 0.00039281,
    "pm": 0.00000111494,
    "wu": 0.00205781
  },
  "2019-07": {
    "adpe": 1.4836e-7,
    "ap": 0.0000462685,
    "ctue": 0.00797844,
    "ctuh-c": 2.93333e-10,
    "ctuh-nc": 7.18176e-10,
    "gwp": 0.00384854,
    "ir": 0.000378401,
    "pm": 0.00000111602,
    "wu": 0.00201183
  },
  "2019-08": {
    "adpe": 1.48451e-7,
    "ap": 0.0000466033,
    "ctue": 0.00791061,
    "ctuh-c": 2.91643e-10,
    "ctuh-nc": 7.17805e-10,
    "gwp": 0.00383908,
    "ir": 0.00037724,
    "pm": 0.00000113115,
    "wu": 0.00202214
  },
  "2019-09": {
    "adpe": 1.44928e-7,
    "ap": 0.000046092,
    "ctue": 0.00800365,
    "ctuh-c": 3.06064e-10,
    "ctuh-nc": 7.12079e-10,
    "gwp": 0.00381372,
    "ir": 0.00037022,
    "pm": 0.00000112014,
    "wu": 0.00200683
  },
  "2019-10": {
    "adpe": 1.39423e-7,
    "ap": 0.0000464735,
    "ctue": 0.00812492,
    "ctuh-c": 3.22577e-10,
    "ctuh-nc": 7.10278e-10,
    "gwp": 0.00382035,
    "ir": 0.000361424,
    "pm": 0.00000114323,
    "wu": 0.00201703
  },
  "2019-11": {
    "adpe": 1.26933e-7,
    "ap": 0.0000469499,
    "ctue": 0.00800266,
    "ctuh-c": 3.29218e-10,
    "ctuh-nc": 6.93006e-10,
    "gwp": 0.00375892,
    "ir": 0.000339276,
    "pm": 0.00000118905,
    "wu": 0.00200816
  },
  "2019-12": {
    "adpe": 1.22892e-7,
    "ap": 0.0000477515,
    "ctue": 0.00795447,
    "ctuh-c": 3.41398e-10,
    "ctuh-nc": 6.89181e-10,
    "gwp": 0.00372987,
    "ir": 0.000328935,
    "pm": 0.00000123326,
    "wu": 0.0020335
  },
  "2020-01": {
    "adpe": 1.29962e-7,
    "ap": 0.0000486229,
    "ctue": 0.00805108,
    "ctuh-c": 3.39533e-10,
    "ctuh-nc": 7.06587e-10,
    "gwp": 0.00380722,
    "ir": 0.000342534,
    "pm": 0.0000012475,
    "wu": 0.0020767
  },
  "2020-02": {
    "adpe": 1.4163e-7,
    "ap": 0.0000489277,
    "ctue": 0.00850446,
    "ctuh-c": 3.66433e-10,
    "ctuh-nc": 7.35284e-10,
    "gwp": 0.00392515,
    "ir": 0.000363106,
    "pm": 0.00000122911,
    "wu": 0.00213071
  },
  "2020-03": {
    "adpe": 1.66381e-7,
    "ap": 0.0000509646,
    "ctue": 0.00902881,
    "ctuh-c": 3.87883e-10,
    "ctuh-nc": 7.92842e-10,
    "gwp": 0.00415556,
    "ir": 0.000406264,
    "pm": 0.00000124695,
    "wu": 0.00226782
  },
  "2020-04": {
    "adpe": 1.84106e-7,
    "ap": 0.0000520902,
    "ctue": 0.00897936,
    "ctuh-c": 3.68522e-10,
    "ctuh-nc": 8.20769e-10,
    "gwp": 0.0042463,
    "ir": 0.000435489,
    "pm": 0.00000125466,
    "wu": 0.0023332
  },
  "2020-05": {
    "adpe": 1.86989e-7,
    "ap": 0.000051944,
    "ctue": 0.00911798,
    "ctuh-c": 3.71143e-10,
    "ctuh-nc": 8.28329e-10,
    "gwp": 0.00428896,
    "ir": 0.000442593,
    "pm": 0.00000123824,
    "wu": 0.00233631
  },
  "2020-06": {
    "adpe": 1.73962e-7,
    "ap": 0.0000493846,
    "ctue": 0.00882232,
    "ctuh-c": 3.44143e-10,
    "ctuh-nc": 7.91076e-10,
    "gwp": 0.00415415,
    "ir": 0.000423467,
    "pm": 0.00000116798,
    "wu": 0.00220483
  },
  "2020-07": {
    "adpe": 1.66965e-7,
    "ap": 0.000048571,
    "ctue": 0.00854438,
    "ctuh-c": 3.19913e-10,
    "ctuh-nc": 7.71262e-10,
    "gwp": 0.00408245,
    "ir": 0.000413211,
    "pm": 0.00000115222,
    "wu": 0.00214624
  },
  "2020-08": {
    "adpe": 1.64463e-7,
    "ap": 0.0000487666,
    "ctue": 0.0084194,
    "ctuh-c": 3.20085e-10,
    "ctuh-nc": 7.64491e-10,
    "gwp": 0.00403929,
    "ir": 0.000406125,
    "pm": 0.0000011706,
    "wu": 0.00214754
  },
  "2020-09": {
    "adpe": 1.62685e-7,
    "ap": 0.0000488176,
    "ctue": 0.00854364,
    "ctuh-c": 3.24541e-10,
    "ctuh-nc": 7.67114e-10,
    "gwp": 0.00407302,
    "ir": 0.000406165,
    "pm": 0.00000116966,
    "wu": 0.0021473
  },
  "2020-10": {
    "adpe": 1.57411e-7,
    "ap": 0.0000490415,
    "ctue": 0.00897915,
    "ctuh-c": 3.69195e-10,
    "ctuh-nc": 7.72547e-10,
    "gwp": 0.00411483,
    "ir": 0.00039778,
    "pm": 0.00000118314,
    "wu": 0.00217098
  },
  "2020-11": {
    "adpe": 1.44928e-7,
    "ap": 0.0000496739,
    "ctue": 0.00847495,
    "ctuh-c": 3.62777e-10,
    "ctuh-nc": 7.42875e-10,
    "gwp": 0.0039523,
    "ir": 0.000368332,
    "pm": 0.00000125099,
    "wu": 0.00216038
  },
  "2020-12": {
    "adpe": 1.35768e-7,
    "ap": 0.0000502218,
    "ctue": 0.00823833,
    "ctuh-c": 3.63358e-10,
    "ctuh-nc": 7.26134e-10,
    "gwp": 0.0038709,
    "ir": 0.000349132,
    "pm": 0.00000129843,
    "wu": 0.00215821
  },
  "2021-01": {
    "adpe": 1.46264e-7,
    "ap": 0.0000510065,
    "ctue": 0.00849705,
    "ctuh-c": 3.77201e-10,
    "ctuh-nc": 7.50724e-10,
    "gwp": 0.0039666,
    "ir": 0.000366898,
    "pm": 0.00000130359,
    "wu": 0.00221694
  },
  "2021-02": {
    "adpe": 1.56565e-7,
    "ap": 0.0000513102,
    "ctue": 0.0086609,
    "ctuh-c": 3.80135e-10,
    "ctuh-nc": 7.70245e-10,
    "gwp": 0.00404071,
    "ir": 0.000384794,
    "pm": 0.00000129156,
    "wu": 0.00225244
  },
  "2021-03": {
    "adpe": 1.84173e-7,
    "ap": 0.0000531236,
    "ctue": 0.00920745,
    "ctuh-c": 4.14292e-10,
    "ctuh-nc": 8.28331e-10,
    "gwp": 0.00424058,
    "ir": 0.000427943,
    "pm": 0.00000130327,
    "wu": 0.00239807
  },
  "2021-04": {
    "adpe": 1.94059e-7,
    "ap": 0.0000528914,
    "ctue": 0.00927637,
    "ctuh-c": 4.06021e-10,
    "ctuh-nc": 8.42259e-10,
    "gwp": 0.00429183,
    "ir": 0.000445736,
    "pm": 0.00000127222,
    "wu": 0.00240782
  },
  "2021-05": {
    "adpe": 2.07863e-7,
    "ap": 0.0000536623,
    "ctue": 0.00976735,
    "ctuh-c": 4.26735e-10,
    "ctuh-nc": 8.78763e-10,
    "gwp": 0.00445821,
    "ir": 0.000472731,
    "pm": 0.00000126167,
    "wu": 0.00247739
  },
  "2021-06": {
    "adpe": 1.97164e-7,
    "ap": 0.0000517277,
    "ctue": 0.00896295,
    "ctuh-c": 3.59984e-10,
    "ctuh-nc": 8.34014e-10,
    "gwp": 0.00426579,
    "ir": 0.000454812,
    "pm": 0.00000121972,
    "wu": 0.00234669
  },
  "2021-07": {
    "adpe": 1.89243e-7,
    "ap": 0.000051727,
    "ctue": 0.00882295,
    "ctuh-c": 3.52105e-10,
    "ctuh-nc": 8.20813e-10,
    "gwp": 0.00422656,
    "ir": 0.000442693,
    "pm": 0.00000123498,
    "wu": 0.00232301
  },
  "2021-08": {
    "adpe": 1.8803e-7,
    "ap": 0.0000514498,
    "ctue": 0.00878044,
    "ctuh-c": 3.51413e-10,
    "ctuh-nc": 8.16178e-10,
    "gwp": 0.00420222,
    "ir": 0.000439802,
    "pm": 0.00000122903,
    "wu": 0.00231091
  },
  "2021-09": {
    "adpe": 1.82569e-7,
    "ap": 0.0000512805,
    "ctue": 0.00887261,
    "ctuh-c": 3.55121e-10,
    "ctuh-nc": 8.12184e-10,
    "gwp": 0.00421479,
    "ir": 0.000434079,
    "pm": 0.0000012269,
    "wu": 0.0022944
  },
  "2021-10": {
    "adpe": 1.80972e-7,
    "ap": 0.0000513942,
    "ctue": 0.00931818,
    "ctuh-c": 4.08566e-10,
    "ctuh-nc": 8.19929e-10,