{
  "2019-01": {
    "adpe": 4.89134e-7,
    "ap": 0.00129229,
    "ctue": 0.224284,
    "ctuh-c": 0.0000170791,
    "ctuh-nc": 0.00000871955,
    "gwp": 0.534406,
    "ir": 0.00746503,
    "pm": 0.0000426166,
    "wu": 0.0660251
  },
  "2019-02": {
    "adpe": 4.97406e-7,
    "ap": 0.00130402,
    "ctue": 0.224709,
    "ctuh-c": 0.0000174156,
    "ctuh-nc": 0.00000889057,
    "gwp": 0.535788,
    "ir": 0.00743918,
    "pm": 0.0000434722,
    "wu": 0.0655066
  },
  "2019-03": {
    "adpe": 5.16869e-7,
    "ap": 0.00127989,
    "ctue": 0.220948,
    "ctuh-c": 0.000017439,
    "ctuh-nc": 0.00000890173,
    "gwp": 0.525474,
    "ir": 0.00739134,
    "pm": 0.0000429132,
    "wu": 0.0647719
  },
  "2019-04": {
    "adpe": 5.24284e-7,
    "ap": 0.00128217,
    "ctue": 0.218859,
    "ctuh-c": 0.0000177404,
    "ctuh-nc": 0.00000905423,
    "gwp": 0.521446,
    "ir": 0.00734988,
    "pm": 0.0000437385,
    "wu": 0.0637862
  },
  "2019-05": {
    "adpe": 5.25256e-7,
    "ap": 0.00126679,
    "ctue": 0.217127,
    "ctuh-c": 0.0000175034,
    "ctuh-nc": 0.00000893346,
    "gwp": 0.517177,
    "ir": 0.00730835,
    "pm": 0.0000430407,
    "wu": 0.063297
  },
  "2019-06": {
    "adpe": 5.23056e-7,
    "ap": 0.00126839,
    "ctue": 0.218611,
    "ctuh-c": 0.0000171059,
    "ctuh-nc": 0.00000873173,
    "gwp": 0.521805,
    "ir": 0.00735673,
    "pm": 0.0000425025,
    "wu": 0.0637395
  },
  "2019-07": {
    "adpe": 5.15641e-7,
    "ap": 0.00126102,
    "ctue": 0.220926,
    "ctuh-c": 0.0000165476,
    "ctuh-nc": 0.00000844874,
    "gwp": 0.527165,
    "ir": 0.00740229,
    "pm": 0.0000411261,
    "wu": 0.0646787
  },
  "2019-08": {
    "adpe": 5.17206e-7,
    "ap": 0.0012651,
    "ctue": 0.22143,
    "ctuh-c": 0.0000166732,
    "ctuh-nc": 0.00000851269,
    "gwp": 0.528556,
    "ir": 0.00742022,
    "pm": 0.0000413354,
    "wu": 0.0648632
  },
  "2019-09": {
    "adpe": 5.14012e-7,
    "ap": 0.00127315,
    "ctue": 0.219872,
    "ctuh-c": 0.0000171162,
    "ctuh-nc": 0.0000087372,
    "gwp": 0.525934,
    "ir": 0.00740207,
    "pm": 0.0000425397,
    "wu": 0.0642071
  },
  "2019-10": {
    "adpe": 5.0614e-7,
    "ap": 0.00126978,
    "ctue": 0.218718,
    "ctuh-c": 0.0000169209,
    "ctuh-nc": 0.00000863754,
    "gwp": 0.52319,
    "ir": 0.00738533,
    "pm": 0.0000424845,
    "wu": 0.0639728
  },
  "2019-11": {
    "adpe": 4.96168e-7,
    "ap": 0.00128524,
    "ctue": 0.222612,
    "ctuh-c": 0.0000166752,
    "ctuh-nc": 0.00000851371,
    "gwp": 0.530238,
    "ir": 0.00740243,
    "pm": 0.0000423292,
    "wu": 0.0650253
  },
  "2019-12": {
    "adpe": 4.94173e-7,
    "ap": 0.00128768,
    "ctue": 0.225729,
    "ctuh-c": 0.0000163307,
    "ctuh-nc": 0.00000833954,
    "gwp": 0.535846,
    "ir": 0.00744474,
    "pm": 0.0000415067,
    "wu": 0.0661872
  },
  "2020-01": {
    "adpe": 4.99679e-7,
    "ap": 0.0012844,
    "ctue": 0.219947,
    "ctuh-c": 0.00001707,
    "ctuh-nc": 0.0000087136,
    "gwp": 0.525132,
    "ir": 0.0074315,
    "pm": 0.0000431515,
    "wu": 0.0647915
  },
  "2020-02": {
    "adpe": 5.09499e-7,
    "ap": 0.00128466,
    "ctue": 0.219353,
    "ctuh-c": 0.0000172496,
    "ctuh-nc": 0.00000880465,
    "gwp": 0.522777,
    "ir": 0.00735395,
    "pm": 0.0000434582,
    "wu": 0.0639451
  },
  "2020-03": {
    "adpe": 5.31386e-7,
    "ap": 0.00126521,
    "ctue": 0.215471,
    "ctuh-c": 0.0000174956,
    "ctuh-nc": 0.00000892895,
    "gwp": 0.512798,
    "ir": 0.00731796,
    "pm": 0.0000433179,
    "wu": 0.06321
  },
  "2020-04": {
    "adpe": 5.51659e-7,
    "ap": 0.00128171,
    "ctue": 0.216004,
    "ctuh-c": 0.0000180304,
    "ctuh-nc": 0.00000920081,
    "gwp": 0.514426,
    "ir": 0.00732638,
    "pm": 0.0000444934,
    "wu": 0.0629821
  },
  "2020-05": {
    "adpe": 5.51755e-7,
    "ap": 0.00127226,
    "ctue": 0.216541,
    "ctuh-c": 0.00001753,
    "ctuh-nc": 0.00000894676,
    "gwp": 0.514322,
    "ir": 0.00729749,
    "pm": 0.0000434435,
    "wu": 0.0630487
  },
  "2020-06": {
    "adpe": 5.36178e-7,
    "ap": 0.00126231,
    "ctue": 0.217128,
    "ctuh-c": 0.0000169012,
    "ctuh-nc": 0.00000862736,
    "gwp": 0.516805,
    "ir": 0.00729357,
    "pm": 0.0000423044,
    "wu": 0.0630663
  },
  "2020-07": {
    "adpe": 5.27323e-7,
    "ap": 0.00124698,
    "ctue": 0.217773,
    "ctuh-c": 0.0000162367,
    "ctuh-nc": 0.00000828994,
    "gwp": 0.519109,
    "ir": 0.00731839,
    "pm": 0.0000407586,
    "wu": 0.0634948
  },
  "2020-08": {
    "adpe": 5.27378e-7,
    "ap": 0.00125702,
    "ctue": 0.221034,
    "ctuh-c": 0.0000160993,
    "ctuh-nc": 0.00000822098,
    "gwp": 0.52595,
    "ir": 0.00734606,
    "pm": 0.0000405084,
    "wu": 0.0642652
  },
  "2020-09": {
    "adpe": 5.25075e-7,
    "ap": 0.00126366,
    "ctue": 0.217688,
    "ctuh-c": 0.0000167463,
    "ctuh-nc": 0.00000854874,
    "gwp": 0.51906,
    "ir": 0.00730438,
    "pm": 0.0000421418,
    "wu": 0.0632152
  },
  "2020-10": {
    "adpe": 5.1825e-7,
    "ap": 0.00125447,
    "ctue": 0.215291,
    "ctuh-c": 0.0000169638,
    "ctuh-nc": 0.00000865866,
    "gwp": 0.5125,
    "ir": 0.00725237,
    "pm": 0.0000423602,
    "wu": 0.062688
  },
  "2020-11": {
    "adpe": 5.14467e-7,
    "ap": 0.00128638,
    "ctue": 0.222716,
    "ctuh-c": 0.000016957,
    "ctuh-nc": 0.00000865706,
    "gwp": 0.528702,
    "ir": 0.00736398,
    "pm": 0.0000425386,
    "wu": 0.0648272
  },
  "2020-12": {
    "adpe": 5.07973e-7,
    "ap": 0.00129119,
    "ctue": 0.22771,
    "ctuh-c": 0.0000163128,
    "ctuh-nc": 0.00000833113,
    "gwp": 0.538384,
    "ir": 0.00742873,
    "pm": 0.0000412013,
    "wu": 0.0665511
  },
  "2021-01": {
    "adpe": 5.15976e-7,
    "ap": 0.00128395,
    "ctue": 0.223432,
    "ctuh-c": 0.0000166795,
    "ctuh-nc": 0.00000851627,
    "gwp": 0.529762,
    "ir": 0.00740863,
    "pm": 0.0000420187,
    "wu": 0.0654889
  },
  "2021-02": {
    "adpe": 5.25298e-7,
    "ap": 0.00129202,
    "ctue": 0.224815,
    "ctuh-c": 0.0000166012,
    "ctuh-nc": 0.00000847677,
    "gwp": 0.532225,
    "ir": 0.00736703,
    "pm": 0.0000421172,
    "wu": 0.0651702
  },
  "2021-03": {
    "adpe": 5.51471e-7,
    "ap": 0.00127219,
    "ctue": 0.222235,
    "ctuh-c": 0.0000167579,
    "ctuh-nc": 0.00000855601,
    "gwp": 0.524923,
    "ir": 0.0073683,
    "pm": 0.0000416202,
    "wu": 0.0649605
  },
  "2021-04": {
    "adpe": 5.6081e-7,
    "ap": 0.00127414,
    "ctue": 0.220195,
    "ctuh-c": 0.0000171956,
    "ctuh-nc": 0.00000877782,
    "gwp": 0.521655,
    "ir": 0.00734089,
    "pm": 0.000042516,
    "wu": 0.0640149
  },
  "2021-05": {
    "adpe": 5.68558e-7,
    "ap": 0.00125722,
    "ctue": 0.216904,
    "ctuh-c": 0.0000169105,
    "ctuh-nc": 0.00000863217,
    "gwp": 0.512707,
    "ir": 0.00727496,
    "pm": 0.0000420478,
    "wu": 0.0631348
  },
  "2021-06": {
    "adpe": 5.5956e-7,
    "ap": 0.00126148,
    "ctue": 0.220014,
    "ctuh-c": 0.0000163453,
    "ctuh-nc": 0.0000083457,
    "gwp": 0.52199,
    "ir": 0.00736115,
    "pm": 0.0000411473,
    "wu": 0.0641145
  },
  "2021-07": {
    "adpe": 5.51164e-7,
    "ap": 0.00125374,
    "ctue": 0.221864,
    "ctuh-c": 0.0000158039,
    "ctuh-nc": 0.00000807118,
    "gwp": 0.525533,
    "ir": 0.00737243,
    "pm": 0.0000398589,
    "wu": 0.0648087
  },
  "2021-08": {
    "adpe": 5.50857e-7,
    "ap": 0.00125808,
    "ctue": 0.222184,
    "ctuh-c": 0.0000159105,
    "ctuh-nc": 0.00000812542,
    "gwp": 0.526471,
    "ir": 0.00737883,
    "pm": 0.00004013,
    "wu": 0.0648385
  },
  "2021-09": {
    "adpe": 5.45615e-7,
    "ap": 0.00126354,
    "ctue": 0.218825,
    "ctuh-c": 0.0000166425,
    "ctuh-nc": 0.00000849641,
    "gwp": 0.519554,
    "ir": 0.00733765,
    "pm": 0.000041762,
    "wu": 0.0638609
  },
  "2021-10": {
    "adpe": 5.42849e-7,
    "ap": 0.00126017,
    "ctue": 0.216941,
    "ctuh-c": 0.0000168579,
    "ctuh-nc": 0.00000860526,
    "gwp": 0.514794,
    "ir": 0.00730763,
    "pm": 0.0000422371,
    "wu": 0.063345
  },
  "2021-11": {
    "adpe": 5.31762e-7,
    "ap": 0.00127516,
    "ctue": 0.220138,
    "ctuh-c": 0.0000168214,