{
  "2019-01": {
    "adpe": 5.00227e-7,
    "ap": 0.00137836,
    "ctue": 0.230392,
    "ctuh-c": 0.0000185467,
    "ctuh-nc": 0.00000946672,
    "gwp": 0.541615,
    "ir": 0.00742111,
    "pm": 0.0000472993,
    "wu": 0.0668464
  },
  "2019-02": {
    "adpe": 5.10047e-7,
    "ap": 0.00139555,
    "ctue": 0.231176,
    "ctuh-c": 0.0000189965,
    "ctuh-nc": 0.00000969534,
    "gwp": 0.543528,
    "ir": 0.00739113,
    "pm": 0.0000484758,
    "wu": 0.066323
  },
  "2019-03": {
    "adpe": 5.30919e-7,
    "ap": 0.00136686,
    "ctue": 0.226925,
    "ctuh-c": 0.0000189732,
    "ctuh-nc": 0.00000968266,
    "gwp": 0.53213,
    "ir": 0.00734081,
    "pm": 0.0000477269,
    "wu": 0.0655066
  },
  "2019-04": {
    "adpe": 5.39633e-7,
    "ap": 0.0013722,
    "ctue": 0.224792,
    "ctuh-c": 0.0000193614,
    "ctuh-nc": 0.00000987925,
    "gwp": 0.527847,
    "ir": 0.0072927,
    "pm": 0.0000488019,
    "wu": 0.0644337
  },
  "2019-05": {
    "adpe": 5.40167e-7,
    "ap": 0.00135343,
    "ctue": 0.222795,
    "ctuh-c": 0.0000190623,
    "ctuh-nc": 0.00000972689,
    "gwp": 0.523049,
    "ir": 0.00724704,
    "pm": 0.0000479203,
    "wu": 0.0638848
  },
  "2019-06": {
    "adpe": 5.37611e-7,
    "ap": 0.00135422,
    "ctue": 0.224328,
    "ctuh-c": 0.0000186147,
    "ctuh-nc": 0.0000094997,
    "gwp": 0.527989,
    "ir": 0.00730055,
    "pm": 0.0000472873,
    "wu": 0.0643565
  },
  "2019-07": {
    "adpe": 5.28711e-7,
    "ap": 0.00134193,
    "ctue": 0.226613,
    "ctuh-c": 0.0000179238,
    "ctuh-nc": 0.00000914937,
    "gwp": 0.53362,
    "ir": 0.007353,
    "pm": 0.0000455345,
    "wu": 0.065358
  },
  "2019-08": {
    "adpe": 5.30964e-7,
    "ap": 0.00134636,
    "ctue": 0.227099,
    "ctuh-c": 0.0000180677,
    "ctuh-nc": 0.00000922259,
    "gwp": 0.53502,
    "ir": 0.00737335,
    "pm": 0.0000457791,
    "wu": 0.0655475
  },
  "2019-09": {
    "adpe": 5.27932e-7,
    "ap": 0.00135904,
    "ctue": 0.225674,
    "ctuh-c": 0.0000186247,
    "ctuh-nc": 0.00000950501,
    "gwp": 0.532504,
    "ir": 0.0073518,
    "pm": 0.0000473116,
    "wu": 0.0648684
  },
  "2019-10": {
    "adpe": 5.19327e-7,
    "ap": 0.001356,
    "ctue": 0.224454,
    "ctuh-c": 0.0000184267,
    "ctuh-nc": 0.00000940397,
    "gwp": 0.529521,
    "ir": 0.00733335,
    "pm": 0.0000472907,
    "wu": 0.0646255
  },
  "2019-11": {
    "adpe": 5.08187e-7,
    "ap": 0.00137259,
    "ctue": 0.228696,
    "ctuh-c": 0.0000181451,
    "ctuh-nc": 0.00000926197,
    "gwp": 0.537177,
    "ir": 0.00735085,
    "pm": 0.0000470971,
    "wu": 0.0657683
  },
  "2019-12": {
    "adpe": 5.05438e-7,
    "ap": 0.00137192,
    "ctue": 0.231848,
    "ctuh-c": 0.0000177099,
    "ctuh-nc": 0.00000904176,
    "gwp": 0.542953,
    "ir": 0.0073977,
    "pm": 0.0000460181,
    "wu": 0.0670019
  },
  "2020-01": {
    "adpe": 5.12458e-7,
    "ap": 0.00137223,
    "ctue": 0.225868,
    "ctuh-c": 0.0000185752,
    "ctuh-nc": 0.00000947976,
    "gwp": 0.531695,
    "ir": 0.0073821,
    "pm": 0.0000480068,
    "wu": 0.0655258
  },
  "2020-02": {
    "adpe": 5.23726e-7,
    "ap": 0.00137488,
    "ctue": 0.225376,
    "ctuh-c": 0.0000188177,
    "ctuh-nc": 0.00000960285,
    "gwp": 0.52933,
    "ir": 0.00729693,
    "pm": 0.0000484785,
    "wu": 0.0646197
  },
  "2020-03": {
    "adpe": 5.47853e-7,
    "ap": 0.00135267,
    "ctue": 0.221076,
    "ctuh-c": 0.0000190754,
    "ctuh-nc": 0.000009733,
    "gwp": 0.518342,
    "ir": 0.00725825,
    "pm": 0.0000482735,
    "wu": 0.0638132
  },
  "2020-04": {
    "adpe": 5.71262e-7,
    "ap": 0.00137512,
    "ctue": 0.221871,
    "ctuh-c": 0.0000197591,
    "ctuh-nc": 0.0000100806,
    "gwp": 0.520243,
    "ir": 0.00726376,
    "pm": 0.0000498375,
    "wu": 0.0635756
  },
  "2020-05": {
    "adpe": 5.70596e-7,
    "ap": 0.00136177,
    "ctue": 0.222339,
    "ctuh-c": 0.0000191462,
    "ctuh-nc": 0.00000976937,
    "gwp": 0.520064,
    "ir": 0.00723395,
    "pm": 0.0000484934,
    "wu": 0.0636455
  },
  "2020-06": {
    "adpe": 5.52552e-7,
    "ap": 0.00134792,
    "ctue": 0.222789,
    "ctuh-c": 0.0000184021,
    "ctuh-nc": 0.00000939132,
    "gwp": 0.522585,
    "ir": 0.00723095,
    "pm": 0.0000470794,
    "wu": 0.0636398
  },
  "2020-07": {
    "adpe": 5.42001e-7,
    "ap": 0.00132694,
    "ctue": 0.223215,
    "ctuh-c": 0.0000175972,
    "ctuh-nc": 0.00000898252,
    "gwp": 0.524841,
    "ir": 0.0072611,
    "pm": 0.0000451509,
    "wu": 0.0640758
  },
  "2020-08": {
    "adpe": 5.42081e-7,
    "ap": 0.00133734,
    "ctue": 0.22677,
    "ctuh-c": 0.0000174384,
    "ctuh-nc": 0.00000890272,
    "gwp": 0.532327,
    "ir": 0.00729185,
    "pm": 0.0000448391,
    "wu": 0.064922
  },
  "2020-09": {
    "adpe": 5.40241e-7,
    "ap": 0.00134888,
    "ctue": 0.223357,
    "ctuh-c": 0.0000182298,
    "ctuh-nc": 0.00000930382,
    "gwp": 0.525024,
    "ir": 0.00724327,
    "pm": 0.0000468789,
    "wu": 0.0637965
  },
  "2020-10": {
    "adpe": 5.32735e-7,
    "ap": 0.00133917,
    "ctue": 0.220791,
    "ctuh-c": 0.0000184683,
    "ctuh-nc": 0.00000942442,
    "gwp": 0.517919,
    "ir": 0.00718669,
    "pm": 0.0000471264,
    "wu": 0.063238
  },
  "2020-11": {
    "adpe": 5.28757e-7,
    "ap": 0.00137451,
    "ctue": 0.228949,
    "ctuh-c": 0.0000184591,
    "ctuh-nc": 0.00000942177,
    "gwp": 0.535701,
    "ir": 0.00730894,
    "pm": 0.0000473371,
    "wu": 0.0655821
  },
  "2020-12": {
    "adpe": 5.20594e-7,
    "ap": 0.00137447,
    "ctue": 0.23396,
    "ctuh-c": 0.0000176654,
    "ctuh-nc": 0.00000901991,
    "gwp": 0.545706,
    "ir": 0.00738196,
    "pm": 0.0000456043,
    "wu": 0.0673997
  },
  "2021-01": {
    "adpe": 5.29706e-7,
    "ap": 0.0013683,
    "ctue": 0.229392,
    "ctuh-c": 0.0000180978,
    "ctuh-nc": 0.00000923833,
    "gwp": 0.536343,
    "ir": 0.0073585,
    "pm": 0.0000465958,
    "wu": 0.0662559
  },
  "2021-02": {
    "adpe": 5.40674e-7,
    "ap": 0.0013805,
    "ctue": 0.231143,
    "ctuh-c": 0.0000180699,
    "ctuh-nc": 0.00000922454,
    "gwp": 0.539372,
    "ir": 0.007313,
    "pm": 0.000046889,
    "wu": 0.0659406
  },
  "2021-03": {
    "adpe": 5.68809e-7,
    "ap": 0.00135628,
    "ctue": 0.228204,
    "ctuh-c": 0.0000181871,
    "ctuh-nc": 0.00000928362,
    "gwp": 0.531307,
    "ir": 0.00731633,
    "pm": 0.0000461853,
    "wu": 0.0657052
  },
  "2021-04": {
    "adpe": 5.79748e-7,
    "ap": 0.00136098,
    "ctue": 0.226093,
    "ctuh-c": 0.0000187266,
    "ctuh-nc": 0.00000955714,
    "gwp": 0.527763,
    "ir": 0.00728343,
    "pm": 0.0000473304,
    "wu": 0.064676
  },
  "2021-05": {
    "adpe": 5.87985e-7,
    "ap": 0.00134056,
    "ctue": 0.222357,
    "ctuh-c": 0.0000183874,
    "ctuh-nc": 0.00000938391,
    "gwp": 0.517768,
    "ir": 0.00721128,
    "pm": 0.0000467167,
    "wu": 0.0636953
  },
  "2021-06": {
    "adpe": 5.77559e-7,
    "ap": 0.00134285,
    "ctue": 0.225533,
    "ctuh-c": 0.000017738,
    "ctuh-nc": 0.00000905463,
    "gwp": 0.527613,
    "ir": 0.00730617,
    "pm": 0.0000456229,
    "wu": 0.0647305
  },
  "2021-07": {
    "adpe": 5.67816e-7,
    "ap": 0.00133153,
    "ctue": 0.227396,
    "ctuh-c": 0.0000170837,
    "ctuh-nc": 0.00000872281,
    "gwp": 0.531454,
    "ir": 0.00732161,
    "pm": 0.0000440409,
    "wu": 0.0654653
  },
  "2021-08": {
    "adpe": 5.67726e-7,
    "ap": 0.00133668,
    "ctue": 0.227812,
    "ctuh-c": 0.0000172108,
    "ctuh-nc": 0.00000878743,
    "gwp": 0.532619,
    "ir": 0.00732991,
    "pm": 0.0000443533,
    "wu": 0.0655175
  },
  "2021-09": {
    "adpe": 5.62649e-7,
    "ap": 0.001347,
    "ctue": 0.224471,
    "ctuh-c": 0.0000180836,
    "ctuh-nc": 0.00000922997,
    "gwp": 0.525412,
    "ir": 0.00728114,
    "pm": 0.0000463675,
    "wu": 0.0644882
  },
  "2021-10": {
    "adpe": 5.59158e-7,
    "ap": 0.00134392,
    "ctue": 0.222444,
    "ctuh-c": 0.0000183267,
    "ctuh-nc": 0.00000935284,
    "gwp": 0.520199,
    "ir": 0.0072486,
    "pm": 0.0000469213,
    "wu": 0.0639466
  },
  "2021-11": {
    "adpe": 5.47603e-7,
    "ap": 0.00135966,
    "ctue": 0.225789,
    "ctuh-c": 0.000018282,