year,adpe,ap,ctue,ctuh-c,ctuh-nc,gwp,ir,pm,wu
2019,1.40389e-7,0.000047056,0.00797884,3.18746e-10,7.0954e-10,0.00379678,0.000359899,0.00000116968,0.00203646
2020,1.59936e-7,0.0000497823,0.00854726,3.52543e-10,7.6505e-10,0.00402696,0.000393903,0.00000122366,0.002192
2021,1.79716e-7,0.0000512455,0.00893141,3.88128e-10,8.05392e-10,0.00414259,0.000420951,0.0000012447,0.00230964
2022,2.09295e-7,0.0000528789,0.00960168,4.30253e-10,8.68265e-10,0.00436294,0.000467704,0.00000124403,0.00245902
2023,2.42849e-7,0.0000550404,0.0101575,4.66288e-10,9.35131e-10,0.00457913,0.000518605,0.00000126041,0.00263144
2024,2.17129e-7,0.0000546598,0.0100711,4.9278e-10,8.95919e-10,0.00443432,0.000472772,0.000001303,0.00257709
