{
  "2019-01": {
    "adpe": 1.15058e-7,
    "ap": 0.0000496649,
    "ctue": 0.00782299,
    "ctuh-c": 3.30278e-10,
    "ctuh-nc": 6.8847e-10,
    "gwp": 0.00376571,
    "ir": 0.000319723,
    "pm": 0.00000131447,
    "wu": 0.00206973
  },
  "2019-02": {
    "adpe": 1.23237e-7,
    "ap": 0.0000487778,
    "ctue": 0.00785931,
    "ctuh-c": 3.22488e-10,
    "ctuh-nc": 6.95146e-10,
    "gwp": 0.00378013,
    "ir": 0.000333603,
    "pm": 0.00000126469,
    "wu": 0.00205472
  },
  "2019-03": {
    "adpe": 1.49058e-7,
    "ap": 0.0000505663,
    "ctue": 0.00863679,
    "ctuh-c": 3.71635e-10,
    "ctuh-nc": 7.57907e-10,
    "gwp": 0.00402217,
    "ir": 0.000376468,
    "pm": 0.00000127207,
    "wu": 0.00220445
  },
  "2019-04": {
    "adpe": 1.59339e-7,
    "ap": 0.0000501741,
    "ctue": 0.00876075,
    "ctuh-c": 3.61586e-10,
    "ctuh-nc": 7.73884e-10,
    "gwp": 0.00409385,
    "ir": 0.000396971,
    "pm": 0.00000123029,
    "wu": 0.00220832
  },
  "2019-05": {
    "adpe": 1.63911e-7,
    "ap": 0.0000500093,
    "ctue": 0.00894078,
    "ctuh-c": 3.60285e-10,
    "ctuh-nc": 7.85603e-10,
    "gwp": 0.00416378,
    "ir": 0.000408897,
    "pm": 0.00000120605,
    "wu": 0.00221179
  },
  "2019-06": {
    "adpe": 1.61415e-7,
    "ap": 0.0000490627,
    "ctue": 0.0085523,
    "ctuh-c": 3.30087e-10,
    "ctuh-nc": 7.66545e-10,
    "gwp": 0.00406783,
    "ir": 0.000403067,
    "pm": 0.0000011828,
    "wu": 0.00215612
  },
  "2019-07": {
    "adpe": 1.52303e-7,
    "ap": 0.0000483567,
    "ctue": 0.00821971,
    "ctuh-c": 3.1113e-10,
    "ctuh-nc": 7.41848e-10,
    "gwp": 0.00396273,
    "ir": 0.000386624,
    "pm": 0.00000118024,
    "wu": 0.00210009
  },
  "2019-08": {
    "adpe": 1.52915e-7,
    "ap": 0.0000487648,
    "ctue": 0.00814749,
    "ctuh-c": 3.0908e-10,
    "ctuh-nc": 7.42381e-10,
    "gwp": 0.0039556,
    "ir": 0.00038619,
    "pm": 0.00000119734,
    "wu": 0.0021138
  },
  "2019-09": {
    "adpe": 1.49151e-7,
    "ap": 0.0000483034,
    "ctue": 0.00825997,
    "ctuh-c": 3.26059e-10,
    "ctuh-nc": 7.37031e-10,
    "gwp": 0.00393188,
    "ir": 0.000378628,
    "pm": 0.00000118868,
    "wu": 0.00210123
  },
  "2019-10": {
    "adpe": 1.42965e-7,
    "ap": 0.0000487398,
    "ctue": 0.00839602,
    "ctuh-c": 3.44575e-10,
    "ctuh-nc": 7.35051e-10,
    "gwp": 0.00393961,
    "ir": 0.000368755,
    "pm": 0.0000012149,
    "wu": 0.00211291
  },
  "2019-11": {
    "adpe": 1.29151e-7,
    "ap": 0.0000492343,
    "ctue": 0.00826599,
    "ctuh-c": 3.51914e-10,
    "ctuh-nc": 7.15968e-10,
    "gwp": 0.00387254,
    "ir": 0.000344398,
    "pm": 0.00000126408,
    "wu": 0.00210201
  },
  "2019-12": {
    "adpe": 1.2471e-7,
    "ap": 0.0000500389,
    "ctue": 0.0082059,
    "ctuh-c": 3.6422e-10,
    "ctuh-nc": 7.11206e-10,
    "gwp": 0.0038384,
    "ir": 0.000333121,
    "pm": 0.00000130978,
    "wu": 0.00212667
  },
  "2020-01": {
    "adpe": 1.32901e-7,
    "ap": 0.0000510799,
    "ctue": 0.00832166,
    "ctuh-c": 3.63012e-10,
    "ctuh-nc": 7.31549e-10,
    "gwp": 0.00392788,
    "ir": 0.000348697,
    "pm": 0.00000132769,
    "wu": 0.00217838
  },
  "2020-02": {
    "adpe": 1.45905e-7,
    "ap": 0.0000514699,
    "ctue": 0.00882115,
    "ctuh-c": 3.92908e-10,
    "ctuh-nc": 7.6361e-10,
    "gwp": 0.00405904,
    "ir": 0.000371509,
    "pm": 0.00000130932,
    "wu": 0.00224019
  },
  "2020-03": {
    "adpe": 1.73286e-7,
    "ap": 0.0000537179,
    "ctue": 0.00940136,
    "ctuh-c": 4.16931e-10,
    "ctuh-nc": 8.27206e-10,
    "gwp": 0.004313,
    "ir": 0.000419155,
    "pm": 0.00000132902,
    "wu": 0.0023919
  },
  "2020-04": {
    "adpe": 1.93406e-7,
    "ap": 0.0000551326,
    "ctue": 0.00937125,
    "ctuh-c": 3.9725e-10,
    "ctuh-nc": 8.6039e-10,
    "gwp": 0.00442393,
    "ir": 0.000452462,
    "pm": 0.00000134234,
    "wu": 0.00247202
  },
  "2020-05": {
    "adpe": 1.96228e-7,
    "ap": 0.0000548687,
    "ctue": 0.00951175,
    "ctuh-c": 3.99315e-10,
    "ctuh-nc": 8.6735e-10,
    "gwp": 0.00446487,
    "ir": 0.000459642,
    "pm": 0.00000132137,
    "wu": 0.00247076
  },
  "2020-06": {
    "adpe": 1.81307e-7,
    "ap": 0.0000519168,
    "ctue": 0.00917229,
    "ctuh-c": 3.68585e-10,
    "ctuh-nc": 8.24492e-10,
    "gwp": 0.00430896,
    "ir": 0.00043763,
    "pm": 0.00000124032,
    "wu": 0.00231965
  },
  "2020-07": {
    "adpe": 1.73264e-7,
    "ap": 0.0000509098,
    "ctue": 0.00885043,
    "ctuh-c": 3.40914e-10,
    "ctuh-nc": 8.01156e-10,
    "gwp": 0.00422279,
    "ir": 0.000425652,
    "pm": 0.00000121989,
    "wu": 0.00225012
  },
  "2020-08": {
    "adpe": 1.70556e-7,
    "ap": 0.0000511164,
    "ctue": 0.00871098,
    "ctuh-c": 3.408e-10,
    "ctuh-nc": 7.9368e-10,
    "gwp": 0.00417519,
    "ir": 0.000417952,
    "pm": 0.0000012397,
    "wu": 0.00225118
  },
  "2020-09": {
    "adpe": 1.68887e-7,
    "ap": 0.0000513094,
    "ctue": 0.00886355,
    "ctuh-c": 3.46933e-10,
    "ctuh-nc": 7.98141e-10,
    "gwp": 0.00421966,
    "ir": 0.000418552,
    "pm": 0.00000124286,
    "wu": 0.00225682
  },
  "2020-10": {
    "adpe": 1.63233e-7,
    "ap": 0.0000515547,
    "ctue": 0.00934249,
    "ctuh-c": 3.96081e-10,
    "ctuh-nc": 8.04265e-10,
    "gwp": 0.00426565,
    "ir": 0.000409509,
    "pm": 0.00000125747,
    "wu": 0.0022832
  },
  "2020-11": {
    "adpe": 1.49565e-7,
    "ap": 0.0000522537,
    "ctue": 0.00878911,
    "ctuh-c": 3.8883e-10,
    "ctuh-nc": 7.71801e-10,
    "gwp": 0.00408803,
    "ir": 0.000377307,
    "pm": 0.00000133195,
    "wu": 0.00227166
  },
  "2020-12": {
    "adpe": 1.39281e-7,
    "ap": 0.000052697,
    "ctue": 0.00851349,
    "ctuh-c": 3.87795e-10,
    "ctuh-nc": 7.51866e-10,
    "gwp": 0.00399188,
    "ir": 0.000355884,
    "pm": 0.00000137874,
    "wu": 0.00226252
  },
  "2021-01": {
    "adpe": 1.51001e-7,
    "ap": 0.0000536402,
    "ctue": 0.00880822,
    "ctuh-c": 4.03736e-10,
    "ctuh-nc": 7.79878e-10,
    "gwp": 0.0041018,
    "ir": 0.000375788,
    "pm": 0.00000138681,
    "wu": 0.00233057
  },
  "2021-02": {
    "adpe": 1.626e-7,
    "ap": 0.0000540656,
    "ctue": 0.00899338,
    "ctuh-c": 4.07827e-10,
    "ctuh-nc": 8.02248e-10,
    "gwp": 0.00418609,
    "ir": 0.000395755,
    "pm": 0.00000137665,
    "wu": 0.00237381
  },
  "2021-03": {
    "adpe": 1.92546e-7,
    "ap": 0.0000559657,
    "ctue": 0.00958097,
    "ctuh-c": 4.44533e-10,
    "ctuh-nc": 8.64697e-10,
    "gwp": 0.00439968,
    "ir": 0.000442462,
    "pm": 0.00000138709,
    "wu": 0.00252939
  },
  "2021-04": {
    "adpe": 2.03801e-7,
    "ap": 0.0000558352,
    "ctue": 0.00967608,
    "ctuh-c": 4.36817e-10,
    "ctuh-nc": 8.81739e-10,
    "gwp": 0.00446398,
    "ir": 0.000462761,
    "pm": 0.00000135645,
    "wu": 0.00254593
  },
  "2021-05": {
    "adpe": 2.18973e-7,
    "ap": 0.0000566559,
    "ctue": 0.0102148,
    "ctuh-c": 4.59369e-10,
    "ctuh-nc": 9.217e-10,
    "gwp": 0.00464621,
    "ir": 0.000492452,
    "pm": 0.00000134384,
    "wu": 0.00262138
  },
  "2021-06": {
    "adpe": 2.06935e-7,
    "ap": 0.0000544576,
    "ctue": 0.00932624,
    "ctuh-c": 3.85515e-10,
    "ctuh-nc": 8.71678e-10,
    "gwp": 0.00443173,
    "ir": 0.000472365,
    "pm": 0.00000129556,
    "wu": 0.00247441
  },
  "2021-07": {
    "adpe": 1.97892e-7,
    "ap": 0.0000543473,
    "ctue": 0.00915142,
    "ctuh-c": 3.75593e-10,
    "ctuh-nc": 8.55501e-10,
    "gwp": 0.0043803,
    "ir": 0.000458297,
    "pm": 0.00000130947,
    "wu": 0.00244327
  },
  "2021-08": {
    "adpe": 1.96748e-7,
    "ap": 0.0000540668,
    "ctue": 0.00910249,
    "ctuh-c": 3.74883e-10,
    "ctuh-nc": 8.50663e-10,
    "gwp": 0.00435359,
    "ir": 0.000455302,
    "pm": 0.00000130368,
    "wu": 0.00243125
  },
  "2021-09": {
    "adpe": 1.9094e-7,
    "ap": 0.0000540063,
    "ctue": 0.00922099,
    "ctuh-c": 3.80259e-10,
    "ctuh-nc": 8.47719e-10,
    "gwp": 0.0043746,
    "ir": 0.000449455,
    "pm": 0.00000130524,
    "wu": 0.00241846
  },
  "2021-10": {
    "adpe": 1.88677e-7,
    "ap": 0.0000541222,
    "ctue": 0.00970737,
    "ctuh-c": 4.38959e-10,
    "ctuh-nc": 8.55481e-10,