year,adpe,ap,ctue,ctuh-c,ctuh-nc,gwp,ir,pm,wu
2019,5.15964e-7,0.00132316,0.222428,0.0000175926,0.00000897962,0.52857,0.00739942,0.0000451898,0.0646946
2020,5.34117e-7,0.00131962,0.220294,0.0000178182,0.00000909375,0.522204,0.00733257,0.0000455874,0.0638538
2021,5.54573e-7,0.00131616,0.22233,0.0000173457,0.00000885431,0.524501,0.00735258,0.0000445514,0.0645206
2022,5.82531e-7,0.00130516,0.22069,0.0000172528,0.00000880672,0.519273,0.00730156,0.0000441987,0.0637499
2023,6.16155e-7,0.00128148,0.219303,0.0000170828,0.00000872025,0.514756,0.00730804,0.0000429824,0.0636336
2024,6.58418e-7,0.00126078,0.216585,0.0000167113,0.00000853088,0.506505,0.0072841,0.0000420674,0.0629503
2025,7.18208e-7,0.00124327,0.213939,0.0000165095,0.00000842777,0.497863,0.00727688,0.0000414483,0.0622623
2026,7.26353e-7,0.00124478,0.213422,0.0000166676,0.00000850789,0.496053,0.00725249,0.0000418052,0.0618987
