year,adpe,ap,ctue,ctuh-c,ctuh-nc,gwp,ir,pm,wu
2019,5.20264e-7,0.00132817,0.223043,0.0000181892,0.00000928305,0.529953,0.00741213,0.0000458248,0.0648127
2020,5.36636e-7,0.00132109,0.220769,0.0000181062,0.0000092403,0.523326,0.00734721,0.0000458298,0.0639582
2021,5.57209e-7,0.0013172,0.222719,0.0000176732,0.00000902087,0.525496,0.00736711,0.000044816,0.0646121
2022,5.8559e-7,0.00130954,0.221238,0.0000176172,0.00000899206,0.520496,0.00731394,0.0000446474,0.0638321
2023,6.19753e-7,0.00128664,0.219915,0.0000175022,0.00000893355,0.516047,0.00731945,0.0000435003,0.0637267
2024,6.6223e-7,0.00126572,0.21735,0.0000171769,0.00000876772,0.508077,0.00729558,0.0000425786,0.0630736
2025,7.27212e-7,0.00124689,0.214183,0.0000170481,0.00000870158,0.498464,0.00728793,0.0000420316,0.0622445
