year,adpe,ap,ctue,ctuh-c,ctuh-nc,gwp,ir,pm,wu
2019,1.40034e-7,0.0000470429,0.00807376,3.18949e-10,7.12916e-10,0.00383064,0.000362296,0.00000116389,0.0020347
2020,1.59415e-7,0.0000497429,0.00863631,3.52697e-10,7.67851e-10,0.00405772,0.000395896,0.0000012175,0.00218899
2021,1.79484e-7,0.0000520193,0.00901527,3.88188e-10,8.13194e-10,0.00419876,0.000423805,0.00000126748,0.00233366
2022,2.09104e-7,0.0000542757,0.00968424,4.30405e-10,8.79778e-10,0.00443893,0.000471007,0.00000128916,0.00250342
2023,2.4171e-7,0.0000556944,0.0102534,4.68388e-10,9.41333e-10,0.00462926,0.000519855,0.00000128058,0.00265079
2024,2.93167e-7,0.0000579925,0.0110262,4.98435e-10,1.03895e-9,0.00496634,0.000603213,0.00000125999,0.00286474
