year,adpe,ap,ctue,ctuh-c,ctuh-nc,gwp,ir,pm,wu
2019,1.40067e-7,0.0000469146,0.00807553,3.19539e-10,7.12152e-10,0.0038255,0.000362098,0.00000115948,0.00203103
2020,1.59561e-7,0.0000496283,0.00863792,3.53295e-10,7.67289e-10,0.00405308,0.000395851,0.00000121344,0.00218605
2021,1.79261e-7,0.0000511299,0.0090183,3.88821e-10,8.07626e-10,0.00416864,0.000422724,0.00000123616,0.00230473
2022,2.08436e-7,0.0000528004,0.00968202,4.30754e-10,8.70036e-10,0.00438787,0.000468834,0.00000123768,0.00245425
2023,2.42289e-7,0.000055052,0.0102422,4.67513e-10,9.37827e-10,0.004607,0.000520087,0.000001257,0.00263079
2024,2.10951e-7,0.0000543825,0.0100658,4.89171e-10,8.87775e-10,0.0044263,0.000465477,0.00000129995,0.00255077
