year,adpe,ap,ctue,ctuh-c,ctuh-nc,gwp,ir,pm,wu
2019,1.39929e-7,0.0000470247,0.00807198,3.1887e-10,7.12631e-10,0.00382948,0.000362116,0.00000116345,0.00203381
2020,1.5969e-7,0.0000497183,0.00855981,3.52555e-10,7.64904e-10,0.00402921,0.000393916,0.00000122094,0.00218926
2021,1.79754e-7,0.0000520641,0.00894868,3.88491e-10,8.10984e-10,0.00417499,0.000422026,0.00000127305,0.00233642
2022,2.0935e-7,0.0000536662,0.00961902,4.30643e-10,8.73686e-10,0.00439429,0.000468771,0.00000127124,0.00248484
2023,2.42188e-7,0.0000549914,0.0101883,4.68459e-10,9.34975e-10,0.00458229,0.000517915,0.00000125889,0.00262962
2024,2.55828e-7,0.0000566904,0.0107344,5.22294e-10,9.73296e-10,0.00470946,0.000535897,0.00000129713,0.0027522
