year,adpe,ap,ctue,ctuh-c,ctuh-nc,gwp,ir,pm,wu
2019,5.09824e-7,0.00127796,0.22118,0.0000170387,0.00000869821,0.527319,0.00739765,0.0000424558,0.0646797
2020,5.26586e-7,0.00127569,0.219727,0.0000170169,0.00000868672,0.523031,0.00736251,0.0000426106,0.0641059
2021,5.45989e-7,0.0012733,0.221641,0.0000166371,0.00000849432,0.525156,0.00737902,0.0000417353,0.0647136
2022,5.72161e-7,0.00126888,0.220508,0.0000166081,0.00000847925,0.520986,0.00732971,0.0000417185,0.0639765
2023,6.02705e-7,0.00125553,0.219863,0.0000164238,0.00000838558,0.517996,0.00733375,0.0000409445,0.0638676
2024,6.15545e-7,0.00125915,0.220816,0.0000163497,0.00000834815,0.517841,0.00731057,0.0000409167,0.0639333
