{
  "2019-01": {
    "adpe": 1.13824e-7,
    "ap": 0.0000473825,
    "ctue": 0.00760309,
    "ctuh-c": 3.10005e-10,
    "ctuh-nc": 6.67972e-10,
    "gwp": 0.00366276,
    "ir": 0.000316427,
    "pm": 0.0000012368,
    "wu": 0.00197974
  },
  "2019-02": {
    "adpe": 1.21129e-7,
    "ap": 0.0000464726,
    "ctue": 0.00762804,
    "ctuh-c": 3.02109e-10,
    "ctuh-nc": 6.73088e-10,
    "gwp": 0.00367154,
    "ir": 0.000328821,
    "pm": 0.00000118807,
    "wu": 0.0019619
  },
  "2019-03": {
    "adpe": 1.44731e-7,
    "ap": 0.0000481964,
    "ctue": 0.00834391,
    "ctuh-c": 3.47241e-10,
    "ctuh-nc": 7.31164e-10,
    "gwp": 0.00389707,
    "ir": 0.000368158,
    "pm": 0.00000119779,
    "wu": 0.00210176
  },
  "2019-04": {
    "adpe": 1.53796e-7,
    "ap": 0.0000477084,
    "ctue": 0.00844098,
    "ctuh-c": 3.36986e-10,
    "ctuh-nc": 7.44145e-10,
    "gwp": 0.00395485,
    "ir": 0.000386223,
    "pm": 0.00000115584,
    "wu": 0.00209966
  },
  "2019-05": {
    "adpe": 1.58193e-7,
    "ap": 0.0000476109,
    "ctue": 0.00861222,
    "ctuh-c": 3.36507e-10,
    "ctuh-nc": 7.55568e-10,
    "gwp": 0.00402131,
    "ir": 0.000397419,
    "pm": 0.00000113527,
    "wu": 0.00210554
  },
  "2019-06": {
    "adpe": 1.56008e-7,
    "ap": 0.0000467775,
    "ctue": 0.00826489,
    "ctuh-c": 3.09595e-10,
    "ctuh-nc": 7.38641e-10,
    "gwp": 0.00393576,
    "ir": 0.000392247,
    "pm": 0.00000111493,
    "wu": 0.00205635
  },
  "2019-07": {
    "adpe": 1.48207e-7,
    "ap": 0.0000462612,
    "ctue": 0.00798057,
    "ctuh-c": 2.93653e-10,
    "ctuh-nc": 7.17992e-10,
    "gwp": 0.00384805,
    "ir": 0.000378151,
    "pm": 0.00000111603,
    "wu": 0.00201144
  },
  "2019-08": {
    "adpe": 1.48312e-7,
    "ap": 0.0000465958,
    "ctue": 0.00791463,
    "ctuh-c": 2.92163e-10,
    "ctuh-nc": 7.17678e-10,
    "gwp": 0.00383876,
    "ir": 0.000377001,
    "pm": 0.00000113112,
    "wu": 0.00202191
  },
  "2019-09": {
    "adpe": 1.4494e-7,
    "ap": 0.000046091,
    "ctue": 0.00800832,
    "ctuh-c": 3.06532e-10,
    "ctuh-nc": 7.12194e-10,
    "gwp": 0.00381415,
    "ir": 0.000370221,
    "pm": 0.00000112006,
    "wu": 0.00200713
  },
  "2019-10": {
    "adpe": 1.39557e-7,
    "ap": 0.0000464815,
    "ctue": 0.00812763,
    "ctuh-c": 3.22733e-10,
    "ctuh-nc": 7.1056e-10,
    "gwp": 0.00382134,
    "ir": 0.000361638,
    "pm": 0.00000114325,
    "wu": 0.00201771
  },
  "2019-11": {
    "adpe": 1.27147e-7,
    "ap": 0.0000469591,
    "ctue": 0.00800558,
    "ctuh-c": 3.29315e-10,
    "ctuh-nc": 6.93403e-10,
    "gwp": 0.00376028,
    "ir": 0.000339624,
    "pm": 0.00000118895,
    "wu": 0.00200902
  },
  "2019-12": {
    "adpe": 1.23242e-7,
    "ap": 0.0000477685,
    "ctue": 0.00796009,
    "ctuh-c": 3.41675e-10,
    "ctuh-nc": 6.89856e-10,
    "gwp": 0.00373215,
    "ir": 0.000329489,
    "pm": 0.00000123319,
    "wu": 0.00203505
  },
  "2020-01": {
    "adpe": 1.29282e-7,
    "ap": 0.0000485835,
    "ctue": 0.00803999,
    "ctuh-c": 3.38886e-10,
    "ctuh-nc": 7.05251e-10,
    "gwp": 0.00380282,
    "ir": 0.000341484,
    "pm": 0.00000124736,
    "wu": 0.0020734
  },
  "2020-02": {
    "adpe": 1.4108e-7,
    "ap": 0.0000488944,
    "ctue": 0.00849412,
    "ctuh-c": 3.65761e-10,
    "ctuh-nc": 7.34164e-10,
    "gwp": 0.00392144,
    "ir": 0.000362262,
    "pm": 0.00000122895,
    "wu": 0.00212791
  },
  "2020-03": {
    "adpe": 1.65997e-7,
    "ap": 0.0000509425,
    "ctue": 0.0090244,
    "ctuh-c": 3.87695e-10,
    "ctuh-nc": 7.92133e-10,
    "gwp": 0.00415328,
    "ir": 0.000405668,
    "pm": 0.00000124687,
    "wu": 0.00226608
  },
  "2020-04": {
    "adpe": 1.83811e-7,
    "ap": 0.0000520716,
    "ctue": 0.0089713,
    "ctuh-c": 3.67896e-10,
    "ctuh-nc": 8.20108e-10,
    "gwp": 0.00424407,
    "ir": 0.000435049,
    "pm": 0.00000125455,
    "wu": 0.0023315
  },
  "2020-05": {
    "adpe": 1.86842e-7,
    "ap": 0.000051935,
    "ctue": 0.00911568,
    "ctuh-c": 3.71e-10,
    "ctuh-nc": 8.28042e-10,
    "gwp": 0.00428804,
    "ir": 0.000442369,
    "pm": 0.00000123819,
    "wu": 0.00233558
  },
  "2020-06": {
    "adpe": 1.73946e-7,
    "ap": 0.0000493828,
    "ctue": 0.0088233,
    "ctuh-c": 3.44276e-10,
    "ctuh-nc": 7.91064e-10,
    "gwp": 0.00415408,
    "ir": 0.00042343,
    "pm": 0.00000116795,
    "wu": 0.00220482
  },
  "2020-07": {
    "adpe": 1.67082e-7,
    "ap": 0.0000485752,
    "ctue": 0.00854945,
    "ctuh-c": 3.20346e-10,
    "ctuh-nc": 7.71549e-10,
    "gwp": 0.00408342,
    "ir": 0.000413379,
    "pm": 0.00000115213,
    "wu": 0.00214693
  },
  "2020-08": {
    "adpe": 1.64604e-7,
    "ap": 0.0000487745,
    "ctue": 0.00842627,
    "ctuh-c": 3.20668e-10,
    "ctuh-nc": 7.64876e-10,
    "gwp": 0.00404068,
    "ir": 0.000406333,
    "pm": 0.00000117059,
    "wu": 0.00214851
  },
  "2020-09": {
    "adpe": 1.62866e-7,
    "ap": 0.0000488259,
    "ctue": 0.0085484,
    "ctuh-c": 3.24898e-10,
    "ctuh-nc": 7.67498e-10,
    "gwp": 0.00407429,
    "ir": 0.000406436,
    "pm": 0.00000116961,
    "wu": 0.00214823
  },
  "2020-10": {
    "adpe": 1.57482e-7,
    "ap": 0.000049044,
    "ctue": 0.00898144,
    "ctuh-c": 3.69398e-10,
    "ctuh-nc": 7.72699e-10,
    "gwp": 0.00411529,
    "ir": 0.000397878,
    "pm": 0.0000011831,
    "wu": 0.00217136
  },
  "2020-11": {
    "adpe": 1.44867e-7,
    "ap": 0.0000496672,
    "ctue": 0.00847175,
    "ctuh-c": 3.62489e-10,
    "ctuh-nc": 7.42686e-10,
    "gwp": 0.00395161,
    "ir": 0.000368246,
    "pm": 0.00000125087,
    "wu": 0.00215983
  },
  "2020-12": {
    "adpe": 1.35672e-7,
    "ap": 0.0000502114,
    "ctue": 0.00823059,
    "ctuh-c": 3.62608e-10,
    "ctuh-nc": 7.2578e-10,
    "gwp": 0.00386963,
    "ir": 0.000349012,
    "pm": 0.00000129825,
    "wu": 0.00215716
  },
  "2021-01": {
    "adpe": 1.47326e-7,
    "ap": 0.0000510067,
    "ctue": 0.00856713,
    "ctuh-c": 3.83292e-10,
    "ctuh-nc": 7.5371e-10,
    "gwp": 0.00397722,
    "ir": 0.000368411,
    "pm": 0.00000130121,
    "wu": 0.00222338
  },
  "2021-02": {
    "adpe": 1.57846e-7,
    "ap": 0.0000513563,
    "ctue": 0.00873563,
    "ctuh-c": 3.86563e-10,
    "ctuh-nc": 7.73882e-10,
    "gwp": 0.00405388,
    "ir": 0.00038666,
    "pm": 0.00000129041,
    "wu": 0.0022611
  },
  "2021-03": {
    "adpe": 1.84139e-7,
    "ap": 0.0000531074,
    "ctue": 0.00917776,
    "ctuh-c": 4.11315e-10,
    "ctuh-nc": 8.27503e-10,
    "gwp": 0.00423708,
    "ir": 0.000427971,
    "pm": 0.00000130291,
    "wu": 0.00239553
  },
  "2021-04": {
    "adpe": 1.93514e-7,
    "ap": 0.0000528901,
    "ctue": 0.00925018,
    "ctuh-c": 4.0378e-10,
    "ctuh-nc": 8.40964e-10,
    "gwp": 0.00428756,
    "ir": 0.000444962,
    "pm": 0.0000012733,
    "wu": 0.00240504
  },
  "2021-05": {
    "adpe": 2.097e-7,
    "ap": 0.0000537223,
    "ctue": 0.00980622,
    "ctuh-c": 4.2929e-10,
    "ctuh-nc": 8.82317e-10,
    "gwp": 0.00446967,
    "ir": 0.000475537,
    "pm": 0.00000126028,
    "wu": 0.00248529
  },
  "2021-06": {
    "adpe": 1.95666e-7,
    "ap": 0.0000516734,
    "ctue": 0.00890909,
    "ctuh-c": 3.55729e-10,
    "ctuh-nc": 8.30557e-10,
    "gwp": 0.00425395,
    "ir": 0.000452565,
    "pm": 0.00000122082,
    "wu": 0.00233866
  },
  "2021-07": {
    "adpe": 1.89072e-7,
    "ap": 0.0000517145,
    "ctue": 0.00882476,
    "ctuh-c": 3.52442e-10,
    "ctuh-nc": 8.20561e-10,
    "gwp": 0.00422572,
    "ir": 0.000442399,
    "pm": 0.00000123485,
    "wu": 0.00232243
  },
  "2021-08": {
    "adpe": 1.87033e-7,
    "ap": 0.0000514309,
    "ctue": 0.00875972,
    "ctuh-c": 3.50089e-10,
    "ctuh-nc": 8.14335e-10,
    "gwp": 0.00419641,
    "ir": 0.000438279,
    "pm": 0.00000123028,
    "wu": 0.0023071
  },
  "2021-09": {
    "adpe": 1.83719e-7,
    "ap": 0.0000513038,
    "ctue": 0.00889863,
    "ctuh-c": 3.56907e-10,
    "ctuh-nc": 8.1436e-10,
    "gwp": 0.00422162,
    "ir": 0.000435816,
    "pm": 0.00000122552,
    "wu": 0.00229901
  },
  "2021-10": {
    "adpe": 1.79618e-7,
    "ap": 0.0000513195,
    "ctue": 0.00930538,
    "ctuh-c": 4.08284e-10,
    "ctuh-nc": 8.17494e-10,