year,adpe,ap,ctue,ctuh-c,ctuh-nc,gwp,ir,pm,wu
2019,0.0000016256721727711795,0.00030542390480311143,0.04415353345887089,1.8963262832621077e-9,5.121284265563995e-9,0.02306171714454103,0.00309950114346637,0.000006978569652522151,0.014854103024423202
2020,0.0000016706036059080625,0.0003062812536252029,0.04459451231057965,1.925075283322512e-9,5.18962063543163e-9,0.02322461820325566,0.0031633277300319646,0.000006935551199179876,0.015007003038053954
2021,0.0000017122424347138775,0.00030780671997978,0.04555569432923534,2.0297129211377532e-9,5.266241559352785e-9,0.023392618302423007,0.0032137758973533157,0.000006931600549409377,0.015224486665986182
2022,0.0000017645770998583343,0.00030567005463183233,0.046236032024302584,2.0821742862943284e-9,5.3305350633275636e-9,0.02348945068968287,0.003284523468991731,0.000006769745124318901,0.015313386258314974
2023,0.0000018339380207331868,0.0003011657331527412,0.04688306866081017,2.114114742718225e-9,5.4019026532190285e-9,0.02357044510564608,0.003381853779867182,0.0000064899869659407145,0.01535180047639951
2024,0.0000018060114883862086,0.00029603179945456704,0.0463317931220555,2.0512830326366804e-9,5.328406455636702e-9,0.02333716040357755,0.0033453527261763727,0.000006343980713764941,0.015077288831624267
