year,adpe,ap,ctue,ctuh-c,ctuh-nc,gwp,ir,pm,wu
2019,5.091906920631924e-7,0.0012984889265447502,0.2225926201041854,0.000016651135074396076,0.000008501322660645104,0.5293460190010189,0.007380561290616839,0.00004303822627497013,0.06466955130116907
2020,5.238578583398297e-7,0.0012900439975208184,0.2201333201787414,0.000016557422971471264,0.000008453063618295431,0.5226656380204532,0.007320839120375658,0.000043000105920808896,0.06380707835880478
2021,5.429369256522434e-7,0.0012872698782454455,0.22211505969366102,0.00001620336937047651,0.000008273756450776818,0.5249928821926036,0.007340424507260236,0.000042128297292281817,0.06441649765709619
2022,5.678006384039128e-7,0.0012823308447739376,0.2212008245103515,0.00001615146875326897,0.000008247133341082432,0.5213229914747145,0.007293064629887623,0.000042018677157491765,0.06374799051635502
2023,5.974005672750077e-7,0.0012688035460658355,0.2207592080446836,0.000015980549089050066,0.000008160309390017029,0.519221985858444,0.007305446012272607,0.00004118719423742415,0.06371377881460684
