year,adpe,ap,ctue,ctuh-c,ctuh-nc,gwp,ir,pm,wu
2019,1.40013e-7,0.0000468787,0.00796635,3.17882e-10,7.07698e-10,0.00378825,0.000359175,0.00000116415,0.00202927
2020,1.59342e-7,0.000049574,0.00853064,3.51473e-10,7.62646e-10,0.0040162,0.000392811,0.00000121747,0.00218317
2021,1.79078e-7,0.0000510412,0.00891436,3.86978e-10,8.02959e-10,0.00413196,0.000419817,0.0000012387,0.00230078
2022,2.08566e-7,0.00005267,0.00958238,4.28979e-10,8.65632e-10,0.00435157,0.000466419,0.00000123805,0.00244972
2023,2.41539e-7,0.0000548205,0.0101536,4.6697e-10,9.32066e-10,0.00456713,0.000516359,0.00000125501,0.00262169
2024,2.33724e-7,0.0000563646,0.0102863,4.97356e-10,9.32683e-10,0.00457601,0.00050105,0.00000133005,0.0026739
