{
  "2019-01": {
    "adpe": 4.884820566285094e-7,
    "ap": 0.0013010589156537702,
    "ctue": 0.22562523028218517,
    "ctuh-c": 0.000016680808856102624,
    "ctuh-nc": 0.000008517343834781434,
    "gwp": 0.5363748191409775,
    "ir": 0.00745256248199735,
    "pm": 0.000042553994413191884,
    "wu": 0.06610210672808656
  },
  "2019-02": {
    "adpe": 4.96473520452998e-7,
    "ap": 0.0013133906981445996,
    "ctue": 0.22612260700753148,
    "ctuh-c": 0.00001699409166821665,
    "ctuh-nc": 0.000008676533351831209,
    "gwp": 0.5378762653710233,
    "ir": 0.007426216337953807,
    "pm": 0.00004340924831702203,
    "wu": 0.06559584248391248
  },
  "2019-03": {
    "adpe": 5.157568948616909e-7,
    "ap": 0.001288841444500463,
    "ctue": 0.22233053601400946,
    "ctuh-c": 0.000017028847864364475,
    "ctuh-nc": 0.000008693458442784722,
    "gwp": 0.5275477281553885,
    "ir": 0.007379512164588814,
    "pm": 0.00004284292009496503,
    "wu": 0.06486422072389328
  },
  "2019-04": {
    "adpe": 5.230842007756734e-7,
    "ap": 0.0012907235656612417,
    "ctue": 0.22028749628090452,
    "ctuh-c": 0.000017316016414242078,
    "ctuh-nc": 0.000008838758658518818,
    "gwp": 0.5236225887554573,
    "ir": 0.0073389600389463065,
    "pm": 0.000043622739799939764,
    "wu": 0.06390085305428131
  },
  "2019-05": {
    "adpe": 5.240179435830906e-7,
    "ap": 0.0012740022573247767,
    "ctue": 0.21845435680088712,
    "ctuh-c": 0.00001709181545877065,
    "ctuh-nc": 0.000008724496679686913,
    "gwp": 0.5191907583960134,
    "ir": 0.007297944498963173,
    "pm": 0.00004287746159551403,
    "wu": 0.06341173724964495
  },
  "2019-06": {
    "adpe": 5.219356962678013e-7,
    "ap": 0.001274980281835059,
    "ctue": 0.2198692573520722,
    "ctuh-c": 0.00001669880367993359,
    "ctuh-nc": 0.000008525052618342704,
    "gwp": 0.5236640467879107,
    "ir": 0.0073456380407670085,
    "pm": 0.0000423229774766473,
    "wu": 0.06384108765501288
  },
  "2019-07": {
    "adpe": 5.147799773620066e-7,
    "ap": 0.0012671155018705096,
    "ctue": 0.22207990363280472,
    "ctuh-c": 0.000016164819956282024,
    "ctuh-nc": 0.000008254407099291565,
    "gwp": 0.5288385394919758,
    "ir": 0.007391164661118778,
    "pm": 0.00004095720952909794,
    "wu": 0.06476402581250586
  },
  "2019-08": {
    "adpe": 5.163882115989206e-7,
    "ap": 0.0012711899677160738,
    "ctue": 0.22257724524609443,
    "ctuh-c": 0.00001628585648246863,
    "ctuh-nc": 0.000008316036373097066,
    "gwp": 0.5302040287854083,
    "ir": 0.007409132613258036,
    "pm": 0.00004116374782824623,
    "wu": 0.06494902778456985
  },
  "2019-09": {
    "adpe": 5.13339106822664e-7,
    "ap": 0.001279631027295061,
    "ctue": 0.22110708955022942,
    "ctuh-c": 0.00001670957285462502,
    "ctuh-nc": 0.000008530740783025538,
    "gwp": 0.5277011281183485,
    "ir": 0.007390194030524121,
    "pm": 0.000042358515381741546,
    "wu": 0.06429999352070562
  },
  "2019-10": {
    "adpe": 5.057381770150129e-7,
    "ap": 0.0012769298610026698,
    "ctue": 0.22001295664621107,
    "ctuh-c": 0.000016512165453166342,
    "ctuh-nc": 0.000008430031126176254,
    "gwp": 0.5250568607279363,
    "ir": 0.007373630153438466,
    "pm": 0.000042327707339552195,
    "wu": 0.06406937995037845
  },
  "2019-11": {
    "adpe": 4.957946964718991e-7,
    "ap": 0.0012935054131443448,
    "ctue": 0.22395600380687822,
    "ctuh-c": 0.00001627158601700404,
    "ctuh-nc": 0.000008308779428088935,
    "gwp": 0.5321843632477155,
    "ir": 0.00739012866703749,
    "pm": 0.00004223137436153603,
    "wu": 0.06511326976484627
  },
  "2019-12": {
    "adpe": 4.939433941347912e-7,
    "ap": 0.0012959887157776523,
    "ctue": 0.2269779032603339,
    "ctuh-c": 0.000015940515306113284,
    "ctuh-nc": 0.000008141435325913217,
    "gwp": 0.5376004823799331,
    "ir": 0.007431469576119795,
    "pm": 0.00004144209277781161,
    "wu": 0.06624668840906855
  },
  "2020-01": {
    "adpe": 4.982414113918927e-7,
    "ap": 0.0012916452443262588,
    "ctue": 0.22107890728875135,
    "ctuh-c": 0.000016659031085483574,
    "ctuh-nc": 0.000008504861167793992,
    "gwp": 0.5268245775270474,
    "ir": 0.007420033073845003,
    "pm": 0.00004303748841085724,
    "wu": 0.0648391307232396
  },
  "2020-02": {
    "adpe": 5.082314749344484e-7,
    "ap": 0.0012920795232207142,
    "ctue": 0.22050809148738487,
    "ctuh-c": 0.00001682405308038811,
    "ctuh-nc": 0.000008588545007639503,
    "gwp": 0.5245011071867159,
    "ir": 0.007342929769661409,
    "pm": 0.00004333788019519451,
    "wu": 0.06399892870381363
  },
  "2020-03": {
    "adpe": 5.299909538834121e-7,
    "ap": 0.0012722850849736398,
    "ctue": 0.21662271208840944,
    "ctuh-c": 0.000017073603922321542,
    "ctuh-nc": 0.000008714632470110467,
    "gwp": 0.5145366263304899,
    "ir": 0.007307517635297515,
    "pm": 0.00004318204642158088,
    "wu": 0.06326922382056563
  },
  "2020-04": {
    "adpe": 5.502248529448005e-7,
    "ap": 0.0012888446675979335,
    "ctue": 0.21718370596805353,
    "ctuh-c": 0.00001758024478104186,
    "ctuh-nc": 0.000008972186060473467,
    "gwp": 0.5161847726656978,
    "ir": 0.007315564255504083,
    "pm": 0.0000443357473162051,
    "wu": 0.06304197755826343
  },
  "2020-05": {
    "adpe": 5.503756128576563e-7,
    "ap": 0.0012780580167507886,
    "ctue": 0.21761988799389081,
    "ctuh-c": 0.000017099781735026406,
    "ctuh-nc": 0.000008728276095693295,
    "gwp": 0.5159401115088122,
    "ir": 0.007288004293477479,
    "pm": 0.00004324597237686649,
    "wu": 0.06310732411075487
  },
  "2020-06": {
    "adpe": 5.352286196068641e-7,
    "ap": 0.0012673642053121308,
    "ctue": 0.2181160989869986,
    "ctuh-c": 0.000016490806302816384,
    "ctuh-nc": 0.00000841890501545804,
    "gwp": 0.5182477823587297,
    "ir": 0.0072843623176674765,
    "pm": 0.00004209343214403349,
    "wu": 0.06312396325216918
  },
  "2020-07": {
    "adpe": 5.266869913200221e-7,
    "ap": 0.0012510200049611273,
    "ctue": 0.21865768525733612,
    "ctuh-c": 0.00001585195439838255,
    "ctuh-nc": 0.000008094524119755577,
    "gwp": 0.5203676421983887,
    "ir": 0.007309764407442177,
    "pm": 0.00004052791394259698,
    "wu": 0.06355002320281145
  },
  "2020-08": {
    "adpe": 5.268434689898146e-7,
    "ap": 0.0012612522366293511,
    "ctue": 0.2218954761989734,
    "ctuh-c": 0.00001571901036060242,
    "ctuh-nc": 0.000008027799013279298,
    "gwp": 0.5271324953988339,
    "ir": 0.0073367810751800355,
    "pm": 0.000040299941678848934,
    "wu": 0.06430525841895285
  },
  "2020-09": {
    "adpe": 5.244316102999137e-7,
    "ap": 0.0012686427941798423,
    "ctue": 0.2186595872888103,
    "ctuh-c": 0.000016342021246539423,
    "ctuh-nc": 0.000008343386618253616,
    "gwp": 0.5204426132445871,
    "ir": 0.00729498823213729,
    "pm": 0.000041934423020885406,
    "wu": 0.06327000245367635
  },
  "2020-10": {
    "adpe": 5.175530965494579e-7,
    "ap": 0.0012607557955817005,
    "ctue": 0.21637543794541705,
    "ctuh-c": 0.00001655359865339707,
    "ctuh-nc": 0.000008450339015496154,
    "gwp": 0.5141083200651257,
    "ir": 0.007243186873538272,
    "pm": 0.00004219989096570391,
    "wu": 0.06275038570612866
  },
  "2020-11": {
    "adpe": 5.13541750676406e-7,
    "ap": 0.001293152639931992,
    "ctue": 0.22374501995424198,
    "ctuh-c": 0.000016548614593579582,
    "ctuh-nc": 0.00000844964391506552,
    "gwp": 0.530158783334225,
    "ir": 0.007352432361891226,
    "pm": 0.00004242149717638942,
    "wu": 0.06485805640899202
  },
  "2020-12": {
    "adpe": 5.069840893529676e-7,
    "ap": 0.0012982508919356353,
    "ctue": 0.22872292850053413,
    "ctuh-c": 0.000015934201938629454,
    "ctuh-nc": 0.000008138844011299151,
    "gwp": 0.539876966524752,
    "ir": 0.007417947314482741,
    "pm": 0.00004112573612832886,
    "wu": 0.0665772078291421
  },
  "2021-01": {
    "adpe": 5.153058288191988e-7,
    "ap": 0.0012908584750363197,
    "ctue": 0.22455365934631244,
    "ctuh-c": 0.00001630520686014098,
    "ctuh-nc": 0.000008326186020392937,