{
  "2019-01": {
    "adpe": 4.885197886511129e-7,
    "ap": 0.0013134656573049388,
    "ctue": 0.22572738627383937,
    "ctuh-c": 0.00001670187912854383,
    "ctuh-nc": 0.000008527923327170262,
    "gwp": 0.5364691618287124,
    "ir": 0.007447191295481995,
    "pm": 0.00004323918121087583,
    "wu": 0.0660072841786195
  },
  "2019-02": {
    "adpe": 4.963227106448351e-7,
    "ap": 0.0013264325598999135,
    "ctue": 0.2261983948383053,
    "ctuh-c": 0.00001700636408082561,
    "ctuh-nc": 0.0000086826206614836,
    "gwp": 0.5379126900449889,
    "ir": 0.00741976459382254,
    "pm": 0.00004413057374470034,
    "wu": 0.06548020995795317
  },
  "2019-03": {
    "adpe": 5.155636175953131e-7,
    "ap": 0.001301471152607096,
    "ctue": 0.22239514536231716,
    "ctuh-c": 0.000017037777731753124,
    "ctuh-nc": 0.00000869784639317175,
    "gwp": 0.5275769096416871,
    "ir": 0.0073733520369213155,
    "pm": 0.00004354171620656768,
    "wu": 0.06474905340916481
  },
  "2019-04": {
    "adpe": 5.229408544635203e-7,
    "ap": 0.0013039965195833659,
    "ctue": 0.22038469637623426,
    "ctuh-c": 0.000017330570914716556,
    "ctuh-nc": 0.000008846007037729875,
    "gwp": 0.5237214779142261,
    "ir": 0.007332787656903562,
    "pm": 0.00004435501393677122,
    "wu": 0.06378601398366161
  },
  "2019-05": {
    "adpe": 5.238174635766519e-7,
    "ap": 0.0012869172442084788,
    "ctue": 0.21854017848011606,
    "ctuh-c": 0.000017105621631814163,
    "ctuh-nc": 0.000008731365077851405,
    "gwp": 0.5192841999049974,
    "ir": 0.007292507855096762,
    "pm": 0.00004359176797686264,
    "wu": 0.0633019997841238
  },
  "2019-06": {
    "adpe": 5.219469705075391e-7,
    "ap": 0.0012885275796387543,
    "ctue": 0.22006526340734783,
    "ctuh-c": 0.00001671900795546336,
    "ctuh-nc": 0.000008535197013018823,
    "gwp": 0.5240003505827133,
    "ir": 0.007341916111317872,
    "pm": 0.00004305512490988936,
    "wu": 0.0637562607234745
  },
  "2019-07": {
    "adpe": 5.148377777591757e-7,
    "ap": 0.0012803364130602292,
    "ctue": 0.22230001744988692,
    "ctuh-c": 0.00001618724881648163,
    "ctuh-nc": 0.00000826569670674654,
    "gwp": 0.529205257484488,
    "ir": 0.00738559117580562,
    "pm": 0.00004166669758054907,
    "wu": 0.06467183726838777
  },
  "2019-08": {
    "adpe": 5.164150265684246e-7,
    "ap": 0.0012842453619298568,
    "ctue": 0.22276438587352881,
    "ctuh-c": 0.000016306060036506195,
    "ctuh-nc": 0.000008326187373414757,
    "gwp": 0.530487209104877,
    "ir": 0.007403575205594723,
    "pm": 0.00004186943173711758,
    "wu": 0.06485496877019899
  },
  "2019-09": {
    "adpe": 5.132809079782678e-7,
    "ap": 0.0012928055288680567,
    "ctue": 0.2212456348530916,
    "ctuh-c": 0.000016727682701693725,
    "ctuh-nc": 0.00000853981373794384,
    "gwp": 0.5278517136855049,
    "ir": 0.0073841167556303565,
    "pm": 0.00004307886423170169,
    "wu": 0.06419912423647348
  },
  "2019-10": {
    "adpe": 5.057897535266346e-7,
    "ap": 0.0012904428561387438,
    "ctue": 0.22017565388402416,
    "ctuh-c": 0.00001653289562029771,
    "ctuh-nc": 0.000008440439206062162,
    "gwp": 0.5252600740625373,
    "ir": 0.00736809342706975,
    "pm": 0.000043063660938449686,
    "wu": 0.0639741203852287
  },
  "2019-11": {
    "adpe": 4.957813932728178e-7,
    "ap": 0.0013066395464332607,
    "ctue": 0.22407990620790486,
    "ctuh-c": 0.000016285952583317928,
    "ctuh-nc": 0.000008315944581547803,
    "gwp": 0.5323342925717355,
    "ir": 0.007385076187549242,
    "pm": 0.00004294913706292506,
    "wu": 0.06501505986877058
  },
  "2019-12": {
    "adpe": 4.939125989320977e-7,
    "ap": 0.0013085324952580224,
    "ctue": 0.22708224036769825,
    "ctuh-c": 0.000015952071445348372,
    "ctuh-nc": 0.000008147171401352787,
    "gwp": 0.537731644429578,
    "ir": 0.007426910861170152,
    "pm": 0.00004212946151484496,
    "wu": 0.06614951983040823
  },
  "2020-01": {
    "adpe": 4.983258710823207e-7,
    "ap": 0.001305187496588434,
    "ctue": 0.22124582874298945,
    "ctuh-c": 0.00001667616615280821,
    "ctuh-nc": 0.000008513445884650052,
    "gwp": 0.526996065126194,
    "ir": 0.007413854190126234,
    "pm": 0.00004377056961743177,
    "wu": 0.06474532876566581
  },
  "2020-02": {
    "adpe": 5.082907292923792e-7,
    "ap": 0.0013056908108014223,
    "ctue": 0.220645603551099,
    "ctuh-c": 0.000016844794410892757,
    "ctuh-nc": 0.000008598953012730187,
    "gwp": 0.5246138058017112,
    "ir": 0.00733599622866398,
    "pm": 0.00004408380254494808,
    "wu": 0.06389256570060878
  },
  "2020-03": {
    "adpe": 5.301204257899161e-7,
    "ap": 0.00128592780337313,
    "ctue": 0.2167732876171624,
    "ctuh-c": 0.000017096772910230504,
    "ctuh-nc": 0.000008726276824059834,
    "gwp": 0.5147003701464486,
    "ir": 0.007301277463718189,
    "pm": 0.00004392886440169336,
    "wu": 0.06316690121010106
  },
  "2020-04": {
    "adpe": 5.501554088250402e-7,
    "ap": 0.0013025709610619584,
    "ctue": 0.21728800188851383,
    "ctuh-c": 0.000017594275171193087,
    "ctuh-nc": 0.000008979165689134203,
    "gwp": 0.5162734612133776,
    "ir": 0.007308822501636958,
    "pm": 0.00004509097712812848,
    "wu": 0.0629234256725121
  },
  "2020-05": {
    "adpe": 5.503488883962814e-7,
    "ap": 0.0012915005663758478,
    "ctue": 0.21773733194952283,
    "ctuh-c": 0.00001711326734593056,
    "ctuh-nc": 0.000008734983613143332,
    "gwp": 0.5160960477236374,
    "ir": 0.007282291401136565,
    "pm": 0.00004398273146525933,
    "wu": 0.06299465704790141
  },
  "2020-06": {
    "adpe": 5.352521956482887e-7,
    "ap": 0.0012807009063966488,
    "ctue": 0.2182671526401905,
    "ctuh-c": 0.000016506362226731754,
    "ctuh-nc": 0.000008426677384461005,
    "gwp": 0.5184658963391818,
    "ir": 0.007278980008097639,
    "pm": 0.0000428188299703378,
    "wu": 0.06302158392865655
  },
  "2020-07": {
    "adpe": 5.267454287114668e-7,
    "ap": 0.0012637803492039565,
    "ctue": 0.21880483360181677,
    "ctuh-c": 0.000015868703762157614,
    "ctuh-nc": 0.000008102910051862801,
    "gwp": 0.5205887346251027,
    "ir": 0.007305077752518825,
    "pm": 0.00004122254662555071,
    "wu": 0.06345616577684178
  },
  "2020-08": {
    "adpe": 5.268042657871967e-7,
    "ap": 0.001273857028026712,
    "ctue": 0.22203507419232676,
    "ctuh-c": 0.00001573353515772457,
    "ctuh-nc": 0.000008035054948405,
    "gwp": 0.52734159029217,
    "ir": 0.007331792849938055,
    "pm": 0.0000409852142563666,
    "wu": 0.06420938720149677
  },
  "2020-09": {
    "adpe": 5.244299641318683e-7,
    "ap": 0.001281924951516683,
    "ctue": 0.21880762041407376,
    "ctuh-c": 0.000016358611182724915,
    "ctuh-nc": 0.000008351686940063675,
    "gwp": 0.5206450370990856,
    "ir": 0.007289236616162491,
    "pm": 0.00004265730511477273,
    "wu": 0.06316699681268906
  },
  "2020-10": {
    "adpe": 5.17579227899674e-7,
    "ap": 0.0012741384247096726,
    "ctue": 0.2165231492293684,
    "ctuh-c": 0.000016572010337846213,
    "ctuh-nc": 0.000008459566008594345,
    "gwp": 0.5143043520812125,
    "ir": 0.007237670007924168,
    "pm": 0.000042928945344814006,
    "wu": 0.06265116495371086
  },
  "2020-11": {
    "adpe": 5.135489773745821e-7,
    "ap": 0.001306445641699682,
    "ctue": 0.22388346472762258,
    "ctuh-c": 0.00001656625474336598,
    "ctuh-nc": 0.000008458478440104574,
    "gwp": 0.5303153002437504,
    "ir": 0.007346711474104655,
    "pm": 0.000043146677923294686,
    "wu": 0.0647600787796377
  },
  "2020-12": {
    "adpe": 5.069908165397985e-7,
    "ap": 0.0013108745958903473,
    "ctue": 0.22885637144368884,
    "ctuh-c": 0.000015950675046687153,
    "ctuh-nc": 0.000008147092300110771,
    "gwp": 0.5400362326990653,
    "ir": 0.007412715682876982,
    "pm": 0.000041813865936901036,
    "wu": 0.06648496098928369
  },
  "2021-01": {
    "adpe": 5.153043941532039e-7,
    "ap": 0.001303729399392519,
    "ctue": 0.22469058243643142,
    "ctuh-c": 0.000016322345470131374,
    "ctuh-nc": 0.000008334769542579925,