year,adpe,ap,ctue,ctuh-c,ctuh-nc,gwp,ir,pm,wu
2019,1.40395e-7,0.0000467506,0.00796742,3.20205e-10,7.06992e-10,0.00377853,0.000358831,0.0000011603,0.00202769
2020,1.60345e-7,0.0000495258,0.00854171,3.54707e-10,7.63362e-10,0.00401102,0.000393346,0.0000012155,0.00218624
2021,1.80825e-7,0.0000518584,0.00893225,3.9086e-10,8.09858e-10,0.00415685,0.000421974,0.00000126658,0.00233411
2022,2.11474e-7,0.0000541919,0.00962369,4.34131e-10,8.78789e-10,0.00440616,0.000470931,0.00000128878,0.00250943
2023,2.45776e-7,0.0000557489,0.0102277,4.73671e-10,9.44223e-10,0.00461162,0.000522674,0.00000128148,0.00266622
2024,2.94072e-7,0.0000580077,0.0110148,5.11817e-10,1.03724e-9,0.00492722,0.000599538,0.0000012676,0.00287704
2025,2.70182e-7,0.0000571182,0.0108031,5.31183e-10,9.93145e-10,0.00474057,0.000554264,0.00000129323,0.0028063
