year,adpe,ap,ctue,ctuh-c,ctuh-nc,gwp,ir,pm,wu
2019,0.0000016291876769054102,0.00030102745479642523,0.04421901287936126,1.8970097451467876e-9,5.101421320425644e-9,0.022943323253757367,0.0031026447014178673,0.0000068127722824421625,0.014720024538747526
2020,0.0000016739599713358612,0.0003017666363287145,0.04466515853962902,1.9264458691493524e-9,5.168962397859956e-9,0.02310221043456279,0.0031661008564162285,0.000006765817051322864,0.014869169577071996
2021,0.0000017147569821014437,0.0003033047837938665,0.045618953369927995,2.0305877020057718e-9,5.24450357405379e-9,0.02326831266545063,0.003215387347599308,0.00000676366982041446,0.015084745290988376
2022,0.0000017679901492828294,0.0003015113685013885,0.04629934837015362,2.082942737646536e-9,5.311879249569093e-9,0.023377735494655955,0.003287614079637614,0.0000066127755297548665,0.015186846591495225
2023,0.00000183475353767364,0.0003007254385427446,0.04691534148076329,2.1172773015359134e-9,5.4009401320128515e-9,0.02356022623188405,0.0033825304256255195,0.000006472889205459718,0.015341522636265143
2024,0.0000017933566033666317,0.0002966835961709361,0.046401261979816796,2.0714118552784138e-9,5.31748129256506e-9,0.023315805210881696,0.0033245029080304508,0.0000063919694767703805,0.015082078766419664
