{
  "2019-01": {
    "adpe": 0.0000015465170104943066,
    "ap": 0.0003269987256172659,
    "ctue": 0.04395298976621309,
    "ctuh-c": 1.9565497783042943e-9,
    "ctuh-nc": 5.143370408843962e-9,
    "gwp": 0.023446891504582117,
    "ir": 0.002984706066656425,
    "pm": 0.000007906797605195712,
    "wu": 0.01540864229094088
  },
  "2019-02": {
    "adpe": 0.0000016099993848418249,
    "ap": 0.0003145288619973721,
    "ctue": 0.04414583597661426,
    "ctuh-c": 1.919792627754739e-9,
    "ctuh-nc": 5.153907465288449e-9,
    "gwp": 0.02327753531338983,
    "ir": 0.0030774773820714924,
    "pm": 0.000007339738162435652,
    "wu": 0.015128640394424107
  },
  "2019-03": {
    "adpe": 0.0000016468561566524903,
    "ap": 0.000306621041220288,
    "ctue": 0.04468231432655911,
    "ctuh-c": 1.9560593650255867e-9,
    "ctuh-nc": 5.163275415028604e-9,
    "gwp": 0.02315813729262165,
    "ir": 0.003124517473118317,
    "pm": 0.000006992821383513062,
    "wu": 0.014982781486730124
  },
  "2019-04": {
    "adpe": 0.0000016821607995399,
    "ap": 0.00030068193627547313,
    "ctue": 0.0445834981758427,
    "ctuh-c": 1.9082223416549902e-9,
    "ctuh-nc": 5.1714827867930835e-9,
    "gwp": 0.023094736858429558,
    "ir": 0.0031797322485233623,
    "pm": 0.00000671038367194771,
    "wu": 0.014841132605830401
  },
  "2019-05": {
    "adpe": 0.0000016537332314426201,
    "ap": 0.00029240831106051824,
    "ctue": 0.044152342899215824,
    "ctuh-c": 1.8579682434568568e-9,
    "ctuh-nc": 5.081315471573593e-9,
    "gwp": 0.022767957939530258,
    "ir": 0.003139691436461293,
    "pm": 0.0000064524433806756855,
    "wu": 0.014471821534532853
  },
  "2019-06": {
    "adpe": 0.000001656664687360568,
    "ap": 0.00029418237115754907,
    "ctue": 0.043782319071383566,
    "ctuh-c": 1.8060128887288599e-9,
    "ctuh-nc": 5.0892068662641665e-9,
    "gwp": 0.022833494715446948,
    "ir": 0.003150983171672824,
    "pm": 0.0000065054149809322,
    "wu": 0.01450166684910296
  },
  "2019-07": {
    "adpe": 0.0000016212732298774412,
    "ap": 0.00029670554917195913,
    "ctue": 0.04351801726613537,
    "ctuh-c": 1.7981547213373267e-9,
    "ctuh-nc": 5.055351695068969e-9,
    "gwp": 0.02280105787100874,
    "ir": 0.003100675925027781,
    "pm": 0.000006656880484775067,
    "wu": 0.014494952096360592
  },
  "2019-08": {
    "adpe": 0.0000016378196552780655,
    "ap": 0.00030135478622546433,
    "ctue": 0.043518966458964234,
    "ctuh-c": 1.7919409630635917e-9,
    "ctuh-nc": 5.102834437605491e-9,
    "gwp": 0.02298942786952404,
    "ir": 0.003128100376757944,
    "pm": 0.000006796540606231851,
    "wu": 0.014680821151087915
  },
  "2019-09": {
    "adpe": 0.0000016517153248066137,
    "ap": 0.0003010477738838564,
    "ctue": 0.04406899433099609,
    "ctuh-c": 1.8589819639158945e-9,
    "ctuh-nc": 5.1272530459792585e-9,
    "gwp": 0.02301638150036426,
    "ir": 0.0031405695539226297,
    "pm": 0.000006769960956357922,
    "wu": 0.01474838122296503
  },
  "2019-10": {
    "adpe": 0.0000016343613772278056,
    "ap": 0.0003003115610557979,
    "ctue": 0.04428667350297017,
    "ctuh-c": 1.901997009643336e-9,
    "ctuh-nc": 5.10480390491406e-9,
    "gwp": 0.02293697830483032,
    "ir": 0.003109340787034894,
    "pm": 0.0000067785876565369425,
    "wu": 0.014712305691537047
  },
  "2019-11": {
    "adpe": 0.0000016013099666022427,
    "ap": 0.00030862415501441045,
    "ctue": 0.04449034667410712,
    "ctuh-c": 1.966518517108633e-9,
    "ctuh-nc": 5.1147000967493855e-9,
    "gwp": 0.023074506101331684,
    "ir": 0.0030564809964950556,
    "pm": 0.000007145689866944968,
    "wu": 0.014947528919477905
  },
  "2019-12": {
    "adpe": 0.000001571518727146272,
    "ap": 0.00031493766476174505,
    "ctue": 0.04478707332810165,
    "ctuh-c": 2.038384378994799e-9,
    "ctuh-nc": 5.118775348337315e-9,
    "gwp": 0.023164379256325113,
    "ir": 0.003006824409825851,
    "pm": 0.000007435134679904451,
    "wu": 0.015130369029385145
  },
  "2020-01": {
    "adpe": 0.000001619709758023887,
    "ap": 0.00031531705230546233,
    "ctue": 0.04471988720655676,
    "ctuh-c": 1.993421660948106e-9,
    "ctuh-nc": 5.1800402384112835e-9,
    "gwp": 0.023326951678517005,
    "ir": 0.003083765184782137,
    "pm": 0.000007360378294929774,
    "wu": 0.015226248015884385
  },
  "2020-02": {
    "adpe": 0.0000016603270458446267,
    "ap": 0.00030881633269118125,
    "ctue": 0.045034832932232094,
    "ctuh-c": 1.9986239108544674e-9,
    "ctuh-nc": 5.198433646351918e-9,
    "gwp": 0.0232602275404075,
    "ir": 0.0031404537690281377,
    "pm": 0.000007054747471054144,
    "wu": 0.015114268610437733
  },
  "2020-03": {
    "adpe": 0.0000017039437922270782,
    "ap": 0.0003041204635981548,
    "ctue": 0.04536897730391064,
    "ctuh-c": 2.0059480719243914e-9,
    "ctuh-nc": 5.23140883650326e-9,
    "gwp": 0.023257540262772474,
    "ir": 0.003202325022431661,
    "pm": 0.0000068094907175414225,
    "wu": 0.015069370465517635
  },
  "2020-04": {
    "adpe": 0.0000017763434322034283,
    "ap": 0.00030621954089774173,
    "ctue": 0.04527998570719339,
    "ctuh-c": 1.942143003064482e-9,
    "ctuh-nc": 5.3324458386939995e-9,
    "gwp": 0.023546354518923954,
    "ir": 0.003318164998781451,
    "pm": 0.000006753238894216236,
    "wu": 0.015265588188038024
  },
  "2020-05": {
    "adpe": 0.000001744997067973433,
    "ap": 0.00029965439661462374,
    "ctue": 0.04498643661263568,
    "ctuh-c": 1.9154904678882846e-9,
    "ctuh-nc": 5.250743064048648e-9,
    "gwp": 0.023259500957097456,
    "ir": 0.0032718388808129634,
    "pm": 0.000006565254852344897,
    "wu": 0.014960646377807621
  },
  "2020-06": {
    "adpe": 0.0000016902750221173227,
    "ap": 0.0002919235703762773,
    "ctue": 0.04429788547238232,
    "ctuh-c": 1.8496531431264237e-9,
    "ctuh-nc": 5.126654339414152e-9,
    "gwp": 0.022868639811553366,
    "ir": 0.0031948286485484097,
    "pm": 0.000006370502716193091,
    "wu": 0.01453660473777066
  },
  "2020-07": {
    "adpe": 0.0000016578299110285709,
    "ap": 0.000291604826331684,
    "ctue": 0.04371299915497212,
    "ctuh-c": 1.7908688839103142e-9,
    "ctuh-nc": 5.074883474695371e-9,
    "gwp": 0.022765395029960545,
    "ir": 0.003153563059285927,
    "pm": 0.0000064073567643851,
    "wu": 0.014410519150846717
  },
  "2020-08": {
    "adpe": 0.0000016601127800586932,
    "ap": 0.0002959804398173737,
    "ctue": 0.04390155517263538,
    "ctuh-c": 1.8211543081187942e-9,
    "ctuh-nc": 5.106056389029967e-9,
    "gwp": 0.02289952554088991,
    "ir": 0.0031554505424304185,
    "pm": 0.000006566067163285517,
    "wu": 0.014578244760204442
  },
  "2020-09": {
    "adpe": 0.0000016742548995371525,
    "ap": 0.0002984401376424309,
    "ctue": 0.043908681814587555,
    "ctuh-c": 1.815687491869396e-9,
    "ctuh-nc": 5.137851178718265e-9,
    "gwp": 0.02301346754276987,
    "ir": 0.0031780055556756806,
    "pm": 0.0000066308143812255815,
    "wu": 0.014687866211882042
  },
  "2020-10": {
    "adpe": 0.000001643661623687655,
    "ap": 0.0002926152695538926,
    "ctue": 0.04449938876543081,
    "ctuh-c": 1.9142459980590733e-9,
    "ctuh-nc": 5.075620371146892e-9,
    "gwp": 0.022739517415272484,
    "ir": 0.003118294652661914,
    "pm": 0.000006484123812322206,
    "wu": 0.014492367766046519
  },
  "2020-11": {
    "adpe": 0.0000016374349809230487,
    "ap": 0.00030674438570164447,
    "ctue": 0.04495179686424374,
    "ctuh-c": 2.0010152577102207e-9,
    "ctuh-nc": 5.1566203590416425e-9,
    "gwp": 0.02312965606521958,
    "ir": 0.003105339959011559,
    "pm": 0.000007019023520261034,
    "wu": 0.014994593759069108
  },
  "2020-12": {
    "adpe": 0.0000015929101243458005,
    "ap": 0.00031763532482902726,
    "ctue": 0.04521694346480739,
    "ctuh-c": 2.085290554707878e-9,
    "ctuh-nc": 5.1681970737892804e-9,
    "gwp": 0.0233085768239929,
    "ir": 0.0030345086467427717,
    "pm": 0.000007501647939954387,
    "wu": 0.015299680610740933
  },
  "2021-01": {
    "adpe": 0.0000016383581311285274,
    "ap": 0.0003191779584834444,