year,adpe,ap,ctue,ctuh-c,ctuh-nc,gwp,ir,pm,wu
2019,5.18433e-7,0.00132715,0.223077,0.0000178788,0.00000912522,0.529994,0.00741368,0.0000455353,0.064816
2020,5.3477e-7,0.00132006,0.220804,0.0000177942,0.00000908166,0.523373,0.00734887,0.0000455385,0.0639622
2021,5.55169e-7,0.00131631,0.22278,0.0000173601,0.00000886167,0.525594,0.00736881,0.0000445275,0.0646198
2022,5.83527e-7,0.00130852,0.221318,0.0000173201,0.00000884101,0.520626,0.00731529,0.0000443588,0.0638458
2023,6.17406e-7,0.00128599,0.22004,0.0000172144,0.00000878725,0.516288,0.00732102,0.0000432294,0.0637515
2024,6.59818e-7,0.00126532,0.21758,0.0000168972,0.0000086256,0.50857,0.00729854,0.0000423027,0.0631296
2025,7.0411e-7,0.00126171,0.215516,0.0000171693,0.00000876329,0.501763,0.00730024,0.0000427616,0.0626153
