year,adpe,ap,ctue,ctuh-c,ctuh-nc,gwp,ir,pm,wu
2019,5.091164257472275e-7,0.00128548800607343,0.22246584076094103,0.000016634496581739376,0.000008493000748386985,0.5291921655236441,0.00738594850353894,0.00004232638057144209,0.06477077066721963
2020,5.238336528413276e-7,0.0012767842434140521,0.2199928868050358,0.000016540400156451964,0.000008444544194422985,0.5224936963420478,0.007326587756126604,0.00004227676224508902,0.06390845790643482
2021,5.426946356822414e-7,0.0012747164739619022,0.2220770991965636,0.000016178762544302438,0.000008261406478058607,0.5250210229623327,0.0073458080942318095,0.00004141508041513215,0.06453485462274444
2022,5.679495861774627e-7,0.0012701862476717132,0.22106444696978572,0.000016154816177103883,0.000008248954270716549,0.5211525135010231,0.007298345318262635,0.00004137494671423689,0.06383266841645945
2023,5.956659504796358e-7,0.0012549825484840448,0.21948156553905226,0.000016028094163958003,0.000008184276890018563,0.51670366915836,0.0072964815741984185,0.00004071883797117251,0.06352153647850396
