{
  "2019-01": {
    "adpe": 4.962e-7,
    "ap": 0.00134327,
    "ctue": 0.226387,
    "ctuh-c": 0.0000182359,
    "ctuh-nc": 0.00000930766,
    "gwp": 0.537674,
    "ir": 0.00748268,
    "pm": 0.0000459827,
    "wu": 0.0662542
  },
  "2019-02": {
    "adpe": 5.05617e-7,
    "ap": 0.0013583,
    "ctue": 0.226895,
    "ctuh-c": 0.0000186651,
    "ctuh-nc": 0.00000952571,
    "gwp": 0.53923,
    "ir": 0.00745669,
    "pm": 0.0000470808,
    "wu": 0.0657072
  },
  "2019-03": {
    "adpe": 5.25891e-7,
    "ap": 0.00133145,
    "ctue": 0.222928,
    "ctuh-c": 0.0000186712,
    "ctuh-nc": 0.00000952809,
    "gwp": 0.528386,
    "ir": 0.00740649,
    "pm": 0.000046397,
    "wu": 0.0649458
  },
  "2019-04": {
    "adpe": 5.35189e-7,
    "ap": 0.00133513,
    "ctue": 0.220734,
    "ctuh-c": 0.0000190013,
    "ctuh-nc": 0.0000096951,
    "gwp": 0.52406,
    "ir": 0.00736256,
    "pm": 0.0000473461,
    "wu": 0.0638898
  },
  "2019-05": {
    "adpe": 5.36779e-7,
    "ap": 0.00131757,
    "ctue": 0.218818,
    "ctuh-c": 0.0000187174,
    "ctuh-nc": 0.00000955048,
    "gwp": 0.519317,
    "ir": 0.00731668,
    "pm": 0.000046527,
    "wu": 0.0633487
  },
  "2019-06": {
    "adpe": 5.34209e-7,
    "ap": 0.00131805,
    "ctue": 0.220332,
    "ctuh-c": 0.0000181585,
    "ctuh-nc": 0.00000926675,
    "gwp": 0.524058,
    "ir": 0.00736819,
    "pm": 0.0000458003,
    "wu": 0.0638062
  },
  "2019-07": {
    "adpe": 5.26415e-7,
    "ap": 0.00130824,
    "ctue": 0.222741,
    "ctuh-c": 0.0000175915,
    "ctuh-nc": 0.0000089794,
    "gwp": 0.529731,
    "ir": 0.00741617,
    "pm": 0.0000442522,
    "wu": 0.0648048
  },
  "2019-08": {
    "adpe": 5.28765e-7,
    "ap": 0.00131225,
    "ctue": 0.223178,
    "ctuh-c": 0.0000177217,
    "ctuh-nc": 0.00000904567,
    "gwp": 0.53101,
    "ir": 0.00743592,
    "pm": 0.0000444734,
    "wu": 0.0649825
  },
  "2019-09": {
    "adpe": 5.26064e-7,
    "ap": 0.00132302,
    "ctue": 0.221624,
    "ctuh-c": 0.0000182626,
    "ctuh-nc": 0.00000931991,
    "gwp": 0.528377,
    "ir": 0.0074174,
    "pm": 0.0000459117,
    "wu": 0.0642981
  },
  "2019-10": {
    "adpe": 5.17844e-7,
    "ap": 0.00131967,
    "ctue": 0.220381,
    "ctuh-c": 0.0000180921,
    "ctuh-nc": 0.00000923281,
    "gwp": 0.525415,
    "ir": 0.00739985,
    "pm": 0.0000458968,
    "wu": 0.0640527
  },
  "2019-11": {
    "adpe": 5.06791e-7,
    "ap": 0.00133586,
    "ctue": 0.224497,
    "ctuh-c": 0.0000178312,
    "ctuh-nc": 0.00000910131,
    "gwp": 0.532834,
    "ir": 0.00741588,
    "pm": 0.0000457246,
    "wu": 0.0651561
  },
  "2019-12": {
    "adpe": 5.03809e-7,
    "ap": 0.00133671,
    "ctue": 0.227685,
    "ctuh-c": 0.0000174628,
    "ctuh-nc": 0.00000891505,
    "gwp": 0.538589,
    "ir": 0.00745836,
    "pm": 0.0000447721,
    "wu": 0.0663709
  },
  "2020-01": {
    "adpe": 5.09369e-7,
    "ap": 0.00133587,
    "ctue": 0.22181,
    "ctuh-c": 0.000018278,
    "ctuh-nc": 0.00000932761,
    "gwp": 0.527761,
    "ir": 0.00744694,
    "pm": 0.0000466372,
    "wu": 0.0649413
  },
  "2020-02": {
    "adpe": 5.19105e-7,
    "ap": 0.00133727,
    "ctue": 0.221229,
    "ctuh-c": 0.0000184547,
    "ctuh-nc": 0.0000094172,
    "gwp": 0.525414,
    "ir": 0.00736652,
    "pm": 0.0000470097,
    "wu": 0.0640522
  },
  "2020-03": {
    "adpe": 5.41309e-7,
    "ap": 0.00131633,
    "ctue": 0.217119,
    "ctuh-c": 0.0000187374,
    "ctuh-nc": 0.0000095601,
    "gwp": 0.514914,
    "ir": 0.00732806,
    "pm": 0.0000468571,
    "wu": 0.063282
  },
  "2020-04": {
    "adpe": 5.63184e-7,
    "ap": 0.00133608,
    "ctue": 0.217727,
    "ctuh-c": 0.0000193367,
    "ctuh-nc": 0.00000986475,
    "gwp": 0.516659,
    "ir": 0.00733776,
    "pm": 0.0000482498,
    "wu": 0.0630407
  },
  "2020-05": {
    "adpe": 5.63883e-7,
    "ap": 0.00132471,
    "ctue": 0.218305,
    "ctuh-c": 0.0000187608,
    "ctuh-nc": 0.00000957238,
    "gwp": 0.516475,
    "ir": 0.00730515,
    "pm": 0.0000470209,
    "wu": 0.0631118
  },
  "2020-06": {
    "adpe": 5.48277e-7,
    "ap": 0.00131227,
    "ctue": 0.218859,
    "ctuh-c": 0.0000180025,
    "ctuh-nc": 0.00000918709,
    "gwp": 0.518921,
    "ir": 0.00730103,
    "pm": 0.00004565,
    "wu": 0.0631188
  },
  "2020-07": {
    "adpe": 5.40983e-7,
    "ap": 0.00129375,
    "ctue": 0.219441,
    "ctuh-c": 0.0000172618,
    "ctuh-nc": 0.00000881101,
    "gwp": 0.521153,
    "ir": 0.00732829,
    "pm": 0.0000438698,
    "wu": 0.0635614
  },
  "2020-08": {
    "adpe": 5.42039e-7,
    "ap": 0.00130399,
    "ctue": 0.222901,
    "ctuh-c": 0.0000171029,
    "ctuh-nc": 0.00000873114,
    "gwp": 0.52834,
    "ir": 0.00735755,
    "pm": 0.0000435694,
    "wu": 0.0643781
  },
  "2020-09": {
    "adpe": 5.39886e-7,
    "ap": 0.00131321,
    "ctue": 0.219372,
    "ctuh-c": 0.0000178904,
    "ctuh-nc": 0.00000913023,
    "gwp": 0.521068,
    "ir": 0.00731376,
    "pm": 0.0000454987,
    "wu": 0.0632617
  },
  "2020-10": {
    "adpe": 5.30751e-7,
    "ap": 0.0013038,
    "ctue": 0.21689,
    "ctuh-c": 0.0000181481,
    "ctuh-nc": 0.00000926062,
    "gwp": 0.514248,
    "ir": 0.00725689,
    "pm": 0.0000457608,
    "wu": 0.0627181
  },
  "2020-11": {
    "adpe": 5.25695e-7,
    "ap": 0.00133785,
    "ctue": 0.224765,
    "ctuh-c": 0.0000181517,
    "ctuh-nc": 0.00000926441,
    "gwp": 0.531453,
    "ir": 0.00737401,
    "pm": 0.000045973,
    "wu": 0.0649821
  },
  "2020-12": {
    "adpe": 5.17443e-7,
    "ap": 0.00133987,
    "ctue": 0.229833,
    "ctuh-c": 0.0000174092,
    "ctuh-nc": 0.00000888854,
    "gwp": 0.541354,
    "ir": 0.0074403,
    "pm": 0.0000443836,
    "wu": 0.0667688
  },
  "2021-01": {
    "adpe": 5.26326e-7,
    "ap": 0.00133294,
    "ctue": 0.225285,
    "ctuh-c": 0.0000178624,
    "ctuh-nc": 0.00000911759,
    "gwp": 0.532138,
    "ir": 0.00741834,
    "pm": 0.0000453418,
    "wu": 0.0656428
  },
  "2021-02": {
    "adpe": 5.36463e-7,
    "ap": 0.00134342,
    "ctue": 0.226852,
    "ctuh-c": 0.0000177644,
    "ctuh-nc": 0.00000906805,
    "gwp": 0.534956,
    "ir": 0.0073769,
    "pm": 0.0000455247,
    "wu": 0.065323
  },
  "2021-03": {
    "adpe": 5.64024e-7,
    "ap": 0.00132139,
    "ctue": 0.224165,
    "ctuh-c": 0.0000179124,
    "ctuh-nc": 0.00000914293,
    "gwp": 0.527385,
    "ir": 0.00737979,
    "pm": 0.0000449132,
    "wu": 0.0651261
  },
  "2021-04": {
    "adpe": 5.7457e-7,
    "ap": 0.00132504,
    "ctue": 0.222034,
    "ctuh-c": 0.0000183699,
    "ctuh-nc": 0.00000937469,
    "gwp": 0.523971,
    "ir": 0.00735275,
    "pm": 0.0000459401,
    "wu": 0.0641273
  },
  "2021-05": {
    "adpe": 5.83039e-7,
    "ap": 0.00130581,
    "ctue": 0.218484,
    "ctuh-c": 0.0000180676,
    "ctuh-nc": 0.00000922027,
    "gwp": 0.514366,
    "ir": 0.00728202,
    "pm": 0.0000453785,
    "wu": 0.0631902
  },
  "2021-06": {
    "adpe": 5.73346e-7,
    "ap": 0.00130863,
    "ctue": 0.221597,
    "ctuh-c": 0.0000174157,
    "ctuh-nc": 0.00000888976,
    "gwp": 0.523828,
    "ir": 0.00737177,
    "pm": 0.0000443294,
    "wu": 0.0641862
  },
  "2021-07": {
    "adpe": 5.6444e-7,
    "ap": 0.00129886,
    "ctue": 0.223546,
    "ctuh-c": 0.0000167883,
    "ctuh-nc": 0.0000085716,
    "gwp": 0.527629,
    "ir": 0.00738351,
    "pm": 0.000042838,
    "wu": 0.0649136
  },
  "2021-08": {
    "adpe": 5.64607e-7,
    "ap": 0.00130362,
    "ctue": 0.223926,
    "ctuh-c": 0.0000169083,
    "ctuh-nc": 0.00000863261,
    "gwp": 0.528705,
    "ir": 0.00739178,
    "pm": 0.0000431311,
    "wu": 0.0649597
  },
  "2021-09": {
    "adpe": 5.59495e-7,
    "ap": 0.0013119,
    "ctue": 0.220525,
    "ctuh-c": 0.000017715,
    "ctuh-nc": 0.00000904152,
    "gwp": 0.521596,
    "ir": 0.00734829,
    "pm": 0.0000449927,
    "wu": 0.0639444
  },
  "2021-10": {
    "adpe": 5.56345e-7,
    "ap": 0.00130892,
    "ctue": 0.218532,
    "ctuh-c": 0.0000179965,
    "ctuh-nc": 0.00000918396,
    "gwp": 0.516565,
    "ir": 0.00731796,
    "pm": 0.000045567,
    "wu": 0.0634202
  },
  "2021-11": {
    "adpe": 5.44749e-7,
    "ap": 0.00132426,
    "ctue": 0.221784,