{
  "2019-01": {
    "adpe": 0.0000015466099970318286,
    "ap": 0.00032752546086039196,
    "ctue": 0.04394880397362576,
    "ctuh-c": 1.9565869315327987e-9,
    "ctuh-nc": 5.1464534937720695e-9,
    "gwp": 0.02346267354440994,
    "ir": 0.0029850805024939898,
    "pm": 0.000007925785964946976,
    "wu": 0.015425996873515969
  },
  "2019-02": {
    "adpe": 0.0000016100959231743454,
    "ap": 0.0003150765745794015,
    "ctue": 0.044141483668990934,
    "ctuh-c": 1.9198313994681667e-9,
    "ctuh-nc": 5.157113148717033e-9,
    "gwp": 0.023293945401521656,
    "ir": 0.0030778664890520964,
    "pm": 0.000007359483015260149,
    "wu": 0.015146685862649008
  },
  "2019-03": {
    "adpe": 0.0000016469505081263484,
    "ap": 0.0003071569161523734,
    "ctue": 0.044678054610188415,
    "ctuh-c": 1.956097169514964e-9,
    "ctuh-nc": 5.166411664578688e-9,
    "gwp": 0.023174192405621394,
    "ir": 0.003124898036021757,
    "pm": 0.000007012139651327106,
    "wu": 0.015000436617553164
  },
  "2019-04": {
    "adpe": 0.0000016822578081941264,
    "ap": 0.0003012332839837022,
    "ctue": 0.04457911625247162,
    "ctuh-c": 1.9082613974703334e-9,
    "ctuh-nc": 5.174709521145415e-9,
    "gwp": 0.02311125532881764,
    "ir": 0.003180123681650136,
    "pm": 0.000006730259867486297,
    "wu": 0.014859297456828867
  },
  "2019-05": {
    "adpe": 0.0000016538284031600862,
    "ap": 0.00029294888072654065,
    "ctue": 0.0441480475237205,
    "ctuh-c": 1.8580066162594152e-9,
    "ctuh-nc": 5.084479216587457e-9,
    "gwp": 0.022784153673673143,
    "ir": 0.0031400752963123293,
    "pm": 0.000006471930933255255,
    "wu": 0.014489631483051931
  },
  "2019-06": {
    "adpe": 0.0000016567591067776557,
    "ap": 0.0002947186782497291,
    "ctue": 0.04377805838250349,
    "ctuh-c": 1.8060510752227073e-9,
    "ctuh-nc": 5.0923456750039225e-9,
    "gwp": 0.02284956272549379,
    "ir": 0.003151363988213707,
    "pm": 0.000006524748885203624,
    "wu": 0.014519336433484926
  },
  "2019-07": {
    "adpe": 0.0000016213636628557137,
    "ap": 0.00029721882954933534,
    "ctue": 0.04351394180113147,
    "ctuh-c": 1.7981915402122057e-9,
    "ctuh-nc": 5.058355858211313e-9,
    "gwp": 0.022816436173704376,
    "ir": 0.0031010404589410317,
    "pm": 0.000006675384192170658,
    "wu": 0.014511863365691194
  },
  "2019-08": {
    "adpe": 0.0000016379103407085355,
    "ap": 0.0003018698367379178,
    "ctue": 0.043514876366072604,
    "ctuh-c": 1.79197787350156e-9,
    "ctuh-nc": 5.105848877500385e-9,
    "gwp": 0.023004859025514354,
    "ir": 0.0031284660837028865,
    "pm": 0.000006815108225099831,
    "wu": 0.01469779057816848
  },
  "2019-09": {
    "adpe": 0.0000016518099030429167,
    "ap": 0.00030158296468140664,
    "ctue": 0.0440647437075104,
    "ctuh-c": 1.8590199689067058e-9,
    "ctuh-nc": 5.1303857853850446e-9,
    "gwp": 0.02303241717642021,
    "ir": 0.0031409501179075136,
    "pm": 0.000006789253991491926,
    "wu": 0.01476601479818233
  },
  "2019-10": {
    "adpe": 0.0000016344567154988312,
    "ap": 0.0003008528350713985,
    "ctue": 0.04428237424492098,
    "ctuh-c": 1.9020356404317306e-9,
    "ctuh-nc": 5.107971853369829e-9,
    "gwp": 0.02295319525888709,
    "ir": 0.0031097251859440703,
    "pm": 0.000006798100552830051,
    "wu": 0.014730139085081544
  },
  "2019-11": {
    "adpe": 0.000001601405353502072,
    "ap": 0.00030916296394431036,
    "ctue": 0.044486066702128596,
    "ctuh-c": 1.966556564155981e-9,
    "ctuh-nc": 5.117854216700466e-9,
    "gwp": 0.023090650728159322,
    "ir": 0.0030568644101130076,
    "pm": 0.0000071651130126780105,
    "wu": 0.01496528196101826
  },
  "2019-12": {
    "adpe": 0.0000015716107805132417,
    "ap": 0.0003154594672546453,
    "ctue": 0.04478292713586313,
    "ctuh-c": 2.0384212885560254e-9,
    "ctuh-nc": 5.121829489332297e-9,
    "gwp": 0.023180013298281156,
    "ir": 0.0030071952341119168,
    "pm": 0.000007453945339021067,
    "wu": 0.015147561013093717
  },
  "2020-01": {
    "adpe": 0.0000016198066348979132,
    "ap": 0.0003158668359308279,
    "ctue": 0.04471547546903982,
    "ctuh-c": 1.993454632238677e-9,
    "ctuh-nc": 5.183257299738997e-9,
    "gwp": 0.023343424010365862,
    "ir": 0.0030841564071379655,
    "pm": 0.0000073801971521547105,
    "wu": 0.015244357689179554
  },
  "2020-02": {
    "adpe": 0.0000016604276485879024,
    "ap": 0.0003093682103023118,
    "ctue": 0.04503046795593877,
    "ctuh-c": 1.998663371795013e-9,
    "ctuh-nc": 5.201668194682548e-9,
    "gwp": 0.023276772572983776,
    "ir": 0.003140850725436732,
    "pm": 0.0000070746367905473856,
    "wu": 0.015132459416302453
  },
  "2020-03": {
    "adpe": 0.000001704043570188504,
    "ap": 0.00030466778527612803,
    "ctue": 0.045364648573347204,
    "ctuh-c": 2.00598723239863e-9,
    "ctuh-nc": 5.234616693168868e-9,
    "gwp": 0.023273948726547814,
    "ir": 0.0032027187073823972,
    "pm": 0.000006829215837289223,
    "wu": 0.015087411130612965
  },
  "2020-04": {
    "adpe": 0.0000017764471668028086,
    "ap": 0.0003067885178343643,
    "ctue": 0.04527548587490724,
    "ctuh-c": 1.942183729842539e-9,
    "ctuh-nc": 5.335780630793781e-9,
    "gwp": 0.023563412224064495,
    "ir": 0.003318574271375363,
    "pm": 0.000006773744442293745,
    "wu": 0.015284342679843205
  },
  "2020-05": {
    "adpe": 0.0000017450984612930826,
    "ap": 0.00030020872051984496,
    "ctue": 0.0449820546198067,
    "ctuh-c": 1.91553016891875e-9,
    "ctuh-nc": 5.2539924191233565e-9,
    "gwp": 0.023276120394034837,
    "ir": 0.003272238101416352,
    "pm": 0.000006585231747016965,
    "wu": 0.014978918673102682
  },
  "2020-06": {
    "adpe": 0.000001690373314447365,
    "ap": 0.00029246270314363463,
    "ctue": 0.04429362136814444,
    "ctuh-c": 1.8496916926735134e-9,
    "ctuh-nc": 5.129814207579477e-9,
    "gwp": 0.022884802799644582,
    "ir": 0.003195216456938409,
    "pm": 0.000006389932697338665,
    "wu": 0.014554375482592932
  },
  "2020-07": {
    "adpe": 0.0000016577718236152807,
    "ap": 0.0002921171057986762,
    "ctue": 0.04370862489256978,
    "ctuh-c": 1.7909754940400307e-9,
    "ctuh-nc": 5.077691213076894e-9,
    "gwp": 0.022780277116354962,
    "ir": 0.0031536981726521967,
    "pm": 0.000006426089424607836,
    "wu": 0.014427094575932707
  },
  "2020-08": {
    "adpe": 0.0000016602060809691696,
    "ap": 0.00029649197890168743,
    "ctue": 0.043897512366100254,
    "ctuh-c": 1.8211912830681675e-9,
    "ctuh-nc": 5.109054629005432e-9,
    "gwp": 0.022914861374367594,
    "ir": 0.003155818513961607,
    "pm": 0.000006584502667520871,
    "wu": 0.014595106328355418
  },
  "2020-09": {
    "adpe": 0.0000016743525502723963,
    "ap": 0.00029897576931573394,
    "ctue": 0.04390444515858004,
    "ctuh-c": 1.8157257595548203e-9,
    "ctuh-nc": 5.1409905188325134e-9,
    "gwp": 0.023029525561517657,
    "ir": 0.0031783908444643363,
    "pm": 0.000006650118187130184,
    "wu": 0.014705521525816312
  },
  "2020-10": {
    "adpe": 0.0000016440533732307328,
    "ap": 0.0002931496754600979,
    "ctue": 0.04449594084165822,
    "ctuh-c": 1.9141695536186485e-9,
    "ctuh-nc": 5.0791333826136e-9,
    "gwp": 0.022756461738883408,
    "ir": 0.0031191300032758365,
    "pm": 0.000006502860573463009,
    "wu": 0.01451059959675463
  },
  "2020-11": {
    "adpe": 0.0000016380127455409796,
    "ap": 0.0003072783158349378,
    "ctue": 0.04494870847676221,
    "ctuh-c": 2.000847144032184e-9,
    "ctuh-nc": 5.160369165297456e-9,
    "gwp": 0.023147171090989044,
    "ir": 0.003106462339089047,
    "pm": 0.0000070374101888523776,
    "wu": 0.015013187202922686
  },
  "2020-12": {
    "adpe": 0.0000015933378504634072,
    "ap": 0.00031814834000685186,
    "ctue": 0.045213572237005874,
    "ctuh-c": 2.08516927732333e-9,
    "ctuh-nc": 5.17163308825515e-9,
    "gwp": 0.023325006943358643,
    "ir": 0.0030353929602120666,
    "pm": 0.00000751953955093588,
    "wu": 0.015317272409947236
  },
  "2021-01": {
    "adpe": 0.0000016388223209485286,
    "ap": 0.000319683981798199,