year,adpe,ap,ctue,ctuh-c,ctuh-nc,gwp,ir,pm,wu
2019,5.091164257472275e-7,0.00128548800607343,0.22246584076094103,0.000016634496581739376,0.000008493000748386985,0.5291921655236441,0.00738594850353894,0.00004232638057144209,0.06477077066721963
2020,5.238336528413276e-7,0.0012767842434140521,0.2199928868050358,0.000016540400156451964,0.000008444544194422985,0.5224936963420478,0.007326587756126604,0.00004227676224508902,0.06390845790643482
2021,5.426946356822414e-7,0.0012747164739619022,0.2220770991965636,0.000016178762544302438,0.000008261406478058607,0.5250210229623327,0.0073458080942318095,0.00004141508041513215,0.06453485462274444
2022,5.679495861774627e-7,0.0012701862476717132,0.22106444696978572,0.000016154816177103883,0.000008248954270716549,0.5211525135010231,0.007298345318262635,0.00004137494671423689,0.06383266841645945
2023,5.945949607081231e-7,0.0012541524602720394,0.21926892486669705,0.00001603906828214842,0.000008189804004882398,0.5162098511232402,0.007291116992452237,0.000040727748236115385,0.0634612232494206
2024,5.827510441949692e-7,0.0012449726382577928,0.2169173633133875,0.000016160429422198156,0.000008250927545691967,0.5107487909560688,0.00723179088120464,0.00004082628553021438,0.06279422822397475
