year,adpe,ap,ctue,ctuh-c,ctuh-nc,gwp,ir,pm,wu
2019,0.0000016372649987793748,0.00030335129308359037,0.044116610202017424,1.879899786846819e-9,5.123188619929879e-9,0.023037162593085313,0.0031176443906352595,0.000006881321140209305,0.014803137575865866
2020,0.0000016824528595838403,0.0003041685634733276,0.04456844215303344,1.9099207966182398e-9,5.191792000988557e-9,0.023199594675423395,0.003181685337698807,0.000006836557519144322,0.014956188842486758
2021,0.0000017240320382945755,0.0003055334914736995,0.045541622315850704,2.0159402166045784e-9,5.267632403695968e-9,0.02336294189209226,0.0032318393927827037,0.0000068269843775792625,0.015169232986781793
2022,0.00000177960814193024,0.000304519193156523,0.046219753647876415,2.0672165307322367e-9,5.342392319238268e-9,0.023502663573995088,0.003308032672744506,0.0000067002219139961844,0.015301443112610703
2023,0.0000018471882568628695,0.000304491675852072,0.04707120448352403,2.1349061497641336e-9,5.440688318397294e-9,0.023707698463678078,0.0034006125946845138,0.00000659055327376783,0.015504943860254363
2024,0.0000017629426248190236,0.0003087386023609135,0.04757955955235408,2.2752954743250496e-9,5.368161006879369e-9,0.023562159803718535,0.003261005106377525,0.000006907487128182791,0.015538104585600402
