{
  "2019-01": {
    "adpe": 1.13933e-7,
    "ap": 0.0000472434,
    "ctue": 0.00749999,
    "ctuh-c": 3.09058e-10,
    "ctuh-nc": 6.63205e-10,
    "gwp": 0.00362261,
    "ir": 0.00031359,
    "pm": 0.00000123759,
    "wu": 0.0019755
  },
  "2019-02": {
    "adpe": 1.21225e-7,
    "ap": 0.0000463243,
    "ctue": 0.00751882,
    "ctuh-c": 3.01041e-10,
    "ctuh-nc": 6.68022e-10,
    "gwp": 0.00362913,
    "ir": 0.00032581,
    "pm": 0.00000118886,
    "wu": 0.00195729
  },
  "2019-03": {
    "adpe": 1.44833e-7,
    "ap": 0.000048051,
    "ctue": 0.00823743,
    "ctuh-c": 3.4621e-10,
    "ctuh-nc": 7.26229e-10,
    "gwp": 0.00385569,
    "ir": 0.000365232,
    "pm": 0.00000119852,
    "wu": 0.00209727
  },
  "2019-04": {
    "adpe": 1.53898e-7,
    "ap": 0.0000475559,
    "ctue": 0.00833114,
    "ctuh-c": 3.35929e-10,
    "ctuh-nc": 7.39033e-10,
    "gwp": 0.00391205,
    "ir": 0.000383196,
    "pm": 0.00000115652,
    "wu": 0.00209493
  },
  "2019-05": {
    "adpe": 1.58302e-7,
    "ap": 0.0000474598,
    "ctue": 0.00850509,
    "ctuh-c": 3.35521e-10,
    "ctuh-nc": 7.5057e-10,
    "gwp": 0.00397937,
    "ir": 0.00039446,
    "pm": 0.00000113585,
    "wu": 0.0021009
  },
  "2019-06": {
    "adpe": 1.56095e-7,
    "ap": 0.0000466297,
    "ctue": 0.00815806,
    "ctuh-c": 3.08584e-10,
    "ctuh-nc": 7.33657e-10,
    "gwp": 0.00389409,
    "ir": 0.000389281,
    "pm": 0.00000111563,
    "wu": 0.00205176
  },
  "2019-07": {
    "adpe": 1.48292e-7,
    "ap": 0.00004612,
    "ctue": 0.00787878,
    "ctuh-c": 2.92716e-10,
    "ctuh-nc": 7.13238e-10,
    "gwp": 0.00380827,
    "ir": 0.000375319,
    "pm": 0.00000111669,
    "wu": 0.00200707
  },
  "2019-08": {
    "adpe": 1.48417e-7,
    "ap": 0.0000464623,
    "ctue": 0.00781257,
    "ctuh-c": 2.91237e-10,
    "ctuh-nc": 7.12979e-10,
    "gwp": 0.00379912,
    "ir": 0.000374187,
    "pm": 0.00000113206,
    "wu": 0.00201785
  },
  "2019-09": {
    "adpe": 1.45053e-7,
    "ap": 0.0000459417,
    "ctue": 0.00790235,
    "ctuh-c": 3.05566e-10,
    "ctuh-nc": 7.07258e-10,
    "gwp": 0.00377267,
    "ir": 0.0003673,
    "pm": 0.00000112065,
    "wu": 0.00200257
  },
  "2019-10": {
    "adpe": 1.39687e-7,
    "ap": 0.0000463421,
    "ctue": 0.00802139,
    "ctuh-c": 3.21783e-10,
    "ctuh-nc": 7.05685e-10,
    "gwp": 0.00378005,
    "ir": 0.000358731,
    "pm": 0.00000114419,
    "wu": 0.00201352
  },
  "2019-11": {
    "adpe": 1.27279e-7,
    "ap": 0.0000468151,
    "ctue": 0.00790004,
    "ctuh-c": 3.28387e-10,
    "ctuh-nc": 6.88529e-10,
    "gwp": 0.00371904,
    "ir": 0.000336731,
    "pm": 0.00000118969,
    "wu": 0.0020047
  },
  "2019-12": {
    "adpe": 1.23366e-7,
    "ap": 0.0000476321,
    "ctue": 0.00785724,
    "ctuh-c": 3.40737e-10,
    "ctuh-nc": 6.85131e-10,
    "gwp": 0.00369218,
    "ir": 0.000326679,
    "pm": 0.00000123404,
    "wu": 0.00203094
  },
  "2020-01": {
    "adpe": 1.2938e-7,
    "ap": 0.0000484411,
    "ctue": 0.00793778,
    "ctuh-c": 3.37811e-10,
    "ctuh-nc": 7.00511e-10,
    "gwp": 0.00376323,
    "ir": 0.0003387,
    "pm": 0.00000124791,
    "wu": 0.00206893
  },
  "2020-02": {
    "adpe": 1.41155e-7,
    "ap": 0.0000487527,
    "ctue": 0.00838761,
    "ctuh-c": 3.64519e-10,
    "ctuh-nc": 7.29256e-10,
    "gwp": 0.0038807,
    "ir": 0.000359372,
    "pm": 0.00000122974,
    "wu": 0.00212331
  },
  "2020-03": {
    "adpe": 1.66082e-7,
    "ap": 0.0000508022,
    "ctue": 0.00892068,
    "ctuh-c": 3.86603e-10,
    "ctuh-nc": 7.87332e-10,
    "gwp": 0.00411323,
    "ir": 0.000402828,
    "pm": 0.0000012476,
    "wu": 0.00226164
  },
  "2020-04": {
    "adpe": 1.83854e-7,
    "ap": 0.0000519131,
    "ctue": 0.0088601,
    "ctuh-c": 3.6674e-10,
    "ctuh-nc": 8.14856e-10,
    "gwp": 0.00420078,
    "ir": 0.000431929,
    "pm": 0.00000125512,
    "wu": 0.00232637
  },
  "2020-05": {
    "adpe": 1.86844e-7,
    "ap": 0.0000517715,
    "ctue": 0.00900713,
    "ctuh-c": 3.69837e-10,
    "ctuh-nc": 8.22824e-10,
    "gwp": 0.00424554,
    "ir": 0.000439277,
    "pm": 0.00000123847,
    "wu": 0.00233017
  },
  "2020-06": {
    "adpe": 1.73976e-7,
    "ap": 0.0000492234,
    "ctue": 0.00871828,
    "ctuh-c": 3.43156e-10,
    "ctuh-nc": 7.86039e-10,
    "gwp": 0.00411294,
    "ir": 0.000420473,
    "pm": 0.00000116814,
    "wu": 0.00219962
  },
  "2020-07": {
    "adpe": 1.67129e-7,
    "ap": 0.0000484405,
    "ctue": 0.00844937,
    "ctuh-c": 3.19267e-10,
    "ctuh-nc": 7.66886e-10,
    "gwp": 0.00404483,
    "ir": 0.000410601,
    "pm": 0.0000011529,
    "wu": 0.00214256
  },
  "2020-08": {
    "adpe": 1.64647e-7,
    "ap": 0.0000486372,
    "ctue": 0.0083276,
    "ctuh-c": 3.19639e-10,
    "ctuh-nc": 7.60241e-10,
    "gwp": 0.00400238,
    "ir": 0.000403575,
    "pm": 0.00000117121,
    "wu": 0.00214407
  },
  "2020-09": {
    "adpe": 1.62951e-7,
    "ap": 0.0000486721,
    "ctue": 0.00844575,
    "ctuh-c": 3.2382e-10,
    "ctuh-nc": 7.62658e-10,
    "gwp": 0.00403416,
    "ir": 0.000403615,
    "pm": 0.0000011698,
    "wu": 0.00214336
  },
  "2020-10": {
    "adpe": 1.5758e-7,
    "ap": 0.0000488987,
    "ctue": 0.00887935,
    "ctuh-c": 3.68312e-10,
    "ctuh-nc": 7.67949e-10,
    "gwp": 0.00407568,
    "ir": 0.000395101,
    "pm": 0.00000118354,
    "wu": 0.00216679
  },
  "2020-11": {
    "adpe": 1.44965e-7,
    "ap": 0.0000495247,
    "ctue": 0.00836881,
    "ctuh-c": 3.61396e-10,
    "ctuh-nc": 7.37919e-10,
    "gwp": 0.0039118,
    "ir": 0.000365446,
    "pm": 0.00000125145,
    "wu": 0.00215535
  },
  "2020-12": {
    "adpe": 1.35761e-7,
    "ap": 0.0000500742,
    "ctue": 0.00813294,
    "ctuh-c": 3.61544e-10,
    "ctuh-nc": 7.21246e-10,
    "gwp": 0.00383186,
    "ir": 0.000346359,
    "pm": 0.00000129872,
    "wu": 0.00215281
  },
  "2021-01": {
    "adpe": 1.46383e-7,
    "ap": 0.0000500589,
    "ctue": 0.00840844,
    "ctuh-c": 3.76461e-10,
    "ctuh-nc": 7.41679e-10,
    "gwp": 0.00390468,
    "ir": 0.000363849,
    "pm": 0.00000127467,
    "wu": 0.00218656
  },
  "2021-02": {
    "adpe": 1.56423e-7,
    "ap": 0.0000503299,
    "ctue": 0.00855691,
    "ctuh-c": 3.78363e-10,
    "ctuh-nc": 7.60265e-10,
    "gwp": 0.00397452,
    "ir": 0.000381248,
    "pm": 0.0000012622,
    "wu": 0.00221974
  },
  "2021-03": {
    "adpe": 1.83829e-7,
    "ap": 0.0000521191,
    "ctue": 0.00910966,
    "ctuh-c": 4.13402e-10,
    "ctuh-nc": 8.18078e-10,
    "gwp": 0.00417327,
    "ir": 0.000424006,
    "pm": 0.00000127344,
    "wu": 0.00236469
  },
  "2021-04": {
    "adpe": 1.93502e-7,
    "ap": 0.0000518733,
    "ctue": 0.00915641,
    "ctuh-c": 4.03769e-10,
    "ctuh-nc": 8.31019e-10,
    "gwp": 0.00421932,
    "ir": 0.000441282,
    "pm": 0.00000124281,
    "wu": 0.00237266
  },
  "2021-05": {
    "adpe": 2.07298e-7,
    "ap": 0.0000527423,
    "ctue": 0.00964704,
    "ctuh-c": 4.24551e-10,
    "ctuh-nc": 8.68075e-10,
    "gwp": 0.0043886,
    "ir": 0.000468305,
    "pm": 0.00000123584,
    "wu": 0.00244544
  },
  "2021-06": {
    "adpe": 1.96431e-7,
    "ap": 0.0000507812,
    "ctue": 0.00885458,
    "ctuh-c": 3.58369e-10,
    "ctuh-nc": 8.23368e-10,
    "gwp": 0.00419801,
    "ir": 0.000450322,
    "pm": 0.00000119276,
    "wu": 0.00231381
  },
  "2021-07": {
    "adpe": 1.88577e-7,
    "ap": 0.0000506857,
    "ctue": 0.00872166,
    "ctuh-c": 3.51056e-10,
    "ctuh-nc": 8.09865e-10,
    "gwp": 0.00415682,
    "ir": 0.000438249,
    "pm": 0.00000120442,
    "wu": 0.00228758
  },
  "2021-08": {
    "adpe": 1.87437e-7,
    "ap": 0.0000504581,
    "ctue": 0.00867991,
    "ctuh-c": 3.50157e-10,
    "ctuh-nc": 8.05675e-10,
    "gwp": 0.00413503,
    "ir": 0.000435585,
    "pm": 0.00000119996,
    "wu": 0.00227711
  },
  "2021-09": {
    "adpe": 1.82092e-7,
    "ap": 0.0000504014,
    "ctue": 0.00876872,
    "ctuh-c": 3.53644e-10,
    "ctuh-nc": 8.02387e-10,
    "gwp": 0.00415079,
    "ir": 0.00043007,
    "pm": 0.00000120179,
    "wu": 0.00226439
  },
  "2021-10": {
    "adpe": 1.8075e-7,
    "ap": 0.0000505626,
    "ctue": 0.00922379,
    "ctuh-c": 4.0779e-10,
    "ctuh-nc": 8.10969e-10,