year,adpe,ap,ctue,ctuh-c,ctuh-nc,gwp,ir,pm,wu
2019,5.08967282721639e-7,0.0012932849138189025,0.22211920993887063,0.000016872103871784855,0.000008613570903926701,0.5287243863335979,0.007392960364443894,0.000043033540848524684,0.06467394457500465
2020,5.237716485328169e-7,0.0012847840383698114,0.21963129105825316,0.000016776328340620094,0.000008564252964380327,0.521970860565638,0.007332774759306595,0.00004299756739358337,0.06380180999098982
2021,5.430775946851217e-7,0.0012826532936796443,0.22176082067436184,0.00001640277686636953,0.000008375072881241805,0.5245433954089899,0.007351903027823473,0.00004211438758919714,0.06443455092304458
2022,5.689303573904724e-7,0.001278182324290504,0.22069175736033064,0.00001637472303047323,0.000008360524161551072,0.5205114555185281,0.0073029175051821035,0.000042078135584825566,0.06372292555298821
2023,6.006607565201579e-7,0.0012644114917514959,0.21976696211524666,0.00001624963983504445,0.00000829687409878949,0.5170855036654466,0.007309142989190943,0.000041360499100082135,0.0636043926587365
2024,5.730278919043911e-7,0.0012667446093852584,0.22456072956099,0.00001581268094882961,0.000008076235704647185,0.5260005370663079,0.007333146367027332,0.0000401450703005859,0.06523154209185475
