year,adpe,ap,ctue,ctuh-c,ctuh-nc,gwp,ir,pm,wu
2019,0.000001625931177917928,0.0003054144613956394,0.044155236178322774,1.8963559831631644e-9,5.121581512344681e-9,0.02306224112637073,0.003099878285649589,0.000006977782457273577,0.014854426332807077
2020,0.0000016709338462762652,0.00030292511547111824,0.04464253049202096,1.9271311239673094e-9,5.171478381364941e-9,0.023126761148423686,0.0031620449663178687,0.0000068132510514252995,0.014900131215014135
2021,0.0000017126512677458462,0.00030771200004029125,0.04556307002461261,2.0303109408606945e-9,5.266327430702775e-9,0.023391060014475846,0.0032142704256031738,0.000006927524134735664,0.015222772156392885
2022,0.0000017646305529176097,0.0003061244032811668,0.04623792313630602,2.0829887665452e-9,5.333252279099754e-9,0.023502948935162072,0.0032847171264903585,0.000006786261854013065,0.015328814712669362
2023,0.0000018395807492946837,0.00030355635051485425,0.047282891968046574,2.1690964158190392e-9,5.4292402134554466e-9,0.02365418549123714,0.0033848830004271483,0.000006573875075380918,0.015479457859527632
