{
  "2019-01": {
    "adpe": 4.91835e-7,
    "ap": 0.00132527,
    "ctue": 0.227546,
    "ctuh-c": 0.0000171923,
    "ctuh-nc": 0.00000877762,
    "gwp": 0.54078,
    "ir": 0.00749486,
    "pm": 0.0000439205,
    "wu": 0.066554
  },
  "2019-02": {
    "adpe": 5.00496e-7,
    "ap": 0.00133872,
    "ctue": 0.22815,
    "ctuh-c": 0.0000175439,
    "ctuh-nc": 0.00000895632,
    "gwp": 0.542528,
    "ir": 0.00747037,
    "pm": 0.0000448479,
    "wu": 0.0660597
  },
  "2019-03": {
    "adpe": 5.20253e-7,
    "ap": 0.00131366,
    "ctue": 0.224273,
    "ctuh-c": 0.000017565,
    "ctuh-nc": 0.00000896628,
    "gwp": 0.531963,
    "ir": 0.00742208,
    "pm": 0.0000442592,
    "wu": 0.0653067
  },
  "2019-04": {
    "adpe": 5.28002e-7,
    "ap": 0.00131709,
    "ctue": 0.222245,
    "ctuh-c": 0.0000178806,
    "ctuh-nc": 0.00000912601,
    "gwp": 0.528029,
    "ir": 0.00737978,
    "pm": 0.000045148,
    "wu": 0.0643127
  },
  "2019-05": {
    "adpe": 5.28826e-7,
    "ap": 0.00130071,
    "ctue": 0.220404,
    "ctuh-c": 0.0000176355,
    "ctuh-nc": 0.00000900109,
    "gwp": 0.523514,
    "ir": 0.0073361,
    "pm": 0.0000444101,
    "wu": 0.0637986
  },
  "2019-06": {
    "adpe": 5.2658e-7,
    "ap": 0.00130186,
    "ctue": 0.221869,
    "ctuh-c": 0.0000172285,
    "ctuh-nc": 0.00000879454,
    "gwp": 0.528142,
    "ir": 0.00738524,
    "pm": 0.0000438424,
    "wu": 0.0642432
  },
  "2019-07": {
    "adpe": 5.18865e-7,
    "ap": 0.00129272,
    "ctue": 0.224057,
    "ctuh-c": 0.000016652,
    "ctuh-nc": 0.00000850231,
    "gwp": 0.533283,
    "ir": 0.00743013,
    "pm": 0.0000423765,
    "wu": 0.0651686
  },
  "2019-08": {
    "adpe": 5.20507e-7,
    "ap": 0.00129689,
    "ctue": 0.224574,
    "ctuh-c": 0.0000167805,
    "ctuh-nc": 0.00000856775,
    "gwp": 0.534703,
    "ir": 0.00744852,
    "pm": 0.0000425907,
    "wu": 0.0653573
  },
  "2019-09": {
    "adpe": 5.17508e-7,
    "ap": 0.00130658,
    "ctue": 0.223154,
    "ctuh-c": 0.0000172417,
    "ctuh-nc": 0.00000880149,
    "gwp": 0.532372,
    "ir": 0.00743213,
    "pm": 0.0000438746,
    "wu": 0.0647229
  },
  "2019-10": {
    "adpe": 5.09599e-7,
    "ap": 0.00130326,
    "ctue": 0.222014,
    "ctuh-c": 0.0000170436,
    "ctuh-nc": 0.00000870041,
    "gwp": 0.529649,
    "ir": 0.00741648,
    "pm": 0.0000438174,
    "wu": 0.0645022
  },
  "2019-11": {
    "adpe": 4.99234e-7,
    "ap": 0.00131869,
    "ctue": 0.225925,
    "ctuh-c": 0.0000167873,
    "ctuh-nc": 0.00000857117,
    "gwp": 0.536699,
    "ir": 0.0074324,
    "pm": 0.0000436495,
    "wu": 0.0655554
  },
  "2019-12": {
    "adpe": 4.96952e-7,
    "ap": 0.00131978,
    "ctue": 0.228939,
    "ctuh-c": 0.0000164279,
    "ctuh-nc": 0.00000838947,
    "gwp": 0.542089,
    "ir": 0.00747365,
    "pm": 0.0000427589,
    "wu": 0.0667088
  },
  "2020-01": {
    "adpe": 5.02886e-7,
    "ap": 0.00131784,
    "ctue": 0.223186,
    "ctuh-c": 0.000017185,
    "ctuh-nc": 0.00000877251,
    "gwp": 0.531432,
    "ir": 0.00746122,
    "pm": 0.000044489,
    "wu": 0.0653065
  },
  "2020-02": {
    "adpe": 5.13026e-7,
    "ap": 0.00131908,
    "ctue": 0.222691,
    "ctuh-c": 0.0000173733,
    "ctuh-nc": 0.00000886808,
    "gwp": 0.529269,
    "ir": 0.007384,
    "pm": 0.0000448382,
    "wu": 0.0644682
  },
  "2020-03": {
    "adpe": 5.35365e-7,
    "ap": 0.00129901,
    "ctue": 0.218732,
    "ctuh-c": 0.0000176245,
    "ctuh-nc": 0.00000899496,
    "gwp": 0.51911,
    "ir": 0.00734776,
    "pm": 0.0000446812,
    "wu": 0.0637229
  },
  "2020-04": {
    "adpe": 5.56412e-7,
    "ap": 0.00131734,
    "ctue": 0.219414,
    "ctuh-c": 0.0000181835,
    "ctuh-nc": 0.00000927917,
    "gwp": 0.521007,
    "ir": 0.00735728,
    "pm": 0.000045947,
    "wu": 0.0635141
  },
  "2020-05": {
    "adpe": 5.56316e-7,
    "ap": 0.00130664,
    "ctue": 0.219867,
    "ctuh-c": 0.0000176682,
    "ctuh-nc": 0.00000901755,
    "gwp": 0.520714,
    "ir": 0.00732674,
    "pm": 0.000044831,
    "wu": 0.0635679
  },
  "2020-06": {
    "adpe": 5.40235e-7,
    "ap": 0.00129538,
    "ctue": 0.220345,
    "ctuh-c": 0.0000170216,
    "ctuh-nc": 0.00000868904,
    "gwp": 0.523001,
    "ir": 0.00732128,
    "pm": 0.0000436267,
    "wu": 0.0635629
  },
  "2020-07": {
    "adpe": 5.31035e-7,
    "ap": 0.00127836,
    "ctue": 0.220861,
    "ctuh-c": 0.0000163384,
    "ctuh-nc": 0.00000834211,
    "gwp": 0.525109,
    "ir": 0.00734571,
    "pm": 0.0000419963,
    "wu": 0.0639747
  },
  "2020-08": {
    "adpe": 5.31104e-7,
    "ap": 0.00128831,
    "ctue": 0.224151,
    "ctuh-c": 0.0000162009,
    "ctuh-nc": 0.00000827311,
    "gwp": 0.532016,
    "ir": 0.00737382,
    "pm": 0.0000417342,
    "wu": 0.0647557
  },
  "2020-09": {
    "adpe": 5.29017e-7,
    "ap": 0.00129665,
    "ctue": 0.220928,
    "ctuh-c": 0.0000168661,
    "ctuh-nc": 0.00000861012,
    "gwp": 0.525369,
    "ir": 0.00733342,
    "pm": 0.0000434537,
    "wu": 0.0637215
  },
  "2020-10": {
    "adpe": 5.21898e-7,
    "ap": 0.00128742,
    "ctue": 0.218507,
    "ctuh-c": 0.000017087,
    "ctuh-nc": 0.00000872176,
    "gwp": 0.518721,
    "ir": 0.00728102,
    "pm": 0.0000436796,
    "wu": 0.0631952
  },
  "2020-11": {
    "adpe": 5.17923e-7,
    "ap": 0.00131997,
    "ctue": 0.226035,
    "ctuh-c": 0.0000170761,
    "ctuh-nc": 0.00000871813,
    "gwp": 0.535135,
    "ir": 0.00739352,
    "pm": 0.0000438693,
    "wu": 0.0653583
  },
  "2020-12": {
    "adpe": 5.11013e-7,
    "ap": 0.00132303,
    "ctue": 0.230919,
    "ctuh-c": 0.0000164099,
    "ctuh-nc": 0.000008381,
    "gwp": 0.544598,
    "ir": 0.00745727,
    "pm": 0.0000424367,
    "wu": 0.067076
  },
  "2021-01": {
    "adpe": 5.1926e-7,
    "ap": 0.0013163,
    "ctue": 0.22662,
    "ctuh-c": 0.0000167878,
    "ctuh-nc": 0.00000857183,
    "gwp": 0.535915,
    "ir": 0.00743785,
    "pm": 0.0000432974,
    "wu": 0.0660105
  },
  "2021-02": {
    "adpe": 5.29086e-7,
    "ap": 0.00132588,
    "ctue": 0.228168,
    "ctuh-c": 0.0000167165,
    "ctuh-nc": 0.00000853592,
    "gwp": 0.538714,
    "ir": 0.0073976,
    "pm": 0.0000434531,
    "wu": 0.0657132
  },
  "2021-03": {
    "adpe": 5.55611e-7,
    "ap": 0.00130492,
    "ctue": 0.225458,
    "ctuh-c": 0.00001687,
    "ctuh-nc": 0.00000861351,
    "gwp": 0.531122,
    "ir": 0.00739828,
    "pm": 0.0000429155,
    "wu": 0.0654849
  },
  "2021-04": {
    "adpe": 5.65448e-7,
    "ap": 0.00130784,
    "ctue": 0.223475,
    "ctuh-c": 0.0000173261,
    "ctuh-nc": 0.00000884467,
    "gwp": 0.527945,
    "ir": 0.00737082,
    "pm": 0.0000438686,
    "wu": 0.0645393
  },
  "2021-05": {
    "adpe": 5.73271e-7,
    "ap": 0.00128965,
    "ctue": 0.220043,
    "ctuh-c": 0.0000170327,
    "ctuh-nc": 0.00000869477,
    "gwp": 0.518656,
    "ir": 0.00730233,
    "pm": 0.0000433503,
    "wu": 0.0636296
  },
  "2021-06": {
    "adpe": 5.64016e-7,
    "ap": 0.00129292,
    "ctue": 0.223089,
    "ctuh-c": 0.000016452,
    "ctuh-nc": 0.00000840042,
    "gwp": 0.527856,
    "ir": 0.00738843,
    "pm": 0.0000423934,
    "wu": 0.0646022
  },
  "2021-07": {
    "adpe": 5.55343e-7,
    "ap": 0.00128429,
    "ctue": 0.224899,
    "ctuh-c": 0.0000158967,
    "ctuh-nc": 0.00000811883,
    "gwp": 0.531406,
    "ir": 0.00739998,
    "pm": 0.0000410523,
    "wu": 0.065288
  },
  "2021-08": {
    "adpe": 5.55053e-7,
    "ap": 0.00128872,
    "ctue": 0.225242,
    "ctuh-c": 0.0000160092,
    "ctuh-nc": 0.00000817606,
    "gwp": 0.532403,
    "ir": 0.00740688,
    "pm": 0.0000413283,
    "wu": 0.065325
  },
  "2021-09": {
    "adpe": 5.50043e-7,
    "ap": 0.00129607,
    "ctue": 0.222011,
    "ctuh-c": 0.0000167639,
    "ctuh-nc": 0.00000855859,
    "gwp": 0.525718,
    "ir": 0.00736663,
    "pm": 0.000043059,
    "wu": 0.0643634
  },
  "2021-10": {
    "adpe": 5.47138e-7,
    "ap": 0.00129277,
    "ctue": 0.220095,
    "ctuh-c": 0.0000169802,
    "ctuh-nc": 0.00000866791,
    "gwp": 0.520843,
    "ir": 0.00733751,
    "pm": 0.0000435482,
    "wu": 0.0638567
  },
  "2021-11": {
    "adpe": 5.35636e-7,
    "ap": 0.00130754,
    "ctue": 0.223281,