year,adpe,ap,ctue,ctuh-c,ctuh-nc,gwp,ir,pm,wu
2019,0.0000016367104604543658,0.0003017225026611464,0.04430693420924663,1.9046583491642347e-9,5.1162467685823e-9,0.02298626705501874,0.003113221715777074,0.000006826020544544061,0.014765438433040812
2020,0.0000016814816094612128,0.00030251946781291076,0.044755243974880586,1.9344744250855222e-9,5.184154720579861e-9,0.023146824675010138,0.0031766581977364446,0.000006781213721184626,0.014916711445454324
2021,0.0000017226607686582916,0.00030392011394928843,0.0457134161291028,2.0387520840677094e-9,5.259454021698013e-9,0.02331007542628757,0.003226435376421449,0.0000067734222094801955,0.015128811253042326
2022,0.0000017779694352880418,0.0003029341465810738,0.04638353890817226,2.0891511944513725e-9,5.333911277817561e-9,0.02344984961571683,0.0033023456568767174,0.000006648046666104175,0.015260726269352657
2023,0.0000018478912338197403,0.0003023447840109126,0.04722069010080203,2.152365661927734e-9,5.431657000489081e-9,0.023645819476521498,0.0033986624786376037,0.000006513384456169963,0.015448508028918746
2024,0.0000017919968373649232,0.00030139656813653825,0.04765436919070535,2.2543691323231086e-9,5.363354974904252e-9,0.023437011391475096,0.0033032114132178756,0.000006588007705127074,0.015354103928271039
