{
  "2019-01": {
    "adpe": 4.89109e-7,
    "ap": 0.00129235,
    "ctue": 0.224266,
    "ctuh-c": 0.0000170776,
    "ctuh-nc": 0.00000871881,
    "gwp": 0.534373,
    "ir": 0.00746488,
    "pm": 0.0000426232,
    "wu": 0.0660184
  },
  "2019-02": {
    "adpe": 4.9738e-7,
    "ap": 0.00130412,
    "ctue": 0.224697,
    "ctuh-c": 0.0000174141,
    "ctuh-nc": 0.00000888979,
    "gwp": 0.535772,
    "ir": 0.00743913,
    "pm": 0.0000434794,
    "wu": 0.0655018
  },
  "2019-03": {
    "adpe": 5.16843e-7,
    "ap": 0.00127996,
    "ctue": 0.220933,
    "ctuh-c": 0.0000174374,
    "ctuh-nc": 0.00000890087,
    "gwp": 0.525449,
    "ir": 0.00739118,
    "pm": 0.0000429197,
    "wu": 0.0647659
  },
  "2019-04": {
    "adpe": 5.24256e-7,
    "ap": 0.00128224,
    "ctue": 0.218845,
    "ctuh-c": 0.0000177385,
    "ctuh-nc": 0.00000905326,
    "gwp": 0.521421,
    "ir": 0.00734972,
    "pm": 0.0000437441,
    "wu": 0.0637809
  },
  "2019-05": {
    "adpe": 5.25234e-7,
    "ap": 0.00126684,
    "ctue": 0.217107,
    "ctuh-c": 0.0000175016,
    "ctuh-nc": 0.00000893251,
    "gwp": 0.517135,
    "ir": 0.00730803,
    "pm": 0.0000430464,
    "wu": 0.0632896
  },
  "2019-06": {
    "adpe": 5.23015e-7,
    "ap": 0.00126845,
    "ctue": 0.218595,
    "ctuh-c": 0.0000171042,
    "ctuh-nc": 0.00000873089,
    "gwp": 0.521776,
    "ir": 0.00735652,
    "pm": 0.0000425086,
    "wu": 0.0637335
  },
  "2019-07": {
    "adpe": 5.15603e-7,
    "ap": 0.00126109,
    "ctue": 0.220909,
    "ctuh-c": 0.0000165461,
    "ctuh-nc": 0.00000844799,
    "gwp": 0.527137,
    "ir": 0.00740211,
    "pm": 0.0000411326,
    "wu": 0.0646725
  },
  "2019-08": {
    "adpe": 5.17184e-7,
    "ap": 0.00126515,
    "ctue": 0.221409,
    "ctuh-c": 0.0000166716,
    "ctuh-nc": 0.00000851187,
    "gwp": 0.528516,
    "ir": 0.00741995,
    "pm": 0.0000413418,
    "wu": 0.0648557
  },
  "2019-09": {
    "adpe": 5.13997e-7,
    "ap": 0.00127321,
    "ctue": 0.219856,
    "ctuh-c": 0.0000171145,
    "ctuh-nc": 0.00000873632,
    "gwp": 0.525905,
    "ir": 0.00740191,
    "pm": 0.0000425453,
    "wu": 0.0642013
  },
  "2019-10": {
    "adpe": 5.06097e-7,
    "ap": 0.00126987,
    "ctue": 0.218703,
    "ctuh-c": 0.000016919,
    "ctuh-nc": 0.00000863659,
    "gwp": 0.523166,
    "ir": 0.0073852,
    "pm": 0.0000424918,
    "wu": 0.063967
  },
  "2019-11": {
    "adpe": 4.96131e-7,
    "ap": 0.00128532,
    "ctue": 0.222596,
    "ctuh-c": 0.0000166736,
    "ctuh-nc": 0.00000851287,
    "gwp": 0.530211,
    "ir": 0.00740228,
    "pm": 0.0000423365,
    "wu": 0.0650189
  },
  "2019-12": {
    "adpe": 4.94147e-7,
    "ap": 0.00128777,
    "ctue": 0.225713,
    "ctuh-c": 0.0000163291,
    "ctuh-nc": 0.00000833875,
    "gwp": 0.535819,
    "ir": 0.00744459,
    "pm": 0.0000415143,
    "wu": 0.0661808
  },
  "2020-01": {
    "adpe": 4.9963e-7,
    "ap": 0.00128446,
    "ctue": 0.21992,
    "ctuh-c": 0.0000170681,
    "ctuh-nc": 0.00000871263,
    "gwp": 0.525088,
    "ir": 0.00743136,
    "pm": 0.0000431599,
    "wu": 0.0647825
  },
  "2020-02": {
    "adpe": 5.0944e-7,
    "ap": 0.00128472,
    "ctue": 0.219327,
    "ctuh-c": 0.0000172479,
    "ctuh-nc": 0.00000880377,
    "gwp": 0.522736,
    "ir": 0.00735384,
    "pm": 0.0000434661,
    "wu": 0.0639369
  },
  "2020-03": {
    "adpe": 5.31349e-7,
    "ap": 0.00126522,
    "ctue": 0.21544,
    "ctuh-c": 0.0000174935,
    "ctuh-nc": 0.00000892786,
    "gwp": 0.512738,
    "ir": 0.00731766,
    "pm": 0.0000433235,
    "wu": 0.0632004
  },
  "2020-04": {
    "adpe": 5.5162e-7,
    "ap": 0.00128174,
    "ctue": 0.215977,
    "ctuh-c": 0.0000180285,
    "ctuh-nc": 0.00000919982,
    "gwp": 0.514379,
    "ir": 0.00732612,
    "pm": 0.0000444995,
    "wu": 0.0629739
  },
  "2020-05": {
    "adpe": 5.51729e-7,
    "ap": 0.00127229,
    "ctue": 0.216517,
    "ctuh-c": 0.0000175278,
    "ctuh-nc": 0.00000894567,
    "gwp": 0.514278,
    "ir": 0.00729726,
    "pm": 0.0000434486,
    "wu": 0.0630412
  },
  "2020-06": {
    "adpe": 5.36154e-7,
    "ap": 0.00126235,
    "ctue": 0.217106,
    "ctuh-c": 0.0000168997,
    "ctuh-nc": 0.00000862655,
    "gwp": 0.516764,
    "ir": 0.00729338,
    "pm": 0.0000423105,
    "wu": 0.0630586
  },
  "2020-07": {
    "adpe": 5.27287e-7,
    "ap": 0.00124701,
    "ctue": 0.217749,
    "ctuh-c": 0.0000162349,
    "ctuh-nc": 0.00000828903,
    "gwp": 0.519067,
    "ir": 0.0073182,
    "pm": 0.000040764,
    "wu": 0.0634874
  },
  "2020-08": {
    "adpe": 5.27354e-7,
    "ap": 0.00125706,
    "ctue": 0.221012,
    "ctuh-c": 0.0000160979,
    "ctuh-nc": 0.00000822022,
    "gwp": 0.525908,
    "ir": 0.0073459,
    "pm": 0.0000405143,
    "wu": 0.064258
  },
  "2020-09": {
    "adpe": 5.25056e-7,
    "ap": 0.00126373,
    "ctue": 0.217671,
    "ctuh-c": 0.000016744,
    "ctuh-nc": 0.00000854754,
    "gwp": 0.519034,
    "ir": 0.00730438,
    "pm": 0.0000421478,
    "wu": 0.0632094
  },
  "2020-10": {
    "adpe": 5.18214e-7,
    "ap": 0.0012545,
    "ctue": 0.215265,
    "ctuh-c": 0.0000169623,
    "ctuh-nc": 0.00000865791,
    "gwp": 0.512455,
    "ir": 0.00725225,
    "pm": 0.0000423664,
    "wu": 0.06268
  },
  "2020-11": {
    "adpe": 5.14338e-7,
    "ap": 0.00128641,
    "ctue": 0.222684,
    "ctuh-c": 0.0000169553,
    "ctuh-nc": 0.00000865621,
    "gwp": 0.528647,
    "ir": 0.00736368,
    "pm": 0.0000425466,
    "wu": 0.0648173
  },
  "2020-12": {
    "adpe": 5.07938e-7,
    "ap": 0.00129121,
    "ctue": 0.227681,
    "ctuh-c": 0.0000163115,
    "ctuh-nc": 0.00000833045,
    "gwp": 0.538335,
    "ir": 0.00742861,
    "pm": 0.0000412087,
    "wu": 0.0665422
  },
  "2021-01": {
    "adpe": 5.15912e-7,
    "ap": 0.00128421,
    "ctue": 0.223398,
    "ctuh-c": 0.0000166781,
    "ctuh-nc": 0.00000851553,
    "gwp": 0.529702,
    "ir": 0.00740838,
    "pm": 0.0000420407,
    "wu": 0.0654746
  },
  "2021-02": {
    "adpe": 5.25248e-7,
    "ap": 0.00129226,
    "ctue": 0.224776,
    "ctuh-c": 0.0000165996,
    "ctuh-nc": 0.00000847593,
    "gwp": 0.532155,
    "ir": 0.00736673,
    "pm": 0.0000421395,
    "wu": 0.0651549
  },
  "2021-03": {
    "adpe": 5.51416e-7,
    "ap": 0.00127244,
    "ctue": 0.2222,
    "ctuh-c": 0.0000167554,
    "ctuh-nc": 0.00000855473,
    "gwp": 0.524859,
    "ir": 0.00736803,
    "pm": 0.0000416414,
    "wu": 0.0649456
  },
  "2021-04": {
    "adpe": 5.60787e-7,
    "ap": 0.00127441,
    "ctue": 0.220172,
    "ctuh-c": 0.000017194,
    "ctuh-nc": 0.00000877696,
    "gwp": 0.521617,
    "ir": 0.00734077,
    "pm": 0.0000425359,
    "wu": 0.0640042
  },
  "2021-05": {
    "adpe": 5.68528e-7,
    "ap": 0.00125743,
    "ctue": 0.216876,
    "ctuh-c": 0.0000169085,
    "ctuh-nc": 0.00000863112,
    "gwp": 0.512654,
    "ir": 0.00727466,
    "pm": 0.0000420647,
    "wu": 0.063123
  },
  "2021-06": {
    "adpe": 5.59513e-7,
    "ap": 0.00126168,
    "ctue": 0.219985,
    "ctuh-c": 0.0000163436,
    "ctuh-nc": 0.0000083448,
    "gwp": 0.521937,
    "ir": 0.00736086,
    "pm": 0.000041164,
    "wu": 0.0641025
  },
  "2021-07": {
    "adpe": 5.51129e-7,
    "ap": 0.00125395,
    "ctue": 0.221838,
    "ctuh-c": 0.0000158014,
    "ctuh-nc": 0.0000080699,
    "gwp": 0.525485,
    "ir": 0.00737221,
    "pm": 0.0000398755,
    "wu": 0.064797
  },
  "2021-08": {
    "adpe": 5.50838e-7,
    "ap": 0.00125828,
    "ctue": 0.222156,
    "ctuh-c": 0.0000159091,
    "ctuh-nc": 0.0000081247,
    "gwp": 0.52642,
    "ir": 0.00737859,
    "pm": 0.0000401475,
    "wu": 0.0648265
  },
  "2021-09": {
    "adpe": 5.45571e-7,
    "ap": 0.0012638,
    "ctue": 0.218804,
    "ctuh-c": 0.000016641,
    "ctuh-nc": 0.00000849562,
    "gwp": 0.519523,
    "ir": 0.00733757,
    "pm": 0.0000417807,
    "wu": 0.0638509
  },
  "2021-10": {
    "adpe": 5.42803e-7,
    "ap": 0.00126045,
    "ctue": 0.216912,
    "ctuh-c": 0.0000168564,
    "ctuh-nc": 0.00000860446,
    "gwp": 0.514742,
    "ir": 0.00730742,
    "pm": 0.0000422596,
    "wu": 0.0633315
  },
  "2021-11": {
    "adpe": 5.31714e-7,
    "ap": 0.00127543,
    "ctue": 0.220103,