{
  "2019-01": {
    "adpe": 4.96302e-7,
    "ap": 0.0013416,
    "ctue": 0.226355,
    "ctuh-c": 0.0000178978,
    "ctuh-nc": 0.00000913574,
    "gwp": 0.537477,
    "ir": 0.00748429,
    "pm": 0.0000456483,
    "wu": 0.0662392
  },
  "2019-02": {
    "adpe": 5.05501e-7,
    "ap": 0.00135661,
    "ctue": 0.226936,
    "ctuh-c": 0.0000183038,
    "ctuh-nc": 0.00000934203,
    "gwp": 0.539158,
    "ir": 0.00745827,
    "pm": 0.0000467122,
    "wu": 0.0657101
  },
  "2019-03": {
    "adpe": 5.25772e-7,
    "ap": 0.00132963,
    "ctue": 0.222922,
    "ctuh-c": 0.0000182972,
    "ctuh-nc": 0.00000933791,
    "gwp": 0.528222,
    "ir": 0.00740773,
    "pm": 0.0000460223,
    "wu": 0.0649332
  },
  "2019-04": {
    "adpe": 5.3404e-7,
    "ap": 0.00133359,
    "ctue": 0.220739,
    "ctuh-c": 0.00001865,
    "ctuh-nc": 0.00000951652,
    "gwp": 0.523966,
    "ir": 0.00736349,
    "pm": 0.0000470033,
    "wu": 0.0638826
  },
  "2019-05": {
    "adpe": 5.34693e-7,
    "ap": 0.00131638,
    "ctue": 0.218904,
    "ctuh-c": 0.0000183765,
    "ctuh-nc": 0.0000093772,
    "gwp": 0.519431,
    "ir": 0.00731799,
    "pm": 0.0000461942,
    "wu": 0.0633652
  },
  "2019-06": {
    "adpe": 5.32286e-7,
    "ap": 0.00131751,
    "ctue": 0.220425,
    "ctuh-c": 0.0000179513,
    "ctuh-nc": 0.00000916143,
    "gwp": 0.524247,
    "ir": 0.00736918,
    "pm": 0.0000455998,
    "wu": 0.0638269
  },
  "2019-07": {
    "adpe": 5.23884e-7,
    "ap": 0.00130737,
    "ctue": 0.222818,
    "ctuh-c": 0.0000173151,
    "ctuh-nc": 0.0000088389,
    "gwp": 0.529874,
    "ir": 0.00741675,
    "pm": 0.0000439859,
    "wu": 0.0648203
  },
  "2019-08": {
    "adpe": 5.25982e-7,
    "ap": 0.00131147,
    "ctue": 0.223263,
    "ctuh-c": 0.0000174514,
    "ctuh-nc": 0.00000890827,
    "gwp": 0.531189,
    "ir": 0.00743658,
    "pm": 0.0000442157,
    "wu": 0.0650004
  },
  "2019-09": {
    "adpe": 5.22974e-7,
    "ap": 0.0013223,
    "ctue": 0.221736,
    "ctuh-c": 0.0000179624,
    "ctuh-nc": 0.00000916728,
    "gwp": 0.528622,
    "ir": 0.00741861,
    "pm": 0.0000456297,
    "wu": 0.0643221
  },
  "2019-10": {
    "adpe": 5.14541e-7,
    "ap": 0.00131896,
    "ctue": 0.220508,
    "ctuh-c": 0.0000177637,
    "ctuh-nc": 0.00000906589,
    "gwp": 0.525692,
    "ir": 0.00740144,
    "pm": 0.0000455925,
    "wu": 0.06408
  },
  "2019-11": {
    "adpe": 5.03792e-7,
    "ap": 0.00133515,
    "ctue": 0.224619,
    "ctuh-c": 0.0000174942,
    "ctuh-nc": 0.00000893001,
    "gwp": 0.533091,
    "ir": 0.00741788,
    "pm": 0.000045414,
    "wu": 0.0651838
  },
  "2019-12": {
    "adpe": 5.01401e-7,
    "ap": 0.00133582,
    "ctue": 0.227803,
    "ctuh-c": 0.0000170966,
    "ctuh-nc": 0.00000872892,
    "gwp": 0.538817,
    "ir": 0.00746116,
    "pm": 0.0000444313,
    "wu": 0.0663957
  },
  "2020-01": {
    "adpe": 5.0795e-7,
    "ap": 0.00133474,
    "ctue": 0.221888,
    "ctuh-c": 0.0000179078,
    "ctuh-nc": 0.00000913942,
    "gwp": 0.527817,
    "ir": 0.00744855,
    "pm": 0.0000462874,
    "wu": 0.0649511
  },
  "2020-02": {
    "adpe": 5.18732e-7,
    "ap": 0.00133645,
    "ctue": 0.221319,
    "ctuh-c": 0.0000181264,
    "ctuh-nc": 0.0000092503,
    "gwp": 0.525448,
    "ir": 0.00736805,
    "pm": 0.0000467037,
    "wu": 0.0640642
  },
  "2020-03": {
    "adpe": 5.42083e-7,
    "ap": 0.00131516,
    "ctue": 0.217196,
    "ctuh-c": 0.00001838,
    "ctuh-nc": 0.00000937839,
    "gwp": 0.514841,
    "ir": 0.00732969,
    "pm": 0.0000465119,
    "wu": 0.0632888
  },
  "2020-04": {
    "adpe": 5.64375e-7,
    "ap": 0.00133498,
    "ctue": 0.217781,
    "ctuh-c": 0.0000190069,
    "ctuh-nc": 0.00000969705,
    "gwp": 0.516505,
    "ir": 0.0073382,
    "pm": 0.0000479328,
    "wu": 0.063037
  },
  "2020-05": {
    "adpe": 5.64036e-7,
    "ap": 0.0013233,
    "ctue": 0.218354,
    "ctuh-c": 0.000018438,
    "ctuh-nc": 0.00000940825,
    "gwp": 0.516444,
    "ir": 0.00730756,
    "pm": 0.0000466936,
    "wu": 0.0631208
  },
  "2020-06": {
    "adpe": 5.46816e-7,
    "ap": 0.00131114,
    "ctue": 0.218905,
    "ctuh-c": 0.0000177416,
    "ctuh-nc": 0.00000905449,
    "gwp": 0.518984,
    "ir": 0.00730247,
    "pm": 0.0000453867,
    "wu": 0.06313
  },
  "2020-07": {
    "adpe": 5.36907e-7,
    "ap": 0.00129257,
    "ctue": 0.219497,
    "ctuh-c": 0.0000169949,
    "ctuh-nc": 0.0000086753,
    "gwp": 0.521331,
    "ir": 0.00732835,
    "pm": 0.0000436021,
    "wu": 0.0635752
  },
  "2020-08": {
    "adpe": 5.36994e-7,
    "ap": 0.00130294,
    "ctue": 0.222967,
    "ctuh-c": 0.0000168468,
    "ctuh-nc": 0.00000860095,
    "gwp": 0.5286,
    "ir": 0.00735741,
    "pm": 0.0000433151,
    "wu": 0.0643973
  },
  "2020-09": {
    "adpe": 5.35021e-7,
    "ap": 0.00131241,
    "ctue": 0.219485,
    "ctuh-c": 0.0000175799,
    "ctuh-nc": 0.0000089724,
    "gwp": 0.521375,
    "ir": 0.00731401,
    "pm": 0.0000452093,
    "wu": 0.0632852
  },
  "2020-10": {
    "adpe": 5.27919e-7,
    "ap": 0.00130276,
    "ctue": 0.216982,
    "ctuh-c": 0.0000178046,
    "ctuh-nc": 0.00000908596,
    "gwp": 0.514487,
    "ir": 0.00726005,
    "pm": 0.0000454338,
    "wu": 0.0627427
  },
  "2020-11": {
    "adpe": 5.23928e-7,
    "ap": 0.00133691,
    "ctue": 0.224852,
    "ctuh-c": 0.0000177965,
    "ctuh-nc": 0.00000908382,
    "gwp": 0.531639,
    "ir": 0.00737765,
    "pm": 0.0000456414,
    "wu": 0.0650025
  },
  "2020-12": {
    "adpe": 5.16404e-7,
    "ap": 0.00133886,
    "ctue": 0.229911,
    "ctuh-c": 0.0000170645,
    "ctuh-nc": 0.00000871334,
    "gwp": 0.541526,
    "ir": 0.00744485,
    "pm": 0.0000440562,
    "wu": 0.0667899
  },
  "2021-01": {
    "adpe": 5.25175e-7,
    "ap": 0.00133212,
    "ctue": 0.225415,
    "ctuh-c": 0.0000174705,
    "ctuh-nc": 0.00000891836,
    "gwp": 0.532378,
    "ir": 0.00742318,
    "pm": 0.00004498,
    "wu": 0.0656723
  },
  "2021-02": {
    "adpe": 5.35582e-7,
    "ap": 0.00134271,
    "ctue": 0.226973,
    "ctuh-c": 0.0000174232,
    "ctuh-nc": 0.00000889461,
    "gwp": 0.535179,
    "ir": 0.00738164,
    "pm": 0.0000452105,
    "wu": 0.0653501
  },
  "2021-03": {
    "adpe": 5.62849e-7,
    "ap": 0.00132029,
    "ctue": 0.224246,
    "ctuh-c": 0.0000175539,
    "ctuh-nc": 0.00000896068,
    "gwp": 0.527493,
    "ir": 0.00738269,
    "pm": 0.0000445735,
    "wu": 0.0651379
  },
  "2021-04": {
    "adpe": 5.73228e-7,
    "ap": 0.00132365,
    "ctue": 0.222083,
    "ctuh-c": 0.000018053,
    "ctuh-nc": 0.00000921362,
    "gwp": 0.523957,
    "ir": 0.00735318,
    "pm": 0.0000456245,
    "wu": 0.0641273
  },
  "2021-05": {
    "adpe": 5.81358e-7,
    "ap": 0.00130449,
    "ctue": 0.218537,
    "ctuh-c": 0.0000177359,
    "ctuh-nc": 0.00000905167,
    "gwp": 0.514359,
    "ir": 0.00728246,
    "pm": 0.0000450575,
    "wu": 0.0631891
  },
  "2021-06": {
    "adpe": 5.71443e-7,
    "ap": 0.00130763,
    "ctue": 0.221699,
    "ctuh-c": 0.000017125,
    "ctuh-nc": 0.00000874198,
    "gwp": 0.523959,
    "ir": 0.00737253,
    "pm": 0.0000440447,
    "wu": 0.0642012
  },
  "2021-07": {
    "adpe": 5.62124e-7,
    "ap": 0.00129789,
    "ctue": 0.223639,
    "ctuh-c": 0.0000165171,
    "ctuh-nc": 0.00000843374,
    "gwp": 0.527793,
    "ir": 0.00738454,
    "pm": 0.0000425693,
    "wu": 0.0649318
  },
  "2021-08": {
    "adpe": 5.62087e-7,
    "ap": 0.00130299,
    "ctue": 0.224048,
    "ctuh-c": 0.0000166378,
    "ctuh-nc": 0.00000849509,
    "gwp": 0.528952,
    "ir": 0.00739322,
    "pm": 0.0000428756,
    "wu": 0.0649833
  },
  "2021-09": {
    "adpe": 5.56884e-7,
    "ap": 0.00131125,
    "ctue": 0.220632,
    "ctuh-c": 0.0000174514,
    "ctuh-nc": 0.00000890754,
    "gwp": 0.521809,
    "ir": 0.00734923,
    "pm": 0.0000447451,
    "wu": 0.0639625
  },
  "2021-10": {
    "adpe": 5.53472e-7,
    "ap": 0.00130798,
    "ctue": 0.218644,
    "ctuh-c": 0.0000176795,
    "ctuh-nc": 0.00000902282,
    "gwp": 0.516751,
    "ir": 0.00731848,
    "pm": 0.000045265,
    "wu": 0.0634353
  },
  "2021-11": {
    "adpe": 5.42356e-7,
    "ap": 0.00132306,
    "ctue": 0.221862,