year,adpe,ap,ctue,ctuh-c,ctuh-nc,gwp,ir,pm,wu
2019,5.13186e-7,0.00131113,0.224446,0.0000171574,0.00000875908,0.533684,0.00742721,0.0000437738,0.0651987
2020,5.28631e-7,0.0013039,0.2222,0.0000170686,0.00000871334,0.527263,0.0073657,0.0000437605,0.0643702
2021,5.48435e-7,0.001301,0.224116,0.0000166745,0.00000851369,0.529389,0.00738468,0.0000428446,0.0650005
2022,5.75459e-7,0.00129402,0.222755,0.0000166487,0.00000850029,0.524718,0.00733384,0.0000427116,0.0642683
2023,6.07712e-7,0.001273,0.221662,0.0000165515,0.00000845085,0.520775,0.00733914,0.0000416414,0.0641971
2024,6.4983e-7,0.00125385,0.219354,0.0000162529,0.00000829869,0.513345,0.00731692,0.0000407798,0.0636064
2025,6.26766e-7,0.00126064,0.223518,0.0000158391,0.00000808952,0.52078,0.00736187,0.0000399815,0.0652286
