year,adpe,ap,ctue,ctuh-c,ctuh-nc,gwp,ir,pm,wu
2019,0.0000016291876769054102,0.00030102745479642523,0.04421901287936126,1.8970097451467876e-9,5.101421320425644e-9,0.022943323253757367,0.0031026447014178673,0.0000068127722824421625,0.014720024538747526
2020,0.0000016739599713358612,0.0003017666363287145,0.04466515853962902,1.9264458691493524e-9,5.168962397859956e-9,0.02310221043456279,0.0031661008564162285,0.000006765817051322864,0.014869169577071996
2021,0.0000017147569821014437,0.0003033047837938665,0.045618953369927995,2.0305877020057718e-9,5.24450357405379e-9,0.02326831266545063,0.003215387347599308,0.00000676366982041446,0.015084745290988376
2022,0.0000017679901492828294,0.0003015113685013885,0.04629934837015362,2.082942737646536e-9,5.311879249569093e-9,0.023377735494655955,0.003287614079637614,0.0000066127755297548665,0.015186846591495225
2023,0.0000018384968681138327,0.0003010909233748494,0.046961827276795876,2.1214246985353007e-9,5.408486923084174e-9,0.02358232807743029,0.0033877775816436783,0.000006480206396664462,0.015364982927510661
