{
  "2019-01": {
    "adpe": 1.14228e-7,
    "ap": 0.0000474185,
    "ctue": 0.00751117,
    "ctuh-c": 3.09887e-10,
    "ctuh-nc": 6.64895e-10,
    "gwp": 0.00363059,
    "ir": 0.000314175,
    "pm": 0.00000124321,
    "wu": 0.0019824
  },
  "2019-02": {
    "adpe": 1.2155e-7,
    "ap": 0.0000465035,
    "ctue": 0.00753011,
    "ctuh-c": 3.01852e-10,
    "ctuh-nc": 6.6978e-10,
    "gwp": 0.00363737,
    "ir": 0.00032645,
    "pm": 0.00000119456,
    "wu": 0.00196438
  },
  "2019-03": {
    "adpe": 1.45227e-7,
    "ap": 0.0000482323,
    "ctue": 0.00825086,
    "ctuh-c": 3.47155e-10,
    "ctuh-nc": 7.28139e-10,
    "gwp": 0.0038645,
    "ir": 0.000365983,
    "pm": 0.00000120416,
    "wu": 0.00210467
  },
  "2019-04": {
    "adpe": 1.54327e-7,
    "ap": 0.0000477397,
    "ctue": 0.00834517,
    "ctuh-c": 3.36863e-10,
    "ctuh-nc": 7.41024e-10,
    "gwp": 0.00392123,
    "ir": 0.000384017,
    "pm": 0.00000116215,
    "wu": 0.00210249
  },
  "2019-05": {
    "adpe": 1.58736e-7,
    "ap": 0.000047642,
    "ctue": 0.00851937,
    "ctuh-c": 3.36443e-10,
    "ctuh-nc": 7.5257e-10,
    "gwp": 0.00398864,
    "ir": 0.0003953,
    "pm": 0.00000114139,
    "wu": 0.00210841
  },
  "2019-06": {
    "adpe": 1.56524e-7,
    "ap": 0.0000468081,
    "ctue": 0.00817117,
    "ctuh-c": 3.09426e-10,
    "ctuh-nc": 7.35593e-10,
    "gwp": 0.00390301,
    "ir": 0.000390101,
    "pm": 0.00000112107,
    "wu": 0.00205908
  },
  "2019-07": {
    "adpe": 1.48673e-7,
    "ap": 0.0000462886,
    "ctue": 0.00789032,
    "ctuh-c": 2.93472e-10,
    "ctuh-nc": 7.15014e-10,
    "gwp": 0.00381646,
    "ir": 0.000376049,
    "pm": 0.0000011219,
    "wu": 0.00201391
  },
  "2019-08": {
    "adpe": 1.48805e-7,
    "ap": 0.0000466329,
    "ctue": 0.00782406,
    "ctuh-c": 2.92e-10,
    "ctuh-nc": 7.14771e-10,
    "gwp": 0.00380735,
    "ir": 0.000374925,
    "pm": 0.00000113733,
    "wu": 0.00202478
  },
  "2019-09": {
    "adpe": 1.45451e-7,
    "ap": 0.0000461178,
    "ctue": 0.00791471,
    "ctuh-c": 3.0641e-10,
    "ctuh-nc": 7.09115e-10,
    "gwp": 0.00378119,
    "ir": 0.000368054,
    "pm": 0.0000011261,
    "wu": 0.00200976
  },
  "2019-10": {
    "adpe": 1.40071e-7,
    "ap": 0.0000465211,
    "ctue": 0.0080342,
    "ctuh-c": 3.22678e-10,
    "ctuh-nc": 7.07555e-10,
    "gwp": 0.00378868,
    "ir": 0.000359466,
    "pm": 0.00000114977,
    "wu": 0.0020208
  },
  "2019-11": {
    "adpe": 1.27622e-7,
    "ap": 0.0000469946,
    "ctue": 0.00791264,
    "ctuh-c": 3.2931e-10,
    "ctuh-nc": 6.90341e-10,
    "gwp": 0.00372748,
    "ir": 0.000337395,
    "pm": 0.00000119537,
    "wu": 0.00201192
  },
  "2019-12": {
    "adpe": 1.23686e-7,
    "ap": 0.0000478074,
    "ctue": 0.0078692,
    "ctuh-c": 3.41655e-10,
    "ctuh-nc": 6.86867e-10,
    "gwp": 0.00370024,
    "ir": 0.000327293,
    "pm": 0.00000123964,
    "wu": 0.00203797
  },
  "2020-01": {
    "adpe": 1.29883e-7,
    "ap": 0.0000486458,
    "ctue": 0.00795261,
    "ctuh-c": 3.38832e-10,
    "ctuh-nc": 7.02728e-10,
    "gwp": 0.00377325,
    "ir": 0.000339632,
    "pm": 0.00000125418,
    "wu": 0.0020774
  },
  "2020-02": {
    "adpe": 1.41705e-7,
    "ap": 0.0000489626,
    "ctue": 0.0084042,
    "ctuh-c": 3.65646e-10,
    "ctuh-nc": 7.31609e-10,
    "gwp": 0.0038913,
    "ir": 0.000360387,
    "pm": 0.00000123609,
    "wu": 0.00213213
  },
  "2020-03": {
    "adpe": 1.66705e-7,
    "ap": 0.0000510151,
    "ctue": 0.00893865,
    "ctuh-c": 3.87779e-10,
    "ctuh-nc": 7.89833e-10,
    "gwp": 0.00412439,
    "ir": 0.000403968,
    "pm": 0.00000125389,
    "wu": 0.00227075
  },
  "2020-04": {
    "adpe": 1.84564e-7,
    "ap": 0.0000521422,
    "ctue": 0.00887875,
    "ctuh-c": 3.67914e-10,
    "ctuh-nc": 8.1758e-10,
    "gwp": 0.00421282,
    "ir": 0.000433218,
    "pm": 0.00000126183,
    "wu": 0.00233621
  },
  "2020-05": {
    "adpe": 1.87539e-7,
    "ap": 0.000051994,
    "ctue": 0.00902566,
    "ctuh-c": 3.70992e-10,
    "ctuh-nc": 8.25489e-10,
    "gwp": 0.00425736,
    "ir": 0.000440543,
    "pm": 0.00000124496,
    "wu": 0.00233975
  },
  "2020-06": {
    "adpe": 1.74613e-7,
    "ap": 0.000049432,
    "ctue": 0.00873544,
    "ctuh-c": 3.44206e-10,
    "ctuh-nc": 7.88519e-10,
    "gwp": 0.00412401,
    "ir": 0.000421646,
    "pm": 0.00000117424,
    "wu": 0.00220854
  },
  "2020-07": {
    "adpe": 1.67718e-7,
    "ap": 0.0000486379,
    "ctue": 0.00846513,
    "ctuh-c": 3.20208e-10,
    "ctuh-nc": 7.69207e-10,
    "gwp": 0.00405526,
    "ir": 0.000411696,
    "pm": 0.00000115869,
    "wu": 0.00215094
  },
  "2020-08": {
    "adpe": 1.6523e-7,
    "ap": 0.0000488334,
    "ctue": 0.00834295,
    "ctuh-c": 3.2058e-10,
    "ctuh-nc": 7.62532e-10,
    "gwp": 0.00401262,
    "ir": 0.000404648,
    "pm": 0.00000117699,
    "wu": 0.0021524
  },
  "2020-09": {
    "adpe": 1.63559e-7,
    "ap": 0.0000488782,
    "ctue": 0.00846226,
    "ctuh-c": 3.24817e-10,
    "ctuh-nc": 7.65074e-10,
    "gwp": 0.00404502,
    "ir": 0.000404746,
    "pm": 0.00000117586,
    "wu": 0.0021521
  },
  "2020-10": {
    "adpe": 1.58173e-7,
    "ap": 0.0000491065,
    "ctue": 0.00889715,
    "ctuh-c": 3.69445e-10,
    "ctuh-nc": 7.70386e-10,
    "gwp": 0.00408669,
    "ir": 0.000396206,
    "pm": 0.00000118967,
    "wu": 0.00217563
  },
  "2020-11": {
    "adpe": 1.4552e-7,
    "ap": 0.0000497336,
    "ctue": 0.0083849,
    "ctuh-c": 3.62501e-10,
    "ctuh-nc": 7.40256e-10,
    "gwp": 0.00392225,
    "ir": 0.000366459,
    "pm": 0.00000125777,
    "wu": 0.00216413
  },
  "2020-12": {
    "adpe": 1.36264e-7,
    "ap": 0.0000502737,
    "ctue": 0.00814772,
    "ctuh-c": 3.62605e-10,
    "ctuh-nc": 7.23423e-10,
    "gwp": 0.00384158,
    "ir": 0.000347271,
    "pm": 0.00000130484,
    "wu": 0.00216115
  },
  "2021-01": {
    "adpe": 1.46951e-7,
    "ap": 0.0000502612,
    "ctue": 0.00842444,
    "ctuh-c": 3.77591e-10,
    "ctuh-nc": 7.43983e-10,
    "gwp": 0.00391482,
    "ir": 0.000364863,
    "pm": 0.00000128075,
    "wu": 0.00219518
  },
  "2021-02": {
    "adpe": 1.57019e-7,
    "ap": 0.0000505394,
    "ctue": 0.00857361,
    "ctuh-c": 3.79509e-10,
    "ctuh-nc": 7.62668e-10,
    "gwp": 0.00398514,
    "ir": 0.00038232,
    "pm": 0.00000126847,
    "wu": 0.00222867
  },
  "2021-03": {
    "adpe": 1.84515e-7,
    "ap": 0.0000523284,
    "ctue": 0.00912785,
    "ctuh-c": 4.14636e-10,
    "ctuh-nc": 8.20626e-10,
    "gwp": 0.0041843,
    "ir": 0.000425213,
    "pm": 0.00000127954,
    "wu": 0.00237388
  },
  "2021-04": {
    "adpe": 1.94234e-7,
    "ap": 0.0000520906,
    "ctue": 0.00917518,
    "ctuh-c": 4.05015e-10,
    "ctuh-nc": 8.33688e-10,
    "gwp": 0.00423085,
    "ir": 0.00044257,
    "pm": 0.0000012491,
    "wu": 0.00238222
  },
  "2021-05": {
    "adpe": 2.08061e-7,
    "ap": 0.0000529576,
    "ctue": 0.009667,
    "ctuh-c": 4.2585e-10,
    "ctuh-nc": 8.70807e-10,
    "gwp": 0.00440039,
    "ir": 0.000469651,
    "pm": 0.00000124197,
    "wu": 0.00245504
  },
  "2021-06": {
    "adpe": 1.97141e-7,
    "ap": 0.0000509874,
    "ctue": 0.00887144,
    "ctuh-c": 3.59431e-10,
    "ctuh-nc": 8.259e-10,
    "gwp": 0.00420894,
    "ir": 0.000451576,
    "pm": 0.0000011987,
    "wu": 0.00232284
  },
  "2021-07": {
    "adpe": 1.89239e-7,
    "ap": 0.0000508843,
    "ctue": 0.00873766,
    "ctuh-c": 3.52083e-10,
    "ctuh-nc": 8.12269e-10,
    "gwp": 0.00416723,
    "ir": 0.000439419,
    "pm": 0.00000121018,
    "wu": 0.00229623
  },
  "2021-08": {
    "adpe": 1.88096e-7,
    "ap": 0.000050651,
    "ctue": 0.00869569,
    "ctuh-c": 3.51172e-10,
    "ctuh-nc": 8.08036e-10,
    "gwp": 0.0041452,
    "ir": 0.000436744,
    "pm": 0.00000120554,
    "wu": 0.00228556
  },
  "2021-09": {
    "adpe": 1.82793e-7,
    "ap": 0.0000506037,
    "ctue": 0.00878596,
    "ctuh-c": 3.54731e-10,
    "ctuh-nc": 8.04898e-10,
    "gwp": 0.00416166,
    "ir": 0.000431313,
    "pm": 0.00000120759,
    "wu": 0.00227329
  },
  "2021-10": {
    "adpe": 1.81077e-7,
    "ap": 0.0000507478,
    "ctue": 0.00923821,
    "ctuh-c": 4.08883e-10,
    "ctuh-nc": 8.12842e-10,