year,adpe,ap,ctue,ctuh-c,ctuh-nc,gwp,ir,pm,wu
2019,1.44295e-7,0.0000501221,0.00810993,3.31017e-10,7.35492e-10,0.00391725,0.000367257,0.00000127267,0.00215311
2020,1.65677e-7,0.0000531965,0.0087184,3.67421e-10,7.9632e-10,0.00416867,0.000404301,0.00000133552,0.00232593
2021,1.87466e-7,0.0000556925,0.00912673,4.04692e-10,8.45789e-10,0.00432487,0.00043495,0.00000139014,0.00248291
2022,2.20066e-7,0.0000580747,0.00985834,4.50415e-10,9.18404e-10,0.00458616,0.000486931,0.00000141026,0.00266596
2023,2.56434e-7,0.0000599789,0.0104953,4.92009e-10,9.89215e-10,0.00481194,0.000541985,0.00000141162,0.0028402
2024,3.05349e-7,0.0000623203,0.0113313,5.34206e-10,1.08471e-9,0.00513809,0.000619875,0.00000139907,0.00305774
2025,3.72093e-7,0.000065614,0.0123615,5.87865e-10,1.21176e-9,0.00555599,0.000724126,0.00000139016,0.00335571
2026,3.20266e-7,0.0000637364,0.0120801,6.15262e-10,1.12627e-9,0.00525853,0.000636404,0.00000142821,0.00319231
