year,adpe,ap,ctue,ctuh-c,ctuh-nc,gwp,ir,pm,wu
2019,1.43644e-7,0.0000478325,0.00810753,3.30653e-10,7.21006e-10,0.00384128,0.000364734,0.00000119164,0.00207708
2020,1.64606e-7,0.0000507082,0.00871193,3.66872e-10,7.80041e-10,0.0040847,0.000401013,0.00000124813,0.00224234
2021,1.85834e-7,0.0000531716,0.00911086,4.03796e-10,8.28364e-10,0.00423667,0.000430723,0.00000130275,0.00239674
2022,2.17991e-7,0.0000556246,0.00983837,4.49403e-10,9.00762e-10,0.0044986,0.000482086,0.00000132621,0.00258097
2023,2.53887e-7,0.0000574917,0.0104682,4.9073e-10,9.70579e-10,0.00472073,0.000536359,0.00000132719,0.00275273
2024,3.01938e-7,0.0000598433,0.0112872,5.32005e-10,1.06463e-9,0.00504243,0.000612899,0.00000131675,0.00296799
2025,3.58104e-7,0.0000626799,0.0122833,5.96616e-10,1.17381e-9,0.0053913,0.000698103,0.00000131455,0.00323389
