{
  "2019-01": {
    "adpe": 4.94863e-7,
    "ap": 0.0013428,
    "ctue": 0.226443,
    "ctuh-c": 0.0000180021,
    "ctuh-nc": 0.00000918876,
    "gwp": 0.537756,
    "ir": 0.00748378,
    "pm": 0.0000457756,
    "wu": 0.0662595
  },
  "2019-02": {
    "adpe": 5.04143e-7,
    "ap": 0.00135778,
    "ctue": 0.226955,
    "ctuh-c": 0.000018412,
    "ctuh-nc": 0.00000939703,
    "gwp": 0.539315,
    "ir": 0.00745782,
    "pm": 0.0000468562,
    "wu": 0.0657126
  },
  "2019-03": {
    "adpe": 5.24371e-7,
    "ap": 0.00133092,
    "ctue": 0.222991,
    "ctuh-c": 0.0000184095,
    "ctuh-nc": 0.00000939501,
    "gwp": 0.528479,
    "ir": 0.00740769,
    "pm": 0.0000461644,
    "wu": 0.0649517
  },
  "2019-04": {
    "adpe": 5.33847e-7,
    "ap": 0.00133468,
    "ctue": 0.220804,
    "ctuh-c": 0.0000187522,
    "ctuh-nc": 0.0000095685,
    "gwp": 0.524173,
    "ir": 0.00736416,
    "pm": 0.0000471263,
    "wu": 0.063899
  },
  "2019-05": {
    "adpe": 5.35368e-7,
    "ap": 0.00131725,
    "ctue": 0.2189,
    "ctuh-c": 0.0000184786,
    "ctuh-nc": 0.0000094291,
    "gwp": 0.519466,
    "ir": 0.00731859,
    "pm": 0.000046319,
    "wu": 0.0633624
  },
  "2019-06": {
    "adpe": 5.33082e-7,
    "ap": 0.00131783,
    "ctue": 0.220398,
    "ctuh-c": 0.000017977,
    "ctuh-nc": 0.00000917445,
    "gwp": 0.524184,
    "ir": 0.00736964,
    "pm": 0.0000456431,
    "wu": 0.0638172
  },
  "2019-07": {
    "adpe": 5.25146e-7,
    "ap": 0.00130788,
    "ctue": 0.222794,
    "ctuh-c": 0.0000173881,
    "ctuh-nc": 0.00000887599,
    "gwp": 0.529814,
    "ir": 0.0074171,
    "pm": 0.0000440736,
    "wu": 0.0648104
  },
  "2019-08": {
    "adpe": 5.27535e-7,
    "ap": 0.0013119,
    "ctue": 0.223231,
    "ctuh-c": 0.0000175227,
    "ctuh-nc": 0.00000894449,
    "gwp": 0.531094,
    "ir": 0.00743687,
    "pm": 0.0000442989,
    "wu": 0.0649881
  },
  "2019-09": {
    "adpe": 5.24725e-7,
    "ap": 0.00132263,
    "ctue": 0.22169,
    "ctuh-c": 0.0000180363,
    "ctuh-nc": 0.00000920484,
    "gwp": 0.528487,
    "ir": 0.00741873,
    "pm": 0.0000457123,
    "wu": 0.0643065
  },
  "2019-10": {
    "adpe": 5.16317e-7,
    "ap": 0.00131918,
    "ctue": 0.22045,
    "ctuh-c": 0.0000178273,
    "ctuh-nc": 0.0000090982,
    "gwp": 0.525523,
    "ir": 0.00740125,
    "pm": 0.0000456632,
    "wu": 0.0640603
  },
  "2019-11": {
    "adpe": 5.05278e-7,
    "ap": 0.0013354,
    "ctue": 0.224572,
    "ctuh-c": 0.000017563,
    "ctuh-nc": 0.00000896494,
    "gwp": 0.532954,
    "ir": 0.00741747,
    "pm": 0.0000454888,
    "wu": 0.0651656
  },
  "2019-12": {
    "adpe": 5.02167e-7,
    "ap": 0.00133625,
    "ctue": 0.227775,
    "ctuh-c": 0.0000171693,
    "ctuh-nc": 0.00000876586,
    "gwp": 0.538742,
    "ir": 0.0074604,
    "pm": 0.0000445149,
    "wu": 0.066384
  },
  "2020-01": {
    "adpe": 5.07637e-7,
    "ap": 0.0013353,
    "ctue": 0.221884,
    "ctuh-c": 0.0000179825,
    "ctuh-nc": 0.00000917737,
    "gwp": 0.527872,
    "ir": 0.00744834,
    "pm": 0.0000463761,
    "wu": 0.0649481
  },
  "2020-02": {
    "adpe": 5.17613e-7,
    "ap": 0.00133681,
    "ctue": 0.221292,
    "ctuh-c": 0.0000182031,
    "ctuh-nc": 0.00000928929,
    "gwp": 0.525509,
    "ir": 0.00736769,
    "pm": 0.0000467886,
    "wu": 0.0640583
  },
  "2020-03": {
    "adpe": 5.39699e-7,
    "ap": 0.00131583,
    "ctue": 0.217193,
    "ctuh-c": 0.0000184689,
    "ctuh-nc": 0.0000094236,
    "gwp": 0.515035,
    "ir": 0.0073296,
    "pm": 0.0000466196,
    "wu": 0.0632917
  },
  "2020-04": {
    "adpe": 5.61702e-7,
    "ap": 0.0013356,
    "ctue": 0.217802,
    "ctuh-c": 0.0000190857,
    "ctuh-nc": 0.00000973713,
    "gwp": 0.516788,
    "ir": 0.00733945,
    "pm": 0.0000480261,
    "wu": 0.0630523
  },
  "2020-05": {
    "adpe": 5.62487e-7,
    "ap": 0.00132428,
    "ctue": 0.218375,
    "ctuh-c": 0.0000185263,
    "ctuh-nc": 0.00000945314,
    "gwp": 0.516597,
    "ir": 0.00730671,
    "pm": 0.0000468123,
    "wu": 0.0631225
  },
  "2020-06": {
    "adpe": 5.47059e-7,
    "ap": 0.00131195,
    "ctue": 0.218925,
    "ctuh-c": 0.0000177999,
    "ctuh-nc": 0.00000908409,
    "gwp": 0.519041,
    "ir": 0.00730253,
    "pm": 0.0000454714,
    "wu": 0.0631297
  },
  "2020-07": {
    "adpe": 5.39748e-7,
    "ap": 0.00129335,
    "ctue": 0.219499,
    "ctuh-c": 0.0000170593,
    "ctuh-nc": 0.00000870807,
    "gwp": 0.52125,
    "ir": 0.00732951,
    "pm": 0.0000436886,
    "wu": 0.0635697
  },
  "2020-08": {
    "adpe": 5.40905e-7,
    "ap": 0.00130359,
    "ctue": 0.222951,
    "ctuh-c": 0.0000169132,
    "ctuh-nc": 0.00000863469,
    "gwp": 0.528421,
    "ir": 0.0073586,
    "pm": 0.000043399,
    "wu": 0.0643848
  },
  "2020-09": {
    "adpe": 5.38419e-7,
    "ap": 0.00131281,
    "ctue": 0.219443,
    "ctuh-c": 0.0000176472,
    "ctuh-nc": 0.0000090066,
    "gwp": 0.521185,
    "ir": 0.00731513,
    "pm": 0.0000452862,
    "wu": 0.0632703
  },
  "2020-10": {
    "adpe": 5.2926e-7,
    "ap": 0.00130341,
    "ctue": 0.216971,
    "ctuh-c": 0.0000178881,
    "ctuh-nc": 0.00000912844,
    "gwp": 0.514385,
    "ir": 0.00725861,
    "pm": 0.0000455343,
    "wu": 0.0627291
  },
  "2020-11": {
    "adpe": 5.24072e-7,
    "ap": 0.00133733,
    "ctue": 0.224841,
    "ctuh-c": 0.0000178687,
    "ctuh-nc": 0.00000912055,
    "gwp": 0.531573,
    "ir": 0.00737561,
    "pm": 0.0000457226,
    "wu": 0.0649914
  },
  "2020-12": {
    "adpe": 5.15879e-7,
    "ap": 0.00133935,
    "ctue": 0.229904,
    "ctuh-c": 0.0000171363,
    "ctuh-nc": 0.00000874981,
    "gwp": 0.541464,
    "ir": 0.00744176,
    "pm": 0.0000441421,
    "wu": 0.066777
  },
  "2021-01": {
    "adpe": 5.24589e-7,
    "ap": 0.00133232,
    "ctue": 0.225358,
    "ctuh-c": 0.0000175583,
    "ctuh-nc": 0.00000896296,
    "gwp": 0.532242,
    "ir": 0.00741975,
    "pm": 0.0000450713,
    "wu": 0.0656497
  },
  "2021-02": {
    "adpe": 5.34885e-7,
    "ap": 0.00134292,
    "ctue": 0.226927,
    "ctuh-c": 0.0000174916,
    "ctuh-nc": 0.0000089294,
    "gwp": 0.535076,
    "ir": 0.00737848,
    "pm": 0.0000452833,
    "wu": 0.0653325
  },
  "2021-03": {
    "adpe": 5.62315e-7,
    "ap": 0.00132078,
    "ctue": 0.224236,
    "ctuh-c": 0.0000176334,
    "ctuh-nc": 0.00000900106,
    "gwp": 0.527498,
    "ir": 0.00738122,
    "pm": 0.000044662,
    "wu": 0.0651353
  },
  "2021-04": {
    "adpe": 5.73086e-7,
    "ap": 0.00132463,
    "ctue": 0.222108,
    "ctuh-c": 0.0000181386,
    "ctuh-nc": 0.00000925711,
    "gwp": 0.524105,
    "ir": 0.00735429,
    "pm": 0.0000457342,
    "wu": 0.0641392
  },
  "2021-05": {
    "adpe": 5.81539e-7,
    "ap": 0.00130552,
    "ctue": 0.218579,
    "ctuh-c": 0.0000178282,
    "ctuh-nc": 0.00000909859,
    "gwp": 0.514553,
    "ir": 0.00728423,
    "pm": 0.0000451694,
    "wu": 0.0632083
  },
  "2021-06": {
    "adpe": 5.72088e-7,
    "ap": 0.00130844,
    "ctue": 0.221681,
    "ctuh-c": 0.0000172233,
    "ctuh-nc": 0.00000879195,
    "gwp": 0.523998,
    "ir": 0.00737367,
    "pm": 0.0000441627,
    "wu": 0.0642026
  },
  "2021-07": {
    "adpe": 5.63122e-7,
    "ap": 0.00129844,
    "ctue": 0.223607,
    "ctuh-c": 0.0000165998,
    "ctuh-nc": 0.00000847577,
    "gwp": 0.527745,
    "ir": 0.0073848,
    "pm": 0.0000426651,
    "wu": 0.0649254
  },
  "2021-08": {
    "adpe": 5.63297e-7,
    "ap": 0.00130338,
    "ctue": 0.223996,
    "ctuh-c": 0.0000167181,
    "ctuh-nc": 0.00000853595,
    "gwp": 0.528839,
    "ir": 0.00739316,
    "pm": 0.0000429653,
    "wu": 0.0649714
  },
  "2021-09": {
    "adpe": 5.5823e-7,
    "ap": 0.00131164,
    "ctue": 0.220585,
    "ctuh-c": 0.0000175288,
    "ctuh-nc": 0.00000894688,
    "gwp": 0.521705,
    "ir": 0.00734938,
    "pm": 0.0000448309,
    "wu": 0.0639529
  },
  "2021-10": {
    "adpe": 5.54859e-7,
    "ap": 0.00130848,
    "ctue": 0.218596,
    "ctuh-c": 0.0000177609,
    "ctuh-nc": 0.00000906417,
    "gwp": 0.516671,
    "ir": 0.00731918,
    "pm": 0.0000453583,
    "wu": 0.0634283
  },
  "2021-11": {
    "adpe": 5.43297e-7,
    "ap": 0.00132372,
    "ctue": 0.221855,