year,adpe,ap,ctue,ctuh-c,ctuh-nc,gwp,ir,pm,wu
2019,5.1046e-7,0.00127366,0.220838,0.0000170971,0.00000872785,0.52684,0.00740437,0.0000423207,0.0647014
2020,5.25468e-7,0.00126636,0.218598,0.0000170077,0.00000868186,0.520468,0.00734319,0.0000423023,0.0638762
2021,5.45047e-7,0.00126457,0.220595,0.000016618,0.00000848443,0.522778,0.00736178,0.0000414383,0.0645031
2022,5.71774e-7,0.00125773,0.21928,0.0000165891,0.00000846942,0.51822,0.00731196,0.0000413017,0.0637873
2023,6.03867e-7,0.00123657,0.218249,0.0000164899,0.00000841901,0.514447,0.00731697,0.0000402092,0.063719
2024,6.45683e-7,0.00121722,0.215808,0.0000162132,0.00000827794,0.50692,0.00729656,0.0000393881,0.0630863
