year,adpe,ap,ctue,ctuh-c,ctuh-nc,gwp,ir,pm,wu
2019,1.43605e-7,0.0000478304,0.00810732,3.30577e-10,7.20956e-10,0.0038413,0.000364701,0.00000119159,0.00207686
2020,1.64671e-7,0.0000507122,0.00871208,3.66866e-10,7.80144e-10,0.00408498,0.000401108,0.00000124817,0.00224262
2021,1.85983e-7,0.0000531345,0.00911604,4.04234e-10,8.28443e-10,0.00423634,0.000430904,0.00000130114,0.00239617
2022,2.17964e-7,0.0000555766,0.00983733,4.49345e-10,9.00412e-10,0.00449676,0.000482002,0.00000132456,0.00257931
2023,2.53775e-7,0.0000571835,0.0104654,4.90562e-10,9.6852e-10,0.00470987,0.000535949,0.0000013164,0.00274237
2024,3.02035e-7,0.0000596264,0.0112859,5.31768e-10,1.06343e-9,0.00503559,0.000612907,0.0000013088,0.00296103
2025,3.34818e-7,0.0000615054,0.011918,5.89252e-10,1.12709e-9,0.0052116,0.000657689,0.00000132357,0.00313727
