year,adpe,ap,ctue,ctuh-c,ctuh-nc,gwp,ir,pm,wu
2019,5.09919e-7,0.00127785,0.22117,0.0000170385,0.00000869814,0.527294,0.00739773,0.0000424511,0.0646798
2020,5.24843e-7,0.00127072,0.218954,0.0000169492,0.00000865217,0.520974,0.00733673,0.0000424378,0.0638589
2021,5.44319e-7,0.00126881,0.220959,0.000016563,0.00000845654,0.52332,0.00735581,0.0000415675,0.0644924
2022,5.70403e-7,0.00126474,0.219806,0.0000165172,0.00000843295,0.519091,0.00730566,0.0000415464,0.0637739
2023,6.00843e-7,0.001251,0.21912,0.0000163684,0.00000835728,0.516037,0.00730896,0.0000407826,0.0636645
2024,6.41909e-7,0.00122583,0.216037,0.0000160076,0.00000817335,0.506927,0.0072711,0.0000396994,0.0628461
