year,adpe,ap,ctue,ctuh-c,ctuh-nc,gwp,ir,pm,wu
2019,5.15198e-7,0.0013315,0.222369,0.000017896,0.00000913384,0.527376,0.00737238,0.0000458947,0.0645919
2020,5.33639e-7,0.00132798,0.220203,0.0000181279,0.00000925118,0.520902,0.00730417,0.0000463048,0.0637364
2021,5.54461e-7,0.00132418,0.222268,0.0000176381,0.00000900293,0.523257,0.00732523,0.0000452293,0.0644172
2022,5.82867e-7,0.00131301,0.220608,0.0000175411,0.00000895322,0.517972,0.00727361,0.0000448672,0.0636363
2023,6.17085e-7,0.00128905,0.219189,0.000017377,0.00000886974,0.51336,0.00728007,0.000043643,0.0635206
2024,6.59993e-7,0.00126828,0.216681,0.0000169827,0.00000866885,0.505467,0.00725738,0.0000426679,0.0628744
2025,7.20455e-7,0.00124989,0.213808,0.0000167575,0.00000855381,0.496371,0.00724925,0.0000420239,0.0621425
2026,6.75529e-7,0.0012515,0.217185,0.0000163353,0.0000083401,0.503473,0.00725694,0.0000411516,0.0633202
