year,adpe,ap,ctue,ctuh-c,ctuh-nc,gwp,ir,pm,wu
2019,5.090669122377122e-7,0.0012985258707127125,0.22259646366647687,0.00001665110944173029,0.000008501310067938194,0.5293581635869739,0.007380479696427694,0.000043039678060530527,0.06466987062146352
2020,5.238572046970671e-7,0.0012900430030164329,0.2201332024669834,0.000016557426287153262,0.000008453065275576245,0.5226656115993039,0.007320844113982272,0.00004300007638606815,0.06380708766509857
2021,5.427427100841557e-7,0.0012873191007155798,0.2220765408700452,0.000016203946882610925,0.000008274037752863333,0.5249222908518992,0.007339946659065477,0.0000421392100337882,0.06440726068802202
2022,5.677295063021851e-7,0.001282820365778112,0.22121551765330474,0.000016157942166652253,0.000008250417367238915,0.5213321779057563,0.007292458846479728,0.000042053484283214014,0.06373467606018357
2023,5.971674045035999e-7,0.00126760825177224,0.22008814220856962,0.000015990005839582247,0.000008164910971628566,0.5177956360448565,0.007297377576777769,0.000041282458268036876,0.06351289131325871
