{
  "2019-01": {
    "adpe": 1.16087e-7,
    "ap": 0.0000482,
    "ctue": 0.00761565,
    "ctuh-c": 3.21341e-10,
    "ctuh-nc": 6.73921e-10,
    "gwp": 0.00366597,
    "ir": 0.000316577,
    "pm": 0.00000126855,
    "wu": 0.00201968
  },
  "2019-02": {
    "adpe": 1.24029e-7,
    "ap": 0.000047282,
    "ctue": 0.00764172,
    "ctuh-c": 3.13452e-10,
    "ctuh-nc": 6.79746e-10,
    "gwp": 0.00367559,
    "ir": 0.000329837,
    "pm": 0.00000121857,
    "wu": 0.0020031
  },
  "2019-03": {
    "adpe": 1.48914e-7,
    "ap": 0.0000490441,
    "ctue": 0.0083976,
    "ctuh-c": 3.61097e-10,
    "ctuh-nc": 7.40681e-10,
    "gwp": 0.0039118,
    "ir": 0.000371286,
    "pm": 0.00000122681,
    "wu": 0.0021488
  },
  "2019-04": {
    "adpe": 1.58814e-7,
    "ap": 0.0000486194,
    "ctue": 0.00850967,
    "ctuh-c": 3.51074e-10,
    "ctuh-nc": 7.55546e-10,
    "gwp": 0.00397751,
    "ir": 0.000390884,
    "pm": 0.00000118516,
    "wu": 0.00215081
  },
  "2019-05": {
    "adpe": 1.63244e-7,
    "ap": 0.0000484937,
    "ctue": 0.00868849,
    "ctuh-c": 3.50045e-10,
    "ctuh-nc": 7.67245e-10,
    "gwp": 0.00404738,
    "ir": 0.000402525,
    "pm": 0.00000116274,
    "wu": 0.00215541
  },
  "2019-06": {
    "adpe": 1.6085e-7,
    "ap": 0.0000475945,
    "ctue": 0.00831634,
    "ctuh-c": 3.21016e-10,
    "ctuh-nc": 7.49046e-10,
    "gwp": 0.00395599,
    "ir": 0.000396975,
    "pm": 0.00000114068,
    "wu": 0.00210225
  },
  "2019-07": {
    "adpe": 1.52055e-7,
    "ap": 0.0000469796,
    "ctue": 0.00800551,
    "ctuh-c": 3.03112e-10,
    "ctuh-nc": 7.25955e-10,
    "gwp": 0.00385944,
    "ir": 0.000381336,
    "pm": 0.00000114018,
    "wu": 0.00205053
  },
  "2019-08": {
    "adpe": 1.52647e-7,
    "ap": 0.0000473684,
    "ctue": 0.00793498,
    "ctuh-c": 3.01102e-10,
    "ctuh-nc": 7.26413e-10,
    "gwp": 0.00385218,
    "ir": 0.000380901,
    "pm": 0.00000115653,
    "wu": 0.00206359
  },
  "2019-09": {
    "adpe": 1.49e-7,
    "ap": 0.0000468631,
    "ctue": 0.00803397,
    "ctuh-c": 3.1713e-10,
    "ctuh-nc": 7.20546e-10,
    "gwp": 0.00382471,
    "ir": 0.000373363,
    "pm": 0.00000114645,
    "wu": 0.00204928
  },
  "2019-10": {
    "adpe": 1.4302e-7,
    "ap": 0.0000472656,
    "ctue": 0.008162,
    "ctuh-c": 3.34864e-10,
    "ctuh-nc": 7.18402e-10,
    "gwp": 0.00383071,
    "ir": 0.000363752,
    "pm": 0.00000117123,
    "wu": 0.00205986
  },
  "2019-11": {
    "adpe": 1.297e-7,
    "ap": 0.0000477485,
    "ctue": 0.00803754,
    "ctuh-c": 3.41981e-10,
    "ctuh-nc": 7.00068e-10,
    "gwp": 0.00376647,
    "ir": 0.000340286,
    "pm": 0.00000121883,
    "wu": 0.00204956
  },
  "2019-12": {
    "adpe": 1.25395e-7,
    "ap": 0.0000485753,
    "ctue": 0.00798718,
    "ctuh-c": 3.54211e-10,
    "ctuh-nc": 6.96002e-10,
    "gwp": 0.00373703,
    "ir": 0.000329532,
    "pm": 0.00000126448,
    "wu": 0.00207515
  },
  "2020-01": {
    "adpe": 1.33321e-7,
    "ap": 0.0000495236,
    "ctue": 0.0080904,
    "ctuh-c": 3.52652e-10,
    "ctuh-nc": 7.15042e-10,
    "gwp": 0.00381946,
    "ir": 0.000344419,
    "pm": 0.00000128003,
    "wu": 0.00212305
  },
  "2020-02": {
    "adpe": 1.45867e-7,
    "ap": 0.0000498642,
    "ctue": 0.0085665,
    "ctuh-c": 3.81218e-10,
    "ctuh-nc": 7.45571e-10,
    "gwp": 0.00394342,
    "ir": 0.000366315,
    "pm": 0.00000126124,
    "wu": 0.00218137
  },
  "2020-03": {
    "adpe": 1.72286e-7,
    "ap": 0.0000520482,
    "ctue": 0.00912903,
    "ctuh-c": 4.04503e-10,
    "ctuh-nc": 8.07115e-10,
    "gwp": 0.00418969,
    "ir": 0.000412345,
    "pm": 0.00000128068,
    "wu": 0.00232829
  },
  "2020-04": {
    "adpe": 1.91621e-7,
    "ap": 0.0000533369,
    "ctue": 0.00908876,
    "ctuh-c": 3.85034e-10,
    "ctuh-nc": 8.38214e-10,
    "gwp": 0.00429126,
    "ir": 0.000444137,
    "pm": 0.00000129134,
    "wu": 0.00240268
  },
  "2020-05": {
    "adpe": 1.94382e-7,
    "ap": 0.0000531337,
    "ctue": 0.00923197,
    "ctuh-c": 3.87368e-10,
    "ctuh-nc": 8.45534e-10,
    "gwp": 0.0043344,
    "ir": 0.000451276,
    "pm": 0.00000127261,
    "wu": 0.00240341
  },
  "2020-06": {
    "adpe": 1.80045e-7,
    "ap": 0.0000503378,
    "ctue": 0.00891263,
    "ctuh-c": 3.58084e-10,
    "ctuh-nc": 8.04832e-10,
    "gwp": 0.0041878,
    "ir": 0.000430285,
    "pm": 0.00000119588,
    "wu": 0.00225965
  },
  "2020-07": {
    "adpe": 1.72348e-7,
    "ap": 0.0000494389,
    "ctue": 0.00861385,
    "ctuh-c": 3.31851e-10,
    "ctuh-nc": 7.83223e-10,
    "gwp": 0.00411023,
    "ir": 0.000419073,
    "pm": 0.00000117821,
    "wu": 0.00219532
  },
  "2020-08": {
    "adpe": 1.69718e-7,
    "ap": 0.0000496507,
    "ctue": 0.00848102,
    "ctuh-c": 3.31812e-10,
    "ctuh-nc": 7.76123e-10,
    "gwp": 0.00406513,
    "ir": 0.000411659,
    "pm": 0.00000119773,
    "wu": 0.00219675
  },
  "2020-09": {
    "adpe": 1.68054e-7,
    "ap": 0.0000497612,
    "ctue": 0.00861589,
    "ctuh-c": 3.37259e-10,
    "ctuh-nc": 7.7949e-10,
    "gwp": 0.00410218,
    "ir": 0.000411887,
    "pm": 0.00000119865,
    "wu": 0.00219935
  },
  "2020-10": {
    "adpe": 1.62576e-7,
    "ap": 0.0000499858,
    "ctue": 0.00907602,
    "ctuh-c": 3.84583e-10,
    "ctuh-nc": 7.85237e-10,
    "gwp": 0.00414567,
    "ir": 0.000403095,
    "pm": 0.00000121242,
    "wu": 0.00222431
  },
  "2020-11": {
    "adpe": 1.494e-7,
    "ap": 0.0000506611,
    "ctue": 0.0085423,
    "ctuh-c": 3.77587e-10,
    "ctuh-nc": 7.53942e-10,
    "gwp": 0.00397441,
    "ir": 0.000372047,
    "pm": 0.00000128427,
    "wu": 0.00221322
  },
  "2020-12": {
    "adpe": 1.39459e-7,
    "ap": 0.0000511718,
    "ctue": 0.00828874,
    "ctuh-c": 3.77167e-10,
    "ctuh-nc": 7.35589e-10,
    "gwp": 0.00388738,
    "ir": 0.000351602,
    "pm": 0.00000133197,
    "wu": 0.00220738
  },
  "2021-01": {
    "adpe": 1.50781e-7,
    "ap": 0.0000520554,
    "ctue": 0.00856987,
    "ctuh-c": 3.92385e-10,
    "ctuh-nc": 7.62369e-10,
    "gwp": 0.00399181,
    "ir": 0.00037076,
    "pm": 0.0000013389,
    "wu": 0.00227213
  },
  "2021-02": {
    "adpe": 1.61971e-7,
    "ap": 0.0000524126,
    "ctue": 0.00874023,
    "ctuh-c": 3.95936e-10,
    "ctuh-nc": 7.83362e-10,
    "gwp": 0.00406938,
    "ir": 0.000389861,
    "pm": 0.00000132749,
    "wu": 0.00231188
  },
  "2021-03": {
    "adpe": 1.90896e-7,
    "ap": 0.0000542939,
    "ctue": 0.00931502,
    "ctuh-c": 4.31708e-10,
    "ctuh-nc": 8.44199e-10,
    "gwp": 0.00427902,
    "ir": 0.000435127,
    "pm": 0.00000133895,
    "wu": 0.00246383
  },
  "2021-04": {
    "adpe": 2.01721e-7,
    "ap": 0.0000541144,
    "ctue": 0.00939821,
    "ctuh-c": 4.2386e-10,
    "ctuh-nc": 8.60001e-10,
    "gwp": 0.00433718,
    "ir": 0.000454497,
    "pm": 0.00000130782,
    "wu": 0.00247774
  },
  "2021-05": {
    "adpe": 2.16377e-7,
    "ap": 0.0000549327,
    "ctue": 0.00992234,
    "ctuh-c": 4.45831e-10,
    "ctuh-nc": 8.98878e-10,
    "gwp": 0.00451493,
    "ir": 0.000483253,
    "pm": 0.00000129643,
    "wu": 0.00255156
  },
  "2021-06": {
    "adpe": 2.0482e-7,
    "ap": 0.0000528508,
    "ctue": 0.00907131,
    "ctuh-c": 3.74839e-10,
    "ctuh-nc": 8.51123e-10,
    "gwp": 0.00431096,
    "ir": 0.000464081,
    "pm": 0.00000125091,
    "wu": 0.00241131
  },
  "2021-07": {
    "adpe": 1.96159e-7,
    "ap": 0.0000528092,
    "ctue": 0.00891312,
    "ctuh-c": 3.65666e-10,
    "ctuh-nc": 8.36333e-10,
    "gwp": 0.00426634,
    "ir": 0.000450828,
    "pm": 0.00000126614,
    "wu": 0.00238374
  },
  "2021-08": {
    "adpe": 1.95037e-7,
    "ap": 0.00005253,
    "ctue": 0.00886367,
    "ctuh-c": 3.64924e-10,
    "ctuh-nc": 8.31512e-10,
    "gwp": 0.00423959,
    "ir": 0.000447858,
    "pm": 0.00000126039,
    "wu": 0.0023718
  },
  "2021-09": {
    "adpe": 1.89352e-7,
    "ap": 0.000052395,
    "ctue": 0.00896631,
    "ctuh-c": 3.69632e-10,
    "ctuh-nc": 8.27727e-10,
    "gwp": 0.00425421,
    "ir": 0.000441853,
    "pm": 0.00000125972,
    "wu": 0.00235651
  },
  "2021-10": {
    "adpe": 1.87136e-7,
    "ap": 0.0000524904,
    "ctue": 0.00943264,
    "ctuh-c": 4.26139e-10,
    "ctuh-nc": 8.34983e-10,