year,adpe,ap,ctue,ctuh-c,ctuh-nc,gwp,ir,pm,wu
2019,1.43669e-7,0.000047832,0.00810745,3.3066e-10,7.21028e-10,0.00384125,0.000364762,0.0000011916,0.00207713
2020,1.64657e-7,0.0000507083,0.0087121,3.66887e-10,7.80103e-10,0.00408478,0.00040108,0.00000124806,0.00224247
2021,1.86108e-7,0.0000532298,0.00911366,4.03933e-10,8.2911e-10,0.00423955,0.000431168,0.00000130436,0.00239936
2022,2.1843e-7,0.0000557179,0.00984263,4.49564e-10,9.01957e-10,0.00450329,0.000482812,0.00000132875,0.00258513
2023,2.54717e-7,0.0000575517,0.0104788,4.91166e-10,9.72221e-10,0.00472635,0.000537677,0.00000132777,0.0027569
2024,3.02943e-7,0.0000599363,0.0113005,5.32521e-10,1.06676e-9,0.00505013,0.000614532,0.00000131813,0.00297369
2025,3.72535e-7,0.0000627334,0.0123861,5.91076e-10,1.19543e-9,0.00546208,0.000722231,0.00000128683,0.0032655
