year,adpe,ap,ctue,ctuh-c,ctuh-nc,gwp,ir,pm,wu
2019,0.0000016259310348059272,0.0003054144892102488,0.04415523399542618,1.896355827167723e-9,5.1215814572242944e-9,0.023062241499071535,0.00309987810287119,0.000006977783698571225,0.014854426795253086
2020,0.0000016705824379006381,0.00030627958299311224,0.04459456874640657,1.925097075373596e-9,5.1895854535929804e-9,0.023224501737025473,0.00316329295222295,0.000006935529734386585,0.015006913441894832
2021,0.0000017126043618052892,0.0003077079765143139,0.045563002007115314,2.0303317056286014e-9,5.266244477510682e-9,0.02339079453923123,0.0032141964439255767,0.000006927461501790906,0.0152225448000189
2022,0.000001764547335683846,0.0003061143952894122,0.046236742068487144,2.082873839954627e-9,5.333071171604193e-9,0.023502402622779885,0.003284602177344583,0.000006786028172972919,0.01532821685522429
2023,0.0000018395131797842972,0.00030318332987698646,0.04702128022934492,2.131835875172076e-9,5.422767688625695e-9,0.023646057490085703,0.0033890054813187492,0.000006555812723369532,0.015442302046806362
