{
  "2019-01": {
    "adpe": 0.0000015466099970318286,
    "ap": 0.00032752546086039196,
    "ctue": 0.04394880397362576,
    "ctuh-c": 1.9565869315327987e-9,
    "ctuh-nc": 5.1464534937720695e-9,
    "gwp": 0.02346267354440994,
    "ir": 0.0029850805024939898,
    "pm": 0.000007925785964946976,
    "wu": 0.015425996873515969
  },
  "2019-02": {
    "adpe": 0.0000016100959231743454,
    "ap": 0.0003150765745794015,
    "ctue": 0.044141483668990934,
    "ctuh-c": 1.9198313994681667e-9,
    "ctuh-nc": 5.157113148717033e-9,
    "gwp": 0.023293945401521656,
    "ir": 0.0030778664890520964,
    "pm": 0.000007359483015260149,
    "wu": 0.015146685862649008
  },
  "2019-03": {
    "adpe": 0.0000016469505081263484,
    "ap": 0.0003071569161523734,
    "ctue": 0.044678054610188415,
    "ctuh-c": 1.956097169514964e-9,
    "ctuh-nc": 5.166411664578688e-9,
    "gwp": 0.023174192405621394,
    "ir": 0.003124898036021757,
    "pm": 0.000007012139651327106,
    "wu": 0.015000436617553164
  },
  "2019-04": {
    "adpe": 0.0000016822578081941264,
    "ap": 0.0003012332839837022,
    "ctue": 0.04457911625247162,
    "ctuh-c": 1.9082613974703334e-9,
    "ctuh-nc": 5.174709521145415e-9,
    "gwp": 0.02311125532881764,
    "ir": 0.003180123681650136,
    "pm": 0.000006730259867486297,
    "wu": 0.014859297456828867
  },
  "2019-05": {
    "adpe": 0.0000016538284031600862,
    "ap": 0.00029294888072654065,
    "ctue": 0.0441480475237205,
    "ctuh-c": 1.8580066162594152e-9,
    "ctuh-nc": 5.084479216587457e-9,
    "gwp": 0.022784153673673143,
    "ir": 0.0031400752963123293,
    "pm": 0.000006471930933255255,
    "wu": 0.014489631483051931
  },
  "2019-06": {
    "adpe": 0.0000016567591067776557,
    "ap": 0.0002947186782497291,
    "ctue": 0.04377805838250349,
    "ctuh-c": 1.8060510752227073e-9,
    "ctuh-nc": 5.0923456750039225e-9,
    "gwp": 0.02284956272549379,
    "ir": 0.003151363988213707,
    "pm": 0.000006524748885203624,
    "wu": 0.014519336433484926
  },
  "2019-07": {
    "adpe": 0.0000016213636628557137,
    "ap": 0.00029721882954933534,
    "ctue": 0.04351394180113147,
    "ctuh-c": 1.7981915402122057e-9,
    "ctuh-nc": 5.058355858211313e-9,
    "gwp": 0.022816436173704376,
    "ir": 0.0031010404589410317,
    "pm": 0.000006675384192170658,
    "wu": 0.014511863365691194
  },
  "2019-08": {
    "adpe": 0.0000016379103407085355,
    "ap": 0.0003018698367379178,
    "ctue": 0.043514876366072604,
    "ctuh-c": 1.79197787350156e-9,
    "ctuh-nc": 5.105848877500385e-9,
    "gwp": 0.023004859025514354,
    "ir": 0.0031284660837028865,
    "pm": 0.000006815108225099831,
    "wu": 0.01469779057816848
  },
  "2019-09": {
    "adpe": 0.0000016518099030429167,
    "ap": 0.00030158296468140664,
    "ctue": 0.0440647437075104,
    "ctuh-c": 1.8590199689067058e-9,
    "ctuh-nc": 5.1303857853850446e-9,
    "gwp": 0.02303241717642021,
    "ir": 0.0031409501179075136,
    "pm": 0.000006789253991491926,
    "wu": 0.01476601479818233
  },
  "2019-10": {
    "adpe": 0.0000016344549938100054,
    "ap": 0.00030085316265084094,
    "ctue": 0.044282347976855076,
    "ctuh-c": 1.9020337549923285e-9,
    "ctuh-nc": 5.10797114930551e-9,
    "gwp": 0.022953199532120157,
    "ir": 0.00310972298452942,
    "pm": 0.000006798115229805772,
    "wu": 0.014730144413997958
  },
  "2019-11": {
    "adpe": 0.000001601405353502072,
    "ap": 0.00030916296394431036,
    "ctue": 0.044486066702128596,
    "ctuh-c": 1.966556564155981e-9,
    "ctuh-nc": 5.117854216700466e-9,
    "gwp": 0.023090650728159322,
    "ir": 0.0030568644101130076,
    "pm": 0.0000071651130126780105,
    "wu": 0.01496528196101826
  },
  "2019-12": {
    "adpe": 0.0000015716107805132417,
    "ap": 0.0003154594672546453,
    "ctue": 0.04478292713586313,
    "ctuh-c": 2.0384212885560254e-9,
    "ctuh-nc": 5.121829489332297e-9,
    "gwp": 0.023180013298281156,
    "ir": 0.0030071952341119168,
    "pm": 0.000007453945339021067,
    "wu": 0.015147561013093717
  },
  "2020-01": {
    "adpe": 0.0000016193120734288947,
    "ap": 0.0003193363401254725,
    "ctue": 0.04466179328062145,
    "ctuh-c": 1.990878841924005e-9,
    "ctuh-nc": 5.201754963271576e-9,
    "gwp": 0.02344414369162837,
    "ir": 0.003085307617581508,
    "pm": 0.00000750683799988354,
    "wu": 0.01535417789895636
  },
  "2020-02": {
    "adpe": 0.0000016599202508171464,
    "ap": 0.0003129129191267656,
    "ctue": 0.04497562840560929,
    "ctuh-c": 1.9960342333186976e-9,
    "ctuh-nc": 5.22056426661083e-9,
    "gwp": 0.023379668690493252,
    "ir": 0.003142023452903341,
    "pm": 0.000007204026654937869,
    "wu": 0.01524465675051883
  },
  "2020-03": {
    "adpe": 0.000001703540395378428,
    "ap": 0.00030758442177310615,
    "ctue": 0.04531731681341615,
    "ctuh-c": 2.003579233867375e-9,
    "ctuh-nc": 5.2500215005069295e-9,
    "gwp": 0.023358364838511555,
    "ir": 0.0032035849588431713,
    "pm": 0.000006935797766810239,
    "wu": 0.015179363458015455
  },
  "2020-04": {
    "adpe": 0.0000017757928530811462,
    "ap": 0.00030993643623160403,
    "ctue": 0.045225574031566525,
    "ctuh-c": 1.939833857341976e-9,
    "ctuh-nc": 5.352286977994838e-9,
    "gwp": 0.02365415868588319,
    "ir": 0.003319314697540024,
    "pm": 0.000006889000831432867,
    "wu": 0.015383490776092508
  },
  "2020-05": {
    "adpe": 0.0000017445346121289565,
    "ap": 0.0003035335359453308,
    "ctue": 0.044930619683811665,
    "ctuh-c": 1.913131259681912e-9,
    "ctuh-nc": 5.271606365508744e-9,
    "gwp": 0.02337235561172731,
    "ir": 0.0032731995378964293,
    "pm": 0.000006706755182669079,
    "wu": 0.015083993575237537
  },
  "2020-06": {
    "adpe": 0.0000016901518364629396,
    "ap": 0.00029551824772165096,
    "ctue": 0.04425372130276595,
    "ctuh-c": 1.8482952000169424e-9,
    "ctuh-nc": 5.146492764861431e-9,
    "gwp": 0.02297410654539994,
    "ir": 0.003196446355686906,
    "pm": 0.000006501200337476828,
    "wu": 0.014652179091199936
  },
  "2020-07": {
    "adpe": 0.0000016576903141095631,
    "ap": 0.00029503768130179016,
    "ctue": 0.04367399868738406,
    "ctuh-c": 1.790034236848726e-9,
    "ctuh-nc": 5.093853073940236e-9,
    "gwp": 0.02286601178851655,
    "ir": 0.0031550211428206408,
    "pm": 0.000006532265353090403,
    "wu": 0.014521147458670253
  },
  "2020-08": {
    "adpe": 0.0000016600649955649748,
    "ap": 0.0003000704840878084,
    "ctue": 0.04385451749061335,
    "ctuh-c": 1.8199895493761885e-9,
    "ctuh-nc": 5.128796540434518e-9,
    "gwp": 0.023019785503920868,
    "ir": 0.003157383942040039,
    "pm": 0.000006714662551414297,
    "wu": 0.014710217439717382
  },
  "2020-09": {
    "adpe": 0.000001674251081284178,
    "ap": 0.00030175325996485426,
    "ctue": 0.043871414284166306,
    "ctuh-c": 1.8148346421912836e-9,
    "ctuh-nc": 5.156328972149646e-9,
    "gwp": 0.023110985235058383,
    "ir": 0.0031796129258811227,
    "pm": 0.000006751134238576743,
    "wu": 0.014794912821672399
  },
  "2020-10": {
    "adpe": 0.0000016439754503256866,
    "ap": 0.0002957370328894456,
    "ctue": 0.044463012836942296,
    "ctuh-c": 1.9130241816775083e-9,
    "ctuh-nc": 5.093407438987082e-9,
    "gwp": 0.022832419470968143,
    "ir": 0.003120330018570465,
    "pm": 0.0000065968942833794394,
    "wu": 0.014593700273637763
  },
  "2020-11": {
    "adpe": 0.0000016377179966994608,
    "ap": 0.00031104323633370916,
    "ctue": 0.04489407737336669,
    "ctuh-c": 1.9983761770486256e-9,
    "ctuh-nc": 5.180803424450849e-9,
    "gwp": 0.023257194432381948,
    "ir": 0.003108033180856441,
    "pm": 0.000007174455617686922,
    "wu": 0.015133144596000136
  },
  "2020-12": {
    "adpe": 0.0000015927226769158918,
    "ap": 0.0003232234569933819,
    "ctue": 0.045133652323017616,
    "ctuh-c": 2.0811235828672336e-9,
    "ctuh-nc": 5.198803766314253e-9,
    "gwp": 0.023472694037593646,
    "ir": 0.003037270391757973,
    "pm": 0.00000770456592737036,
    "wu": 0.015477984649001452
  },
  "2021-01": {
    "adpe": 0.0000016396145669007567,
    "ap": 0.00031970697008378186,