year,adpe,ap,ctue,ctuh-c,ctuh-nc,gwp,ir,pm,wu
2019,5.09919e-7,0.00127785,0.22117,0.0000170385,0.00000869814,0.527295,0.00739773,0.0000424511,0.0646798
2020,5.24842e-7,0.00127072,0.218954,0.0000169492,0.00000865217,0.520974,0.00733674,0.0000424378,0.0638589
2021,5.44287e-7,0.00126859,0.220915,0.000016563,0.00000845653,0.523247,0.00735589,0.0000415649,0.0644841
2022,5.70298e-7,0.0012644,0.219848,0.0000165178,0.00000843325,0.519216,0.00730718,0.000041535,0.0637612
2023,6.00719e-7,0.00125067,0.219162,0.0000163697,0.00000835793,0.516161,0.00731057,0.0000407725,0.0636515
2024,6.39545e-7,0.00123373,0.216403,0.0000162587,0.00000830094,0.507802,0.00727253,0.0000403154,0.062804
