{
  "2019-01": {
    "adpe": 4.94841e-7,
    "ap": 0.00134278,
    "ctue": 0.226443,
    "ctuh-c": 0.0000179959,
    "ctuh-nc": 0.00000918563,
    "gwp": 0.537755,
    "ir": 0.00748382,
    "pm": 0.0000457695,
    "wu": 0.0662596
  },
  "2019-02": {
    "adpe": 5.04153e-7,
    "ap": 0.00135778,
    "ctue": 0.226955,
    "ctuh-c": 0.0000184119,
    "ctuh-nc": 0.00000939701,
    "gwp": 0.539314,
    "ir": 0.00745782,
    "pm": 0.0000468561,
    "wu": 0.0657125
  },
  "2019-03": {
    "adpe": 5.24409e-7,
    "ap": 0.00133091,
    "ctue": 0.22299,
    "ctuh-c": 0.0000184093,
    "ctuh-nc": 0.00000939494,
    "gwp": 0.528475,
    "ir": 0.0074077,
    "pm": 0.0000461641,
    "wu": 0.0649514
  },
  "2019-04": {
    "adpe": 5.33884e-7,
    "ap": 0.00133467,
    "ctue": 0.220803,
    "ctuh-c": 0.0000187521,
    "ctuh-nc": 0.00000956842,
    "gwp": 0.524169,
    "ir": 0.00736417,
    "pm": 0.000047126,
    "wu": 0.0638988
  },
  "2019-05": {
    "adpe": 5.35404e-7,
    "ap": 0.00131724,
    "ctue": 0.218899,
    "ctuh-c": 0.0000184785,
    "ctuh-nc": 0.00000942902,
    "gwp": 0.519462,
    "ir": 0.0073186,
    "pm": 0.0000463187,
    "wu": 0.0633621
  },
  "2019-06": {
    "adpe": 5.33142e-7,
    "ap": 0.00131782,
    "ctue": 0.220397,
    "ctuh-c": 0.0000179767,
    "ctuh-nc": 0.00000917434,
    "gwp": 0.524178,
    "ir": 0.00736966,
    "pm": 0.0000456425,
    "wu": 0.0638168
  },
  "2019-07": {
    "adpe": 5.25169e-7,
    "ap": 0.00130784,
    "ctue": 0.222793,
    "ctuh-c": 0.0000173819,
    "ctuh-nc": 0.00000887283,
    "gwp": 0.529809,
    "ir": 0.00741713,
    "pm": 0.0000440671,
    "wu": 0.06481
  },
  "2019-08": {
    "adpe": 5.27551e-7,
    "ap": 0.00131186,
    "ctue": 0.22323,
    "ctuh-c": 0.0000175172,
    "ctuh-nc": 0.00000894168,
    "gwp": 0.531089,
    "ir": 0.00743691,
    "pm": 0.0000442931,
    "wu": 0.0649878
  },
  "2019-09": {
    "adpe": 5.24722e-7,
    "ap": 0.0013226,
    "ctue": 0.221689,
    "ctuh-c": 0.0000180295,
    "ctuh-nc": 0.00000920139,
    "gwp": 0.528483,
    "ir": 0.00741876,
    "pm": 0.0000457053,
    "wu": 0.0643063
  },
  "2019-10": {
    "adpe": 5.16343e-7,
    "ap": 0.00131918,
    "ctue": 0.22045,
    "ctuh-c": 0.0000178272,
    "ctuh-nc": 0.00000909816,
    "gwp": 0.52552,
    "ir": 0.00740126,
    "pm": 0.000045663,
    "wu": 0.0640601
  },
  "2019-11": {
    "adpe": 5.05256e-7,
    "ap": 0.00133538,
    "ctue": 0.224572,
    "ctuh-c": 0.0000175571,
    "ctuh-nc": 0.00000896194,
    "gwp": 0.532953,
    "ir": 0.00741749,
    "pm": 0.0000454829,
    "wu": 0.0651656
  },
  "2019-12": {
    "adpe": 5.02177e-7,
    "ap": 0.00133624,
    "ctue": 0.227775,
    "ctuh-c": 0.0000171693,
    "ctuh-nc": 0.00000876584,
    "gwp": 0.538741,
    "ir": 0.0074604,
    "pm": 0.0000445148,
    "wu": 0.0663839
  },
  "2020-01": {
    "adpe": 5.07659e-7,
    "ap": 0.00133528,
    "ctue": 0.221882,
    "ctuh-c": 0.0000179824,
    "ctuh-nc": 0.00000917733,
    "gwp": 0.527867,
    "ir": 0.00744833,
    "pm": 0.0000463751,
    "wu": 0.0649479
  },
  "2020-02": {
    "adpe": 5.17652e-7,
    "ap": 0.00133677,
    "ctue": 0.221289,
    "ctuh-c": 0.000018203,
    "ctuh-nc": 0.00000928924,
    "gwp": 0.525501,
    "ir": 0.00736768,
    "pm": 0.0000467869,
    "wu": 0.0640579
  },
  "2020-03": {
    "adpe": 5.39775e-7,
    "ap": 0.00131583,
    "ctue": 0.217192,
    "ctuh-c": 0.0000184685,
    "ctuh-nc": 0.00000942338,
    "gwp": 0.515029,
    "ir": 0.0073296,
    "pm": 0.0000466198,
    "wu": 0.0632908
  },
  "2020-04": {
    "adpe": 5.61768e-7,
    "ap": 0.00133568,
    "ctue": 0.217803,
    "ctuh-c": 0.000019085,
    "ctuh-nc": 0.00000973676,
    "gwp": 0.516788,
    "ir": 0.00733945,
    "pm": 0.0000480295,
    "wu": 0.0630512
  },
  "2020-05": {
    "adpe": 5.62526e-7,
    "ap": 0.00132432,
    "ctue": 0.218377,
    "ctuh-c": 0.0000185197,
    "ctuh-nc": 0.00000944979,
    "gwp": 0.516594,
    "ir": 0.00730673,
    "pm": 0.0000468094,
    "wu": 0.0631215
  },
  "2020-06": {
    "adpe": 5.47152e-7,
    "ap": 0.00131196,
    "ctue": 0.218923,
    "ctuh-c": 0.0000177994,
    "ctuh-nc": 0.00000908384,
    "gwp": 0.519033,
    "ir": 0.00730254,
    "pm": 0.0000454718,
    "wu": 0.0631288
  },
  "2020-07": {
    "adpe": 5.3983e-7,
    "ap": 0.0012934,
    "ctue": 0.219499,
    "ctuh-c": 0.0000170587,
    "ctuh-nc": 0.00000870772,
    "gwp": 0.521246,
    "ir": 0.0073295,
    "pm": 0.0000436912,
    "wu": 0.0635684
  },
  "2020-08": {
    "adpe": 5.40951e-7,
    "ap": 0.00130364,
    "ctue": 0.222952,
    "ctuh-c": 0.0000169127,
    "ctuh-nc": 0.00000863444,
    "gwp": 0.52842,
    "ir": 0.00735859,
    "pm": 0.0000434015,
    "wu": 0.0643839
  },
  "2020-09": {
    "adpe": 5.38499e-7,
    "ap": 0.00131277,
    "ctue": 0.219439,
    "ctuh-c": 0.000017647,
    "ctuh-nc": 0.00000900651,
    "gwp": 0.521174,
    "ir": 0.00731516,
    "pm": 0.0000452841,
    "wu": 0.0632697
  },
  "2020-10": {
    "adpe": 5.29296e-7,
    "ap": 0.00130338,
    "ctue": 0.216969,
    "ctuh-c": 0.0000178881,
    "ctuh-nc": 0.00000912841,
    "gwp": 0.51438,
    "ir": 0.00725863,
    "pm": 0.000045533,
    "wu": 0.0627289
  },
  "2020-11": {
    "adpe": 5.2408e-7,
    "ap": 0.00133735,
    "ctue": 0.224842,
    "ctuh-c": 0.0000178686,
    "ctuh-nc": 0.00000912048,
    "gwp": 0.531575,
    "ir": 0.00737561,
    "pm": 0.0000457237,
    "wu": 0.0649912
  },
  "2020-12": {
    "adpe": 5.15889e-7,
    "ap": 0.00133936,
    "ctue": 0.229904,
    "ctuh-c": 0.0000171362,
    "ctuh-nc": 0.00000874975,
    "gwp": 0.541463,
    "ir": 0.00744174,
    "pm": 0.0000441424,
    "wu": 0.0667767
  },
  "2021-01": {
    "adpe": 5.24585e-7,
    "ap": 0.00133234,
    "ctue": 0.225359,
    "ctuh-c": 0.0000175582,
    "ctuh-nc": 0.00000896291,
    "gwp": 0.532244,
    "ir": 0.00741974,
    "pm": 0.0000450724,
    "wu": 0.0656496
  },
  "2021-02": {
    "adpe": 5.34921e-7,
    "ap": 0.00134293,
    "ctue": 0.226926,
    "ctuh-c": 0.0000174913,
    "ctuh-nc": 0.00000892924,
    "gwp": 0.535072,
    "ir": 0.00737845,
    "pm": 0.0000452838,
    "wu": 0.0653318
  },
  "2021-03": {
    "adpe": 5.62437e-7,
    "ap": 0.00132087,
    "ctue": 0.224237,
    "ctuh-c": 0.0000176324,
    "ctuh-nc": 0.00000900057,
    "gwp": 0.527494,
    "ir": 0.00738123,
    "pm": 0.0000446663,
    "wu": 0.0651336
  },
  "2021-04": {
    "adpe": 5.73293e-7,
    "ap": 0.00132467,
    "ctue": 0.222104,
    "ctuh-c": 0.0000181373,
    "ctuh-nc": 0.00000925644,
    "gwp": 0.524088,
    "ir": 0.00735432,
    "pm": 0.0000457364,
    "wu": 0.064137
  },
  "2021-05": {
    "adpe": 5.81755e-7,
    "ap": 0.00130553,
    "ctue": 0.218575,
    "ctuh-c": 0.0000178271,
    "ctuh-nc": 0.00000909801,
    "gwp": 0.514534,
    "ir": 0.00728428,
    "pm": 0.00004517,
    "wu": 0.0632062
  },
  "2021-06": {
    "adpe": 5.72332e-7,
    "ap": 0.00130841,
    "ctue": 0.221673,
    "ctuh-c": 0.0000172222,
    "ctuh-nc": 0.00000879136,
    "gwp": 0.523971,
    "ir": 0.00737371,
    "pm": 0.0000441615,
    "wu": 0.0642002
  },
  "2021-07": {
    "adpe": 5.63393e-7,
    "ap": 0.00129855,
    "ctue": 0.223603,
    "ctuh-c": 0.0000165978,
    "ctuh-nc": 0.00000847475,
    "gwp": 0.527722,
    "ir": 0.00738478,
    "pm": 0.0000426707,
    "wu": 0.0649214
  },
  "2021-08": {
    "adpe": 5.6357e-7,
    "ap": 0.00130333,
    "ctue": 0.223986,
    "ctuh-c": 0.000016717,
    "ctuh-nc": 0.00000853535,
    "gwp": 0.528808,
    "ir": 0.0073932,
    "pm": 0.0000429634,
    "wu": 0.0649687
  },
  "2021-09": {
    "adpe": 5.58471e-7,
    "ap": 0.00131158,
    "ctue": 0.220577,
    "ctuh-c": 0.0000175279,
    "ctuh-nc": 0.00000894643,
    "gwp": 0.521678,
    "ir": 0.00734945,
    "pm": 0.0000448281,
    "wu": 0.063951
  },
  "2021-10": {
    "adpe": 5.55019e-7,
    "ap": 0.00130847,
    "ctue": 0.218592,
    "ctuh-c": 0.0000177602,
    "ctuh-nc": 0.0000090638,
    "gwp": 0.516656,
    "ir": 0.00731922,
    "pm": 0.0000453579,
    "wu": 0.063427
  },
  "2021-11": {
    "adpe": 5.43297e-7,
    "ap": 0.0013238,
    "ctue": 0.221858,