year,adpe,ap,ctue,ctuh-c,ctuh-nc,gwp,ir,pm,wu
2019,1.40013e-7,0.0000468787,0.00796635,3.17882e-10,7.07698e-10,0.00378825,0.000359175,0.00000116415,0.00202927
2020,1.59342e-7,0.000049574,0.00853064,3.51473e-10,7.62646e-10,0.0040162,0.000392811,0.00000121747,0.00218317
2021,1.7933e-7,0.0000518834,0.00891865,3.87281e-10,8.0841e-10,0.00416072,0.00042081,0.00000126837,0.00232888
2022,2.08816e-7,0.0000535093,0.00958665,4.29282e-10,8.71064e-10,0.00438023,0.000467407,0.00000126762,0.00247772
2023,2.4153e-7,0.0000548225,0.0101536,4.66939e-10,9.32076e-10,0.00456729,0.000516362,0.00000125506,0.00262171
2024,2.42448e-7,0.0000559096,0.0105073,5.11036e-10,9.46348e-10,0.00461544,0.000514438,0.00000129561,0.00268833
