{
  "2019-01": {
    "adpe": 1.13915e-7,
    "ap": 0.000048082,
    "ctue": 0.00758334,
    "ctuh-c": 3.1973e-10,
    "ctuh-nc": 6.69747e-10,
    "gwp": 0.0036521,
    "ir": 0.000313169,
    "pm": 0.00000126845,
    "wu": 0.00200972
  },
  "2019-02": {
    "adpe": 1.21983e-7,
    "ap": 0.0000471683,
    "ctue": 0.00761032,
    "ctuh-c": 3.11767e-10,
    "ctuh-nc": 6.75788e-10,
    "gwp": 0.00366253,
    "ir": 0.000326651,
    "pm": 0.00000121835,
    "wu": 0.00199352
  },
  "2019-03": {
    "adpe": 1.4677e-7,
    "ap": 0.0000489628,
    "ctue": 0.00836429,
    "ctuh-c": 3.59354e-10,
    "ctuh-nc": 7.36742e-10,
    "gwp": 0.00389916,
    "ir": 0.000367956,
    "pm": 0.00000122797,
    "wu": 0.00214002
  },
  "2019-04": {
    "adpe": 1.57965e-7,
    "ap": 0.0000485696,
    "ctue": 0.00848955,
    "ctuh-c": 3.49816e-10,
    "ctuh-nc": 7.53697e-10,
    "gwp": 0.0039709,
    "ir": 0.000389531,
    "pm": 0.0000011851,
    "wu": 0.0021464
  },
  "2019-05": {
    "adpe": 1.63361e-7,
    "ap": 0.000048493,
    "ctue": 0.00868394,
    "ctuh-c": 3.49706e-10,
    "ctuh-nc": 7.67245e-10,
    "gwp": 0.00404672,
    "ir": 0.000402652,
    "pm": 0.00000116264,
    "wu": 0.00215546
  },
  "2019-06": {
    "adpe": 1.61611e-7,
    "ap": 0.0000476324,
    "ctue": 0.00832528,
    "ctuh-c": 3.21576e-10,
    "ctuh-nc": 7.50391e-10,
    "gwp": 0.00395986,
    "ir": 0.000398093,
    "pm": 0.00000114074,
    "wu": 0.00210563
  },
  "2019-07": {
    "adpe": 1.53003e-7,
    "ap": 0.0000470258,
    "ctue": 0.00801868,
    "ctuh-c": 3.04085e-10,
    "ctuh-nc": 7.2766e-10,
    "gwp": 0.00386424,
    "ir": 0.0003827,
    "pm": 0.00000114025,
    "wu": 0.00205491
  },
  "2019-08": {
    "adpe": 1.53902e-7,
    "ap": 0.0000474337,
    "ctue": 0.00795351,
    "ctuh-c": 3.02344e-10,
    "ctuh-nc": 7.28747e-10,
    "gwp": 0.0038592,
    "ir": 0.000382759,
    "pm": 0.00000115667,
    "wu": 0.00206947
  },
  "2019-09": {
    "adpe": 1.50444e-7,
    "ap": 0.0000469382,
    "ctue": 0.0080558,
    "ctuh-c": 3.18494e-10,
    "ctuh-nc": 7.23263e-10,
    "gwp": 0.00383316,
    "ir": 0.000375538,
    "pm": 0.00000114654,
    "wu": 0.002056
  },
  "2019-10": {
    "adpe": 1.44559e-7,
    "ap": 0.0000473459,
    "ctue": 0.00818431,
    "ctuh-c": 3.36032e-10,
    "ctuh-nc": 7.21311e-10,
    "gwp": 0.00384014,
    "ir": 0.000366138,
    "pm": 0.00000117123,
    "wu": 0.00206683
  },
  "2019-11": {
    "adpe": 1.30885e-7,
    "ap": 0.0000477733,
    "ctue": 0.00805515,
    "ctuh-c": 3.42874e-10,
    "ctuh-nc": 7.02105e-10,
    "gwp": 0.0037727,
    "ir": 0.000342112,
    "pm": 0.00000121748,
    "wu": 0.00205372
  },
  "2019-12": {
    "adpe": 1.258e-7,
    "ap": 0.0000485958,
    "ctue": 0.00799443,
    "ctuh-c": 3.54617e-10,
    "ctuh-nc": 6.96804e-10,
    "gwp": 0.00373973,
    "ir": 0.000330169,
    "pm": 0.00000126443,
    "wu": 0.00207702
  },
  "2020-01": {
    "adpe": 1.32577e-7,
    "ap": 0.0000494713,
    "ctue": 0.00807841,
    "ctuh-c": 3.52053e-10,
    "ctuh-nc": 7.13511e-10,
    "gwp": 0.0038141,
    "ir": 0.000343229,
    "pm": 0.00000127961,
    "wu": 0.00211923
  },
  "2020-02": {
    "adpe": 1.4431e-7,
    "ap": 0.0000497598,
    "ctue": 0.00854476,
    "ctuh-c": 3.80106e-10,
    "ctuh-nc": 7.42511e-10,
    "gwp": 0.00393324,
    "ir": 0.000363886,
    "pm": 0.0000012604,
    "wu": 0.00217361
  },
  "2020-03": {
    "adpe": 1.69346e-7,
    "ap": 0.0000518687,
    "ctue": 0.00908479,
    "ctuh-c": 4.02263e-10,
    "ctuh-nc": 8.01338e-10,
    "gwp": 0.00417023,
    "ir": 0.000407722,
    "pm": 0.00000127984,
    "wu": 0.00231413
  },
  "2020-04": {
    "adpe": 1.88381e-7,
    "ap": 0.0000531623,
    "ctue": 0.00903859,
    "ctuh-c": 3.82746e-10,
    "ctuh-nc": 8.31896e-10,
    "gwp": 0.00426957,
    "ir": 0.000438953,
    "pm": 0.00000129144,
    "wu": 0.00238796
  },
  "2020-05": {
    "adpe": 1.92316e-7,
    "ap": 0.0000530166,
    "ctue": 0.00920319,
    "ctuh-c": 3.86043e-10,
    "ctuh-nc": 8.41578e-10,
    "gwp": 0.0043212,
    "ir": 0.000448021,
    "pm": 0.00000127234,
    "wu": 0.00239391
  },
  "2020-06": {
    "adpe": 1.80019e-7,
    "ap": 0.0000503389,
    "ctue": 0.00890802,
    "ctuh-c": 3.57647e-10,
    "ctuh-nc": 8.04698e-10,
    "gwp": 0.00418728,
    "ir": 0.000430257,
    "pm": 0.000001196,
    "wu": 0.00225934
  },
  "2020-07": {
    "adpe": 1.74948e-7,
    "ap": 0.000049587,
    "ctue": 0.0086362,
    "ctuh-c": 3.32187e-10,
    "ctuh-nc": 7.87871e-10,
    "gwp": 0.00412533,
    "ir": 0.000423191,
    "pm": 0.00000117869,
    "wu": 0.00220644
  },
  "2020-08": {
    "adpe": 1.73402e-7,
    "ap": 0.0000498226,
    "ctue": 0.00851997,
    "ctuh-c": 3.32894e-10,
    "ctuh-nc": 7.82673e-10,
    "gwp": 0.00408633,
    "ir": 0.000417486,
    "pm": 0.00000119693,
    "wu": 0.00221165
  },
  "2020-09": {
    "adpe": 1.71231e-7,
    "ap": 0.0000499337,
    "ctue": 0.00864996,
    "ctuh-c": 3.38409e-10,
    "ctuh-nc": 7.85267e-10,
    "gwp": 0.00412086,
    "ir": 0.000416873,
    "pm": 0.00000119892,
    "wu": 0.00221314
  },
  "2020-10": {
    "adpe": 1.63544e-7,
    "ap": 0.0000500414,
    "ctue": 0.00909623,
    "ctuh-c": 3.85844e-10,
    "ctuh-nc": 7.87258e-10,
    "gwp": 0.00415263,
    "ir": 0.000404612,
    "pm": 0.00000121251,
    "wu": 0.0022292
  },
  "2020-11": {
    "adpe": 1.49191e-7,
    "ap": 0.0000506519,
    "ctue": 0.00855481,
    "ctuh-c": 3.7899e-10,
    "ctuh-nc": 7.53919e-10,
    "gwp": 0.00397471,
    "ir": 0.000371678,
    "pm": 0.00000128425,
    "wu": 0.00221335
  },
  "2020-12": {
    "adpe": 1.38596e-7,
    "ap": 0.0000511304,
    "ctue": 0.0083002,
    "ctuh-c": 3.78816e-10,
    "ctuh-nc": 7.34556e-10,
    "gwp": 0.00388484,
    "ir": 0.000350231,
    "pm": 0.00000133191,
    "wu": 0.00220508
  },
  "2021-01": {
    "adpe": 1.49812e-7,
    "ap": 0.0000520376,
    "ctue": 0.00858162,
    "ctuh-c": 3.9425e-10,
    "ctuh-nc": 7.61334e-10,
    "gwp": 0.00398945,
    "ir": 0.000369203,
    "pm": 0.00000133993,
    "wu": 0.00227049
  },
  "2021-02": {
    "adpe": 1.61004e-7,
    "ap": 0.0000524454,
    "ctue": 0.00874576,
    "ctuh-c": 3.97091e-10,
    "ctuh-nc": 7.82502e-10,
    "gwp": 0.00406832,
    "ir": 0.000388392,
    "pm": 0.00000133031,
    "wu": 0.00231142
  },
  "2021-03": {
    "adpe": 1.90039e-7,
    "ap": 0.0000543186,
    "ctue": 0.00931153,
    "ctuh-c": 4.3191e-10,
    "ctuh-nc": 8.4321e-10,
    "gwp": 0.00427705,
    "ir": 0.000433838,
    "pm": 0.00000134136,
    "wu": 0.00246275
  },
  "2021-04": {
    "adpe": 2.01233e-7,
    "ap": 0.0000542026,
    "ctue": 0.00937826,
    "ctuh-c": 4.22234e-10,
    "ctuh-nc": 8.59455e-10,
    "gwp": 0.00433657,
    "ir": 0.000453851,
    "pm": 0.00000131198,
    "wu": 0.0024784
  },
  "2021-05": {
    "adpe": 2.16138e-7,
    "ap": 0.00005502,
    "ctue": 0.00989597,
    "ctuh-c": 4.43442e-10,
    "ctuh-nc": 8.98474e-10,
    "gwp": 0.00451426,
    "ir": 0.000482992,
    "pm": 0.00000130017,
    "wu": 0.00255229
  },
  "2021-06": {
    "adpe": 2.05076e-7,
    "ap": 0.0000529323,
    "ctue": 0.00905805,
    "ctuh-c": 3.73389e-10,
    "ctuh-nc": 8.5161e-10,
    "gwp": 0.00431294,
    "ir": 0.000464559,
    "pm": 0.00000125348,
    "wu": 0.00241362
  },
  "2021-07": {
    "adpe": 1.96992e-7,
    "ap": 0.0000529327,
    "ctue": 0.00891758,
    "ctuh-c": 3.65565e-10,
    "ctuh-nc": 8.38205e-10,
    "gwp": 0.00427324,
    "ir": 0.000452192,
    "pm": 0.00000126906,
    "wu": 0.00238963
  },
  "2021-08": {
    "adpe": 1.96089e-7,
    "ap": 0.0000526663,
    "ctue": 0.00887689,
    "ctuh-c": 3.65571e-10,
    "ctuh-nc": 8.33932e-10,
    "gwp": 0.00424837,
    "ir": 0.000449539,
    "pm": 0.00000126334,
    "wu": 0.00237911
  },
  "2021-09": {
    "adpe": 1.905e-7,
    "ap": 0.0000525478,
    "ctue": 0.00897897,
    "ctuh-c": 3.70163e-10,
    "ctuh-nc": 8.3035e-10,
    "gwp": 0.00426375,
    "ir": 0.000443694,
    "pm": 0.00000126309,
    "wu": 0.0023645
  },
  "2021-10": {
    "adpe": 1.88231e-7,
    "ap": 0.0000526725,
    "ctue": 0.00943709,
    "ctuh-c": 4.25894e-10,
    "ctuh-nc": 8.37524e-10,