year,adpe,ap,ctue,ctuh-c,ctuh-nc,gwp,ir,pm,wu
2019,5.18403e-7,0.00132706,0.223065,0.0000178777,0.00000912464,0.52996,0.00741326,0.0000455324,0.0648119
2020,5.34754e-7,0.00132002,0.220798,0.0000177936,0.00000908135,0.523356,0.00734866,0.000045537,0.0639602
2021,5.55169e-7,0.00131631,0.22278,0.0000173601,0.00000886166,0.525594,0.0073688,0.0000445274,0.0646197
2022,5.83528e-7,0.00130852,0.221319,0.0000173201,0.00000884101,0.520626,0.00731529,0.0000443588,0.0638458
2023,6.17406e-7,0.00128599,0.22004,0.0000172144,0.00000878725,0.516288,0.00732102,0.0000432293,0.0637515
2024,6.5982e-7,0.00126536,0.217577,0.0000168959,0.0000086249,0.508553,0.00729811,0.0000423039,0.0631275
2025,7.03017e-7,0.00126735,0.215945,0.0000171968,0.00000877735,0.502562,0.00730359,0.0000430233,0.0626856
