{
  "2019-01": {
    "adpe": 4.94302e-7,
    "ap": 0.00134208,
    "ctue": 0.226411,
    "ctuh-c": 0.0000179078,
    "ctuh-nc": 0.00000914083,
    "gwp": 0.537687,
    "ir": 0.00748412,
    "pm": 0.0000456727,
    "wu": 0.0662553
  },
  "2019-02": {
    "adpe": 5.03615e-7,
    "ap": 0.00135713,
    "ctue": 0.226931,
    "ctuh-c": 0.0000183233,
    "ctuh-nc": 0.00000935195,
    "gwp": 0.539267,
    "ir": 0.00745832,
    "pm": 0.0000467598,
    "wu": 0.0657107
  },
  "2019-03": {
    "adpe": 5.23791e-7,
    "ap": 0.00133026,
    "ctue": 0.222969,
    "ctuh-c": 0.0000183129,
    "ctuh-nc": 0.00000934592,
    "gwp": 0.528436,
    "ir": 0.00740829,
    "pm": 0.0000460615,
    "wu": 0.06495
  },
  "2019-04": {
    "adpe": 5.33269e-7,
    "ap": 0.00133395,
    "ctue": 0.22077,
    "ctuh-c": 0.0000186583,
    "ctuh-nc": 0.00000952072,
    "gwp": 0.524095,
    "ir": 0.00736425,
    "pm": 0.0000470233,
    "wu": 0.0638934
  },
  "2019-05": {
    "adpe": 5.34795e-7,
    "ap": 0.00131649,
    "ctue": 0.218863,
    "ctuh-c": 0.0000183857,
    "ctuh-nc": 0.00000938186,
    "gwp": 0.519378,
    "ir": 0.00731852,
    "pm": 0.0000462164,
    "wu": 0.0633556
  },
  "2019-06": {
    "adpe": 5.32918e-7,
    "ap": 0.00131739,
    "ctue": 0.220352,
    "ctuh-c": 0.0000179567,
    "ctuh-nc": 0.00000916413,
    "gwp": 0.524089,
    "ir": 0.00736925,
    "pm": 0.0000456128,
    "wu": 0.0638083
  },
  "2019-07": {
    "adpe": 5.24674e-7,
    "ap": 0.00130714,
    "ctue": 0.222739,
    "ctuh-c": 0.0000173176,
    "ctuh-nc": 0.00000884013,
    "gwp": 0.529686,
    "ir": 0.00741645,
    "pm": 0.0000439919,
    "wu": 0.064798
  },
  "2019-08": {
    "adpe": 5.27068e-7,
    "ap": 0.00131117,
    "ctue": 0.223177,
    "ctuh-c": 0.0000174524,
    "ctuh-nc": 0.00000890875,
    "gwp": 0.530967,
    "ir": 0.00743623,
    "pm": 0.0000442181,
    "wu": 0.0649757
  },
  "2019-09": {
    "adpe": 5.24243e-7,
    "ap": 0.00132197,
    "ctue": 0.221647,
    "ctuh-c": 0.0000179627,
    "ctuh-nc": 0.00000916739,
    "gwp": 0.528389,
    "ir": 0.00741842,
    "pm": 0.0000456301,
    "wu": 0.0642973
  },
  "2019-10": {
    "adpe": 5.15927e-7,
    "ap": 0.00131863,
    "ctue": 0.220417,
    "ctuh-c": 0.000017764,
    "ctuh-nc": 0.00000906598,
    "gwp": 0.525456,
    "ir": 0.00740148,
    "pm": 0.0000455931,
    "wu": 0.0640551
  },
  "2019-11": {
    "adpe": 5.04858e-7,
    "ap": 0.00133484,
    "ctue": 0.224539,
    "ctuh-c": 0.0000174951,
    "ctuh-nc": 0.00000893043,
    "gwp": 0.532891,
    "ir": 0.00741778,
    "pm": 0.0000454146,
    "wu": 0.0651607
  },
  "2019-12": {
    "adpe": 5.0174e-7,
    "ap": 0.00133568,
    "ctue": 0.227745,
    "ctuh-c": 0.0000170997,
    "ctuh-nc": 0.00000873045,
    "gwp": 0.538686,
    "ir": 0.00746084,
    "pm": 0.0000444388,
    "wu": 0.0663804
  },
  "2020-01": {
    "adpe": 5.07248e-7,
    "ap": 0.00133492,
    "ctue": 0.221869,
    "ctuh-c": 0.000017917,
    "ctuh-nc": 0.00000914406,
    "gwp": 0.527826,
    "ir": 0.00744842,
    "pm": 0.0000463101,
    "wu": 0.0649461
  },
  "2020-02": {
    "adpe": 5.17285e-7,
    "ap": 0.00133682,
    "ctue": 0.221337,
    "ctuh-c": 0.0000181381,
    "ctuh-nc": 0.00000925626,
    "gwp": 0.525563,
    "ir": 0.00736806,
    "pm": 0.0000467324,
    "wu": 0.0640696
  },
  "2020-03": {
    "adpe": 5.39358e-7,
    "ap": 0.00131585,
    "ctue": 0.217234,
    "ctuh-c": 0.0000184005,
    "ctuh-nc": 0.00000938883,
    "gwp": 0.515065,
    "ir": 0.00732948,
    "pm": 0.0000465616,
    "wu": 0.0633003
  },
  "2020-04": {
    "adpe": 5.61403e-7,
    "ap": 0.00133574,
    "ctue": 0.217844,
    "ctuh-c": 0.0000190259,
    "ctuh-nc": 0.00000970672,
    "gwp": 0.516776,
    "ir": 0.00733802,
    "pm": 0.00004798,
    "wu": 0.063057
  },
  "2020-05": {
    "adpe": 5.62068e-7,
    "ap": 0.00132377,
    "ctue": 0.21836,
    "ctuh-c": 0.0000184547,
    "ctuh-nc": 0.00000941674,
    "gwp": 0.516559,
    "ir": 0.00730702,
    "pm": 0.0000467341,
    "wu": 0.0631221
  },
  "2020-06": {
    "adpe": 5.46767e-7,
    "ap": 0.00131129,
    "ctue": 0.218879,
    "ctuh-c": 0.0000177503,
    "ctuh-nc": 0.00000905889,
    "gwp": 0.518969,
    "ir": 0.00730302,
    "pm": 0.0000454079,
    "wu": 0.063124
  },
  "2020-07": {
    "adpe": 5.39302e-7,
    "ap": 0.00129237,
    "ctue": 0.219416,
    "ctuh-c": 0.0000169962,
    "ctuh-nc": 0.00000867594,
    "gwp": 0.521134,
    "ir": 0.00733035,
    "pm": 0.0000436053,
    "wu": 0.0635571
  },
  "2020-08": {
    "adpe": 5.4039e-7,
    "ap": 0.00130247,
    "ctue": 0.222856,
    "ctuh-c": 0.000016842,
    "ctuh-nc": 0.00000859849,
    "gwp": 0.528296,
    "ir": 0.00735972,
    "pm": 0.0000433048,
    "wu": 0.0643706
  },
  "2020-09": {
    "adpe": 5.37906e-7,
    "ap": 0.00131198,
    "ctue": 0.219379,
    "ctuh-c": 0.0000175751,
    "ctuh-nc": 0.00000896991,
    "gwp": 0.521083,
    "ir": 0.00731557,
    "pm": 0.0000452001,
    "wu": 0.0632598
  },
  "2020-10": {
    "adpe": 5.28719e-7,
    "ap": 0.0013025,
    "ctue": 0.216906,
    "ctuh-c": 0.0000178058,
    "ctuh-nc": 0.00000908657,
    "gwp": 0.514295,
    "ir": 0.00725961,
    "pm": 0.0000454368,
    "wu": 0.0627206
  },
  "2020-11": {
    "adpe": 5.23631e-7,
    "ap": 0.00133669,
    "ctue": 0.224798,
    "ctuh-c": 0.0000177976,
    "ctuh-nc": 0.00000908439,
    "gwp": 0.531495,
    "ir": 0.00737602,
    "pm": 0.0000456442,
    "wu": 0.0649847
  },
  "2020-12": {
    "adpe": 5.15431e-7,
    "ap": 0.00133862,
    "ctue": 0.229852,
    "ctuh-c": 0.0000170668,
    "ctuh-nc": 0.00000871447,
    "gwp": 0.541381,
    "ir": 0.00744239,
    "pm": 0.0000440617,
    "wu": 0.0667695
  },
  "2021-01": {
    "adpe": 5.23997e-7,
    "ap": 0.00133185,
    "ctue": 0.225348,
    "ctuh-c": 0.0000174729,
    "ctuh-nc": 0.00000891956,
    "gwp": 0.532215,
    "ir": 0.00742002,
    "pm": 0.0000449857,
    "wu": 0.0656474
  },
  "2021-02": {
    "adpe": 5.34335e-7,
    "ap": 0.00134262,
    "ctue": 0.22693,
    "ctuh-c": 0.0000174264,
    "ctuh-nc": 0.00000889626,
    "gwp": 0.535088,
    "ir": 0.00737903,
    "pm": 0.0000452199,
    "wu": 0.0653336
  },
  "2021-03": {
    "adpe": 5.61784e-7,
    "ap": 0.00132042,
    "ctue": 0.224237,
    "ctuh-c": 0.0000175598,
    "ctuh-nc": 0.00000896365,
    "gwp": 0.527504,
    "ir": 0.00738186,
    "pm": 0.0000445891,
    "wu": 0.0651366
  },
  "2021-04": {
    "adpe": 5.72603e-7,
    "ap": 0.00132429,
    "ctue": 0.222112,
    "ctuh-c": 0.0000180661,
    "ctuh-nc": 0.00000922028,
    "gwp": 0.524115,
    "ir": 0.00735488,
    "pm": 0.0000456624,
    "wu": 0.0641405
  },
  "2021-05": {
    "adpe": 5.81025e-7,
    "ap": 0.0013051,
    "ctue": 0.218581,
    "ctuh-c": 0.0000177469,
    "ctuh-nc": 0.00000905724,
    "gwp": 0.514551,
    "ir": 0.00728469,
    "pm": 0.0000450863,
    "wu": 0.0632093
  },
  "2021-06": {
    "adpe": 5.71496e-7,
    "ap": 0.001308,
    "ctue": 0.221681,
    "ctuh-c": 0.0000171371,
    "ctuh-nc": 0.00000874808,
    "gwp": 0.523998,
    "ir": 0.00737421,
    "pm": 0.0000440756,
    "wu": 0.0642029
  },
  "2021-07": {
    "adpe": 5.62566e-7,
    "ap": 0.00129797,
    "ctue": 0.223602,
    "ctuh-c": 0.0000165228,
    "ctuh-nc": 0.00000843661,
    "gwp": 0.527737,
    "ir": 0.0073853,
    "pm": 0.0000425841,
    "wu": 0.0649253
  },
  "2021-08": {
    "adpe": 5.62761e-7,
    "ap": 0.00130292,
    "ctue": 0.223995,
    "ctuh-c": 0.0000166408,
    "ctuh-nc": 0.00000849664,
    "gwp": 0.528837,
    "ir": 0.00739361,
    "pm": 0.0000428843,
    "wu": 0.0649722
  },
  "2021-09": {
    "adpe": 5.57626e-7,
    "ap": 0.00131116,
    "ctue": 0.220578,
    "ctuh-c": 0.0000174542,
    "ctuh-nc": 0.00000890893,
    "gwp": 0.521688,
    "ir": 0.00734966,
    "pm": 0.0000447524,
    "wu": 0.063951
  },
  "2021-10": {
    "adpe": 5.54223e-7,
    "ap": 0.001308,
    "ctue": 0.218591,
    "ctuh-c": 0.0000176849,
    "ctuh-nc": 0.00000902553,
    "gwp": 0.516651,
    "ir": 0.00731929,
    "pm": 0.0000452797,
    "wu": 0.0634247
  },
  "2021-11": {
    "adpe": 5.42709e-7,
    "ap": 0.00132325,
    "ctue": 0.221845,