year,adpe,ap,ctue,ctuh-c,ctuh-nc,gwp,ir,pm,wu
2019,5.09824e-7,0.00127796,0.22118,0.0000170387,0.00000869821,0.527319,0.00739765,0.0000424558,0.0646797
2020,5.24747e-7,0.00127084,0.218964,0.0000169495,0.00000865232,0.521003,0.0073367,0.0000424427,0.0638594
2021,5.44198e-7,0.00126867,0.220921,0.000016563,0.00000845651,0.523262,0.00735578,0.0000415686,0.0644838
2022,5.7021e-7,0.00126448,0.219853,0.0000165175,0.0000084331,0.519227,0.00730703,0.0000415385,0.0637602
2023,6.00737e-7,0.00125127,0.219189,0.0000163689,0.00000835756,0.516216,0.00731069,0.0000408013,0.0636501
2024,6.25385e-7,0.0012494,0.218356,0.0000163227,0.00000833381,0.512224,0.0072866,0.0000408605,0.0632853
