{
  "2019-01": {
    "adpe": 4.94876e-7,
    "ap": 0.0013428,
    "ctue": 0.226443,
    "ctuh-c": 0.000018002,
    "ctuh-nc": 0.00000918874,
    "gwp": 0.537754,
    "ir": 0.00748379,
    "pm": 0.0000457755,
    "wu": 0.0662594
  },
  "2019-02": {
    "adpe": 5.04153e-7,
    "ap": 0.00135778,
    "ctue": 0.226955,
    "ctuh-c": 0.0000184119,
    "ctuh-nc": 0.00000939701,
    "gwp": 0.539314,
    "ir": 0.00745782,
    "pm": 0.0000468561,
    "wu": 0.0657125
  },
  "2019-03": {
    "adpe": 5.24409e-7,
    "ap": 0.00133091,
    "ctue": 0.22299,
    "ctuh-c": 0.0000184093,
    "ctuh-nc": 0.00000939494,
    "gwp": 0.528475,
    "ir": 0.0074077,
    "pm": 0.0000461641,
    "wu": 0.0649514
  },
  "2019-04": {
    "adpe": 5.33884e-7,
    "ap": 0.00133467,
    "ctue": 0.220803,
    "ctuh-c": 0.0000187521,
    "ctuh-nc": 0.00000956842,
    "gwp": 0.524169,
    "ir": 0.00736417,
    "pm": 0.000047126,
    "wu": 0.0638988
  },
  "2019-05": {
    "adpe": 5.35404e-7,
    "ap": 0.00131724,
    "ctue": 0.218899,
    "ctuh-c": 0.0000184785,
    "ctuh-nc": 0.00000942902,
    "gwp": 0.519462,
    "ir": 0.0073186,
    "pm": 0.0000463187,
    "wu": 0.0633621
  },
  "2019-06": {
    "adpe": 5.33142e-7,
    "ap": 0.00131782,
    "ctue": 0.220397,
    "ctuh-c": 0.0000179767,
    "ctuh-nc": 0.00000917434,
    "gwp": 0.524178,
    "ir": 0.00736966,
    "pm": 0.0000456425,
    "wu": 0.0638168
  },
  "2019-07": {
    "adpe": 5.25203e-7,
    "ap": 0.00130787,
    "ctue": 0.222792,
    "ctuh-c": 0.0000173879,
    "ctuh-nc": 0.00000887588,
    "gwp": 0.529808,
    "ir": 0.00741711,
    "pm": 0.000044073,
    "wu": 0.0648099
  },
  "2019-08": {
    "adpe": 5.27582e-7,
    "ap": 0.00131189,
    "ctue": 0.223229,
    "ctuh-c": 0.0000175225,
    "ctuh-nc": 0.0000089444,
    "gwp": 0.531089,
    "ir": 0.00743689,
    "pm": 0.0000442984,
    "wu": 0.0649878
  },
  "2019-09": {
    "adpe": 5.24761e-7,
    "ap": 0.00132263,
    "ctue": 0.221689,
    "ctuh-c": 0.0000180362,
    "ctuh-nc": 0.00000920477,
    "gwp": 0.528483,
    "ir": 0.00741874,
    "pm": 0.0000457119,
    "wu": 0.0643063
  },
  "2019-10": {
    "adpe": 5.16343e-7,
    "ap": 0.00131918,
    "ctue": 0.22045,
    "ctuh-c": 0.0000178272,
    "ctuh-nc": 0.00000909816,
    "gwp": 0.52552,
    "ir": 0.00740126,
    "pm": 0.000045663,
    "wu": 0.0640601
  },
  "2019-11": {
    "adpe": 5.0529e-7,
    "ap": 0.0013354,
    "ctue": 0.224572,
    "ctuh-c": 0.0000175629,
    "ctuh-nc": 0.00000896492,
    "gwp": 0.532953,
    "ir": 0.00741747,
    "pm": 0.0000454887,
    "wu": 0.0651654
  },
  "2019-12": {
    "adpe": 5.02177e-7,
    "ap": 0.00133624,
    "ctue": 0.227775,
    "ctuh-c": 0.0000171693,
    "ctuh-nc": 0.00000876584,
    "gwp": 0.538741,
    "ir": 0.0074604,
    "pm": 0.0000445148,
    "wu": 0.0663839
  },
  "2020-01": {
    "adpe": 5.07658e-7,
    "ap": 0.0013353,
    "ctue": 0.221883,
    "ctuh-c": 0.0000179824,
    "ctuh-nc": 0.00000917733,
    "gwp": 0.52787,
    "ir": 0.00744834,
    "pm": 0.0000463759,
    "wu": 0.064948
  },
  "2020-02": {
    "adpe": 5.1765e-7,
    "ap": 0.0013368,
    "ctue": 0.221291,
    "ctuh-c": 0.000018203,
    "ctuh-nc": 0.00000928921,
    "gwp": 0.525505,
    "ir": 0.0073677,
    "pm": 0.0000467883,
    "wu": 0.0640579
  },
  "2020-03": {
    "adpe": 5.3976e-7,
    "ap": 0.00131582,
    "ctue": 0.217191,
    "ctuh-c": 0.0000184687,
    "ctuh-nc": 0.00000942348,
    "gwp": 0.515029,
    "ir": 0.00732961,
    "pm": 0.0000466189,
    "wu": 0.0632911
  },
  "2020-04": {
    "adpe": 5.6175e-7,
    "ap": 0.00133559,
    "ctue": 0.2178,
    "ctuh-c": 0.0000190855,
    "ctuh-nc": 0.00000973702,
    "gwp": 0.516783,
    "ir": 0.00733947,
    "pm": 0.0000480256,
    "wu": 0.0630519
  },
  "2020-05": {
    "adpe": 5.62545e-7,
    "ap": 0.00132427,
    "ctue": 0.218373,
    "ctuh-c": 0.000018526,
    "ctuh-nc": 0.00000945302,
    "gwp": 0.51659,
    "ir": 0.00730673,
    "pm": 0.0000468117,
    "wu": 0.0631221
  },
  "2020-06": {
    "adpe": 5.47132e-7,
    "ap": 0.00131193,
    "ctue": 0.218923,
    "ctuh-c": 0.0000177996,
    "ctuh-nc": 0.00000908395,
    "gwp": 0.519033,
    "ir": 0.00730255,
    "pm": 0.0000454707,
    "wu": 0.0631291
  },
  "2020-07": {
    "adpe": 5.39805e-7,
    "ap": 0.00129334,
    "ctue": 0.219497,
    "ctuh-c": 0.0000170591,
    "ctuh-nc": 0.00000870796,
    "gwp": 0.521244,
    "ir": 0.00732952,
    "pm": 0.0000436881,
    "wu": 0.0635692
  },
  "2020-08": {
    "adpe": 5.40937e-7,
    "ap": 0.00130358,
    "ctue": 0.22295,
    "ctuh-c": 0.0000169131,
    "ctuh-nc": 0.00000863463,
    "gwp": 0.528418,
    "ir": 0.00735861,
    "pm": 0.0000433987,
    "wu": 0.0643846
  },
  "2020-09": {
    "adpe": 5.38464e-7,
    "ap": 0.0013128,
    "ctue": 0.219441,
    "ctuh-c": 0.000017647,
    "ctuh-nc": 0.00000900651,
    "gwp": 0.52118,
    "ir": 0.00731514,
    "pm": 0.0000452858,
    "wu": 0.0632699
  },
  "2020-10": {
    "adpe": 5.29294e-7,
    "ap": 0.00130341,
    "ctue": 0.21697,
    "ctuh-c": 0.000017888,
    "ctuh-nc": 0.00000912837,
    "gwp": 0.514382,
    "ir": 0.00725862,
    "pm": 0.000045534,
    "wu": 0.0627288
  },
  "2020-11": {
    "adpe": 5.24094e-7,
    "ap": 0.00133732,
    "ctue": 0.22484,
    "ctuh-c": 0.0000178686,
    "ctuh-nc": 0.0000091205,
    "gwp": 0.531571,
    "ir": 0.00737561,
    "pm": 0.0000457223,
    "wu": 0.0649912
  },
  "2020-12": {
    "adpe": 5.15913e-7,
    "ap": 0.00133934,
    "ctue": 0.229903,
    "ctuh-c": 0.0000171362,
    "ctuh-nc": 0.00000874975,
    "gwp": 0.54146,
    "ir": 0.00744177,
    "pm": 0.0000441417,
    "wu": 0.0667767
  },
  "2021-01": {
    "adpe": 5.24637e-7,
    "ap": 0.00133231,
    "ctue": 0.225356,
    "ctuh-c": 0.0000175581,
    "ctuh-nc": 0.00000896287,
    "gwp": 0.532237,
    "ir": 0.00741976,
    "pm": 0.0000450709,
    "wu": 0.0656493
  },
  "2021-02": {
    "adpe": 5.34948e-7,
    "ap": 0.0013429,
    "ctue": 0.226924,
    "ctuh-c": 0.0000174914,
    "ctuh-nc": 0.00000892927,
    "gwp": 0.535069,
    "ir": 0.00737848,
    "pm": 0.0000452826,
    "wu": 0.0653318
  },
  "2021-03": {
    "adpe": 5.62445e-7,
    "ap": 0.00132075,
    "ctue": 0.224232,
    "ctuh-c": 0.0000176329,
    "ctuh-nc": 0.00000900079,
    "gwp": 0.527483,
    "ir": 0.00738124,
    "pm": 0.0000446607,
    "wu": 0.0651342
  },
  "2021-04": {
    "adpe": 5.73287e-7,
    "ap": 0.00132458,
    "ctue": 0.2221,
    "ctuh-c": 0.0000181377,
    "ctuh-nc": 0.00000925666,
    "gwp": 0.52408,
    "ir": 0.00735433,
    "pm": 0.000045732,
    "wu": 0.0641375
  },
  "2021-05": {
    "adpe": 5.81734e-7,
    "ap": 0.00130547,
    "ctue": 0.218572,
    "ctuh-c": 0.0000178274,
    "ctuh-nc": 0.00000909817,
    "gwp": 0.51453,
    "ir": 0.00728428,
    "pm": 0.0000451674,
    "wu": 0.0632067
  },
  "2021-06": {
    "adpe": 5.72269e-7,
    "ap": 0.0013084,
    "ctue": 0.221674,
    "ctuh-c": 0.0000172226,
    "ctuh-nc": 0.00000879156,
    "gwp": 0.523976,
    "ir": 0.0073737,
    "pm": 0.0000441607,
    "wu": 0.064201
  },
  "2021-07": {
    "adpe": 5.6338e-7,
    "ap": 0.00129838,
    "ctue": 0.223597,
    "ctuh-c": 0.0000165988,
    "ctuh-nc": 0.00000847524,
    "gwp": 0.527714,
    "ir": 0.00738485,
    "pm": 0.0000426625,
    "wu": 0.064923
  },
  "2021-08": {
    "adpe": 5.6352e-7,
    "ap": 0.00130332,
    "ctue": 0.223987,
    "ctuh-c": 0.0000167173,
    "ctuh-nc": 0.0000085355,
    "gwp": 0.528813,
    "ir": 0.00739319,
    "pm": 0.0000429631,
    "wu": 0.0649693
  },
  "2021-09": {
    "adpe": 5.58405e-7,
    "ap": 0.0013116,
    "ctue": 0.220579,
    "ctuh-c": 0.0000175281,
    "ctuh-nc": 0.00000894652,
    "gwp": 0.521685,
    "ir": 0.00734943,
    "pm": 0.0000448291,
    "wu": 0.0639514
  },
  "2021-10": {
    "adpe": 5.5498e-7,
    "ap": 0.00130845,
    "ctue": 0.218592,
    "ctuh-c": 0.0000177604,
    "ctuh-nc": 0.00000906392,
    "gwp": 0.516657,
    "ir": 0.00731921,
    "pm": 0.000045357,
    "wu": 0.0634273
  },
  "2021-11": {
    "adpe": 5.43342e-7,
    "ap": 0.00132371,
    "ctue": 0.221853,
    "ctuh-c": 0.0000177156,