year,adpe,ap,ctue,ctuh-c,ctuh-nc,gwp,ir,pm,wu
2019,0.0000016292400416592249,0.0003010934317565671,0.04421712530551005,1.8967918351786624e-9,5.1018362924509445e-9,0.022945443850400392,0.0031027782877248882,0.000006815052866562479,0.014722145653677245
2020,0.0000016741742145600369,0.0003018254492777321,0.04466024893200069,1.9256752354590367e-9,5.169488707957312e-9,0.023104653834499455,0.003166535735028903,0.000006767491345800658,0.014871070572310808
2021,0.000001714757878781237,0.00030328928316006667,0.04561933069036075,2.0306195479410317e-9,5.244421519611131e-9,0.023267856968963965,0.00321537785766386,0.000006763108816041661,0.015084265135646096
2022,0.000001768017222632739,0.00030149336075607503,0.04629844768293877,2.082773654988015e-9,5.311794407254854e-9,0.023377297982615026,0.0032876655555989904,0.0000066120542192965876,0.015186212610517679
2023,0.0000018436496802517857,0.0003009074153997268,0.04704184118100626,2.1284747672301486e-9,5.41518032527764e-9,0.023592456690225166,0.0033945299079542897,0.000006465487456725132,0.015375867820913203
