year,adpe,ap,ctue,ctuh-c,ctuh-nc,gwp,ir,pm,wu
2019,5.20282e-7,0.00132818,0.223043,0.0000181924,0.00000928464,0.529953,0.00741212,0.000045828,0.0648127
2020,5.36648e-7,0.0013211,0.220768,0.0000181083,0.00000924133,0.523326,0.0073472,0.0000458318,0.0639582
2021,5.57212e-7,0.00131721,0.222721,0.0000176734,0.00000902095,0.5255,0.00736716,0.0000448165,0.0646126
2022,5.85594e-7,0.00130955,0.22124,0.0000176174,0.00000899212,0.5205,0.00731399,0.0000446476,0.0638326
2023,6.19757e-7,0.00128665,0.219917,0.0000175023,0.00000893361,0.516051,0.00731951,0.0000435006,0.0637273
2024,6.62222e-7,0.00126575,0.21736,0.0000171763,0.00000876742,0.508098,0.00729541,0.0000425779,0.0630733
2025,7.3185e-7,0.00124604,0.214272,0.0000169863,0.00000867023,0.49852,0.00728884,0.000041904,0.0622376
