{
  "2019-01": {
    "adpe": 1.1608e-7,
    "ap": 0.0000481995,
    "ctue": 0.0076155,
    "ctuh-c": 3.21326e-10,
    "ctuh-nc": 6.73906e-10,
    "gwp": 0.00366593,
    "ir": 0.000316568,
    "pm": 0.00000126854,
    "wu": 0.00201963
  },
  "2019-02": {
    "adpe": 1.23954e-7,
    "ap": 0.000047275,
    "ctue": 0.00763706,
    "ctuh-c": 3.1303e-10,
    "ctuh-nc": 6.79503e-10,
    "gwp": 0.00367469,
    "ir": 0.000329731,
    "pm": 0.00000121847,
    "wu": 0.00200242
  },
  "2019-03": {
    "adpe": 1.48972e-7,
    "ap": 0.0000490469,
    "ctue": 0.00839885,
    "ctuh-c": 3.61163e-10,
    "ctuh-nc": 7.40802e-10,
    "gwp": 0.00391224,
    "ir": 0.000371381,
    "pm": 0.00000122679,
    "wu": 0.00214907
  },
  "2019-04": {
    "adpe": 1.58798e-7,
    "ap": 0.0000486182,
    "ctue": 0.00850914,
    "ctuh-c": 3.51033e-10,
    "ctuh-nc": 7.55507e-10,
    "gwp": 0.00397737,
    "ir": 0.00039086,
    "pm": 0.00000118515,
    "wu": 0.00215071
  },
  "2019-05": {
    "adpe": 1.63216e-7,
    "ap": 0.0000484891,
    "ctue": 0.0086885,
    "ctuh-c": 3.50112e-10,
    "ctuh-nc": 7.67175e-10,
    "gwp": 0.00404703,
    "ir": 0.000402462,
    "pm": 0.00000116265,
    "wu": 0.00215524
  },
  "2019-06": {
    "adpe": 1.60886e-7,
    "ap": 0.0000475942,
    "ctue": 0.00831472,
    "ctuh-c": 3.20866e-10,
    "ctuh-nc": 7.49045e-10,
    "gwp": 0.00395582,
    "ir": 0.000397022,
    "pm": 0.00000114064,
    "wu": 0.00210223
  },
  "2019-07": {
    "adpe": 1.52018e-7,
    "ap": 0.0000469761,
    "ctue": 0.00800362,
    "ctuh-c": 3.02965e-10,
    "ctuh-nc": 7.25842e-10,
    "gwp": 0.00385899,
    "ir": 0.000381276,
    "pm": 0.00000114015,
    "wu": 0.00205024
  },
  "2019-08": {
    "adpe": 1.52703e-7,
    "ap": 0.0000473695,
    "ctue": 0.00793396,
    "ctuh-c": 3.00992e-10,
    "ctuh-nc": 7.2646e-10,
    "gwp": 0.0038522,
    "ir": 0.000380981,
    "pm": 0.00000115649,
    "wu": 0.00206368
  },
  "2019-09": {
    "adpe": 1.48971e-7,
    "ap": 0.0000468601,
    "ctue": 0.00803226,
    "ctuh-c": 3.16982e-10,
    "ctuh-nc": 7.20452e-10,
    "gwp": 0.00382435,
    "ir": 0.00037332,
    "pm": 0.00000114641,
    "wu": 0.00204902
  },
  "2019-10": {
    "adpe": 1.42977e-7,
    "ap": 0.0000472619,
    "ctue": 0.00815957,
    "ctuh-c": 3.34689e-10,
    "ctuh-nc": 7.18263e-10,
    "gwp": 0.00383012,
    "ir": 0.000363677,
    "pm": 0.00000117121,
    "wu": 0.00205952
  },
  "2019-11": {
    "adpe": 1.29702e-7,
    "ap": 0.0000477485,
    "ctue": 0.00803935,
    "ctuh-c": 3.42142e-10,
    "ctuh-nc": 7.00116e-10,
    "gwp": 0.00376671,
    "ir": 0.00034029,
    "pm": 0.00000121881,
    "wu": 0.00204967
  },
  "2019-12": {
    "adpe": 1.25291e-7,
    "ap": 0.0000485694,
    "ctue": 0.00798685,
    "ctuh-c": 3.54228e-10,
    "ctuh-nc": 6.95835e-10,
    "gwp": 0.00373655,
    "ir": 0.000329375,
    "pm": 0.00000126444,
    "wu": 0.00207472
  },
  "2020-01": {
    "adpe": 1.33275e-7,
    "ap": 0.000049518,
    "ctue": 0.00808857,
    "ctuh-c": 3.52486e-10,
    "ctuh-nc": 7.14911e-10,
    "gwp": 0.003819,
    "ir": 0.000344353,
    "pm": 0.00000127992,
    "wu": 0.00212265
  },
  "2020-02": {
    "adpe": 1.45807e-7,
    "ap": 0.0000498578,
    "ctue": 0.008563,
    "ctuh-c": 3.80872e-10,
    "ctuh-nc": 7.45383e-10,
    "gwp": 0.00394279,
    "ir": 0.000366239,
    "pm": 0.00000126112,
    "wu": 0.0021808
  },
  "2020-03": {
    "adpe": 1.72256e-7,
    "ap": 0.0000520452,
    "ctue": 0.00913057,
    "ctuh-c": 4.04648e-10,
    "ctuh-nc": 8.07101e-10,
    "gwp": 0.00418973,
    "ir": 0.000412303,
    "pm": 0.00000128059,
    "wu": 0.00232822
  },
  "2020-04": {
    "adpe": 1.91581e-7,
    "ap": 0.0000533332,
    "ctue": 0.00908769,
    "ctuh-c": 3.84945e-10,
    "ctuh-nc": 8.38119e-10,
    "gwp": 0.00429094,
    "ir": 0.000444079,
    "pm": 0.00000129128,
    "wu": 0.0024024
  },
  "2020-05": {
    "adpe": 1.94348e-7,
    "ap": 0.0000531296,
    "ctue": 0.00923177,
    "ctuh-c": 3.87354e-10,
    "ctuh-nc": 8.45466e-10,
    "gwp": 0.00433419,
    "ir": 0.000451227,
    "pm": 0.00000127251,
    "wu": 0.00240319
  },
  "2020-06": {
    "adpe": 1.80013e-7,
    "ap": 0.000050333,
    "ctue": 0.00891133,
    "ctuh-c": 3.58004e-10,
    "ctuh-nc": 8.04728e-10,
    "gwp": 0.00418734,
    "ir": 0.000430226,
    "pm": 0.00000119579,
    "wu": 0.00225937
  },
  "2020-07": {
    "adpe": 1.72309e-7,
    "ap": 0.000049433,
    "ctue": 0.00861123,
    "ctuh-c": 3.31674e-10,
    "ctuh-nc": 7.83068e-10,
    "gwp": 0.0041095,
    "ir": 0.000418996,
    "pm": 0.00000117812,
    "wu": 0.00219493
  },
  "2020-08": {
    "adpe": 1.69697e-7,
    "ap": 0.0000496463,
    "ctue": 0.00848011,
    "ctuh-c": 3.31767e-10,
    "ctuh-nc": 7.76043e-10,
    "gwp": 0.00406474,
    "ir": 0.000411614,
    "pm": 0.00000119763,
    "wu": 0.00219653
  },
  "2020-09": {
    "adpe": 1.68013e-7,
    "ap": 0.0000497559,
    "ctue": 0.0086133,
    "ctuh-c": 3.37086e-10,
    "ctuh-nc": 7.79337e-10,
    "gwp": 0.00410148,
    "ir": 0.000411807,
    "pm": 0.00000119858,
    "wu": 0.00219898
  },
  "2020-10": {
    "adpe": 1.62554e-7,
    "ap": 0.0000499828,
    "ctue": 0.00907581,
    "ctuh-c": 3.84615e-10,
    "ctuh-nc": 7.85181e-10,
    "gwp": 0.00414538,
    "ir": 0.000403047,
    "pm": 0.00000121237,
    "wu": 0.00222419
  },
  "2020-11": {
    "adpe": 1.4949e-7,
    "ap": 0.0000506647,
    "ctue": 0.00854431,
    "ctuh-c": 3.77707e-10,
    "ctuh-nc": 7.54125e-10,
    "gwp": 0.00397505,
    "ir": 0.000372189,
    "pm": 0.00000128422,
    "wu": 0.00221363
  },
  "2020-12": {
    "adpe": 1.39444e-7,
    "ap": 0.0000511693,
    "ctue": 0.00828843,
    "ctuh-c": 3.77125e-10,
    "ctuh-nc": 7.35553e-10,
    "gwp": 0.00388728,
    "ir": 0.000351586,
    "pm": 0.0000013319,
    "wu": 0.00220724
  },
  "2021-01": {
    "adpe": 1.50749e-7,
    "ap": 0.0000520509,
    "ctue": 0.00856901,
    "ctuh-c": 3.92301e-10,
    "ctuh-nc": 7.62286e-10,
    "gwp": 0.00399153,
    "ir": 0.000370716,
    "pm": 0.00000133879,
    "wu": 0.00227185
  },
  "2021-02": {
    "adpe": 1.61917e-7,
    "ap": 0.0000524063,
    "ctue": 0.00873673,
    "ctuh-c": 3.95619e-10,
    "ctuh-nc": 7.83177e-10,
    "gwp": 0.00406868,
    "ir": 0.000389784,
    "pm": 0.00000132738,
    "wu": 0.00231135
  },
  "2021-03": {
    "adpe": 1.90956e-7,
    "ap": 0.0000542947,
    "ctue": 0.00931426,
    "ctuh-c": 4.31571e-10,
    "ctuh-nc": 8.44263e-10,
    "gwp": 0.0042792,
    "ir": 0.000435229,
    "pm": 0.00000133886,
    "wu": 0.0024639
  },
  "2021-04": {
    "adpe": 2.01781e-7,
    "ap": 0.0000541144,
    "ctue": 0.00939812,
    "ctuh-c": 4.23788e-10,
    "ctuh-nc": 8.60077e-10,
    "gwp": 0.00433741,
    "ir": 0.000454597,
    "pm": 0.00000130771,
    "wu": 0.00247784
  },
  "2021-05": {
    "adpe": 2.16388e-7,
    "ap": 0.0000549329,
    "ctue": 0.00992453,
    "ctuh-c": 4.46026e-10,
    "ctuh-nc": 8.98947e-10,
    "gwp": 0.00451524,
    "ir": 0.000483269,
    "pm": 0.00000129639,
    "wu": 0.00255172
  },
  "2021-06": {
    "adpe": 2.04746e-7,
    "ap": 0.000052841,
    "ctue": 0.0090668,
    "ctuh-c": 3.74474e-10,
    "ctuh-nc": 8.50861e-10,
    "gwp": 0.00430987,
    "ir": 0.00046396,
    "pm": 0.00000125074,
    "wu": 0.00241059
  },
  "2021-07": {
    "adpe": 1.9622e-7,
    "ap": 0.0000528085,
    "ctue": 0.00891184,
    "ctuh-c": 3.65522e-10,
    "ctuh-nc": 8.36371e-10,
    "gwp": 0.0042663,
    "ir": 0.000450918,
    "pm": 0.00000126603,
    "wu": 0.00238377
  },
  "2021-08": {
    "adpe": 1.94996e-7,
    "ap": 0.0000525237,
    "ctue": 0.00886124,
    "ctuh-c": 3.64744e-10,
    "ctuh-nc": 8.31361e-10,
    "gwp": 0.00423892,
    "ir": 0.000447785,
    "pm": 0.00000126027,
    "wu": 0.00237138
  },
  "2021-09": {
    "adpe": 1.89296e-7,
    "ap": 0.0000523885,
    "ctue": 0.00896264,
    "ctuh-c": 3.69322e-10,
    "ctuh-nc": 8.27529e-10,
    "gwp": 0.00425341,
    "ir": 0.000441765,
    "pm": 0.00000125962,
    "wu": 0.00235597
  },
  "2021-10": {
    "adpe": 1.87097e-7,
    "ap": 0.0000524847,
    "ctue": 0.0094308,
    "ctuh-c": 4.26018e-10,
    "ctuh-nc": 8.34852e-10,