{
  "2019-01": {
    "adpe": 1.13916e-7,
    "ap": 0.0000480857,
    "ctue": 0.00758429,
    "ctuh-c": 3.19798e-10,
    "ctuh-nc": 6.69797e-10,
    "gwp": 0.00365239,
    "ir": 0.000313178,
    "pm": 0.00000126856,
    "wu": 0.00200989
  },
  "2019-02": {
    "adpe": 1.21977e-7,
    "ap": 0.0000471694,
    "ctue": 0.00761019,
    "ctuh-c": 3.11771e-10,
    "ctuh-nc": 6.75783e-10,
    "gwp": 0.00366251,
    "ir": 0.000326639,
    "pm": 0.00000121841,
    "wu": 0.00199355
  },
  "2019-03": {
    "adpe": 1.46727e-7,
    "ap": 0.0000489623,
    "ctue": 0.00836286,
    "ctuh-c": 3.59249e-10,
    "ctuh-nc": 7.3665e-10,
    "gwp": 0.00389885,
    "ir": 0.000367889,
    "pm": 0.00000122804,
    "wu": 0.00213983
  },
  "2019-04": {
    "adpe": 1.57927e-7,
    "ap": 0.0000485707,
    "ctue": 0.00849012,
    "ctuh-c": 3.49765e-10,
    "ctuh-nc": 7.53694e-10,
    "gwp": 0.00397124,
    "ir": 0.000389516,
    "pm": 0.00000118513,
    "wu": 0.0021463
  },
  "2019-05": {
    "adpe": 1.63328e-7,
    "ap": 0.0000484963,
    "ctue": 0.00868516,
    "ctuh-c": 3.49685e-10,
    "ctuh-nc": 7.67282e-10,
    "gwp": 0.00404731,
    "ir": 0.000402656,
    "pm": 0.00000116272,
    "wu": 0.00215546
  },
  "2019-06": {
    "adpe": 1.6154e-7,
    "ap": 0.0000476295,
    "ctue": 0.00832602,
    "ctuh-c": 3.21517e-10,
    "ctuh-nc": 7.50336e-10,
    "gwp": 0.00396013,
    "ir": 0.000398041,
    "pm": 0.00000114066,
    "wu": 0.00210533
  },
  "2019-07": {
    "adpe": 1.52939e-7,
    "ap": 0.0000470256,
    "ctue": 0.00802114,
    "ctuh-c": 3.04073e-10,
    "ctuh-nc": 7.2769e-10,
    "gwp": 0.00386512,
    "ir": 0.000382696,
    "pm": 0.00000114017,
    "wu": 0.00205472
  },
  "2019-08": {
    "adpe": 1.53852e-7,
    "ap": 0.0000474325,
    "ctue": 0.00795628,
    "ctuh-c": 3.02355e-10,
    "ctuh-nc": 7.28795e-10,
    "gwp": 0.00386011,
    "ir": 0.000382774,
    "pm": 0.00000115653,
    "wu": 0.0020693
  },
  "2019-09": {
    "adpe": 1.50397e-7,
    "ap": 0.0000469348,
    "ctue": 0.00805701,
    "ctuh-c": 3.18433e-10,
    "ctuh-nc": 7.2325e-10,
    "gwp": 0.00383361,
    "ir": 0.000375532,
    "pm": 0.00000114637,
    "wu": 0.00205572
  },
  "2019-10": {
    "adpe": 1.44536e-7,
    "ap": 0.0000473455,
    "ctue": 0.00818454,
    "ctuh-c": 3.3603e-10,
    "ctuh-nc": 7.21292e-10,
    "gwp": 0.00384019,
    "ir": 0.000366115,
    "pm": 0.00000117123,
    "wu": 0.00206676
  },
  "2019-11": {
    "adpe": 1.30873e-7,
    "ap": 0.0000477733,
    "ctue": 0.00805522,
    "ctuh-c": 3.42865e-10,
    "ctuh-nc": 7.02096e-10,
    "gwp": 0.00377273,
    "ir": 0.000342101,
    "pm": 0.00000121749,
    "wu": 0.00205369
  },
  "2019-12": {
    "adpe": 1.25789e-7,
    "ap": 0.0000485959,
    "ctue": 0.00799416,
    "ctuh-c": 3.54605e-10,
    "ctuh-nc": 6.96782e-10,
    "gwp": 0.00373965,
    "ir": 0.000330149,
    "pm": 0.00000126446,
    "wu": 0.00207699
  },
  "2020-01": {
    "adpe": 1.32567e-7,
    "ap": 0.0000494796,
    "ctue": 0.00807954,
    "ctuh-c": 3.52104e-10,
    "ctuh-nc": 7.13587e-10,
    "gwp": 0.00381464,
    "ir": 0.00034324,
    "pm": 0.00000127988,
    "wu": 0.0021195
  },
  "2020-02": {
    "adpe": 1.44293e-7,
    "ap": 0.0000497758,
    "ctue": 0.00854464,
    "ctuh-c": 3.80151e-10,
    "ctuh-nc": 7.42575e-10,
    "gwp": 0.00393358,
    "ir": 0.000363856,
    "pm": 0.00000126103,
    "wu": 0.00217412
  },
  "2020-03": {
    "adpe": 1.69326e-7,
    "ap": 0.000051889,
    "ctue": 0.00908679,
    "ctuh-c": 4.02409e-10,
    "ctuh-nc": 8.01492e-10,
    "gwp": 0.00417122,
    "ir": 0.000407722,
    "pm": 0.00000128055,
    "wu": 0.00231483
  },
  "2020-04": {
    "adpe": 1.88393e-7,
    "ap": 0.0000532017,
    "ctue": 0.00904505,
    "ctuh-c": 3.82987e-10,
    "ctuh-nc": 8.32368e-10,
    "gwp": 0.00427262,
    "ir": 0.000439117,
    "pm": 0.00000129256,
    "wu": 0.0023894
  },
  "2020-05": {
    "adpe": 1.92262e-7,
    "ap": 0.0000530188,
    "ctue": 0.00920255,
    "ctuh-c": 3.85979e-10,
    "ctuh-nc": 8.41516e-10,
    "gwp": 0.00432115,
    "ir": 0.000447953,
    "pm": 0.00000127249,
    "wu": 0.00239381
  },
  "2020-06": {
    "adpe": 1.79961e-7,
    "ap": 0.000050329,
    "ctue": 0.00890631,
    "ctuh-c": 3.57537e-10,
    "ctuh-nc": 8.04522e-10,
    "gwp": 0.00418656,
    "ir": 0.000430157,
    "pm": 0.00000119577,
    "wu": 0.00225882
  },
  "2020-07": {
    "adpe": 1.74851e-7,
    "ap": 0.0000495667,
    "ctue": 0.00863294,
    "ctuh-c": 3.32004e-10,
    "ctuh-nc": 7.8754e-10,
    "gwp": 0.00412385,
    "ir": 0.000423009,
    "pm": 0.0000011782,
    "wu": 0.00220544
  },
  "2020-08": {
    "adpe": 1.73312e-7,
    "ap": 0.0000497953,
    "ctue": 0.00851609,
    "ctuh-c": 3.32708e-10,
    "ctuh-nc": 7.82282e-10,
    "gwp": 0.0040844,
    "ir": 0.00041729,
    "pm": 0.00000119622,
    "wu": 0.00221044
  },
  "2020-09": {
    "adpe": 1.7113e-7,
    "ap": 0.0000499196,
    "ctue": 0.00864824,
    "ctuh-c": 3.38293e-10,
    "ctuh-nc": 7.85019e-10,
    "gwp": 0.00411996,
    "ir": 0.000416715,
    "pm": 0.0000011986,
    "wu": 0.00221237
  },
  "2020-10": {
    "adpe": 1.63477e-7,
    "ap": 0.000050033,
    "ctue": 0.00909368,
    "ctuh-c": 3.85748e-10,
    "ctuh-nc": 7.87045e-10,
    "gwp": 0.0041516,
    "ir": 0.000404472,
    "pm": 0.00000121241,
    "wu": 0.00222871
  },
  "2020-11": {
    "adpe": 1.49173e-7,
    "ap": 0.0000506511,
    "ctue": 0.00855461,
    "ctuh-c": 3.78984e-10,
    "ctuh-nc": 7.53886e-10,
    "gwp": 0.0039746,
    "ir": 0.000371648,
    "pm": 0.00000128426,
    "wu": 0.00221327
  },
  "2020-12": {
    "adpe": 1.38548e-7,
    "ap": 0.0000511259,
    "ctue": 0.00829909,
    "ctuh-c": 3.78789e-10,
    "ctuh-nc": 7.34434e-10,
    "gwp": 0.0038843,
    "ir": 0.000350139,
    "pm": 0.00000133187,
    "wu": 0.0022048
  },
  "2021-01": {
    "adpe": 1.49664e-7,
    "ap": 0.000051962,
    "ctue": 0.00858071,
    "ctuh-c": 3.94233e-10,
    "ctuh-nc": 7.6068e-10,
    "gwp": 0.00398651,
    "ir": 0.000368929,
    "pm": 0.00000133748,
    "wu": 0.00226767
  },
  "2021-02": {
    "adpe": 1.60744e-7,
    "ap": 0.0000523489,
    "ctue": 0.00874255,
    "ctuh-c": 3.97059e-10,
    "ctuh-nc": 7.81507e-10,
    "gwp": 0.00406375,
    "ir": 0.000387887,
    "pm": 0.00000132741,
    "wu": 0.00230767
  },
  "2021-03": {
    "adpe": 1.89778e-7,
    "ap": 0.0000542331,
    "ctue": 0.00930723,
    "ctuh-c": 4.31711e-10,
    "ctuh-nc": 8.42266e-10,
    "gwp": 0.0042729,
    "ir": 0.000433364,
    "pm": 0.00000133882,
    "wu": 0.00245924
  },
  "2021-04": {
    "adpe": 2.00936e-7,
    "ap": 0.0000541059,
    "ctue": 0.00937257,
    "ctuh-c": 4.21862e-10,
    "ctuh-nc": 8.58376e-10,
    "gwp": 0.00433196,
    "ir": 0.000453337,
    "pm": 0.00000130908,
    "wu": 0.00247433
  },
  "2021-05": {
    "adpe": 2.15872e-7,
    "ap": 0.0000549383,
    "ctue": 0.00989106,
    "ctuh-c": 4.4308e-10,
    "ctuh-nc": 8.9755e-10,
    "gwp": 0.00451044,
    "ir": 0.000482551,
    "pm": 0.00000129772,
    "wu": 0.00254878
  },
  "2021-06": {
    "adpe": 2.04778e-7,
    "ap": 0.0000528403,
    "ctue": 0.00905321,
    "ctuh-c": 3.73094e-10,
    "ctuh-nc": 8.50579e-10,
    "gwp": 0.00430859,
    "ir": 0.000464047,
    "pm": 0.00000125074,
    "wu": 0.00240974
  },
  "2021-07": {
    "adpe": 1.96591e-7,
    "ap": 0.0000528272,
    "ctue": 0.00891163,
    "ctuh-c": 3.65233e-10,
    "ctuh-nc": 8.36939e-10,
    "gwp": 0.00426803,
    "ir": 0.000451512,
    "pm": 0.00000126603,
    "wu": 0.00238506
  },
  "2021-08": {
    "adpe": 1.95743e-7,
    "ap": 0.0000525643,
    "ctue": 0.00887163,
    "ctuh-c": 3.65255e-10,
    "ctuh-nc": 8.32774e-10,
    "gwp": 0.00424354,
    "ir": 0.00044895,
    "pm": 0.00000126032,
    "wu": 0.00237478
  },
  "2021-09": {
    "adpe": 1.90132e-7,
    "ap": 0.0000524337,
    "ctue": 0.00897512,
    "ctuh-c": 3.69992e-10,
    "ctuh-nc": 8.29128e-10,
    "gwp": 0.00425863,
    "ir": 0.000443062,
    "pm": 0.00000125967,
    "wu": 0.00235983
  },
  "2021-10": {
    "adpe": 1.87901e-7,
    "ap": 0.0000525265,
    "ctue": 0.00943547,
    "ctuh-c": 4.25908e-10,
    "ctuh-nc": 8.3621e-10,