year,adpe,ap,ctue,ctuh-c,ctuh-nc,gwp,ir,pm,wu
2019,1.40028e-7,0.0000470307,0.00807359,3.18953e-10,7.12829e-10,0.00383015,0.000362272,0.00000116347,0.0020343
2020,1.59415e-7,0.0000497298,0.00863614,3.52705e-10,7.67764e-10,0.00405721,0.000395878,0.00000121704,0.00218858
2021,1.79465e-7,0.0000520069,0.00901488,3.88186e-10,8.13083e-10,0.00419819,0.000423759,0.00000126709,0.00233322
2022,2.09093e-7,0.0000542674,0.00968394,4.30402e-10,8.79704e-10,0.00443854,0.000470978,0.0000012889,0.00250312
2023,2.41655e-7,0.0000556844,0.0102531,4.68385e-10,9.41203e-10,0.0046288,0.000519769,0.00000128031,0.00265033
2024,2.92869e-7,0.0000580012,0.0110214,4.96578e-10,1.0388e-9,0.00496958,0.000603307,0.00000125996,0.00286301
