{
  "2019-01": {
    "adpe": 1.14968e-7,
    "ap": 0.0000496599,
    "ctue": 0.00782082,
    "ctuh-c": 3.30136e-10,
    "ctuh-nc": 6.88276e-10,
    "gwp": 0.00376502,
    "ir": 0.000319582,
    "pm": 0.00000131447,
    "wu": 0.00206926
  },
  "2019-02": {
    "adpe": 1.23271e-7,
    "ap": 0.0000487805,
    "ctue": 0.00786294,
    "ctuh-c": 3.22809e-10,
    "ctuh-nc": 6.95293e-10,
    "gwp": 0.00378073,
    "ir": 0.000333654,
    "pm": 0.00000126469,
    "wu": 0.00205509
  },
  "2019-03": {
    "adpe": 1.49067e-7,
    "ap": 0.0000506041,
    "ctue": 0.00863692,
    "ctuh-c": 3.71644e-10,
    "ctuh-nc": 7.58148e-10,
    "gwp": 0.00402345,
    "ir": 0.000376509,
    "pm": 0.0000012734,
    "wu": 0.00220571
  },
  "2019-04": {
    "adpe": 1.59326e-7,
    "ap": 0.0000501731,
    "ctue": 0.00875945,
    "ctuh-c": 3.61473e-10,
    "ctuh-nc": 7.7383e-10,
    "gwp": 0.00409363,
    "ir": 0.000396951,
    "pm": 0.00000123029,
    "wu": 0.00220819
  },
  "2019-05": {
    "adpe": 1.63898e-7,
    "ap": 0.0000500084,
    "ctue": 0.00893953,
    "ctuh-c": 3.60176e-10,
    "ctuh-nc": 7.85552e-10,
    "gwp": 0.00416357,
    "ir": 0.000408877,
    "pm": 0.00000120605,
    "wu": 0.00221166
  },
  "2019-06": {
    "adpe": 1.61416e-7,
    "ap": 0.0000490627,
    "ctue": 0.00855233,
    "ctuh-c": 3.30089e-10,
    "ctuh-nc": 7.66547e-10,
    "gwp": 0.00406784,
    "ir": 0.000403068,
    "pm": 0.0000011828,
    "wu": 0.00215613
  },
  "2019-07": {
    "adpe": 1.52305e-7,
    "ap": 0.000048357,
    "ctue": 0.00821982,
    "ctuh-c": 3.11138e-10,
    "ctuh-nc": 7.41855e-10,
    "gwp": 0.00396277,
    "ir": 0.000386627,
    "pm": 0.00000118025,
    "wu": 0.00210011
  },
  "2019-08": {
    "adpe": 1.53012e-7,
    "ap": 0.0000487702,
    "ctue": 0.00814879,
    "ctuh-c": 3.09131e-10,
    "ctuh-nc": 7.42565e-10,
    "gwp": 0.00395623,
    "ir": 0.000386345,
    "pm": 0.00000119734,
    "wu": 0.00211423
  },
  "2019-09": {
    "adpe": 1.49153e-7,
    "ap": 0.0000483036,
    "ctue": 0.00826002,
    "ctuh-c": 3.26061e-10,
    "ctuh-nc": 7.37035e-10,
    "gwp": 0.00393189,
    "ir": 0.000378631,
    "pm": 0.00000118869,
    "wu": 0.00210124
  },
  "2019-10": {
    "adpe": 1.43054e-7,
    "ap": 0.0000487446,
    "ctue": 0.00839728,
    "ctuh-c": 3.44628e-10,
    "ctuh-nc": 7.35222e-10,
    "gwp": 0.00394019,
    "ir": 0.000368897,
    "pm": 0.0000012149,
    "wu": 0.00211331
  },
  "2019-11": {
    "adpe": 1.29215e-7,
    "ap": 0.0000492371,
    "ctue": 0.00826459,
    "ctuh-c": 3.51734e-10,
    "ctuh-nc": 7.16031e-10,
    "gwp": 0.00387268,
    "ir": 0.000344503,
    "pm": 0.00000126408,
    "wu": 0.00210213
  },
  "2019-12": {
    "adpe": 1.2471e-7,
    "ap": 0.000050039,
    "ctue": 0.00820591,
    "ctuh-c": 3.64222e-10,
    "ctuh-nc": 7.11207e-10,
    "gwp": 0.0038384,
    "ir": 0.000333121,
    "pm": 0.00000130978,
    "wu": 0.00212667
  },
  "2020-01": {
    "adpe": 1.32986e-7,
    "ap": 0.0000510845,
    "ctue": 0.00832283,
    "ctuh-c": 3.63062e-10,
    "ctuh-nc": 7.3171e-10,
    "gwp": 0.00392842,
    "ir": 0.000348831,
    "pm": 0.00000132769,
    "wu": 0.00217876
  },
  "2020-02": {
    "adpe": 1.46019e-7,
    "ap": 0.0000514771,
    "ctue": 0.0088256,
    "ctuh-c": 3.93249e-10,
    "ctuh-nc": 7.63902e-10,
    "gwp": 0.00406012,
    "ir": 0.000371687,
    "pm": 0.00000130934,
    "wu": 0.00224091
  },
  "2020-03": {
    "adpe": 1.73348e-7,
    "ap": 0.0000537234,
    "ctue": 0.00940037,
    "ctuh-c": 4.16758e-10,
    "ctuh-nc": 8.27298e-10,
    "gwp": 0.00431336,
    "ir": 0.000419268,
    "pm": 0.0000013291,
    "wu": 0.00239211
  },
  "2020-04": {
    "adpe": 1.93496e-7,
    "ap": 0.0000551375,
    "ctue": 0.00937244,
    "ctuh-c": 3.97296e-10,
    "ctuh-nc": 8.6056e-10,
    "gwp": 0.00442451,
    "ir": 0.000452605,
    "pm": 0.00000134235,
    "wu": 0.00247242
  },
  "2020-05": {
    "adpe": 1.96215e-7,
    "ap": 0.0000548678,
    "ctue": 0.0095105,
    "ctuh-c": 3.99204e-10,
    "ctuh-nc": 8.67299e-10,
    "gwp": 0.00446466,
    "ir": 0.000459624,
    "pm": 0.00000132138,
    "wu": 0.00247063
  },
  "2020-06": {
    "adpe": 1.81307e-7,
    "ap": 0.0000519169,
    "ctue": 0.00917229,
    "ctuh-c": 3.68585e-10,
    "ctuh-nc": 8.24492e-10,
    "gwp": 0.00430896,
    "ir": 0.000437631,
    "pm": 0.00000124032,
    "wu": 0.00231966
  },
  "2020-07": {
    "adpe": 1.73264e-7,
    "ap": 0.00005091,
    "ctue": 0.00885045,
    "ctuh-c": 3.40916e-10,
    "ctuh-nc": 8.01159e-10,
    "gwp": 0.00422281,
    "ir": 0.000425653,
    "pm": 0.00000121989,
    "wu": 0.00225012
  },
  "2020-08": {
    "adpe": 1.70556e-7,
    "ap": 0.0000511165,
    "ctue": 0.00871099,
    "ctuh-c": 3.408e-10,
    "ctuh-nc": 7.93681e-10,
    "gwp": 0.00417519,
    "ir": 0.000417952,
    "pm": 0.0000012397,
    "wu": 0.00225118
  },
  "2020-09": {
    "adpe": 1.68899e-7,
    "ap": 0.0000513104,
    "ctue": 0.00886487,
    "ctuh-c": 3.47048e-10,
    "ctuh-nc": 7.98194e-10,
    "gwp": 0.00421988,
    "ir": 0.000418571,
    "pm": 0.00000124286,
    "wu": 0.00225695
  },
  "2020-10": {
    "adpe": 1.63139e-7,
    "ap": 0.0000515497,
    "ctue": 0.00934117,
    "ctuh-c": 3.96025e-10,
    "ctuh-nc": 8.04085e-10,
    "gwp": 0.00426505,
    "ir": 0.000409359,
    "pm": 0.00000125748,
    "wu": 0.00228279
  },
  "2020-11": {
    "adpe": 1.49551e-7,
    "ap": 0.0000522527,
    "ctue": 0.0087877,
    "ctuh-c": 3.88705e-10,
    "ctuh-nc": 7.71744e-10,
    "gwp": 0.0040878,
    "ir": 0.000377286,
    "pm": 0.00000133195,
    "wu": 0.00227151
  },
  "2020-12": {
    "adpe": 1.39185e-7,
    "ap": 0.0000526923,
    "ctue": 0.00851349,
    "ctuh-c": 3.87864e-10,
    "ctuh-nc": 7.51719e-10,
    "gwp": 0.00399144,
    "ir": 0.000355731,
    "pm": 0.00000137874,
    "wu": 0.00226218
  },
  "2021-01": {
    "adpe": 1.50891e-7,
    "ap": 0.0000536339,
    "ctue": 0.00880564,
    "ctuh-c": 4.0357e-10,
    "ctuh-nc": 7.79641e-10,
    "gwp": 0.00410096,
    "ir": 0.000375615,
    "pm": 0.0000013868,
    "wu": 0.00233
  },
  "2021-02": {
    "adpe": 1.62519e-7,
    "ap": 0.0000540618,
    "ctue": 0.0089935,
    "ctuh-c": 4.07896e-10,
    "ctuh-nc": 8.02127e-10,
    "gwp": 0.00418573,
    "ir": 0.000395626,
    "pm": 0.00000137666,
    "wu": 0.00237354
  },
  "2021-03": {
    "adpe": 1.92541e-7,
    "ap": 0.0000559654,
    "ctue": 0.00958091,
    "ctuh-c": 4.44531e-10,
    "ctuh-nc": 8.64688e-10,
    "gwp": 0.00439965,
    "ir": 0.000442454,
    "pm": 0.00000138709,
    "wu": 0.00252936
  },
  "2021-04": {
    "adpe": 2.038e-7,
    "ap": 0.0000558351,
    "ctue": 0.00967606,
    "ctuh-c": 4.36814e-10,
    "ctuh-nc": 8.81737e-10,
    "gwp": 0.00446398,
    "ir": 0.00046276,
    "pm": 0.00000135645,
    "wu": 0.00254592
  },
  "2021-05": {
    "adpe": 2.18856e-7,
    "ap": 0.00005665,
    "ctue": 0.0102124,
    "ctuh-c": 4.59186e-10,
    "ctuh-nc": 9.21469e-10,
    "gwp": 0.00464549,
    "ir": 0.000492282,
    "pm": 0.00000134384,
    "wu": 0.0026208
  },
  "2021-06": {
    "adpe": 2.06835e-7,
    "ap": 0.0000544524,
    "ctue": 0.009325,
    "ctuh-c": 3.85471e-10,
    "ctuh-nc": 8.71492e-10,
    "gwp": 0.00443111,
    "ir": 0.000472207,
    "pm": 0.00000129556,
    "wu": 0.00247398
  },
  "2021-07": {
    "adpe": 1.97893e-7,
    "ap": 0.0000543474,
    "ctue": 0.00915144,
    "ctuh-c": 3.75594e-10,
    "ctuh-nc": 8.55503e-10,
    "gwp": 0.00438031,
    "ir": 0.000458298,
    "pm": 0.00000130947,
    "wu": 0.00244327
  },
  "2021-08": {
    "adpe": 1.96763e-7,
    "ap": 0.0000540674,
    "ctue": 0.00910353,
    "ctuh-c": 3.7501e-10,
    "ctuh-nc": 8.50704e-10,
    "gwp": 0.00435367,
    "ir": 0.000455311,
    "pm": 0.0000013037,
    "wu": 0.0024314
  },
  "2021-09": {
    "adpe": 1.90967e-7,
    "ap": 0.0000540087,
    "ctue": 0.00922384,
    "ctuh-c": 3.80504e-10,
    "ctuh-nc": 8.47837e-10,
    "gwp": 0.0043751,
    "ir": 0.000449498,
    "pm": 0.00000130525,
    "wu": 0.00241876
  },
  "2021-10": {
    "adpe": 1.88777e-7,
    "ap": 0.0000541278,
    "ctue": 0.00970878,
    "ctuh-c": 4.39016e-10,
    "ctuh-nc": 8.55674e-10,