year,adpe,ap,ctue,ctuh-c,ctuh-nc,gwp,ir,pm,wu
2019,5.09771e-7,0.00127794,0.221141,0.00001704,0.00000869889,0.52725,0.00739762,0.0000424647,0.0646704
2020,5.24692e-7,0.00127081,0.218924,0.0000169515,0.00000865333,0.520931,0.00733664,0.0000424521,0.0638496
2021,5.44136e-7,0.00126868,0.220887,0.0000165649,0.0000084575,0.523205,0.00735574,0.0000415783,0.0644749
2022,5.70137e-7,0.00126445,0.219817,0.0000165194,0.00000843402,0.519168,0.007307,0.0000415467,0.0637516
2023,6.00564e-7,0.00125132,0.219166,0.0000163718,0.00000835901,0.516173,0.00731029,0.0000408122,0.0636415
2024,6.34703e-7,0.00123759,0.21683,0.000016276,0.00000830976,0.508588,0.00727033,0.000040478,0.0628899
