year,adpe,ap,ctue,ctuh-c,ctuh-nc,gwp,ir,pm,wu
2019,5.16464e-7,0.00132523,0.222736,0.0000176123,0.00000898967,0.529383,0.00740781,0.0000452586,0.0647753
2020,5.34646e-7,0.00132174,0.220609,0.0000178402,0.00000910503,0.523035,0.00734109,0.0000456593,0.0639363
2021,5.55123e-7,0.00131819,0.222636,0.0000173671,0.00000886525,0.525301,0.00736078,0.0000446199,0.0646008
2022,5.83067e-7,0.00130716,0.220991,0.0000172738,0.00000881742,0.520061,0.00730966,0.000044266,0.0638292
2023,6.16782e-7,0.00128349,0.219611,0.0000171036,0.00000873084,0.51556,0.00731615,0.000043048,0.0637129
2024,6.58996e-7,0.00126271,0.216877,0.0000167316,0.00000854126,0.507275,0.00729207,0.0000421317,0.0630273
2025,7.19203e-7,0.00124464,0.214184,0.0000165343,0.00000844041,0.498492,0.00728387,0.0000414896,0.0623371
2026,7.61564e-7,0.00123292,0.211342,0.0000166444,0.00000849569,0.490402,0.00725288,0.0000415142,0.0614038
