year,adpe,ap,ctue,ctuh-c,ctuh-nc,gwp,ir,pm,wu
2019,5.18376e-7,0.00132708,0.223066,0.0000178779,0.00000912476,0.529966,0.00741331,0.000045533,0.0648124
2020,5.34822e-7,0.00132,0.220794,0.0000177937,0.0000090814,0.523347,0.00734861,0.0000455368,0.063959
2021,5.55295e-7,0.00131618,0.222772,0.0000173585,0.00000886087,0.525559,0.00736851,0.000044522,0.0646152
2022,5.83509e-7,0.00130853,0.221327,0.0000173201,0.00000884103,0.520643,0.00731526,0.0000443588,0.0638455
2023,6.17396e-7,0.00128617,0.220131,0.0000172145,0.0000087873,0.51646,0.00732169,0.0000432269,0.0637615
2024,6.59979e-7,0.00126568,0.217681,0.0000168886,0.00000862123,0.508742,0.00729886,0.0000423005,0.0631384
2025,6.86194e-7,0.00127164,0.217605,0.0000170113,0.00000868348,0.506085,0.00730615,0.0000427867,0.0631658
