{
  "2019-01": {
    "adpe": 4.89526e-7,
    "ap": 0.00128829,
    "ctue": 0.223965,
    "ctuh-c": 0.0000171374,
    "ctuh-nc": 0.00000874914,
    "gwp": 0.533981,
    "ir": 0.00747178,
    "pm": 0.0000424947,
    "wu": 0.0660491
  },
  "2019-02": {
    "adpe": 4.97902e-7,
    "ap": 0.00129984,
    "ctue": 0.224388,
    "ctuh-c": 0.0000174777,
    "ctuh-nc": 0.00000892206,
    "gwp": 0.535373,
    "ir": 0.00744637,
    "pm": 0.0000433427,
    "wu": 0.0655344
  },
  "2019-03": {
    "adpe": 5.17401e-7,
    "ap": 0.00127592,
    "ctue": 0.220636,
    "ctuh-c": 0.0000174991,
    "ctuh-nc": 0.0000089322,
    "gwp": 0.525062,
    "ir": 0.00739824,
    "pm": 0.000042793,
    "wu": 0.0647969
  },
  "2019-04": {
    "adpe": 5.24887e-7,
    "ap": 0.00127806,
    "ctue": 0.218529,
    "ctuh-c": 0.0000178036,
    "ctuh-nc": 0.00000908631,
    "gwp": 0.521005,
    "ir": 0.00735691,
    "pm": 0.0000436152,
    "wu": 0.0638097
  },
  "2019-05": {
    "adpe": 5.25792e-7,
    "ap": 0.00126276,
    "ctue": 0.216799,
    "ctuh-c": 0.0000175639,
    "ctuh-nc": 0.00000896416,
    "gwp": 0.516729,
    "ir": 0.00731487,
    "pm": 0.0000429202,
    "wu": 0.0633167
  },
  "2019-06": {
    "adpe": 5.23625e-7,
    "ap": 0.00126426,
    "ctue": 0.218281,
    "ctuh-c": 0.0000171646,
    "ctuh-nc": 0.00000876156,
    "gwp": 0.521357,
    "ir": 0.00736334,
    "pm": 0.0000423756,
    "wu": 0.06376
  },
  "2019-07": {
    "adpe": 5.16222e-7,
    "ap": 0.00125709,
    "ctue": 0.220622,
    "ctuh-c": 0.0000166019,
    "ctuh-nc": 0.00000847635,
    "gwp": 0.526763,
    "ir": 0.00740894,
    "pm": 0.0000410019,
    "wu": 0.064702
  },
  "2019-08": {
    "adpe": 5.17811e-7,
    "ap": 0.00126105,
    "ctue": 0.221112,
    "ctuh-c": 0.0000167282,
    "ctuh-nc": 0.00000854065,
    "gwp": 0.528123,
    "ir": 0.00742675,
    "pm": 0.0000412075,
    "wu": 0.0648844
  },
  "2019-09": {
    "adpe": 5.14617e-7,
    "ap": 0.00126881,
    "ctue": 0.219522,
    "ctuh-c": 0.0000171752,
    "ctuh-nc": 0.00000876717,
    "gwp": 0.525447,
    "ir": 0.00740864,
    "pm": 0.0000424043,
    "wu": 0.0642257
  },
  "2019-10": {
    "adpe": 5.06772e-7,
    "ap": 0.00126505,
    "ctue": 0.21834,
    "ctuh-c": 0.0000169796,
    "ctuh-nc": 0.00000866736,
    "gwp": 0.52264,
    "ir": 0.00739176,
    "pm": 0.0000423326,
    "wu": 0.0639894
  },
  "2019-11": {
    "adpe": 4.96703e-7,
    "ap": 0.0012808,
    "ctue": 0.222263,
    "ctuh-c": 0.0000167334,
    "ctuh-nc": 0.00000854326,
    "gwp": 0.529748,
    "ir": 0.00740905,
    "pm": 0.0000421879,
    "wu": 0.0650464
  },
  "2019-12": {
    "adpe": 4.94623e-7,
    "ap": 0.00128334,
    "ctue": 0.225389,
    "ctuh-c": 0.0000163858,
    "ctuh-nc": 0.00000836751,
    "gwp": 0.535365,
    "ir": 0.00745098,
    "pm": 0.0000413666,
    "wu": 0.0662082
  },
  "2020-01": {
    "adpe": 5.00204e-7,
    "ap": 0.00128022,
    "ctue": 0.219589,
    "ctuh-c": 0.0000171288,
    "ctuh-nc": 0.00000874343,
    "gwp": 0.524631,
    "ir": 0.00743826,
    "pm": 0.0000430274,
    "wu": 0.0648082
  },
  "2020-02": {
    "adpe": 5.1001e-7,
    "ap": 0.00128049,
    "ctue": 0.219004,
    "ctuh-c": 0.0000173106,
    "ctuh-nc": 0.00000883563,
    "gwp": 0.5223,
    "ir": 0.0073608,
    "pm": 0.0000433352,
    "wu": 0.0639637
  },
  "2020-03": {
    "adpe": 5.32087e-7,
    "ap": 0.00126094,
    "ctue": 0.215121,
    "ctuh-c": 0.0000175569,
    "ctuh-nc": 0.00000896008,
    "gwp": 0.51231,
    "ir": 0.00732493,
    "pm": 0.0000431884,
    "wu": 0.0632305
  },
  "2020-04": {
    "adpe": 5.52547e-7,
    "ap": 0.00127711,
    "ctue": 0.215618,
    "ctuh-c": 0.0000180972,
    "ctuh-nc": 0.00000923475,
    "gwp": 0.513872,
    "ir": 0.00733348,
    "pm": 0.0000443563,
    "wu": 0.0629995
  },
  "2020-05": {
    "adpe": 5.5255e-7,
    "ap": 0.00126766,
    "ctue": 0.216165,
    "ctuh-c": 0.0000175923,
    "ctuh-nc": 0.00000897839,
    "gwp": 0.513773,
    "ir": 0.00730403,
    "pm": 0.0000433003,
    "wu": 0.0630659
  },
  "2020-06": {
    "adpe": 5.36871e-7,
    "ap": 0.00125782,
    "ctue": 0.216765,
    "ctuh-c": 0.0000169598,
    "ctuh-nc": 0.00000865709,
    "gwp": 0.51628,
    "ir": 0.00729987,
    "pm": 0.0000421627,
    "wu": 0.0630821
  },
  "2020-07": {
    "adpe": 5.27979e-7,
    "ap": 0.00124277,
    "ctue": 0.217439,
    "ctuh-c": 0.0000162899,
    "ctuh-nc": 0.00000831694,
    "gwp": 0.518642,
    "ir": 0.00732468,
    "pm": 0.0000406228,
    "wu": 0.0635131
  },
  "2020-08": {
    "adpe": 5.28002e-7,
    "ap": 0.00125272,
    "ctue": 0.220687,
    "ctuh-c": 0.0000161522,
    "ctuh-nc": 0.00000824778,
    "gwp": 0.525448,
    "ir": 0.00735197,
    "pm": 0.0000403697,
    "wu": 0.0642798
  },
  "2020-09": {
    "adpe": 5.25749e-7,
    "ap": 0.00125908,
    "ctue": 0.217324,
    "ctuh-c": 0.0000168032,
    "ctuh-nc": 0.00000857759,
    "gwp": 0.518537,
    "ir": 0.00731074,
    "pm": 0.0000419935,
    "wu": 0.0632322
  },
  "2020-10": {
    "adpe": 5.18834e-7,
    "ap": 0.00124972,
    "ctue": 0.214906,
    "ctuh-c": 0.0000170228,
    "ctuh-nc": 0.00000868863,
    "gwp": 0.51193,
    "ir": 0.00725842,
    "pm": 0.000042209,
    "wu": 0.0627015
  },
  "2020-11": {
    "adpe": 5.14929e-7,
    "ap": 0.00128212,
    "ctue": 0.222365,
    "ctuh-c": 0.0000170162,
    "ctuh-nc": 0.00000868714,
    "gwp": 0.528212,
    "ir": 0.00737043,
    "pm": 0.0000424089,
    "wu": 0.0648452
  },
  "2020-12": {
    "adpe": 5.08362e-7,
    "ap": 0.00128729,
    "ctue": 0.227407,
    "ctuh-c": 0.0000163669,
    "ctuh-nc": 0.00000835861,
    "gwp": 0.537984,
    "ir": 0.00743525,
    "pm": 0.0000410786,
    "wu": 0.0665761
  },
  "2021-01": {
    "adpe": 5.1641e-7,
    "ap": 0.00128002,
    "ctue": 0.223102,
    "ctuh-c": 0.0000167357,
    "ctuh-nc": 0.00000854478,
    "gwp": 0.529309,
    "ir": 0.00741509,
    "pm": 0.0000419014,
    "wu": 0.0655075
  },
  "2021-02": {
    "adpe": 5.25903e-7,
    "ap": 0.00128803,
    "ctue": 0.224479,
    "ctuh-c": 0.0000166587,
    "ctuh-nc": 0.00000850593,
    "gwp": 0.531763,
    "ir": 0.00737367,
    "pm": 0.0000419986,
    "wu": 0.0651879
  },
  "2021-03": {
    "adpe": 5.52165e-7,
    "ap": 0.00126839,
    "ctue": 0.221909,
    "ctuh-c": 0.0000168126,
    "ctuh-nc": 0.00000858378,
    "gwp": 0.524464,
    "ir": 0.00737476,
    "pm": 0.0000415084,
    "wu": 0.0649762
  },
  "2021-04": {
    "adpe": 5.61625e-7,
    "ap": 0.00127,
    "ctue": 0.219841,
    "ctuh-c": 0.0000172546,
    "ctuh-nc": 0.00000880777,
    "gwp": 0.521146,
    "ir": 0.00734735,
    "pm": 0.0000423934,
    "wu": 0.064029
  },
  "2021-05": {
    "adpe": 5.69424e-7,
    "ap": 0.00125269,
    "ctue": 0.216518,
    "ctuh-c": 0.0000169675,
    "ctuh-nc": 0.0000086611,
    "gwp": 0.512111,
    "ir": 0.00728073,
    "pm": 0.0000419073,
    "wu": 0.0631433
  },
  "2021-06": {
    "adpe": 5.60434e-7,
    "ap": 0.00125689,
    "ctue": 0.21962,
    "ctuh-c": 0.0000163991,
    "ctuh-nc": 0.00000837298,
    "gwp": 0.521376,
    "ir": 0.00736673,
    "pm": 0.0000410028,
    "wu": 0.06412
  },
  "2021-07": {
    "adpe": 5.51987e-7,
    "ap": 0.00124953,
    "ctue": 0.221507,
    "ctuh-c": 0.0000158527,
    "ctuh-nc": 0.00000809595,
    "gwp": 0.524987,
    "ir": 0.00737803,
    "pm": 0.0000397251,
    "wu": 0.0648172
  },
  "2021-08": {
    "adpe": 5.51673e-7,
    "ap": 0.00125378,
    "ctue": 0.221835,
    "ctuh-c": 0.0000159612,
    "ctuh-nc": 0.00000815114,
    "gwp": 0.52595,
    "ir": 0.00738466,
    "pm": 0.0000399905,
    "wu": 0.0648518
  },
  "2021-09": {
    "adpe": 5.46467e-7,
    "ap": 0.0012591,
    "ctue": 0.218448,
    "ctuh-c": 0.0000166982,
    "ctuh-nc": 0.00000852467,
    "gwp": 0.518985,
    "ir": 0.00734369,
    "pm": 0.0000416241,
    "wu": 0.0638712
  },
  "2021-10": {
    "adpe": 5.43618e-7,
    "ap": 0.00125569,
    "ctue": 0.216543,
    "ctuh-c": 0.0000169148,
    "ctuh-nc": 0.0000086341,
    "gwp": 0.514181,
    "ir": 0.00731336,
    "pm": 0.0000421028,
    "wu": 0.0633496
  },
  "2021-11": {
    "adpe": 5.32414e-7,
    "ap": 0.00127061,
    "ctue": 0.219729,