year,adpe,ap,ctue,ctuh-c,ctuh-nc,gwp,ir,pm,wu
2019,1.40033e-7,0.0000470428,0.00807368,3.18942e-10,7.12913e-10,0.00383062,0.000362295,0.00000116389,0.00203469
2020,1.59415e-7,0.0000497428,0.00863626,3.52693e-10,7.6785e-10,0.00405772,0.000395895,0.0000012175,0.00218899
2021,1.79484e-7,0.0000520192,0.00901514,3.88179e-10,8.13189e-10,0.00419873,0.000423803,0.00000126748,0.00233365
2022,2.09105e-7,0.0000542758,0.00968435,4.30415e-10,8.79783e-10,0.00443895,0.000471009,0.00000128916,0.00250343
2023,2.41833e-7,0.0000557009,0.0102413,4.68498e-10,9.40995e-10,0.00462482,0.00051961,0.00000128146,0.00265145
2024,2.92783e-7,0.0000580159,0.0110307,5.00178e-10,1.03855e-9,0.00496365,0.000602276,0.00000126207,0.00286579
