year,adpe,ap,ctue,ctuh-c,ctuh-nc,gwp,ir,pm,wu
2019,5.18391e-7,0.00132704,0.223104,0.0000178715,0.00000912152,0.530025,0.00741322,0.0000455174,0.064822
2020,5.34846e-7,0.00131997,0.220832,0.0000177872,0.00000907811,0.523406,0.00734858,0.0000455209,0.063969
2021,5.55326e-7,0.00131615,0.222801,0.0000173534,0.00000885827,0.525602,0.00736844,0.0000445094,0.0646225
2022,5.83543e-7,0.00130849,0.221351,0.0000173153,0.00000883859,0.520676,0.00731529,0.0000443472,0.0638527
2023,6.17438e-7,0.00128622,0.220213,0.000017204,0.00000878201,0.516619,0.00732233,0.000043203,0.0637833
2024,6.59838e-7,0.00126585,0.217855,0.0000168701,0.00000861189,0.50908,0.00730079,0.0000422563,0.0631939
2025,6.7321e-7,0.00127644,0.218859,0.000017001,0.00000867855,0.509968,0.00733528,0.0000427708,0.0636177
