{
  "2019-01": {
    "adpe": 4.90018e-7,
    "ap": 0.00131203,
    "ctue": 0.225955,
    "ctuh-c": 0.0000169965,
    "ctuh-nc": 0.00000867773,
    "gwp": 0.538053,
    "ir": 0.00749041,
    "pm": 0.0000433529,
    "wu": 0.0662713
  },
  "2019-02": {
    "adpe": 4.9828e-7,
    "ap": 0.00132487,
    "ctue": 0.22648,
    "ctuh-c": 0.0000173328,
    "ctuh-nc": 0.00000884862,
    "gwp": 0.539669,
    "ir": 0.00746605,
    "pm": 0.0000442514,
    "wu": 0.065768
  },
  "2019-03": {
    "adpe": 5.17701e-7,
    "ap": 0.00130013,
    "ctue": 0.22266,
    "ctuh-c": 0.0000173569,
    "ctuh-nc": 0.00000886015,
    "gwp": 0.52921,
    "ir": 0.0074172,
    "pm": 0.0000436704,
    "wu": 0.0650246
  },
  "2019-04": {
    "adpe": 5.2516e-7,
    "ap": 0.00130271,
    "ctue": 0.220616,
    "ctuh-c": 0.0000176559,
    "ctuh-nc": 0.00000901145,
    "gwp": 0.525295,
    "ir": 0.00737686,
    "pm": 0.0000445014,
    "wu": 0.06405
  },
  "2019-05": {
    "adpe": 5.26069e-7,
    "ap": 0.00128681,
    "ctue": 0.218831,
    "ctuh-c": 0.0000174205,
    "ctuh-nc": 0.00000889148,
    "gwp": 0.520901,
    "ir": 0.0073341,
    "pm": 0.0000437861,
    "wu": 0.0635488
  },
  "2019-06": {
    "adpe": 5.2388e-7,
    "ap": 0.00128821,
    "ctue": 0.220305,
    "ctuh-c": 0.000017022,
    "ctuh-nc": 0.00000868923,
    "gwp": 0.525501,
    "ir": 0.00738232,
    "pm": 0.0000432385,
    "wu": 0.0639907
  },
  "2019-07": {
    "adpe": 5.16548e-7,
    "ap": 0.0012799,
    "ctue": 0.222537,
    "ctuh-c": 0.0000164641,
    "ctuh-nc": 0.00000840647,
    "gwp": 0.530669,
    "ir": 0.00742649,
    "pm": 0.0000418253,
    "wu": 0.0649149
  },
  "2019-08": {
    "adpe": 5.18154e-7,
    "ap": 0.00128398,
    "ctue": 0.223042,
    "ctuh-c": 0.0000165891,
    "ctuh-nc": 0.00000847013,
    "gwp": 0.532057,
    "ir": 0.00744455,
    "pm": 0.0000420343,
    "wu": 0.065101
  },
  "2019-09": {
    "adpe": 5.1516e-7,
    "ap": 0.00129283,
    "ctue": 0.221552,
    "ctuh-c": 0.0000170308,
    "ctuh-nc": 0.00000869394,
    "gwp": 0.52958,
    "ir": 0.00742742,
    "pm": 0.0000432695,
    "wu": 0.0644531
  },
  "2019-10": {
    "adpe": 5.07399e-7,
    "ap": 0.00128981,
    "ctue": 0.220408,
    "ctuh-c": 0.0000168335,
    "ctuh-nc": 0.00000859327,
    "gwp": 0.52686,
    "ir": 0.00741112,
    "pm": 0.0000432304,
    "wu": 0.0642192
  },
  "2019-11": {
    "adpe": 4.97468e-7,
    "ap": 0.00130528,
    "ctue": 0.224307,
    "ctuh-c": 0.0000165877,
    "ctuh-nc": 0.00000846936,
    "gwp": 0.533909,
    "ir": 0.00742813,
    "pm": 0.0000430746,
    "wu": 0.0652724
  },
  "2019-12": {
    "adpe": 4.95546e-7,
    "ap": 0.00130713,
    "ctue": 0.227376,
    "ctuh-c": 0.0000162438,
    "ctuh-nc": 0.00000829554,
    "gwp": 0.539402,
    "ir": 0.0074696,
    "pm": 0.0000422279,
    "wu": 0.0664275
  },
  "2020-01": {
    "adpe": 4.99997e-7,
    "ap": 0.00130307,
    "ctue": 0.221385,
    "ctuh-c": 0.000016978,
    "ctuh-nc": 0.00000866689,
    "gwp": 0.52837,
    "ir": 0.00745587,
    "pm": 0.0000438717,
    "wu": 0.0649883
  },
  "2020-02": {
    "adpe": 5.09983e-7,
    "ap": 0.00130351,
    "ctue": 0.220804,
    "ctuh-c": 0.0000171572,
    "ctuh-nc": 0.00000875782,
    "gwp": 0.526062,
    "ir": 0.00737911,
    "pm": 0.0000441852,
    "wu": 0.0641448
  },
  "2020-03": {
    "adpe": 5.32082e-7,
    "ap": 0.00128384,
    "ctue": 0.21689,
    "ctuh-c": 0.000017405,
    "ctuh-nc": 0.00000888296,
    "gwp": 0.515982,
    "ir": 0.00734238,
    "pm": 0.0000440412,
    "wu": 0.0634009
  },
  "2020-04": {
    "adpe": 5.52579e-7,
    "ap": 0.00130154,
    "ctue": 0.217522,
    "ctuh-c": 0.0000179398,
    "ctuh-nc": 0.00000915484,
    "gwp": 0.517853,
    "ir": 0.00735343,
    "pm": 0.0000452646,
    "wu": 0.0631933
  },
  "2020-05": {
    "adpe": 5.52714e-7,
    "ap": 0.00129114,
    "ctue": 0.217997,
    "ctuh-c": 0.0000174381,
    "ctuh-nc": 0.00000890014,
    "gwp": 0.5176,
    "ir": 0.00732335,
    "pm": 0.0000441722,
    "wu": 0.0632504
  },
  "2020-06": {
    "adpe": 5.37213e-7,
    "ap": 0.00128043,
    "ctue": 0.218537,
    "ctuh-c": 0.0000168099,
    "ctuh-nc": 0.00000858103,
    "gwp": 0.519969,
    "ir": 0.00731858,
    "pm": 0.0000429989,
    "wu": 0.0632624
  },
  "2020-07": {
    "adpe": 5.28416e-7,
    "ap": 0.00126423,
    "ctue": 0.219116,
    "ctuh-c": 0.0000161464,
    "ctuh-nc": 0.00000824414,
    "gwp": 0.522113,
    "ir": 0.00734208,
    "pm": 0.0000414164,
    "wu": 0.0636816
  },
  "2020-08": {
    "adpe": 5.28474e-7,
    "ap": 0.00127433,
    "ctue": 0.222377,
    "ctuh-c": 0.0000160097,
    "ctuh-nc": 0.00000817552,
    "gwp": 0.528937,
    "ir": 0.00736927,
    "pm": 0.0000411708,
    "wu": 0.0644488
  },
  "2020-09": {
    "adpe": 5.26291e-7,
    "ap": 0.00128216,
    "ctue": 0.219106,
    "ctuh-c": 0.0000166532,
    "ctuh-nc": 0.0000085015,
    "gwp": 0.522214,
    "ir": 0.00732881,
    "pm": 0.0000428552,
    "wu": 0.0634045
  },
  "2020-10": {
    "adpe": 5.1932e-7,
    "ap": 0.00127318,
    "ctue": 0.216704,
    "ctuh-c": 0.0000168691,
    "ctuh-nc": 0.00000861063,
    "gwp": 0.515633,
    "ir": 0.00727612,
    "pm": 0.0000430859,
    "wu": 0.0628709
  },
  "2020-11": {
    "adpe": 5.15431e-7,
    "ap": 0.00130537,
    "ctue": 0.22417,
    "ctuh-c": 0.0000168645,
    "ctuh-nc": 0.00000861014,
    "gwp": 0.531941,
    "ir": 0.00738853,
    "pm": 0.0000432735,
    "wu": 0.0650211
  },
  "2020-12": {
    "adpe": 5.08869e-7,
    "ap": 0.00130923,
    "ctue": 0.229114,
    "ctuh-c": 0.0000162258,
    "ctuh-nc": 0.000008287,
    "gwp": 0.541527,
    "ir": 0.00745273,
    "pm": 0.0000418939,
    "wu": 0.0667447
  },
  "2021-01": {
    "adpe": 5.17143e-7,
    "ap": 0.00130197,
    "ctue": 0.224912,
    "ctuh-c": 0.0000166059,
    "ctuh-nc": 0.00000847899,
    "gwp": 0.53296,
    "ir": 0.00743132,
    "pm": 0.0000427237,
    "wu": 0.0656581
  },
  "2021-02": {
    "adpe": 5.26272e-7,
    "ap": 0.00131093,
    "ctue": 0.226372,
    "ctuh-c": 0.000016523,
    "ctuh-nc": 0.00000843712,
    "gwp": 0.535633,
    "ir": 0.00739104,
    "pm": 0.0000428538,
    "wu": 0.06535
  },
  "2021-03": {
    "adpe": 5.52277e-7,
    "ap": 0.00129054,
    "ctue": 0.223788,
    "ctuh-c": 0.0000166657,
    "ctuh-nc": 0.00000850928,
    "gwp": 0.528299,
    "ir": 0.00739264,
    "pm": 0.0000423167,
    "wu": 0.0651496
  },
  "2021-04": {
    "adpe": 5.61699e-7,
    "ap": 0.00129349,
    "ctue": 0.221842,
    "ctuh-c": 0.0000171248,
    "ctuh-nc": 0.00000874194,
    "gwp": 0.525314,
    "ir": 0.00736822,
    "pm": 0.0000432641,
    "wu": 0.0642297
  },
  "2021-05": {
    "adpe": 5.6947e-7,
    "ap": 0.00127615,
    "ctue": 0.218519,
    "ctuh-c": 0.0000168413,
    "ctuh-nc": 0.00000859713,
    "gwp": 0.516299,
    "ir": 0.00730203,
    "pm": 0.0000427769,
    "wu": 0.0633521
  },
  "2021-06": {
    "adpe": 5.60439e-7,
    "ap": 0.00128014,
    "ctue": 0.22159,
    "ctuh-c": 0.0000163184,
    "ctuh-nc": 0.00000833213,
    "gwp": 0.525456,
    "ir": 0.00738562,
    "pm": 0.0000419006,
    "wu": 0.0643162
  },
  "2021-07": {
    "adpe": 5.51802e-7,
    "ap": 0.00127153,
    "ctue": 0.223407,
    "ctuh-c": 0.0000157358,
    "ctuh-nc": 0.00000803671,
    "gwp": 0.528907,
    "ir": 0.0073965,
    "pm": 0.0000405421,
    "wu": 0.0650047
  },
  "2021-08": {
    "adpe": 5.51524e-7,
    "ap": 0.00127566,
    "ctue": 0.223685,
    "ctuh-c": 0.0000158418,
    "ctuh-nc": 0.00000809057,
    "gwp": 0.529772,
    "ir": 0.0074027,
    "pm": 0.0000408084,
    "wu": 0.0650263
  },
  "2021-09": {
    "adpe": 5.4627e-7,
    "ap": 0.00128138,
    "ctue": 0.220311,
    "ctuh-c": 0.0000165503,
    "ctuh-nc": 0.00000844964,
    "gwp": 0.522831,
    "ir": 0.00736163,
    "pm": 0.0000424391,
    "wu": 0.0640444
  },
  "2021-10": {
    "adpe": 5.43248e-7,
    "ap": 0.00127827,
    "ctue": 0.218486,
    "ctuh-c": 0.0000167487,
    "ctuh-nc": 0.00000854983,
    "gwp": 0.518218,
    "ir": 0.00732871,
    "pm": 0.0000429056,
    "wu": 0.0635029
  },
  "2021-11": {
    "adpe": 5.32409e-7,
    "ap": 0.00129233,
    "ctue": 0.221574,
    "ctuh-c": 0.0000167068,