year,adpe,ap,ctue,ctuh-c,ctuh-nc,gwp,ir,pm,wu
2019,1.40395e-7,0.0000467506,0.00796742,3.20205e-10,7.06992e-10,0.00377853,0.000358831,0.0000011603,0.00202769
2020,1.60346e-7,0.0000495259,0.00854167,3.54708e-10,7.63362e-10,0.00401101,0.000393346,0.00000121551,0.00218625
2021,1.80831e-7,0.0000518589,0.00893156,3.90864e-10,8.09839e-10,0.00415661,0.000421959,0.00000126663,0.00233415
2022,2.11381e-7,0.0000541882,0.00962162,4.34097e-10,8.78584e-10,0.00440526,0.000470752,0.00000128888,0.00250908
2023,2.45426e-7,0.0000557335,0.0102226,4.73519e-10,9.43558e-10,0.00460926,0.000522095,0.00000128165,0.00266482
2024,2.92933e-7,0.0000581148,0.0110224,5.13187e-10,1.03668e-9,0.00492858,0.000597888,0.00000127332,0.00287871
2025,2.66531e-7,0.0000577986,0.0108656,5.36864e-10,9.94703e-10,0.00476671,0.000549975,0.00000132196,0.00282327
