{
  "2019-01": {
    "adpe": 5.00387e-7,
    "ap": 0.00137833,
    "ctue": 0.230387,
    "ctuh-c": 0.0000185461,
    "ctuh-nc": 0.00000946643,
    "gwp": 0.541599,
    "ir": 0.00742116,
    "pm": 0.0000472978,
    "wu": 0.0668451
  },
  "2019-02": {
    "adpe": 5.10214e-7,
    "ap": 0.00139552,
    "ctue": 0.23117,
    "ctuh-c": 0.0000189959,
    "ctuh-nc": 0.00000969502,
    "gwp": 0.543511,
    "ir": 0.00739118,
    "pm": 0.0000484742,
    "wu": 0.0663215
  },
  "2019-03": {
    "adpe": 5.31112e-7,
    "ap": 0.00136682,
    "ctue": 0.22692,
    "ctuh-c": 0.0000189726,
    "ctuh-nc": 0.00000968235,
    "gwp": 0.532111,
    "ir": 0.00734087,
    "pm": 0.0000477254,
    "wu": 0.0655051
  },
  "2019-04": {
    "adpe": 5.39845e-7,
    "ap": 0.00137215,
    "ctue": 0.224785,
    "ctuh-c": 0.0000193606,
    "ctuh-nc": 0.00000987885,
    "gwp": 0.527826,
    "ir": 0.00729276,
    "pm": 0.0000487999,
    "wu": 0.0644319
  },
  "2019-05": {
    "adpe": 5.40382e-7,
    "ap": 0.00135338,
    "ctue": 0.222788,
    "ctuh-c": 0.0000190615,
    "ctuh-nc": 0.00000972647,
    "gwp": 0.523027,
    "ir": 0.0072471,
    "pm": 0.0000479182,
    "wu": 0.0638829
  },
  "2019-06": {
    "adpe": 5.37828e-7,
    "ap": 0.00135418,
    "ctue": 0.224321,
    "ctuh-c": 0.0000186139,
    "ctuh-nc": 0.00000949932,
    "gwp": 0.527968,
    "ir": 0.00730062,
    "pm": 0.0000472854,
    "wu": 0.0643548
  },
  "2019-07": {
    "adpe": 5.28878e-7,
    "ap": 0.0013419,
    "ctue": 0.226608,
    "ctuh-c": 0.0000179233,
    "ctuh-nc": 0.00000914909,
    "gwp": 0.533604,
    "ir": 0.00735305,
    "pm": 0.0000455331,
    "wu": 0.0653567
  },
  "2019-08": {
    "adpe": 5.31168e-7,
    "ap": 0.00134632,
    "ctue": 0.227092,
    "ctuh-c": 0.0000180669,
    "ctuh-nc": 0.00000922222,
    "gwp": 0.534999,
    "ir": 0.00737339,
    "pm": 0.0000457771,
    "wu": 0.0655455
  },
  "2019-09": {
    "adpe": 5.2818e-7,
    "ap": 0.00135899,
    "ctue": 0.225667,
    "ctuh-c": 0.0000186238,
    "ctuh-nc": 0.00000950456,
    "gwp": 0.532479,
    "ir": 0.00735186,
    "pm": 0.0000473092,
    "wu": 0.0648663
  },
  "2019-10": {
    "adpe": 5.19602e-7,
    "ap": 0.00135594,
    "ctue": 0.224445,
    "ctuh-c": 0.0000184258,
    "ctuh-nc": 0.00000940354,
    "gwp": 0.529492,
    "ir": 0.00733343,
    "pm": 0.0000472885,
    "wu": 0.0646231
  },
  "2019-11": {
    "adpe": 5.08417e-7,
    "ap": 0.00137254,
    "ctue": 0.228688,
    "ctuh-c": 0.0000181442,
    "ctuh-nc": 0.00000926155,
    "gwp": 0.537152,
    "ir": 0.0073509,
    "pm": 0.0000470949,
    "wu": 0.0657662
  },
  "2019-12": {
    "adpe": 5.05705e-7,
    "ap": 0.00137186,
    "ctue": 0.231839,
    "ctuh-c": 0.0000177089,
    "ctuh-nc": 0.00000904129,
    "gwp": 0.542926,
    "ir": 0.00739778,
    "pm": 0.0000460157,
    "wu": 0.0669996
  },
  "2020-01": {
    "adpe": 5.1274e-7,
    "ap": 0.00137217,
    "ctue": 0.22586,
    "ctuh-c": 0.0000185743,
    "ctuh-nc": 0.0000094793,
    "gwp": 0.531668,
    "ir": 0.00738219,
    "pm": 0.0000480045,
    "wu": 0.0655237
  },
  "2020-02": {
    "adpe": 5.24059e-7,
    "ap": 0.0013748,
    "ctue": 0.225364,
    "ctuh-c": 0.0000188165,
    "ctuh-nc": 0.00000960224,
    "gwp": 0.529294,
    "ir": 0.00729699,
    "pm": 0.0000484754,
    "wu": 0.0646165
  },
  "2020-03": {
    "adpe": 5.48185e-7,
    "ap": 0.0013526,
    "ctue": 0.221065,
    "ctuh-c": 0.0000190743,
    "ctuh-nc": 0.0000097324,
    "gwp": 0.518309,
    "ir": 0.00725834,
    "pm": 0.0000482704,
    "wu": 0.0638105
  },
  "2020-04": {
    "adpe": 5.71635e-7,
    "ap": 0.00137504,
    "ctue": 0.22186,
    "ctuh-c": 0.0000197576,
    "ctuh-nc": 0.0000100798,
    "gwp": 0.520206,
    "ir": 0.00726387,
    "pm": 0.0000498336,
    "wu": 0.0635727
  },
  "2020-05": {
    "adpe": 5.70974e-7,
    "ap": 0.00136169,
    "ctue": 0.222328,
    "ctuh-c": 0.0000191448,
    "ctuh-nc": 0.00000976866,
    "gwp": 0.520027,
    "ir": 0.00723408,
    "pm": 0.0000484898,
    "wu": 0.0636424
  },
  "2020-06": {
    "adpe": 5.5292e-7,
    "ap": 0.00134784,
    "ctue": 0.222777,
    "ctuh-c": 0.0000184009,
    "ctuh-nc": 0.00000939067,
    "gwp": 0.522547,
    "ir": 0.00723104,
    "pm": 0.0000470761,
    "wu": 0.0636366
  },
  "2020-07": {
    "adpe": 5.42353e-7,
    "ap": 0.00132686,
    "ctue": 0.223204,
    "ctuh-c": 0.000017596,
    "ctuh-nc": 0.0000089819,
    "gwp": 0.524805,
    "ir": 0.0072612,
    "pm": 0.0000451477,
    "wu": 0.0640729
  },
  "2020-08": {
    "adpe": 5.42415e-7,
    "ap": 0.00133727,
    "ctue": 0.226759,
    "ctuh-c": 0.0000174372,
    "ctuh-nc": 0.00000890214,
    "gwp": 0.532293,
    "ir": 0.00729195,
    "pm": 0.000044836,
    "wu": 0.0649192
  },
  "2020-09": {
    "adpe": 5.40674e-7,
    "ap": 0.00134878,
    "ctue": 0.223343,
    "ctuh-c": 0.0000182282,
    "ctuh-nc": 0.00000930302,
    "gwp": 0.52498,
    "ir": 0.0072434,
    "pm": 0.0000468748,
    "wu": 0.0637929
  },
  "2020-10": {
    "adpe": 5.33268e-7,
    "ap": 0.00133906,
    "ctue": 0.220774,
    "ctuh-c": 0.0000184665,
    "ctuh-nc": 0.00000942348,
    "gwp": 0.517865,
    "ir": 0.00718685,
    "pm": 0.0000471216,
    "wu": 0.0632336
  },
  "2020-11": {
    "adpe": 5.29206e-7,
    "ap": 0.00137442,
    "ctue": 0.228935,
    "ctuh-c": 0.0000184575,
    "ctuh-nc": 0.00000942096,
    "gwp": 0.535656,
    "ir": 0.00730908,
    "pm": 0.000047333,
    "wu": 0.0655784
  },
  "2020-12": {
    "adpe": 5.21056e-7,
    "ap": 0.00137437,
    "ctue": 0.233945,
    "ctuh-c": 0.0000176638,
    "ctuh-nc": 0.00000901907,
    "gwp": 0.545658,
    "ir": 0.00738208,
    "pm": 0.0000456,
    "wu": 0.0673957
  },
  "2021-01": {
    "adpe": 5.30228e-7,
    "ap": 0.0013682,
    "ctue": 0.229377,
    "ctuh-c": 0.000018096,
    "ctuh-nc": 0.00000923744,
    "gwp": 0.536294,
    "ir": 0.00735871,
    "pm": 0.0000465913,
    "wu": 0.0662519
  },
  "2021-02": {
    "adpe": 5.41204e-7,
    "ap": 0.00138039,
    "ctue": 0.231126,
    "ctuh-c": 0.0000180682,
    "ctuh-nc": 0.00000922364,
    "gwp": 0.539319,
    "ir": 0.00731317,
    "pm": 0.0000468844,
    "wu": 0.0659362
  },
  "2021-03": {
    "adpe": 5.69366e-7,
    "ap": 0.00135617,
    "ctue": 0.228187,
    "ctuh-c": 0.0000181851,
    "ctuh-nc": 0.00000928261,
    "gwp": 0.531251,
    "ir": 0.00731651,
    "pm": 0.0000461803,
    "wu": 0.0657006
  },
  "2021-04": {
    "adpe": 5.80329e-7,
    "ap": 0.00136086,
    "ctue": 0.226075,
    "ctuh-c": 0.0000187245,
    "ctuh-nc": 0.00000955606,
    "gwp": 0.527706,
    "ir": 0.00728363,
    "pm": 0.0000473251,
    "wu": 0.0646713
  },
  "2021-05": {
    "adpe": 5.8855e-7,
    "ap": 0.00134044,
    "ctue": 0.22234,
    "ctuh-c": 0.0000183854,
    "ctuh-nc": 0.00000938287,
    "gwp": 0.517715,
    "ir": 0.00721149,
    "pm": 0.0000467116,
    "wu": 0.063691
  },
  "2021-06": {
    "adpe": 5.78092e-7,
    "ap": 0.00134272,
    "ctue": 0.225516,
    "ctuh-c": 0.000017734,
    "ctuh-nc": 0.0000090526,
    "gwp": 0.527559,
    "ir": 0.00730635,
    "pm": 0.0000456159,
    "wu": 0.064726
  },
  "2021-07": {
    "adpe": 5.68298e-7,
    "ap": 0.00133144,
    "ctue": 0.227383,
    "ctuh-c": 0.0000170822,
    "ctuh-nc": 0.00000872202,
    "gwp": 0.531411,
    "ir": 0.00732182,
    "pm": 0.0000440371,
    "wu": 0.0654619
  },
  "2021-08": {
    "adpe": 5.68285e-7,
    "ap": 0.00133657,
    "ctue": 0.227794,
    "ctuh-c": 0.0000172089,
    "ctuh-nc": 0.00000878647,
    "gwp": 0.532564,
    "ir": 0.0073301,
    "pm": 0.0000443486,
    "wu": 0.0655131
  },
  "2021-09": {
    "adpe": 5.63223e-7,
    "ap": 0.00134688,
    "ctue": 0.224453,
    "ctuh-c": 0.0000180815,
    "ctuh-nc": 0.00000922893,
    "gwp": 0.525355,
    "ir": 0.00728132,
    "pm": 0.0000463624,
    "wu": 0.0644836
  },
  "2021-10": {
    "adpe": 5.59839e-7,
    "ap": 0.00134379,
    "ctue": 0.222424,
    "ctuh-c": 0.0000183245,
    "ctuh-nc": 0.00000935173,
    "gwp": 0.520136,
    "ir": 0.00724888,
    "pm": 0.0000469157,
    "wu": 0.0639416
  },
  "2021-11": {
    "adpe": 5.48303e-7,
    "ap": 0.00135952,
    "ctue": 0.225768,
    "ctuh-c": 0.0000182812,