{
  "2019-01": {
    "adpe": 4.96216e-7,
    "ap": 0.00134331,
    "ctue": 0.226392,
    "ctuh-c": 0.0000182368,
    "ctuh-nc": 0.00000930808,
    "gwp": 0.537688,
    "ir": 0.00748287,
    "pm": 0.0000459843,
    "wu": 0.0662561
  },
  "2019-02": {
    "adpe": 5.05593e-7,
    "ap": 0.0013583,
    "ctue": 0.2269,
    "ctuh-c": 0.0000186595,
    "ctuh-nc": 0.00000952289,
    "gwp": 0.539241,
    "ir": 0.00745685,
    "pm": 0.000047076,
    "wu": 0.0657086
  },
  "2019-03": {
    "adpe": 5.25914e-7,
    "ap": 0.00133152,
    "ctue": 0.222937,
    "ctuh-c": 0.0000186724,
    "ctuh-nc": 0.00000952868,
    "gwp": 0.528413,
    "ir": 0.00740683,
    "pm": 0.0000463995,
    "wu": 0.064949
  },
  "2019-04": {
    "adpe": 5.35229e-7,
    "ap": 0.00133523,
    "ctue": 0.22075,
    "ctuh-c": 0.0000190026,
    "ctuh-nc": 0.00000969578,
    "gwp": 0.524103,
    "ir": 0.00736313,
    "pm": 0.0000473498,
    "wu": 0.0638952
  },
  "2019-05": {
    "adpe": 5.36829e-7,
    "ap": 0.0013177,
    "ctue": 0.218838,
    "ctuh-c": 0.0000187193,
    "ctuh-nc": 0.00000955145,
    "gwp": 0.519371,
    "ir": 0.00731739,
    "pm": 0.0000465317,
    "wu": 0.0633555
  },
  "2019-06": {
    "adpe": 5.34226e-7,
    "ap": 0.00131809,
    "ctue": 0.220339,
    "ctuh-c": 0.000018159,
    "ctuh-nc": 0.00000926699,
    "gwp": 0.524077,
    "ir": 0.00736844,
    "pm": 0.0000458017,
    "wu": 0.0638085
  },
  "2019-07": {
    "adpe": 5.26406e-7,
    "ap": 0.0013082,
    "ctue": 0.222734,
    "ctuh-c": 0.0000175923,
    "ctuh-nc": 0.00000897983,
    "gwp": 0.529713,
    "ir": 0.00741594,
    "pm": 0.0000442521,
    "wu": 0.0648026
  },
  "2019-08": {
    "adpe": 5.28751e-7,
    "ap": 0.00131222,
    "ctue": 0.223173,
    "ctuh-c": 0.000017721,
    "ctuh-nc": 0.00000904529,
    "gwp": 0.530999,
    "ir": 0.00743577,
    "pm": 0.0000444721,
    "wu": 0.0649812
  },
  "2019-09": {
    "adpe": 5.26072e-7,
    "ap": 0.00132304,
    "ctue": 0.221626,
    "ctuh-c": 0.0000182638,
    "ctuh-nc": 0.00000932047,
    "gwp": 0.528383,
    "ir": 0.00741748,
    "pm": 0.0000459132,
    "wu": 0.0642989
  },
  "2019-10": {
    "adpe": 5.1787e-7,
    "ap": 0.00131975,
    "ctue": 0.220393,
    "ctuh-c": 0.0000180928,
    "ctuh-nc": 0.00000923316,
    "gwp": 0.525447,
    "ir": 0.00740027,
    "pm": 0.0000458992,
    "wu": 0.0640568
  },
  "2019-11": {
    "adpe": 5.06814e-7,
    "ap": 0.00133593,
    "ctue": 0.224507,
    "ctuh-c": 0.0000178323,
    "ctuh-nc": 0.00000910187,
    "gwp": 0.532861,
    "ir": 0.00741622,
    "pm": 0.0000457271,
    "wu": 0.0651594
  },
  "2019-12": {
    "adpe": 5.03854e-7,
    "ap": 0.00133684,
    "ctue": 0.227704,
    "ctuh-c": 0.0000174648,
    "ctuh-nc": 0.0000089161,
    "gwp": 0.538641,
    "ir": 0.00745902,
    "pm": 0.0000447769,
    "wu": 0.0663773
  },
  "2020-01": {
    "adpe": 5.09383e-7,
    "ap": 0.00133592,
    "ctue": 0.221819,
    "ctuh-c": 0.0000182781,
    "ctuh-nc": 0.00000932765,
    "gwp": 0.527783,
    "ir": 0.00744724,
    "pm": 0.0000466385,
    "wu": 0.0649441
  },
  "2020-02": {
    "adpe": 5.19113e-7,
    "ap": 0.00133728,
    "ctue": 0.221231,
    "ctuh-c": 0.0000184557,
    "ctuh-nc": 0.00000941769,
    "gwp": 0.525419,
    "ir": 0.00736659,
    "pm": 0.000047011,
    "wu": 0.0640529
  },
  "2020-03": {
    "adpe": 5.4134e-7,
    "ap": 0.00131641,
    "ctue": 0.217133,
    "ctuh-c": 0.0000187378,
    "ctuh-nc": 0.00000956031,
    "gwp": 0.514952,
    "ir": 0.00732855,
    "pm": 0.0000468595,
    "wu": 0.0632867
  },
  "2020-04": {
    "adpe": 5.63252e-7,
    "ap": 0.00133623,
    "ctue": 0.21775,
    "ctuh-c": 0.00001934,
    "ctuh-nc": 0.00000986643,
    "gwp": 0.516719,
    "ir": 0.00733854,
    "pm": 0.0000482565,
    "wu": 0.0630481
  },
  "2020-05": {
    "adpe": 5.63945e-7,
    "ap": 0.00132485,
    "ctue": 0.218326,
    "ctuh-c": 0.0000187637,
    "ctuh-nc": 0.00000957384,
    "gwp": 0.516529,
    "ir": 0.00730585,
    "pm": 0.0000470267,
    "wu": 0.0631185
  },
  "2020-06": {
    "adpe": 5.48324e-7,
    "ap": 0.00131238,
    "ctue": 0.218875,
    "ctuh-c": 0.0000180051,
    "ctuh-nc": 0.00000918845,
    "gwp": 0.518964,
    "ir": 0.00730159,
    "pm": 0.000045655,
    "wu": 0.0631241
  },
  "2020-07": {
    "adpe": 5.40986e-7,
    "ap": 0.00129376,
    "ctue": 0.219444,
    "ctuh-c": 0.0000172616,
    "ctuh-nc": 0.00000881087,
    "gwp": 0.521158,
    "ir": 0.00732836,
    "pm": 0.0000438697,
    "wu": 0.0635621
  },
  "2020-08": {
    "adpe": 5.42039e-7,
    "ap": 0.00130399,
    "ctue": 0.222901,
    "ctuh-c": 0.0000171029,
    "ctuh-nc": 0.00000873114,
    "gwp": 0.52834,
    "ir": 0.00735755,
    "pm": 0.0000435694,
    "wu": 0.0643781
  },
  "2020-09": {
    "adpe": 5.39891e-7,
    "ap": 0.00131323,
    "ctue": 0.219378,
    "ctuh-c": 0.0000178897,
    "ctuh-nc": 0.00000912987,
    "gwp": 0.521082,
    "ir": 0.00731393,
    "pm": 0.0000454987,
    "wu": 0.0632633
  },
  "2020-10": {
    "adpe": 5.30789e-7,
    "ap": 0.00130388,
    "ctue": 0.216901,
    "ctuh-c": 0.000018151,
    "ctuh-nc": 0.0000092621,
    "gwp": 0.514278,
    "ir": 0.00725727,
    "pm": 0.0000457653,
    "wu": 0.0627218
  },
  "2020-11": {
    "adpe": 5.25717e-7,
    "ap": 0.00133792,
    "ctue": 0.224774,
    "ctuh-c": 0.0000181526,
    "ctuh-nc": 0.00000926486,
    "gwp": 0.531478,
    "ir": 0.00737433,
    "pm": 0.0000459754,
    "wu": 0.0649852
  },
  "2020-12": {
    "adpe": 5.17456e-7,
    "ap": 0.00133992,
    "ctue": 0.229841,
    "ctuh-c": 0.0000174091,
    "ctuh-nc": 0.00000888852,
    "gwp": 0.541375,
    "ir": 0.00744057,
    "pm": 0.0000443846,
    "wu": 0.0667714
  },
  "2021-01": {
    "adpe": 5.2634e-7,
    "ap": 0.00133298,
    "ctue": 0.22529,
    "ctuh-c": 0.0000178631,
    "ctuh-nc": 0.00000911793,
    "gwp": 0.53215,
    "ir": 0.00741849,
    "pm": 0.0000453432,
    "wu": 0.0656443
  },
  "2021-02": {
    "adpe": 5.36489e-7,
    "ap": 0.00134349,
    "ctue": 0.226862,
    "ctuh-c": 0.0000177651,
    "ctuh-nc": 0.00000906843,
    "gwp": 0.534983,
    "ir": 0.00737725,
    "pm": 0.0000455269,
    "wu": 0.0653263
  },
  "2021-03": {
    "adpe": 5.6405e-7,
    "ap": 0.00132145,
    "ctue": 0.224175,
    "ctuh-c": 0.0000179134,
    "ctuh-nc": 0.00000914341,
    "gwp": 0.527409,
    "ir": 0.00738011,
    "pm": 0.0000449154,
    "wu": 0.0651292
  },
  "2021-04": {
    "adpe": 5.7461e-7,
    "ap": 0.00132513,
    "ctue": 0.222048,
    "ctuh-c": 0.0000183712,
    "ctuh-nc": 0.00000937538,
    "gwp": 0.524009,
    "ir": 0.00735324,
    "pm": 0.0000459434,
    "wu": 0.064132
  },
  "2021-05": {
    "adpe": 5.83102e-7,
    "ap": 0.00130596,
    "ctue": 0.218506,
    "ctuh-c": 0.0000180699,
    "ctuh-nc": 0.00000922144,
    "gwp": 0.514424,
    "ir": 0.00728277,
    "pm": 0.0000453838,
    "wu": 0.0631974
  },
  "2021-06": {
    "adpe": 5.73364e-7,
    "ap": 0.00130867,
    "ctue": 0.221604,
    "ctuh-c": 0.0000174161,
    "ctuh-nc": 0.00000888996,
    "gwp": 0.523844,
    "ir": 0.00737198,
    "pm": 0.0000443306,
    "wu": 0.0641882
  },
  "2021-07": {
    "adpe": 5.64435e-7,
    "ap": 0.00129885,
    "ctue": 0.223543,
    "ctuh-c": 0.0000167887,
    "ctuh-nc": 0.0000085718,
    "gwp": 0.527621,
    "ir": 0.0073834,
    "pm": 0.000042838,
    "wu": 0.0649126
  },
  "2021-08": {
    "adpe": 5.64624e-7,
    "ap": 0.00130365,
    "ctue": 0.22393,
    "ctuh-c": 0.0000169089,
    "ctuh-nc": 0.00000863291,
    "gwp": 0.528716,
    "ir": 0.00739194,
    "pm": 0.0000431322,
    "wu": 0.0649611
  },
  "2021-09": {
    "adpe": 5.5951e-7,
    "ap": 0.00131192,
    "ctue": 0.220528,
    "ctuh-c": 0.0000177158,
    "ctuh-nc": 0.00000904194,
    "gwp": 0.521603,
    "ir": 0.0073484,
    "pm": 0.0000449939,
    "wu": 0.0639454
  },
  "2021-10": {
    "adpe": 5.56356e-7,
    "ap": 0.00130895,
    "ctue": 0.218536,
    "ctuh-c": 0.000017997,
    "ctuh-nc": 0.00000918421,
    "gwp": 0.516576,
    "ir": 0.0073181,
    "pm": 0.0000455681,
    "wu": 0.0634216
  },
  "2021-11": {
    "adpe": 5.44795e-7,
    "ap": 0.00132437,
    "ctue": 0.221801,
    "ctuh-c": 0.0000179811,