year,adpe,ap,ctue,ctuh-c,ctuh-nc,gwp,ir,pm,wu
2019,0.0000015563811247880237,0.00029860684612647887,0.04395512350940937,1.911570885154607e-9,4.992210979383481e-9,0.02264641486969271,0.0029917414819222252,0.000006852170960175258,0.014479547802132179
2020,0.000001598952043984274,0.0002960481853749337,0.044420649261053,1.9410481089169824e-9,5.038312586900934e-9,0.022701441366754976,0.0030504144122080914,0.000006689163889393349,0.014516405141016217
2021,0.000001640922732609698,0.0003009433567919646,0.04531310804211941,2.040274689340055e-9,5.133638839836169e-9,0.022969908743773342,0.0031035211967860047,0.000006806466202646843,0.014840523104327204
2022,0.0000016902808806156261,0.0002991031788487407,0.04604180397307278,2.1021858875509468e-9,5.196702889566983e-9,0.023065491881299513,0.00316886982977655,0.000006661695643273905,0.014938349895420732
2023,0.0000017473998163573672,0.00029950266761100537,0.0473902538495865,2.2488953033275467e-9,5.292329233831586e-9,0.023242716402786547,0.0032366616705419987,0.000006595665828239031,0.01518386162168704
