year,adpe,ap,ctue,ctuh-c,ctuh-nc,gwp,ir,pm,wu
2019,5.090927702440734e-7,0.0012854865190429737,0.22246638240074815,0.000016634195264040333,0.000008492847549462656,0.529211101661094,0.0073863750775258145,0.00004232564171084017,0.06477272500186079
2020,5.238358409700092e-7,0.0012769301001860373,0.2200098085581501,0.0000165427262076504,0.000008445731095295827,0.5225390896964722,0.007326997388665706,0.000042282400391817906,0.06391368820690599
2021,5.426972586464323e-7,0.0012747160893697498,0.2220770632035248,0.000016178887425436046,0.000008261469965623644,0.5250190525128429,0.007345756108088221,0.00004141521032522792,0.06453457382796161
2022,5.679699008438305e-7,0.0012702448455350053,0.2210708369724499,0.00001615586059663943,0.00000824948703222136,0.5211559931817146,0.007298192173196981,0.00004137761353230864,0.0638333884292251
2023,5.975584799544704e-7,0.0012550199055262267,0.21954585868367507,0.00001600883623648558,0.000008174496761974117,0.5168679433955704,0.007301202587766767,0.000040694306086648723,0.06353939702611174
