{
  "2019-01": {
    "adpe": 1.14228e-7,
    "ap": 0.0000474185,
    "ctue": 0.00751117,
    "ctuh-c": 3.09887e-10,
    "ctuh-nc": 6.64895e-10,
    "gwp": 0.00363059,
    "ir": 0.000314175,
    "pm": 0.00000124321,
    "wu": 0.0019824
  },
  "2019-02": {
    "adpe": 1.2155e-7,
    "ap": 0.0000465035,
    "ctue": 0.00753011,
    "ctuh-c": 3.01852e-10,
    "ctuh-nc": 6.6978e-10,
    "gwp": 0.00363737,
    "ir": 0.00032645,
    "pm": 0.00000119456,
    "wu": 0.00196438
  },
  "2019-03": {
    "adpe": 1.45227e-7,
    "ap": 0.0000482336,
    "ctue": 0.00825087,
    "ctuh-c": 3.47156e-10,
    "ctuh-nc": 7.28148e-10,
    "gwp": 0.00386454,
    "ir": 0.000365985,
    "pm": 0.0000012042,
    "wu": 0.00210472
  },
  "2019-04": {
    "adpe": 1.54327e-7,
    "ap": 0.0000477397,
    "ctue": 0.00834517,
    "ctuh-c": 3.36863e-10,
    "ctuh-nc": 7.41024e-10,
    "gwp": 0.00392123,
    "ir": 0.000384017,
    "pm": 0.00000116215,
    "wu": 0.00210249
  },
  "2019-05": {
    "adpe": 1.58738e-7,
    "ap": 0.0000476421,
    "ctue": 0.0085194,
    "ctuh-c": 3.36444e-10,
    "ctuh-nc": 7.52574e-10,
    "gwp": 0.00398866,
    "ir": 0.000395304,
    "pm": 0.00000114139,
    "wu": 0.00210842
  },
  "2019-06": {
    "adpe": 1.56524e-7,
    "ap": 0.0000468081,
    "ctue": 0.00817117,
    "ctuh-c": 3.09426e-10,
    "ctuh-nc": 7.35593e-10,
    "gwp": 0.00390301,
    "ir": 0.000390101,
    "pm": 0.00000112107,
    "wu": 0.00205908
  },
  "2019-07": {
    "adpe": 1.48673e-7,
    "ap": 0.0000462887,
    "ctue": 0.00789035,
    "ctuh-c": 2.93475e-10,
    "ctuh-nc": 7.15015e-10,
    "gwp": 0.00381647,
    "ir": 0.000376049,
    "pm": 0.0000011219,
    "wu": 0.00201392
  },
  "2019-08": {
    "adpe": 1.48806e-7,
    "ap": 0.000046634,
    "ctue": 0.00782411,
    "ctuh-c": 2.92003e-10,
    "ctuh-nc": 7.1478e-10,
    "gwp": 0.0038074,
    "ir": 0.000374927,
    "pm": 0.00000113737,
    "wu": 0.00202482
  },
  "2019-09": {
    "adpe": 1.45451e-7,
    "ap": 0.0000461179,
    "ctue": 0.00791472,
    "ctuh-c": 3.0641e-10,
    "ctuh-nc": 7.09116e-10,
    "gwp": 0.00378119,
    "ir": 0.000368054,
    "pm": 0.0000011261,
    "wu": 0.00200976
  },
  "2019-10": {
    "adpe": 1.40071e-7,
    "ap": 0.0000465211,
    "ctue": 0.0080342,
    "ctuh-c": 3.22678e-10,
    "ctuh-nc": 7.07555e-10,
    "gwp": 0.00378868,
    "ir": 0.000359466,
    "pm": 0.00000114977,
    "wu": 0.0020208
  },
  "2019-11": {
    "adpe": 1.27622e-7,
    "ap": 0.0000469946,
    "ctue": 0.00791264,
    "ctuh-c": 3.2931e-10,
    "ctuh-nc": 6.90341e-10,
    "gwp": 0.00372748,
    "ir": 0.000337395,
    "pm": 0.00000119537,
    "wu": 0.00201192
  },
  "2019-12": {
    "adpe": 1.23687e-7,
    "ap": 0.0000478074,
    "ctue": 0.00786923,
    "ctuh-c": 3.41658e-10,
    "ctuh-nc": 6.86869e-10,
    "gwp": 0.00370024,
    "ir": 0.000327293,
    "pm": 0.00000123964,
    "wu": 0.00203797
  },
  "2020-01": {
    "adpe": 1.29897e-7,
    "ap": 0.0000486464,
    "ctue": 0.00795272,
    "ctuh-c": 3.38838e-10,
    "ctuh-nc": 7.0275e-10,
    "gwp": 0.00377331,
    "ir": 0.000339651,
    "pm": 0.00000125418,
    "wu": 0.00207746
  },
  "2020-02": {
    "adpe": 1.41705e-7,
    "ap": 0.0000489626,
    "ctue": 0.0084042,
    "ctuh-c": 3.65646e-10,
    "ctuh-nc": 7.31609e-10,
    "gwp": 0.0038913,
    "ir": 0.000360387,
    "pm": 0.00000123609,
    "wu": 0.00213213
  },
  "2020-03": {
    "adpe": 1.66705e-7,
    "ap": 0.0000510151,
    "ctue": 0.00893865,
    "ctuh-c": 3.87779e-10,
    "ctuh-nc": 7.89833e-10,
    "gwp": 0.00412439,
    "ir": 0.000403968,
    "pm": 0.00000125389,
    "wu": 0.00227075
  },
  "2020-04": {
    "adpe": 1.84579e-7,
    "ap": 0.0000521429,
    "ctue": 0.00887893,
    "ctuh-c": 3.67921e-10,
    "ctuh-nc": 8.17606e-10,
    "gwp": 0.00421291,
    "ir": 0.000433241,
    "pm": 0.00000126183,
    "wu": 0.00233627
  },
  "2020-05": {
    "adpe": 1.87526e-7,
    "ap": 0.0000519934,
    "ctue": 0.0090258,
    "ctuh-c": 3.70987e-10,
    "ctuh-nc": 8.25479e-10,
    "gwp": 0.00425739,
    "ir": 0.000440532,
    "pm": 0.00000124494,
    "wu": 0.0023397
  },
  "2020-06": {
    "adpe": 1.74613e-7,
    "ap": 0.000049432,
    "ctue": 0.00873544,
    "ctuh-c": 3.44206e-10,
    "ctuh-nc": 7.88519e-10,
    "gwp": 0.00412401,
    "ir": 0.000421646,
    "pm": 0.00000117424,
    "wu": 0.00220854
  },
  "2020-07": {
    "adpe": 1.67708e-7,
    "ap": 0.0000486374,
    "ctue": 0.00846502,
    "ctuh-c": 3.20203e-10,
    "ctuh-nc": 7.6919e-10,
    "gwp": 0.00405521,
    "ir": 0.000411681,
    "pm": 0.00000115869,
    "wu": 0.0021509
  },
  "2020-08": {
    "adpe": 1.6521e-7,
    "ap": 0.0000488325,
    "ctue": 0.00834277,
    "ctuh-c": 3.20572e-10,
    "ctuh-nc": 7.62498e-10,
    "gwp": 0.00401252,
    "ir": 0.000404618,
    "pm": 0.00000117699,
    "wu": 0.00215232
  },
  "2020-09": {
    "adpe": 1.63559e-7,
    "ap": 0.0000488782,
    "ctue": 0.00846226,
    "ctuh-c": 3.24817e-10,
    "ctuh-nc": 7.65074e-10,
    "gwp": 0.00404502,
    "ir": 0.000404746,
    "pm": 0.00000117586,
    "wu": 0.0021521
  },
  "2020-10": {
    "adpe": 1.58158e-7,
    "ap": 0.0000491058,
    "ctue": 0.00889702,
    "ctuh-c": 3.69438e-10,
    "ctuh-nc": 7.70361e-10,
    "gwp": 0.00408662,
    "ir": 0.000396185,
    "pm": 0.00000118967,
    "wu": 0.00217557
  },
  "2020-11": {
    "adpe": 1.4552e-7,
    "ap": 0.0000497336,
    "ctue": 0.00838491,
    "ctuh-c": 3.62501e-10,
    "ctuh-nc": 7.40256e-10,
    "gwp": 0.00392225,
    "ir": 0.00036646,
    "pm": 0.00000125777,
    "wu": 0.00216413
  },
  "2020-12": {
    "adpe": 1.36264e-7,
    "ap": 0.0000502737,
    "ctue": 0.00814772,
    "ctuh-c": 3.62605e-10,
    "ctuh-nc": 7.23423e-10,
    "gwp": 0.00384158,
    "ir": 0.000347271,
    "pm": 0.00000130484,
    "wu": 0.00216115
  },
  "2021-01": {
    "adpe": 1.46936e-7,
    "ap": 0.0000502605,
    "ctue": 0.00842427,
    "ctuh-c": 3.77584e-10,
    "ctuh-nc": 7.43956e-10,
    "gwp": 0.00391474,
    "ir": 0.00036484,
    "pm": 0.00000128075,
    "wu": 0.00219512
  },
  "2021-02": {
    "adpe": 1.57003e-7,
    "ap": 0.0000505387,
    "ctue": 0.00857352,
    "ctuh-c": 3.79502e-10,
    "ctuh-nc": 7.62644e-10,
    "gwp": 0.00398509,
    "ir": 0.000382299,
    "pm": 0.00000126847,
    "wu": 0.0022286
  },
  "2021-03": {
    "adpe": 1.84447e-7,
    "ap": 0.0000523252,
    "ctue": 0.00912729,
    "ctuh-c": 4.14605e-10,
    "ctuh-nc": 8.20514e-10,
    "gwp": 0.004184,
    "ir": 0.000425114,
    "pm": 0.00000127954,
    "wu": 0.00237359
  },
  "2021-04": {
    "adpe": 1.94166e-7,
    "ap": 0.0000520875,
    "ctue": 0.0091747,
    "ctuh-c": 4.04986e-10,
    "ctuh-nc": 8.33579e-10,
    "gwp": 0.00423057,
    "ir": 0.000442473,
    "pm": 0.0000012491,
    "wu": 0.00238194
  },
  "2021-05": {
    "adpe": 2.07966e-7,
    "ap": 0.0000529533,
    "ctue": 0.00966622,
    "ctuh-c": 4.25807e-10,
    "ctuh-nc": 8.70651e-10,
    "gwp": 0.00439998,
    "ir": 0.000469513,
    "pm": 0.00000124197,
    "wu": 0.00245465
  },
  "2021-06": {
    "adpe": 1.97072e-7,
    "ap": 0.0000509842,
    "ctue": 0.00887092,
    "ctuh-c": 3.594e-10,
    "ctuh-nc": 8.25788e-10,
    "gwp": 0.00420865,
    "ir": 0.000451477,
    "pm": 0.00000119869,
    "wu": 0.00232255
  },
  "2021-07": {
    "adpe": 1.89189e-7,
    "ap": 0.000050882,
    "ctue": 0.00873725,
    "ctuh-c": 3.5206e-10,
    "ctuh-nc": 8.12187e-10,
    "gwp": 0.00416701,
    "ir": 0.000439346,
    "pm": 0.00000121018,
    "wu": 0.00229602
  },
  "2021-08": {
    "adpe": 1.88029e-7,
    "ap": 0.000050648,
    "ctue": 0.00869514,
    "ctuh-c": 3.51142e-10,
    "ctuh-nc": 8.07925e-10,
    "gwp": 0.0041449,
    "ir": 0.000436647,
    "pm": 0.00000120554,
    "wu": 0.00228528
  },
  "2021-09": {
    "adpe": 1.82725e-7,
    "ap": 0.0000506005,
    "ctue": 0.00878533,
    "ctuh-c": 3.54699e-10,
    "ctuh-nc": 8.04783e-10,
    "gwp": 0.00416133,
    "ir": 0.000431212,
    "pm": 0.00000120759,
    "wu": 0.002273
  },
  "2021-10": {
    "adpe": 1.81022e-7,
    "ap": 0.0000507452,
    "ctue": 0.00923777,
    "ctuh-c": 4.08859e-10,
    "ctuh-nc": 8.12752e-10,