{
  "2019-01": {
    "adpe": 4.96293e-7,
    "ap": 0.00134161,
    "ctue": 0.226341,
    "ctuh-c": 0.0000178997,
    "ctuh-nc": 0.0000091367,
    "gwp": 0.537455,
    "ir": 0.00748428,
    "pm": 0.000045653,
    "wu": 0.0662359
  },
  "2019-02": {
    "adpe": 5.05435e-7,
    "ap": 0.0013567,
    "ctue": 0.226867,
    "ctuh-c": 0.0000183158,
    "ctuh-nc": 0.00000934814,
    "gwp": 0.539057,
    "ir": 0.00745847,
    "pm": 0.0000467415,
    "wu": 0.0656932
  },
  "2019-03": {
    "adpe": 5.25831e-7,
    "ap": 0.00132967,
    "ctue": 0.222887,
    "ctuh-c": 0.0000183033,
    "ctuh-nc": 0.00000934103,
    "gwp": 0.528164,
    "ir": 0.0074079,
    "pm": 0.0000460371,
    "wu": 0.0649243
  },
  "2019-04": {
    "adpe": 5.34025e-7,
    "ap": 0.00133361,
    "ctue": 0.220724,
    "ctuh-c": 0.0000186527,
    "ctuh-nc": 0.0000095179,
    "gwp": 0.523943,
    "ir": 0.00736351,
    "pm": 0.0000470099,
    "wu": 0.0638787
  },
  "2019-05": {
    "adpe": 5.34665e-7,
    "ap": 0.00131642,
    "ctue": 0.218856,
    "ctuh-c": 0.0000183847,
    "ctuh-nc": 0.00000938135,
    "gwp": 0.519353,
    "ir": 0.00731802,
    "pm": 0.0000462139,
    "wu": 0.0633528
  },
  "2019-06": {
    "adpe": 5.32329e-7,
    "ap": 0.00131758,
    "ctue": 0.220379,
    "ctuh-c": 0.0000179598,
    "ctuh-nc": 0.00000916573,
    "gwp": 0.524179,
    "ir": 0.00736945,
    "pm": 0.0000456205,
    "wu": 0.0638154
  },
  "2019-07": {
    "adpe": 5.23852e-7,
    "ap": 0.00130742,
    "ctue": 0.222778,
    "ctuh-c": 0.0000173222,
    "ctuh-nc": 0.00000884249,
    "gwp": 0.529817,
    "ir": 0.00741691,
    "pm": 0.0000440031,
    "wu": 0.0648105
  },
  "2019-08": {
    "adpe": 5.26041e-7,
    "ap": 0.00131152,
    "ctue": 0.223224,
    "ctuh-c": 0.0000174582,
    "ctuh-nc": 0.00000891171,
    "gwp": 0.53113,
    "ir": 0.00743682,
    "pm": 0.0000442321,
    "wu": 0.0649908
  },
  "2019-09": {
    "adpe": 5.22958e-7,
    "ap": 0.00132237,
    "ctue": 0.221703,
    "ctuh-c": 0.0000179694,
    "ctuh-nc": 0.0000091708,
    "gwp": 0.528579,
    "ir": 0.00741888,
    "pm": 0.0000456466,
    "wu": 0.064314
  },
  "2019-10": {
    "adpe": 5.14503e-7,
    "ap": 0.00131901,
    "ctue": 0.220469,
    "ctuh-c": 0.0000177706,
    "ctuh-nc": 0.00000906937,
    "gwp": 0.525635,
    "ir": 0.00740154,
    "pm": 0.0000456094,
    "wu": 0.0640701
  },
  "2019-11": {
    "adpe": 5.03775e-7,
    "ap": 0.00133512,
    "ctue": 0.224576,
    "ctuh-c": 0.000017499,
    "ctuh-nc": 0.00000893241,
    "gwp": 0.533011,
    "ir": 0.00741763,
    "pm": 0.0000454258,
    "wu": 0.0651722
  },
  "2019-12": {
    "adpe": 5.0129e-7,
    "ap": 0.00133582,
    "ctue": 0.227766,
    "ctuh-c": 0.0000171017,
    "ctuh-nc": 0.00000873149,
    "gwp": 0.538754,
    "ir": 0.00746097,
    "pm": 0.0000444439,
    "wu": 0.0663859
  },
  "2020-01": {
    "adpe": 5.07905e-7,
    "ap": 0.00133478,
    "ctue": 0.221847,
    "ctuh-c": 0.0000179146,
    "ctuh-nc": 0.00000914283,
    "gwp": 0.527755,
    "ir": 0.00744864,
    "pm": 0.000046304,
    "wu": 0.064941
  },
  "2020-02": {
    "adpe": 5.18689e-7,
    "ap": 0.00133654,
    "ctue": 0.221291,
    "ctuh-c": 0.0000181331,
    "ctuh-nc": 0.00000925371,
    "gwp": 0.525416,
    "ir": 0.00736836,
    "pm": 0.0000467201,
    "wu": 0.0640575
  },
  "2020-03": {
    "adpe": 5.42045e-7,
    "ap": 0.00131519,
    "ctue": 0.217143,
    "ctuh-c": 0.0000183885,
    "ctuh-nc": 0.00000938269,
    "gwp": 0.514753,
    "ir": 0.00732941,
    "pm": 0.0000465325,
    "wu": 0.0632727
  },
  "2020-04": {
    "adpe": 5.64337e-7,
    "ap": 0.00133502,
    "ctue": 0.217745,
    "ctuh-c": 0.0000190133,
    "ctuh-nc": 0.00000970033,
    "gwp": 0.516448,
    "ir": 0.0073382,
    "pm": 0.0000479484,
    "wu": 0.0630273
  },
  "2020-05": {
    "adpe": 5.63995e-7,
    "ap": 0.00132333,
    "ctue": 0.218299,
    "ctuh-c": 0.0000184464,
    "ctuh-nc": 0.00000941252,
    "gwp": 0.516352,
    "ir": 0.00730745,
    "pm": 0.0000467141,
    "wu": 0.0631061
  },
  "2020-06": {
    "adpe": 5.46791e-7,
    "ap": 0.0013112,
    "ctue": 0.218867,
    "ctuh-c": 0.0000177488,
    "ctuh-nc": 0.00000905814,
    "gwp": 0.518928,
    "ir": 0.00730259,
    "pm": 0.0000454043,
    "wu": 0.06312
  },
  "2020-07": {
    "adpe": 5.36875e-7,
    "ap": 0.00129263,
    "ctue": 0.219459,
    "ctuh-c": 0.0000170019,
    "ctuh-nc": 0.00000867885,
    "gwp": 0.52128,
    "ir": 0.00732851,
    "pm": 0.0000436192,
    "wu": 0.0635658
  },
  "2020-08": {
    "adpe": 5.36976e-7,
    "ap": 0.00130298,
    "ctue": 0.222931,
    "ctuh-c": 0.0000168531,
    "ctuh-nc": 0.00000860412,
    "gwp": 0.528547,
    "ir": 0.00735753,
    "pm": 0.0000433305,
    "wu": 0.0643883
  },
  "2020-09": {
    "adpe": 5.34989e-7,
    "ap": 0.00131247,
    "ctue": 0.219453,
    "ctuh-c": 0.0000175863,
    "ctuh-nc": 0.00000897563,
    "gwp": 0.521332,
    "ir": 0.00731415,
    "pm": 0.000045225,
    "wu": 0.0632771
  },
  "2020-10": {
    "adpe": 5.27899e-7,
    "ap": 0.0013028,
    "ctue": 0.216947,
    "ctuh-c": 0.0000178107,
    "ctuh-nc": 0.00000908904,
    "gwp": 0.514431,
    "ir": 0.0072601,
    "pm": 0.0000454486,
    "wu": 0.0627336
  },
  "2020-11": {
    "adpe": 5.24008e-7,
    "ap": 0.00133691,
    "ctue": 0.224822,
    "ctuh-c": 0.0000178005,
    "ctuh-nc": 0.00000908587,
    "gwp": 0.531583,
    "ir": 0.00737768,
    "pm": 0.0000456512,
    "wu": 0.0649945
  },
  "2020-12": {
    "adpe": 5.16375e-7,
    "ap": 0.00133883,
    "ctue": 0.229869,
    "ctuh-c": 0.0000170691,
    "ctuh-nc": 0.00000871567,
    "gwp": 0.541453,
    "ir": 0.00744465,
    "pm": 0.0000440675,
    "wu": 0.0667794
  },
  "2021-01": {
    "adpe": 5.25132e-7,
    "ap": 0.00133211,
    "ctue": 0.225375,
    "ctuh-c": 0.0000174754,
    "ctuh-nc": 0.00000892083,
    "gwp": 0.53231,
    "ir": 0.00742303,
    "pm": 0.0000449919,
    "wu": 0.0656623
  },
  "2021-02": {
    "adpe": 5.35535e-7,
    "ap": 0.00134276,
    "ctue": 0.226948,
    "ctuh-c": 0.0000174279,
    "ctuh-nc": 0.00000889702,
    "gwp": 0.535148,
    "ir": 0.00738174,
    "pm": 0.0000452222,
    "wu": 0.0653439
  },
  "2021-03": {
    "adpe": 5.62907e-7,
    "ap": 0.00132031,
    "ctue": 0.224221,
    "ctuh-c": 0.0000175579,
    "ctuh-nc": 0.00000896268,
    "gwp": 0.527454,
    "ir": 0.0073828,
    "pm": 0.0000445831,
    "wu": 0.0651317
  },
  "2021-04": {
    "adpe": 5.73291e-7,
    "ap": 0.00132369,
    "ctue": 0.222049,
    "ctuh-c": 0.0000180592,
    "ctuh-nc": 0.00000921675,
    "gwp": 0.523905,
    "ir": 0.00735336,
    "pm": 0.0000456393,
    "wu": 0.0641187
  },
  "2021-05": {
    "adpe": 5.81348e-7,
    "ap": 0.00130444,
    "ctue": 0.218511,
    "ctuh-c": 0.000017738,
    "ctuh-nc": 0.00000905269,
    "gwp": 0.514301,
    "ir": 0.00728206,
    "pm": 0.0000450625,
    "wu": 0.0631815
  },
  "2021-06": {
    "adpe": 5.71385e-7,
    "ap": 0.00130773,
    "ctue": 0.221659,
    "ctuh-c": 0.0000171335,
    "ctuh-nc": 0.00000874628,
    "gwp": 0.52391,
    "ir": 0.00737278,
    "pm": 0.0000440654,
    "wu": 0.0641911
  },
  "2021-07": {
    "adpe": 5.62191e-7,
    "ap": 0.00129794,
    "ctue": 0.223609,
    "ctuh-c": 0.0000165229,
    "ctuh-nc": 0.00000843665,
    "gwp": 0.52775,
    "ir": 0.00738481,
    "pm": 0.0000425834,
    "wu": 0.0649243
  },
  "2021-08": {
    "adpe": 5.6206e-7,
    "ap": 0.00130306,
    "ctue": 0.224024,
    "ctuh-c": 0.0000166434,
    "ctuh-nc": 0.00000849794,
    "gwp": 0.528925,
    "ir": 0.00739346,
    "pm": 0.0000428894,
    "wu": 0.0649774
  },
  "2021-09": {
    "adpe": 5.56862e-7,
    "ap": 0.00131137,
    "ctue": 0.220618,
    "ctuh-c": 0.0000174575,
    "ctuh-nc": 0.00000891062,
    "gwp": 0.521806,
    "ir": 0.00734995,
    "pm": 0.0000447599,
    "wu": 0.0639616
  },
  "2021-10": {
    "adpe": 5.53445e-7,
    "ap": 0.00130805,
    "ctue": 0.218611,
    "ctuh-c": 0.0000176865,
    "ctuh-nc": 0.00000902633,
    "gwp": 0.516706,
    "ir": 0.00731866,
    "pm": 0.0000452819,
    "wu": 0.0634268
  },
  "2021-11": {
    "adpe": 5.42259e-7,
    "ap": 0.00132302,
    "ctue": 0.22183,