year,adpe,ap,ctue,ctuh-c,ctuh-nc,gwp,ir,pm,wu
2019,5.09919e-7,0.00127785,0.22117,0.0000170385,0.00000869814,0.527295,0.00739773,0.0000424511,0.0646798
2020,5.24842e-7,0.00127072,0.218954,0.0000169492,0.00000865217,0.520974,0.00733674,0.0000424378,0.0638589
2021,5.44287e-7,0.00126859,0.220915,0.000016563,0.00000845653,0.523247,0.00735589,0.0000415649,0.0644841
2022,5.7038e-7,0.00126457,0.219767,0.0000165179,0.00000843331,0.519033,0.00730559,0.0000415462,0.063764
2023,6.00821e-7,0.00125085,0.219082,0.0000163691,0.00000835762,0.515981,0.00730886,0.0000407825,0.0636547
2024,6.413e-7,0.00123,0.21642,0.0000160978,0.00000821926,0.507705,0.00727009,0.0000399247,0.0628893
