year,adpe,ap,ctue,ctuh-c,ctuh-nc,gwp,ir,pm,wu
2019,5.17523e-7,0.00132681,0.222838,0.0000176605,0.00000901421,0.529504,0.00741033,0.0000453561,0.0648249
2020,5.36106e-7,0.00132323,0.220691,0.0000178857,0.00000912815,0.523085,0.0073432,0.0000457536,0.0639781
2021,5.56801e-7,0.00131932,0.222692,0.0000174076,0.00000888584,0.525294,0.00736291,0.000044695,0.0646395
2022,5.85263e-7,0.00130829,0.221031,0.0000173144,0.0000088381,0.52,0.00731158,0.0000443441,0.0638603
2023,6.19197e-7,0.00128468,0.219619,0.0000171546,0.0000087568,0.515395,0.00731734,0.0000431414,0.0637413
2024,6.61967e-7,0.00126415,0.217105,0.0000167718,0.00000856176,0.50748,0.00729395,0.0000421902,0.0630896
2025,7.2268e-7,0.00124533,0.214163,0.0000165375,0.00000844203,0.498329,0.00728758,0.0000415309,0.0623442
2026,6.73299e-7,0.00124155,0.216921,0.0000161025,0.00000822171,0.504099,0.00730219,0.0000404834,0.063592
