year,adpe,ap,ctue,ctuh-c,ctuh-nc,gwp,ir,pm,wu
2019,5.09887e-7,0.00127792,0.221153,0.0000170369,0.00000869729,0.527264,0.00739753,0.0000424576,0.0646734
2020,5.24804e-7,0.00127075,0.218926,0.0000169474,0.00000865126,0.520925,0.0073365,0.0000424443,0.0638502
2021,5.44274e-7,0.00126906,0.220928,0.0000165613,0.00000845563,0.523264,0.00735554,0.0000415881,0.0644789
2022,5.70324e-7,0.00126473,0.219738,0.0000165156,0.0000084321,0.518976,0.00730544,0.0000415606,0.0637543
2023,6.00849e-7,0.00125104,0.219063,0.0000163669,0.0000083565,0.515947,0.00730909,0.0000407966,0.063649
2024,6.46039e-7,0.00122924,0.216388,0.0000160794,0.00000820993,0.507862,0.00728336,0.0000398556,0.0629369
