{
  "2019-01": {
    "adpe": 1.13943e-7,
    "ap": 0.0000473925,
    "ctue": 0.00760447,
    "ctuh-c": 3.10096e-10,
    "ctuh-nc": 6.68204e-10,
    "gwp": 0.00366348,
    "ir": 0.000316603,
    "pm": 0.00000123696,
    "wu": 0.0019804
  },
  "2019-02": {
    "adpe": 1.21255e-7,
    "ap": 0.0000464833,
    "ctue": 0.00762948,
    "ctuh-c": 3.02196e-10,
    "ctuh-nc": 6.73337e-10,
    "gwp": 0.00367232,
    "ir": 0.00032901,
    "pm": 0.00000118823,
    "wu": 0.00196261
  },
  "2019-03": {
    "adpe": 1.44863e-7,
    "ap": 0.0000482067,
    "ctue": 0.00834553,
    "ctuh-c": 3.47333e-10,
    "ctuh-nc": 7.31424e-10,
    "gwp": 0.00389791,
    "ir": 0.00036836,
    "pm": 0.00000119793,
    "wu": 0.00210247
  },
  "2019-04": {
    "adpe": 1.53936e-7,
    "ap": 0.0000477167,
    "ctue": 0.00844295,
    "ctuh-c": 3.37098e-10,
    "ctuh-nc": 7.44412e-10,
    "gwp": 0.0039557,
    "ir": 0.000386437,
    "pm": 0.00000115589,
    "wu": 0.00210033
  },
  "2019-05": {
    "adpe": 1.58328e-7,
    "ap": 0.0000476201,
    "ctue": 0.00861435,
    "ctuh-c": 3.36623e-10,
    "ctuh-nc": 7.55841e-10,
    "gwp": 0.00402223,
    "ir": 0.000397631,
    "pm": 0.00000113534,
    "wu": 0.00210623
  },
  "2019-06": {
    "adpe": 1.56133e-7,
    "ap": 0.0000467845,
    "ctue": 0.00826686,
    "ctuh-c": 3.09692e-10,
    "ctuh-nc": 7.38886e-10,
    "gwp": 0.00393659,
    "ir": 0.000392445,
    "pm": 0.00000111493,
    "wu": 0.00205693
  },
  "2019-07": {
    "adpe": 1.48317e-7,
    "ap": 0.0000462675,
    "ctue": 0.00798227,
    "ctuh-c": 2.93721e-10,
    "ctuh-nc": 7.18212e-10,
    "gwp": 0.00384883,
    "ir": 0.000378332,
    "pm": 0.00000111603,
    "wu": 0.00201195
  },
  "2019-08": {
    "adpe": 1.48432e-7,
    "ap": 0.0000466037,
    "ctue": 0.00791662,
    "ctuh-c": 2.92252e-10,
    "ctuh-nc": 7.17924e-10,
    "gwp": 0.00383965,
    "ir": 0.000377195,
    "pm": 0.00000113116,
    "wu": 0.00202251
  },
  "2019-09": {
    "adpe": 1.45066e-7,
    "ap": 0.0000461005,
    "ctue": 0.00801023,
    "ctuh-c": 3.06612e-10,
    "ctuh-nc": 7.12457e-10,
    "gwp": 0.0038151,
    "ir": 0.000370427,
    "pm": 0.00000112016,
    "wu": 0.00200778
  },
  "2019-10": {
    "adpe": 1.39681e-7,
    "ap": 0.0000464878,
    "ctue": 0.00812945,
    "ctuh-c": 3.22816e-10,
    "ctuh-nc": 7.10795e-10,
    "gwp": 0.00382213,
    "ir": 0.000361834,
    "pm": 0.00000114324,
    "wu": 0.00201825
  },
  "2019-11": {
    "adpe": 1.27273e-7,
    "ap": 0.0000469683,
    "ctue": 0.00800724,
    "ctuh-c": 3.29408e-10,
    "ctuh-nc": 6.9365e-10,
    "gwp": 0.00376108,
    "ir": 0.000339816,
    "pm": 0.00000118906,
    "wu": 0.00200967
  },
  "2019-12": {
    "adpe": 1.23357e-7,
    "ap": 0.0000477763,
    "ctue": 0.00796129,
    "ctuh-c": 3.41751e-10,
    "ctuh-nc": 6.90068e-10,
    "gwp": 0.00373277,
    "ir": 0.000329659,
    "pm": 0.00000123328,
    "wu": 0.00203563
  },
  "2020-01": {
    "adpe": 1.29411e-7,
    "ap": 0.0000485922,
    "ctue": 0.0080414,
    "ctuh-c": 3.38981e-10,
    "ctuh-nc": 7.05488e-10,
    "gwp": 0.00380352,
    "ir": 0.000341672,
    "pm": 0.00000124745,
    "wu": 0.00207405
  },
  "2020-02": {
    "adpe": 1.41215e-7,
    "ap": 0.0000489041,
    "ctue": 0.00849572,
    "ctuh-c": 3.65868e-10,
    "ctuh-nc": 7.3442e-10,
    "gwp": 0.00392221,
    "ir": 0.00036246,
    "pm": 0.00000122907,
    "wu": 0.00212861
  },
  "2020-03": {
    "adpe": 1.66144e-7,
    "ap": 0.0000509519,
    "ctue": 0.00902659,
    "ctuh-c": 3.87842e-10,
    "ctuh-nc": 7.92418e-10,
    "gwp": 0.00415417,
    "ir": 0.000405888,
    "pm": 0.00000124695,
    "wu": 0.00226683
  },
  "2020-04": {
    "adpe": 1.83968e-7,
    "ap": 0.0000520818,
    "ctue": 0.00897371,
    "ctuh-c": 3.68051e-10,
    "ctuh-nc": 8.20416e-10,
    "gwp": 0.00424506,
    "ir": 0.000435285,
    "pm": 0.00000125464,
    "wu": 0.0023323
  },
  "2020-05": {
    "adpe": 1.86989e-7,
    "ap": 0.0000519439,
    "ctue": 0.00911796,
    "ctuh-c": 3.7114e-10,
    "ctuh-nc": 8.28327e-10,
    "gwp": 0.00428896,
    "ir": 0.000442592,
    "pm": 0.00000123824,
    "wu": 0.0023363
  },
  "2020-06": {
    "adpe": 1.74078e-7,
    "ap": 0.0000493912,
    "ctue": 0.00882569,
    "ctuh-c": 3.44409e-10,
    "ctuh-nc": 7.91336e-10,
    "gwp": 0.00415502,
    "ir": 0.00042364,
    "pm": 0.00000116799,
    "wu": 0.00220549
  },
  "2020-07": {
    "adpe": 1.672e-7,
    "ap": 0.0000485849,
    "ctue": 0.00855167,
    "ctuh-c": 3.20459e-10,
    "ctuh-nc": 7.71811e-10,
    "gwp": 0.00408439,
    "ir": 0.000413573,
    "pm": 0.00000115224,
    "wu": 0.00214759
  },
  "2020-08": {
    "adpe": 1.64724e-7,
    "ap": 0.0000487825,
    "ctue": 0.00842843,
    "ctuh-c": 3.2078e-10,
    "ctuh-nc": 7.65126e-10,
    "gwp": 0.00404157,
    "ir": 0.000406526,
    "pm": 0.00000117064,
    "wu": 0.00214912
  },
  "2020-09": {
    "adpe": 1.62995e-7,
    "ap": 0.0000488352,
    "ctue": 0.00855077,
    "ctuh-c": 3.25014e-10,
    "ctuh-nc": 7.67774e-10,
    "gwp": 0.0040753,
    "ir": 0.000406647,
    "pm": 0.00000116968,
    "wu": 0.00214891
  },
  "2020-10": {
    "adpe": 1.57617e-7,
    "ap": 0.000049053,
    "ctue": 0.00898375,
    "ctuh-c": 3.69507e-10,
    "ctuh-nc": 7.72978e-10,
    "gwp": 0.00411629,
    "ir": 0.000398097,
    "pm": 0.00000118315,
    "wu": 0.00217204
  },
  "2020-11": {
    "adpe": 1.44997e-7,
    "ap": 0.0000496771,
    "ctue": 0.00847363,
    "ctuh-c": 3.62602e-10,
    "ctuh-nc": 7.42948e-10,
    "gwp": 0.00395247,
    "ir": 0.000368445,
    "pm": 0.00000125099,
    "wu": 0.00216053
  },
  "2020-12": {
    "adpe": 1.35789e-7,
    "ap": 0.0000502212,
    "ctue": 0.00823196,
    "ctuh-c": 3.62696e-10,
    "ctuh-nc": 7.26011e-10,
    "gwp": 0.00387035,
    "ir": 0.000349187,
    "pm": 0.0000012984,
    "wu": 0.00215782
  },
  "2021-01": {
    "adpe": 1.47454e-7,
    "ap": 0.0000510176,
    "ctue": 0.00856814,
    "ctuh-c": 3.83347e-10,
    "ctuh-nc": 7.5395e-10,
    "gwp": 0.00397795,
    "ir": 0.0003686,
    "pm": 0.00000130139,
    "wu": 0.00222407
  },
  "2021-02": {
    "adpe": 1.57974e-7,
    "ap": 0.0000513688,
    "ctue": 0.00873638,
    "ctuh-c": 3.86594e-10,
    "ctuh-nc": 7.74125e-10,
    "gwp": 0.00405463,
    "ir": 0.000386851,
    "pm": 0.00000129065,
    "wu": 0.00226183
  },
  "2021-03": {
    "adpe": 1.8427e-7,
    "ap": 0.0000531185,
    "ctue": 0.00917853,
    "ctuh-c": 4.11342e-10,
    "ctuh-nc": 8.27742e-10,
    "gwp": 0.00423781,
    "ir": 0.000428167,
    "pm": 0.00000130308,
    "wu": 0.00239622
  },
  "2021-04": {
    "adpe": 1.93654e-7,
    "ap": 0.0000529009,
    "ctue": 0.00925197,
    "ctuh-c": 4.03887e-10,
    "ctuh-nc": 8.4124e-10,
    "gwp": 0.00428845,
    "ir": 0.000445175,
    "pm": 0.00000127343,
    "wu": 0.00240579
  },
  "2021-05": {
    "adpe": 2.09846e-7,
    "ap": 0.0000537333,
    "ctue": 0.00980835,
    "ctuh-c": 4.29407e-10,
    "ctuh-nc": 8.82612e-10,
    "gwp": 0.00447066,
    "ir": 0.000475764,
    "pm": 0.00000126041,
    "wu": 0.00248607
  },
  "2021-06": {
    "adpe": 1.95801e-7,
    "ap": 0.0000516833,
    "ctue": 0.00891113,
    "ctuh-c": 3.55831e-10,
    "ctuh-nc": 8.30833e-10,
    "gwp": 0.0042549,
    "ir": 0.000452779,
    "pm": 0.00000122091,
    "wu": 0.00233936
  },
  "2021-07": {
    "adpe": 1.89194e-7,
    "ap": 0.0000517253,
    "ctue": 0.00882673,
    "ctuh-c": 3.52533e-10,
    "ctuh-nc": 8.20827e-10,
    "gwp": 0.00422669,
    "ir": 0.000442598,
    "pm": 0.000001235,
    "wu": 0.00232312
  },
  "2021-08": {
    "adpe": 1.87157e-7,
    "ap": 0.0000514409,
    "ctue": 0.00876169,
    "ctuh-c": 3.50178e-10,
    "ctuh-nc": 8.14598e-10,
    "gwp": 0.00419736,
    "ir": 0.00043848,
    "pm": 0.00000123039,
    "wu": 0.00230777
  },
  "2021-09": {
    "adpe": 1.83849e-7,
    "ap": 0.0000513138,
    "ctue": 0.00890073,
    "ctuh-c": 3.56992e-10,
    "ctuh-nc": 8.14635e-10,
    "gwp": 0.00422263,
    "ir": 0.00043603,
    "pm": 0.00000122562,
    "wu": 0.00229969
  },
  "2021-10": {
    "adpe": 1.79743e-7,
    "ap": 0.0000513308,
    "ctue": 0.0093066,
    "ctuh-c": 4.08301e-10,
    "ctuh-nc": 8.17749e-10,