{
  "2019-01": {
    "adpe": 1.13848e-7,
    "ap": 0.0000473858,
    "ctue": 0.00760289,
    "ctuh-c": 3.10014e-10,
    "ctuh-nc": 6.68008e-10,
    "gwp": 0.00366279,
    "ir": 0.000316451,
    "pm": 0.00000123691,
    "wu": 0.00197991
  },
  "2019-02": {
    "adpe": 1.21149e-7,
    "ap": 0.0000464735,
    "ctue": 0.00762779,
    "ctuh-c": 3.02113e-10,
    "ctuh-nc": 6.73105e-10,
    "gwp": 0.00367149,
    "ir": 0.000328839,
    "pm": 0.00000118809,
    "wu": 0.00196199
  },
  "2019-03": {
    "adpe": 1.44756e-7,
    "ap": 0.0000481965,
    "ctue": 0.0083437,
    "ctuh-c": 3.47238e-10,
    "ctuh-nc": 7.31185e-10,
    "gwp": 0.00389704,
    "ir": 0.000368187,
    "pm": 0.00000119777,
    "wu": 0.00210183
  },
  "2019-04": {
    "adpe": 1.53825e-7,
    "ap": 0.0000477082,
    "ctue": 0.00844113,
    "ctuh-c": 3.37011e-10,
    "ctuh-nc": 7.44177e-10,
    "gwp": 0.00395486,
    "ir": 0.000386257,
    "pm": 0.0000011558,
    "wu": 0.00209973
  },
  "2019-05": {
    "adpe": 1.58224e-7,
    "ap": 0.0000476107,
    "ctue": 0.00861275,
    "ctuh-c": 3.36551e-10,
    "ctuh-nc": 7.55615e-10,
    "gwp": 0.00402141,
    "ir": 0.000397461,
    "pm": 0.00000113521,
    "wu": 0.00210563
  },
  "2019-06": {
    "adpe": 1.56027e-7,
    "ap": 0.0000467825,
    "ctue": 0.00826502,
    "ctuh-c": 3.09597e-10,
    "ctuh-nc": 7.38697e-10,
    "gwp": 0.00393599,
    "ir": 0.000392279,
    "pm": 0.00000111507,
    "wu": 0.00205656
  },
  "2019-07": {
    "adpe": 1.48223e-7,
    "ap": 0.0000462615,
    "ctue": 0.00798107,
    "ctuh-c": 2.93675e-10,
    "ctuh-nc": 7.18029e-10,
    "gwp": 0.00384821,
    "ir": 0.000378181,
    "pm": 0.000001116,
    "wu": 0.0020115
  },
  "2019-08": {
    "adpe": 1.4833e-7,
    "ap": 0.0000466011,
    "ctue": 0.00791499,
    "ctuh-c": 2.92179e-10,
    "ctuh-nc": 7.17741e-10,
    "gwp": 0.00383904,
    "ir": 0.000377033,
    "pm": 0.00000113127,
    "wu": 0.00202214
  },
  "2019-09": {
    "adpe": 1.44962e-7,
    "ap": 0.000046091,
    "ctue": 0.00800861,
    "ctuh-c": 3.06535e-10,
    "ctuh-nc": 7.1223e-10,
    "gwp": 0.00381428,
    "ir": 0.000370258,
    "pm": 0.00000112002,
    "wu": 0.00200718
  },
  "2019-10": {
    "adpe": 1.39585e-7,
    "ap": 0.0000464877,
    "ctue": 0.00812788,
    "ctuh-c": 3.22736e-10,
    "ctuh-nc": 7.10638e-10,
    "gwp": 0.00382166,
    "ir": 0.000361686,
    "pm": 0.00000114342,
    "wu": 0.00201798
  },
  "2019-11": {
    "adpe": 1.27175e-7,
    "ap": 0.0000469585,
    "ctue": 0.0080056,
    "ctuh-c": 3.29326e-10,
    "ctuh-nc": 6.9343e-10,
    "gwp": 0.00376027,
    "ir": 0.000339657,
    "pm": 0.0000011889,
    "wu": 0.00200908
  },
  "2019-12": {
    "adpe": 1.23264e-7,
    "ap": 0.0000477736,
    "ctue": 0.00795955,
    "ctuh-c": 3.4166e-10,
    "ctuh-nc": 6.89892e-10,
    "gwp": 0.00373218,
    "ir": 0.000329511,
    "pm": 0.00000123337,
    "wu": 0.00203527
  },
  "2020-01": {
    "adpe": 1.29603e-7,
    "ap": 0.000048578,
    "ctue": 0.00796492,
    "ctuh-c": 3.38854e-10,
    "ctuh-nc": 7.02509e-10,
    "gwp": 0.00377522,
    "ir": 0.000339586,
    "pm": 0.00000125139,
    "wu": 0.00207447
  },
  "2020-02": {
    "adpe": 1.41433e-7,
    "ap": 0.0000488961,
    "ctue": 0.00841718,
    "ctuh-c": 3.65697e-10,
    "ctuh-nc": 7.3143e-10,
    "gwp": 0.0038935,
    "ir": 0.000360365,
    "pm": 0.0000012333,
    "wu": 0.00212927
  },
  "2020-03": {
    "adpe": 1.66463e-7,
    "ap": 0.0000509471,
    "ctue": 0.00895216,
    "ctuh-c": 3.87857e-10,
    "ctuh-nc": 7.89694e-10,
    "gwp": 0.00412669,
    "ir": 0.00040399,
    "pm": 0.00000125099,
    "wu": 0.00226793
  },
  "2020-04": {
    "adpe": 1.84346e-7,
    "ap": 0.0000520796,
    "ctue": 0.00889275,
    "ctuh-c": 3.67966e-10,
    "ctuh-nc": 8.17525e-10,
    "gwp": 0.00421558,
    "ir": 0.0004333,
    "pm": 0.00000125905,
    "wu": 0.00233361
  },
  "2020-05": {
    "adpe": 1.87334e-7,
    "ap": 0.0000519388,
    "ctue": 0.00903949,
    "ctuh-c": 3.71049e-10,
    "ctuh-nc": 8.25486e-10,
    "gwp": 0.00426029,
    "ir": 0.000440641,
    "pm": 0.00000124244,
    "wu": 0.00233742
  },
  "2020-06": {
    "adpe": 1.74394e-7,
    "ap": 0.0000493763,
    "ctue": 0.00874833,
    "ctuh-c": 3.44215e-10,
    "ctuh-nc": 7.88467e-10,
    "gwp": 0.0041267,
    "ir": 0.000421712,
    "pm": 0.00000117175,
    "wu": 0.00220614
  },
  "2020-07": {
    "adpe": 1.67497e-7,
    "ap": 0.0000485732,
    "ctue": 0.00847697,
    "ctuh-c": 3.20179e-10,
    "ctuh-nc": 7.69062e-10,
    "gwp": 0.00405736,
    "ir": 0.000411734,
    "pm": 0.00000115592,
    "wu": 0.00214821
  },
  "2020-08": {
    "adpe": 1.64996e-7,
    "ap": 0.000048767,
    "ctue": 0.00835409,
    "ctuh-c": 3.2052e-10,
    "ctuh-nc": 7.62339e-10,
    "gwp": 0.00401447,
    "ir": 0.000404656,
    "pm": 0.00000117421,
    "wu": 0.00214958
  },
  "2020-09": {
    "adpe": 1.63303e-7,
    "ap": 0.0000488141,
    "ctue": 0.00847412,
    "ctuh-c": 3.24766e-10,
    "ctuh-nc": 7.64898e-10,
    "gwp": 0.00404717,
    "ir": 0.000404745,
    "pm": 0.00000117315,
    "wu": 0.00214929
  },
  "2020-10": {
    "adpe": 1.57913e-7,
    "ap": 0.0000490374,
    "ctue": 0.00890979,
    "ctuh-c": 3.69456e-10,
    "ctuh-nc": 7.70197e-10,
    "gwp": 0.00408879,
    "ir": 0.0003962,
    "pm": 0.00000118678,
    "wu": 0.0021727
  },
  "2020-11": {
    "adpe": 1.45248e-7,
    "ap": 0.000049667,
    "ctue": 0.00839735,
    "ctuh-c": 3.62519e-10,
    "ctuh-nc": 7.40059e-10,
    "gwp": 0.00392433,
    "ir": 0.00036643,
    "pm": 0.000001255,
    "wu": 0.00216125
  },
  "2020-12": {
    "adpe": 1.35994e-7,
    "ap": 0.0000502134,
    "ctue": 0.00815919,
    "ctuh-c": 3.62616e-10,
    "ctuh-nc": 7.23227e-10,
    "gwp": 0.00384353,
    "ir": 0.000347222,
    "pm": 0.00000130235,
    "wu": 0.00215848
  },
  "2021-01": {
    "adpe": 1.46926e-7,
    "ap": 0.0000510717,
    "ctue": 0.00844078,
    "ctuh-c": 3.77932e-10,
    "ctuh-nc": 7.49421e-10,
    "gwp": 0.0039466,
    "ir": 0.000365827,
    "pm": 0.00000130894,
    "wu": 0.00222154
  },
  "2021-02": {
    "adpe": 1.5703e-7,
    "ap": 0.0000513721,
    "ctue": 0.00859125,
    "ctuh-c": 3.79911e-10,
    "ctuh-nc": 7.68323e-10,
    "gwp": 0.00401801,
    "ir": 0.000383369,
    "pm": 0.00000129736,
    "wu": 0.00225586
  },
  "2021-03": {
    "adpe": 1.84545e-7,
    "ap": 0.0000531964,
    "ctue": 0.00914534,
    "ctuh-c": 4.15058e-10,
    "ctuh-nc": 8.26505e-10,
    "gwp": 0.00421825,
    "ir": 0.000426302,
    "pm": 0.00000130968,
    "wu": 0.00240228
  },
  "2021-04": {
    "adpe": 1.94254e-7,
    "ap": 0.0000529004,
    "ctue": 0.00919283,
    "ctuh-c": 4.05394e-10,
    "ctuh-nc": 8.39221e-10,
    "gwp": 0.00426304,
    "ir": 0.000443622,
    "pm": 0.00000127714,
    "wu": 0.00240868
  },
  "2021-05": {
    "adpe": 2.0809e-7,
    "ap": 0.0000537454,
    "ctue": 0.00968482,
    "ctuh-c": 4.26238e-10,
    "ctuh-nc": 8.76222e-10,
    "gwp": 0.00443191,
    "ir": 0.0004707,
    "pm": 0.00000126921,
    "wu": 0.00248081
  },
  "2021-06": {
    "adpe": 1.97176e-7,
    "ap": 0.0000517977,
    "ctue": 0.00888861,
    "ctuh-c": 3.59768e-10,
    "ctuh-nc": 8.3144e-10,
    "gwp": 0.00424111,
    "ir": 0.000452647,
    "pm": 0.00000122674,
    "wu": 0.00234932
  },
  "2021-07": {
    "adpe": 1.89279e-7,
    "ap": 0.0000517363,
    "ctue": 0.00875402,
    "ctuh-c": 3.52389e-10,
    "ctuh-nc": 8.18036e-10,
    "gwp": 0.00420055,
    "ir": 0.000440513,
    "pm": 0.00000123974,
    "wu": 0.00232406
  },
  "2021-08": {
    "adpe": 1.88127e-7,
    "ap": 0.0000514899,
    "ctue": 0.00871196,
    "ctuh-c": 3.51478e-10,
    "ctuh-nc": 8.13711e-10,
    "gwp": 0.00417805,
    "ir": 0.000437814,
    "pm": 0.00000123464,
    "wu": 0.00231294
  },
  "2021-09": {
    "adpe": 1.82759e-7,
    "ap": 0.0000513644,
    "ctue": 0.00880191,
    "ctuh-c": 3.54983e-10,
    "ctuh-nc": 8.10028e-10,
    "gwp": 0.00419189,
    "ir": 0.000432246,
    "pm": 0.00000123398,
    "wu": 0.00229794
  },
  "2021-10": {
    "adpe": 1.8142e-7,
    "ap": 0.0000515354,
    "ctue": 0.00925935,
    "ctuh-c": 4.09377e-10,
    "ctuh-nc": 8.18725e-10,