year,adpe,ap,ctue,ctuh-c,ctuh-nc,gwp,ir,pm,wu
2019,5.091164257472276e-7,0.0012854880060734308,0.22246584076094117,0.00001663449658173936,0.000008493000748386978,0.5291921655236445,0.007385948503538943,0.0000423263805714421,0.06477077066721966
2020,5.238336528413278e-7,0.0012767842434140532,0.21999288680503595,0.000016540400156451954,0.00000844454419442298,0.522493696342048,0.007326587756126607,0.000042276762245089035,0.06390845790643485
2021,5.426946356822416e-7,0.0012747164739619029,0.2220770991965637,0.000016178762544302428,0.0000082614064780586,0.525021022962333,0.007345808094231812,0.00004141508041513217,0.06453485462274446
2022,5.679495861774628e-7,0.0012701862476717138,0.22106444696978586,0.000016154816177103873,0.000008248954270716544,0.5211525135010234,0.007298345318262637,0.000041374946714236906,0.06383266841645947
2023,5.956791642803265e-7,0.0012550330868591926,0.2194864265909756,0.00001602930354254046,0.000008184892870704037,0.5167151158465026,0.007296573871813308,0.0000407213809423566,0.06352285436575109
