{
  "2019-01": {
    "adpe": 1.13917e-7,
    "ap": 0.000048086,
    "ctue": 0.00758394,
    "ctuh-c": 3.19799e-10,
    "ctuh-nc": 6.69786e-10,
    "gwp": 0.00365227,
    "ir": 0.000313169,
    "pm": 0.00000126859,
    "wu": 0.0020099
  },
  "2019-02": {
    "adpe": 1.21979e-7,
    "ap": 0.0000471696,
    "ctue": 0.00760987,
    "ctuh-c": 3.11771e-10,
    "ctuh-nc": 6.75773e-10,
    "gwp": 0.00366239,
    "ir": 0.000326631,
    "pm": 0.00000121844,
    "wu": 0.00199356
  },
  "2019-03": {
    "adpe": 1.46728e-7,
    "ap": 0.0000489625,
    "ctue": 0.00836264,
    "ctuh-c": 3.5925e-10,
    "ctuh-nc": 7.36643e-10,
    "gwp": 0.00389877,
    "ir": 0.000367884,
    "pm": 0.00000122806,
    "wu": 0.00213984
  },
  "2019-04": {
    "adpe": 1.57935e-7,
    "ap": 0.0000485709,
    "ctue": 0.00848869,
    "ctuh-c": 3.49765e-10,
    "ctuh-nc": 7.53645e-10,
    "gwp": 0.00397072,
    "ir": 0.000389482,
    "pm": 0.00000118521,
    "wu": 0.00214634
  },
  "2019-05": {
    "adpe": 1.63338e-7,
    "ap": 0.0000484967,
    "ctue": 0.00868344,
    "ctuh-c": 3.49685e-10,
    "ctuh-nc": 7.67225e-10,
    "gwp": 0.00404669,
    "ir": 0.000402616,
    "pm": 0.00000116283,
    "wu": 0.00215551
  },
  "2019-06": {
    "adpe": 1.6155e-7,
    "ap": 0.0000476298,
    "ctue": 0.00832425,
    "ctuh-c": 3.21515e-10,
    "ctuh-nc": 7.50276e-10,
    "gwp": 0.0039595,
    "ir": 0.000398,
    "pm": 0.00000114076,
    "wu": 0.00210537
  },
  "2019-07": {
    "adpe": 1.52953e-7,
    "ap": 0.0000470261,
    "ctue": 0.00801823,
    "ctuh-c": 3.04065e-10,
    "ctuh-nc": 7.2759e-10,
    "gwp": 0.00386409,
    "ir": 0.000382627,
    "pm": 0.00000114034,
    "wu": 0.00205478
  },
  "2019-08": {
    "adpe": 1.53866e-7,
    "ap": 0.0000474329,
    "ctue": 0.00795344,
    "ctuh-c": 3.02348e-10,
    "ctuh-nc": 7.28699e-10,
    "gwp": 0.0038591,
    "ir": 0.000382707,
    "pm": 0.0000011567,
    "wu": 0.00206936
  },
  "2019-09": {
    "adpe": 1.50407e-7,
    "ap": 0.0000469351,
    "ctue": 0.00805485,
    "ctuh-c": 3.18429e-10,
    "ctuh-nc": 7.23176e-10,
    "gwp": 0.00383284,
    "ir": 0.00037548,
    "pm": 0.0000011465,
    "wu": 0.00205577
  },
  "2019-10": {
    "adpe": 1.44539e-7,
    "ap": 0.0000473464,
    "ctue": 0.00818429,
    "ctuh-c": 3.36032e-10,
    "ctuh-nc": 7.2129e-10,
    "gwp": 0.00384013,
    "ir": 0.000366111,
    "pm": 0.00000117127,
    "wu": 0.00206679
  },
  "2019-11": {
    "adpe": 1.30876e-7,
    "ap": 0.0000477735,
    "ctue": 0.00805491,
    "ctuh-c": 3.42868e-10,
    "ctuh-nc": 7.02087e-10,
    "gwp": 0.00377262,
    "ir": 0.000342094,
    "pm": 0.00000121751,
    "wu": 0.0020537
  },
  "2019-12": {
    "adpe": 1.25791e-7,
    "ap": 0.0000485963,
    "ctue": 0.00799388,
    "ctuh-c": 3.54608e-10,
    "ctuh-nc": 6.96776e-10,
    "gwp": 0.00373956,
    "ir": 0.000330143,
    "pm": 0.00000126449,
    "wu": 0.00207701
  },
  "2020-01": {
    "adpe": 1.32568e-7,
    "ap": 0.0000494798,
    "ctue": 0.0080793,
    "ctuh-c": 3.52105e-10,
    "ctuh-nc": 7.1358e-10,
    "gwp": 0.00381456,
    "ir": 0.000343234,
    "pm": 0.0000012799,
    "wu": 0.00211951
  },
  "2020-02": {
    "adpe": 1.44294e-7,
    "ap": 0.0000497759,
    "ctue": 0.00854444,
    "ctuh-c": 3.80152e-10,
    "ctuh-nc": 7.42569e-10,
    "gwp": 0.00393351,
    "ir": 0.000363851,
    "pm": 0.00000126104,
    "wu": 0.00217413
  },
  "2020-03": {
    "adpe": 1.69327e-7,
    "ap": 0.0000518892,
    "ctue": 0.0090866,
    "ctuh-c": 4.0241e-10,
    "ctuh-nc": 8.01487e-10,
    "gwp": 0.00417116,
    "ir": 0.000407718,
    "pm": 0.00000128057,
    "wu": 0.00231484
  },
  "2020-04": {
    "adpe": 1.88401e-7,
    "ap": 0.0000532023,
    "ctue": 0.009044,
    "ctuh-c": 3.8299e-10,
    "ctuh-nc": 8.32337e-10,
    "gwp": 0.00427225,
    "ir": 0.000439095,
    "pm": 0.00000129264,
    "wu": 0.00238944
  },
  "2020-05": {
    "adpe": 1.92271e-7,
    "ap": 0.0000530194,
    "ctue": 0.00920144,
    "ctuh-c": 3.85981e-10,
    "ctuh-nc": 8.41484e-10,
    "gwp": 0.00432076,
    "ir": 0.000447929,
    "pm": 0.00000127258,
    "wu": 0.00239386
  },
  "2020-06": {
    "adpe": 1.7997e-7,
    "ap": 0.0000503296,
    "ctue": 0.00890489,
    "ctuh-c": 3.57538e-10,
    "ctuh-nc": 8.04478e-10,
    "gwp": 0.00418606,
    "ir": 0.000430125,
    "pm": 0.00000119587,
    "wu": 0.00225887
  },
  "2020-07": {
    "adpe": 1.74858e-7,
    "ap": 0.000049567,
    "ctue": 0.00863181,
    "ctuh-c": 3.32003e-10,
    "ctuh-nc": 7.87504e-10,
    "gwp": 0.00412345,
    "ir": 0.000422984,
    "pm": 0.00000117827,
    "wu": 0.00220547
  },
  "2020-08": {
    "adpe": 1.73318e-7,
    "ap": 0.0000497955,
    "ctue": 0.00851518,
    "ctuh-c": 3.32707e-10,
    "ctuh-nc": 7.82253e-10,
    "gwp": 0.00408408,
    "ir": 0.000417269,
    "pm": 0.00000119627,
    "wu": 0.00221047
  },
  "2020-09": {
    "adpe": 1.71135e-7,
    "ap": 0.0000499199,
    "ctue": 0.0086473,
    "ctuh-c": 3.38292e-10,
    "ctuh-nc": 7.84989e-10,
    "gwp": 0.00411963,
    "ir": 0.000416693,
    "pm": 0.00000119867,
    "wu": 0.0022124
  },
  "2020-10": {
    "adpe": 1.63477e-7,
    "ap": 0.000050033,
    "ctue": 0.00909368,
    "ctuh-c": 3.85748e-10,
    "ctuh-nc": 7.87045e-10,
    "gwp": 0.0041516,
    "ir": 0.000404472,
    "pm": 0.00000121241,
    "wu": 0.00222871
  },
  "2020-11": {
    "adpe": 1.49173e-7,
    "ap": 0.0000506511,
    "ctue": 0.00855461,
    "ctuh-c": 3.78984e-10,
    "ctuh-nc": 7.53886e-10,
    "gwp": 0.0039746,
    "ir": 0.000371648,
    "pm": 0.00000128426,
    "wu": 0.00221327
  },
  "2020-12": {
    "adpe": 1.38548e-7,
    "ap": 0.0000511259,
    "ctue": 0.00829909,
    "ctuh-c": 3.78789e-10,
    "ctuh-nc": 7.34434e-10,
    "gwp": 0.0038843,
    "ir": 0.000350139,
    "pm": 0.00000133187,
    "wu": 0.0022048
  },
  "2021-01": {
    "adpe": 1.49678e-7,
    "ap": 0.0000520071,
    "ctue": 0.00858094,
    "ctuh-c": 3.94249e-10,
    "ctuh-nc": 7.60972e-10,
    "gwp": 0.00398805,
    "ir": 0.000368982,
    "pm": 0.00000133907,
    "wu": 0.00226918
  },
  "2021-02": {
    "adpe": 1.60758e-7,
    "ap": 0.0000523961,
    "ctue": 0.00874279,
    "ctuh-c": 3.97076e-10,
    "ctuh-nc": 7.81812e-10,
    "gwp": 0.00406536,
    "ir": 0.000387943,
    "pm": 0.00000132907,
    "wu": 0.00230924
  },
  "2021-03": {
    "adpe": 1.89789e-7,
    "ap": 0.0000542749,
    "ctue": 0.00930734,
    "ctuh-c": 4.31718e-10,
    "ctuh-nc": 8.42532e-10,
    "gwp": 0.00427431,
    "ir": 0.000433411,
    "pm": 0.00000134029,
    "wu": 0.00246062
  },
  "2021-04": {
    "adpe": 2.00947e-7,
    "ap": 0.0000541399,
    "ctue": 0.00937275,
    "ctuh-c": 4.21874e-10,
    "ctuh-nc": 8.58596e-10,
    "gwp": 0.00433312,
    "ir": 0.000453377,
    "pm": 0.00000131027,
    "wu": 0.00247547
  },
  "2021-05": {
    "adpe": 2.15884e-7,
    "ap": 0.0000549791,
    "ctue": 0.00989127,
    "ctuh-c": 4.43095e-10,
    "ctuh-nc": 8.97815e-10,
    "gwp": 0.00451183,
    "ir": 0.000482599,
    "pm": 0.00000129916,
    "wu": 0.00255014
  },
  "2021-06": {
    "adpe": 2.04789e-7,
    "ap": 0.0000528802,
    "ctue": 0.00905333,
    "ctuh-c": 3.73102e-10,
    "ctuh-nc": 8.50834e-10,
    "gwp": 0.00430994,
    "ir": 0.000464092,
    "pm": 0.00000125215,
    "wu": 0.00241107
  },
  "2021-07": {
    "adpe": 1.96604e-7,
    "ap": 0.0000528691,
    "ctue": 0.00891184,
    "ctuh-c": 3.65249e-10,
    "ctuh-nc": 8.37211e-10,
    "gwp": 0.00426946,
    "ir": 0.000451561,
    "pm": 0.00000126751,
    "wu": 0.00238645
  },
  "2021-08": {
    "adpe": 1.95758e-7,
    "ap": 0.0000526128,
    "ctue": 0.00887187,
    "ctuh-c": 3.65273e-10,
    "ctuh-nc": 8.33088e-10,
    "gwp": 0.0042452,
    "ir": 0.000449007,
    "pm": 0.00000126203,
    "wu": 0.0023764
  },
  "2021-09": {
    "adpe": 1.90144e-7,
    "ap": 0.0000524722,
    "ctue": 0.00897537,
    "ctuh-c": 3.70012e-10,
    "ctuh-nc": 8.29379e-10,
    "gwp": 0.00425995,
    "ir": 0.000443108,
    "pm": 0.00000126103,
    "wu": 0.00236112
  },
  "2021-10": {
    "adpe": 1.87915e-7,
    "ap": 0.0000525733,
    "ctue": 0.00943561,
    "ctuh-c": 4.25926e-10,
    "ctuh-nc": 8.3651e-10,