year,adpe,ap,ctue,ctuh-c,ctuh-nc,gwp,ir,pm,wu
2019,1.4003e-7,0.0000470311,0.00807363,3.1895e-10,7.12836e-10,0.00383019,0.000362278,0.00000116348,0.00203431
2020,1.59409e-7,0.0000497294,0.00863603,3.52696e-10,7.67753e-10,0.00405717,0.00039587,0.00000121704,0.00218854
2021,1.79467e-7,0.0000520049,0.00901502,3.88202e-10,8.13077e-10,0.00419814,0.000423759,0.00000126701,0.00233317
2022,2.09099e-7,0.0000542699,0.00968436,4.30438e-10,8.79736e-10,0.00443869,0.000470988,0.00000128897,0.00250324
2023,2.41634e-7,0.0000556755,0.0102531,4.68386e-10,9.41125e-10,0.00462847,0.000519734,0.00000128002,0.00264999
2024,2.89295e-7,0.0000576211,0.0110816,5.04533e-10,1.0336e-9,0.00495385,0.000597485,0.0000012521,0.00284743
