{
  "2019-01": {
    "adpe": 1.1391e-7,
    "ap": 0.0000472822,
    "ctue": 0.00760502,
    "ctuh-c": 3.10648e-10,
    "ctuh-nc": 6.67433e-10,
    "gwp": 0.00365852,
    "ir": 0.000316308,
    "pm": 0.00000123334,
    "wu": 0.00197714
  },
  "2019-02": {
    "adpe": 1.2123e-7,
    "ap": 0.0000463618,
    "ctue": 0.00762951,
    "ctuh-c": 3.02714e-10,
    "ctuh-nc": 6.72491e-10,
    "gwp": 0.00366691,
    "ir": 0.000328712,
    "pm": 0.00000118422,
    "wu": 0.00195898
  },
  "2019-03": {
    "adpe": 1.449e-7,
    "ap": 0.0000480914,
    "ctue": 0.00834792,
    "ctuh-c": 3.47983e-10,
    "ctuh-nc": 7.30758e-10,
    "gwp": 0.00389327,
    "ir": 0.000368176,
    "pm": 0.00000119397,
    "wu": 0.00209927
  },
  "2019-04": {
    "adpe": 1.54011e-7,
    "ap": 0.0000475955,
    "ctue": 0.00844571,
    "ctuh-c": 3.37732e-10,
    "ctuh-nc": 7.4377e-10,
    "gwp": 0.00395109,
    "ir": 0.000386316,
    "pm": 0.00000115164,
    "wu": 0.00209701
  },
  "2019-05": {
    "adpe": 1.58425e-7,
    "ap": 0.0000474979,
    "ctue": 0.00861814,
    "ctuh-c": 3.37286e-10,
    "ctuh-nc": 7.55255e-10,
    "gwp": 0.00401792,
    "ir": 0.00039756,
    "pm": 0.00000113097,
    "wu": 0.00210294
  },
  "2019-06": {
    "adpe": 1.56199e-7,
    "ap": 0.0000466643,
    "ctue": 0.00826894,
    "ctuh-c": 3.10226e-10,
    "ctuh-nc": 7.38231e-10,
    "gwp": 0.00393203,
    "ir": 0.000392326,
    "pm": 0.00000111072,
    "wu": 0.00205356
  },
  "2019-07": {
    "adpe": 1.48361e-7,
    "ap": 0.0000461512,
    "ctue": 0.00798399,
    "ctuh-c": 2.94237e-10,
    "ctuh-nc": 7.17542e-10,
    "gwp": 0.00384428,
    "ir": 0.000378181,
    "pm": 0.000001112,
    "wu": 0.00200864
  },
  "2019-08": {
    "adpe": 1.48489e-7,
    "ap": 0.0000464947,
    "ctue": 0.00791796,
    "ctuh-c": 2.92751e-10,
    "ctuh-nc": 7.17302e-10,
    "gwp": 0.00383526,
    "ir": 0.000377062,
    "pm": 0.00000112739,
    "wu": 0.00201945
  },
  "2019-09": {
    "adpe": 1.45131e-7,
    "ap": 0.0000459748,
    "ctue": 0.00801235,
    "ctuh-c": 3.072e-10,
    "ctuh-nc": 7.1176e-10,
    "gwp": 0.00381022,
    "ir": 0.000370286,
    "pm": 0.00000111577,
    "wu": 0.00200427
  },
  "2019-10": {
    "adpe": 1.39727e-7,
    "ap": 0.0000463751,
    "ctue": 0.00813193,
    "ctuh-c": 3.23452e-10,
    "ctuh-nc": 7.10161e-10,
    "gwp": 0.00381767,
    "ir": 0.000361672,
    "pm": 0.00000113935,
    "wu": 0.00201515
  },
  "2019-11": {
    "adpe": 1.27285e-7,
    "ap": 0.0000468499,
    "ctue": 0.00800929,
    "ctuh-c": 3.30062e-10,
    "ctuh-nc": 6.92923e-10,
    "gwp": 0.00375618,
    "ir": 0.000339586,
    "pm": 0.00000118505,
    "wu": 0.00200632
  },
  "2019-12": {
    "adpe": 1.23362e-7,
    "ap": 0.0000476698,
    "ctue": 0.00796297,
    "ctuh-c": 3.42398e-10,
    "ctuh-nc": 6.8939e-10,
    "gwp": 0.00372814,
    "ir": 0.000329419,
    "pm": 0.00000122973,
    "wu": 0.00203264
  },
  "2020-01": {
    "adpe": 1.2943e-7,
    "ap": 0.000048484,
    "ctue": 0.00804114,
    "ctuh-c": 3.3955e-10,
    "ctuh-nc": 7.0475e-10,
    "gwp": 0.00379833,
    "ir": 0.000341415,
    "pm": 0.0000012439,
    "wu": 0.002071
  },
  "2020-02": {
    "adpe": 1.41318e-7,
    "ap": 0.0000487826,
    "ctue": 0.00849615,
    "ctuh-c": 3.66412e-10,
    "ctuh-nc": 7.33728e-10,
    "gwp": 0.003917,
    "ir": 0.000362334,
    "pm": 0.00000122487,
    "wu": 0.0021253
  },
  "2020-03": {
    "adpe": 1.66327e-7,
    "ap": 0.0000508498,
    "ctue": 0.00902962,
    "ctuh-c": 3.88542e-10,
    "ctuh-nc": 7.92011e-10,
    "gwp": 0.00415023,
    "ir": 0.000405909,
    "pm": 0.00000124325,
    "wu": 0.00226443
  },
  "2020-04": {
    "adpe": 1.842e-7,
    "ap": 0.0000519807,
    "ctue": 0.0089766,
    "ctuh-c": 3.68728e-10,
    "ctuh-nc": 8.20069e-10,
    "gwp": 0.00424121,
    "ir": 0.000435376,
    "pm": 0.0000012509,
    "wu": 0.00233004
  },
  "2020-05": {
    "adpe": 1.87051e-7,
    "ap": 0.0000517769,
    "ctue": 0.00911943,
    "ctuh-c": 3.71717e-10,
    "ctuh-nc": 8.27354e-10,
    "gwp": 0.0042825,
    "ir": 0.000442399,
    "pm": 0.00000123242,
    "wu": 0.00233144
  },
  "2020-06": {
    "adpe": 1.74231e-7,
    "ap": 0.0000492908,
    "ctue": 0.00882758,
    "ctuh-c": 3.4496e-10,
    "ctuh-nc": 7.90886e-10,
    "gwp": 0.0041511,
    "ir": 0.000423639,
    "pm": 0.00000116438,
    "wu": 0.00220298
  },
  "2020-07": {
    "adpe": 1.67425e-7,
    "ap": 0.0000485071,
    "ctue": 0.00855393,
    "ctuh-c": 3.20966e-10,
    "ctuh-nc": 7.71599e-10,
    "gwp": 0.00408153,
    "ir": 0.00041371,
    "pm": 0.00000114929,
    "wu": 0.00214595
  },
  "2020-08": {
    "adpe": 1.6493e-7,
    "ap": 0.0000487038,
    "ctue": 0.0084308,
    "ctuh-c": 3.21328e-10,
    "ctuh-nc": 7.64885e-10,
    "gwp": 0.00403859,
    "ir": 0.000406627,
    "pm": 0.0000011677,
    "wu": 0.00214744
  },
  "2020-09": {
    "adpe": 1.63224e-7,
    "ap": 0.0000487459,
    "ctue": 0.00855356,
    "ctuh-c": 3.2559e-10,
    "ctuh-nc": 7.67508e-10,
    "gwp": 0.00407208,
    "ir": 0.000406774,
    "pm": 0.00000116632,
    "wu": 0.00214695
  },
  "2020-10": {
    "adpe": 1.57962e-7,
    "ap": 0.000048961,
    "ctue": 0.00898921,
    "ctuh-c": 3.7027e-10,
    "ctuh-nc": 7.72902e-10,
    "gwp": 0.00411359,
    "ir": 0.000398395,
    "pm": 0.00000117947,
    "wu": 0.00217039
  },
  "2020-11": {
    "adpe": 1.45056e-7,
    "ap": 0.0000495953,
    "ctue": 0.00847435,
    "ctuh-c": 3.63221e-10,
    "ctuh-nc": 7.42445e-10,
    "gwp": 0.00394843,
    "ir": 0.000368275,
    "pm": 0.00000124828,
    "wu": 0.00215846
  },
  "2020-12": {
    "adpe": 1.35807e-7,
    "ap": 0.0000501235,
    "ctue": 0.00823184,
    "ctuh-c": 3.63278e-10,
    "ctuh-nc": 7.25338e-10,
    "gwp": 0.00386553,
    "ir": 0.000348937,
    "pm": 0.00000129523,
    "wu": 0.00215511
  },
  "2021-01": {
    "adpe": 1.46496e-7,
    "ap": 0.0000501084,
    "ctue": 0.00850998,
    "ctuh-c": 3.78273e-10,
    "ctuh-nc": 7.4594e-10,
    "gwp": 0.00393918,
    "ir": 0.00036657,
    "pm": 0.00000127096,
    "wu": 0.00218906
  },
  "2021-02": {
    "adpe": 1.56602e-7,
    "ap": 0.0000503621,
    "ctue": 0.00866331,
    "ctuh-c": 3.80244e-10,
    "ctuh-nc": 7.64684e-10,
    "gwp": 0.00401014,
    "ir": 0.000384171,
    "pm": 0.00000125752,
    "wu": 0.00222185
  },
  "2021-03": {
    "adpe": 1.84131e-7,
    "ap": 0.0000521924,
    "ctue": 0.00921496,
    "ctuh-c": 4.15361e-10,
    "ctuh-nc": 8.22822e-10,
    "gwp": 0.00420977,
    "ir": 0.000427061,
    "pm": 0.00000127017,
    "wu": 0.00236849
  },
  "2021-04": {
    "adpe": 1.93755e-7,
    "ap": 0.0000519604,
    "ctue": 0.00926558,
    "ctuh-c": 4.05725e-10,
    "ctuh-nc": 8.3595e-10,
    "gwp": 0.00425766,
    "ir": 0.000444405,
    "pm": 0.00000123986,
    "wu": 0.00237677
  },
  "2021-05": {
    "adpe": 2.07579e-7,
    "ap": 0.0000528686,
    "ctue": 0.00975654,
    "ctuh-c": 4.26547e-10,
    "ctuh-nc": 8.73279e-10,
    "gwp": 0.00442828,
    "ir": 0.00047149,
    "pm": 0.00000123425,
    "wu": 0.00245091
  },
  "2021-06": {
    "adpe": 1.96609e-7,
    "ap": 0.0000508652,
    "ctue": 0.00895837,
    "ctuh-c": 3.60087e-10,
    "ctuh-nc": 8.28019e-10,
    "gwp": 0.00423482,
    "ir": 0.000453258,
    "pm": 0.00000119,
    "wu": 0.0023175
  },
  "2021-07": {
    "adpe": 1.8877e-7,
    "ap": 0.0000507472,
    "ctue": 0.00882158,
    "ctuh-c": 3.52734e-10,
    "ctuh-nc": 8.14245e-10,
    "gwp": 0.00419158,
    "ir": 0.000441081,
    "pm": 0.00000120105,
    "wu": 0.00229057
  },
  "2021-08": {
    "adpe": 1.8772e-7,
    "ap": 0.0000505411,
    "ctue": 0.00878078,
    "ctuh-c": 3.51869e-10,
    "ctuh-nc": 8.10319e-10,
    "gwp": 0.00417086,
    "ir": 0.000438569,
    "pm": 0.0000011972,
    "wu": 0.00228103
  },
  "2021-09": {
    "adpe": 1.82353e-7,
    "ap": 0.0000505061,
    "ctue": 0.0088738,
    "ctuh-c": 3.55448e-10,
    "ctuh-nc": 8.07293e-10,
    "gwp": 0.00418862,
    "ir": 0.000433142,
    "pm": 0.00000119962,
    "wu": 0.002269
  },
  "2021-10": {
    "adpe": 1.80679e-7,
    "ap": 0.0000506667,
    "ctue": 0.00932727,
    "ctuh-c": 4.0962e-10,
    "ctuh-nc": 8.15429e-10,