year,adpe,ap,ctue,ctuh-c,ctuh-nc,gwp,ir,pm,wu
2019,5.11069e-7,0.00128919,0.222319,0.000017041,0.00000869951,0.53026,0.00742747,0.0000428753,0.064915
2020,5.2591e-7,0.00128178,0.220113,0.0000169451,0.00000865023,0.523929,0.00736541,0.0000428376,0.0640967
2021,5.45188e-7,0.00127962,0.222215,0.000016569,0.00000845972,0.52642,0.00738357,0.0000419575,0.0647173
2022,5.71325e-7,0.00127519,0.22114,0.0000165404,0.00000844492,0.522351,0.00733441,0.000041926,0.0639995
2023,6.01782e-7,0.00126161,0.220267,0.0000163547,0.00000835043,0.518937,0.00733692,0.0000411685,0.0638674
2024,5.95022e-7,0.00126753,0.222289,0.0000162136,0.00000827928,0.522192,0.0073334,0.0000409667,0.0644221
