year,adpe,ap,ctue,ctuh-c,ctuh-nc,gwp,ir,pm,wu
2019,1.43574e-7,0.0000493029,0.00833604,3.40038e-10,7.37448e-10,0.00394888,0.000369654,0.00000123536,0.00212978
2020,1.65406e-7,0.0000523047,0.0089649,3.77738e-10,7.98951e-10,0.00420246,0.000407431,0.00000129446,0.00230211
2021,1.87484e-7,0.0000547658,0.00937576,4.1615e-10,8.48437e-10,0.00435566,0.000438127,0.00000134792,0.00245945
2022,2.20526e-7,0.0000572789,0.0101181,4.62591e-10,9.22644e-10,0.00462377,0.000490879,0.00000137184,0.00264824
2023,2.57545e-7,0.0000589036,0.0107608,5.0475e-10,9.92644e-10,0.00484167,0.000546569,0.00000136226,0.00281534
2024,3.06945e-7,0.0000612978,0.0115864,5.46028e-10,1.08873e-9,0.00516871,0.000625126,0.00000135105,0.00303517
2025,3.05712e-7,0.000061716,0.0116371,5.7464e-10,1.0869e-9,0.00512213,0.000615706,0.00000138081,0.00306589
