{
  "2019-01": {
    "adpe": 1.13887e-7,
    "ap": 0.0000480807,
    "ctue": 0.00758311,
    "ctuh-c": 3.19728e-10,
    "ctuh-nc": 6.69699e-10,
    "gwp": 0.00365195,
    "ir": 0.000313124,
    "pm": 0.00000126846,
    "wu": 0.00200961
  },
  "2019-02": {
    "adpe": 1.21983e-7,
    "ap": 0.0000471683,
    "ctue": 0.0076103,
    "ctuh-c": 3.11767e-10,
    "ctuh-nc": 6.75788e-10,
    "gwp": 0.00366252,
    "ir": 0.00032665,
    "pm": 0.00000121835,
    "wu": 0.00199352
  },
  "2019-03": {
    "adpe": 1.4674e-7,
    "ap": 0.0000489612,
    "ctue": 0.00836384,
    "ctuh-c": 3.59334e-10,
    "ctuh-nc": 7.36684e-10,
    "gwp": 0.00389896,
    "ir": 0.000367908,
    "pm": 0.00000122797,
    "wu": 0.00213988
  },
  "2019-04": {
    "adpe": 1.57852e-7,
    "ap": 0.0000485633,
    "ctue": 0.008488,
    "ctuh-c": 3.49744e-10,
    "ctuh-nc": 7.53483e-10,
    "gwp": 0.00397018,
    "ir": 0.000389353,
    "pm": 0.00000118509,
    "wu": 0.00214588
  },
  "2019-05": {
    "adpe": 1.63406e-7,
    "ap": 0.0000484943,
    "ctue": 0.00868443,
    "ctuh-c": 3.49721e-10,
    "ctuh-nc": 7.67319e-10,
    "gwp": 0.00404695,
    "ir": 0.000402721,
    "pm": 0.0000011626,
    "wu": 0.00215561
  },
  "2019-06": {
    "adpe": 1.61673e-7,
    "ap": 0.000047637,
    "ctue": 0.00832622,
    "ctuh-c": 3.21621e-10,
    "ctuh-nc": 7.50518e-10,
    "gwp": 0.00396031,
    "ir": 0.000398192,
    "pm": 0.00000114079,
    "wu": 0.00210596
  },
  "2019-07": {
    "adpe": 1.53041e-7,
    "ap": 0.0000470224,
    "ctue": 0.00801916,
    "ctuh-c": 3.04103e-10,
    "ctuh-nc": 7.27698e-10,
    "gwp": 0.00386431,
    "ir": 0.000382756,
    "pm": 0.00000114005,
    "wu": 0.0020549
  },
  "2019-08": {
    "adpe": 1.5394e-7,
    "ap": 0.0000474368,
    "ctue": 0.0079538,
    "ctuh-c": 3.02345e-10,
    "ctuh-nc": 7.2882e-10,
    "gwp": 0.00385945,
    "ir": 0.00038282,
    "pm": 0.00000115671,
    "wu": 0.00206966
  },
  "2019-09": {
    "adpe": 1.50459e-7,
    "ap": 0.0000469397,
    "ctue": 0.00805597,
    "ctuh-c": 3.18501e-10,
    "ctuh-nc": 7.23294e-10,
    "gwp": 0.00383327,
    "ir": 0.000375562,
    "pm": 0.00000114657,
    "wu": 0.00205609
  },
  "2019-10": {
    "adpe": 1.4454e-7,
    "ap": 0.0000473444,
    "ctue": 0.00818377,
    "ctuh-c": 3.36e-10,
    "ctuh-nc": 7.21264e-10,
    "gwp": 0.00383996,
    "ir": 0.000366106,
    "pm": 0.00000117122,
    "wu": 0.00206671
  },
  "2019-11": {
    "adpe": 1.30854e-7,
    "ap": 0.000047764,
    "ctue": 0.00805471,
    "ctuh-c": 3.42852e-10,
    "ctuh-nc": 7.02001e-10,
    "gwp": 0.00377225,
    "ir": 0.000342058,
    "pm": 0.0000012172,
    "wu": 0.00205333
  },
  "2019-12": {
    "adpe": 1.25771e-7,
    "ap": 0.0000485924,
    "ctue": 0.00799393,
    "ctuh-c": 3.54587e-10,
    "ctuh-nc": 6.96735e-10,
    "gwp": 0.00373948,
    "ir": 0.000330122,
    "pm": 0.00000126436,
    "wu": 0.00207682
  },
  "2020-01": {
    "adpe": 1.32582e-7,
    "ap": 0.0000494794,
    "ctue": 0.00807875,
    "ctuh-c": 3.52086e-10,
    "ctuh-nc": 7.13574e-10,
    "gwp": 0.00381441,
    "ir": 0.000343242,
    "pm": 0.00000127989,
    "wu": 0.00211953
  },
  "2020-02": {
    "adpe": 1.44312e-7,
    "ap": 0.0000497571,
    "ctue": 0.00854495,
    "ctuh-c": 3.80122e-10,
    "ctuh-nc": 7.42502e-10,
    "gwp": 0.00393318,
    "ir": 0.000363887,
    "pm": 0.0000012603,
    "wu": 0.00217354
  },
  "2020-03": {
    "adpe": 1.69363e-7,
    "ap": 0.0000518695,
    "ctue": 0.00908513,
    "ctuh-c": 4.02289e-10,
    "ctuh-nc": 8.0137e-10,
    "gwp": 0.00417033,
    "ir": 0.000407746,
    "pm": 0.00000127984,
    "wu": 0.00231421
  },
  "2020-04": {
    "adpe": 1.88404e-7,
    "ap": 0.0000531624,
    "ctue": 0.0090387,
    "ctuh-c": 3.82748e-10,
    "ctuh-nc": 8.31926e-10,
    "gwp": 0.00426963,
    "ir": 0.000438986,
    "pm": 0.0000012914,
    "wu": 0.00238802
  },
  "2020-05": {
    "adpe": 1.92336e-7,
    "ap": 0.0000530169,
    "ctue": 0.00920333,
    "ctuh-c": 3.86045e-10,
    "ctuh-nc": 8.41608e-10,
    "gwp": 0.00432128,
    "ir": 0.000448051,
    "pm": 0.00000127231,
    "wu": 0.00239397
  },
  "2020-06": {
    "adpe": 1.8003e-7,
    "ap": 0.0000503364,
    "ctue": 0.00890814,
    "ctuh-c": 3.57652e-10,
    "ctuh-nc": 8.04699e-10,
    "gwp": 0.00418724,
    "ir": 0.000430271,
    "pm": 0.00000119589,
    "wu": 0.00225929
  },
  "2020-07": {
    "adpe": 1.74983e-7,
    "ap": 0.0000495899,
    "ctue": 0.00863654,
    "ctuh-c": 3.32196e-10,
    "ctuh-nc": 7.8794e-10,
    "gwp": 0.00412556,
    "ir": 0.000423246,
    "pm": 0.00000117873,
    "wu": 0.00220662
  },
  "2020-08": {
    "adpe": 1.73421e-7,
    "ap": 0.0000498228,
    "ctue": 0.00852012,
    "ctuh-c": 3.32897e-10,
    "ctuh-nc": 7.82701e-10,
    "gwp": 0.00408641,
    "ir": 0.000417515,
    "pm": 0.0000011969,
    "wu": 0.0022117
  },
  "2020-09": {
    "adpe": 1.71267e-7,
    "ap": 0.0000499348,
    "ctue": 0.00865043,
    "ctuh-c": 3.38427e-10,
    "ctuh-nc": 7.8533e-10,
    "gwp": 0.00412106,
    "ir": 0.00041693,
    "pm": 0.0000011989,
    "wu": 0.00221327
  },
  "2020-10": {
    "adpe": 1.6353e-7,
    "ap": 0.000050041,
    "ctue": 0.00909607,
    "ctuh-c": 3.85837e-10,
    "ctuh-nc": 7.87234e-10,
    "gwp": 0.00415256,
    "ir": 0.000404592,
    "pm": 0.00000121252,
    "wu": 0.00222914
  },
  "2020-11": {
    "adpe": 1.49177e-7,
    "ap": 0.000050651,
    "ctue": 0.00855456,
    "ctuh-c": 3.78979e-10,
    "ctuh-nc": 7.53889e-10,
    "gwp": 0.0039746,
    "ir": 0.000371654,
    "pm": 0.00000128425,
    "wu": 0.00221327
  },
  "2020-12": {
    "adpe": 1.38559e-7,
    "ap": 0.0000511284,
    "ctue": 0.00829987,
    "ctuh-c": 3.78812e-10,
    "ctuh-nc": 7.3449e-10,
    "gwp": 0.00388462,
    "ir": 0.000350172,
    "pm": 0.00000133191,
    "wu": 0.00220492
  },
  "2021-01": {
    "adpe": 1.49744e-7,
    "ap": 0.0000520342,
    "ctue": 0.00858078,
    "ctuh-c": 3.94218e-10,
    "ctuh-nc": 7.61207e-10,
    "gwp": 0.00398904,
    "ir": 0.000369095,
    "pm": 0.00000133994,
    "wu": 0.0022702
  },
  "2021-02": {
    "adpe": 1.60964e-7,
    "ap": 0.0000524421,
    "ctue": 0.00874539,
    "ctuh-c": 3.97086e-10,
    "ctuh-nc": 7.82423e-10,
    "gwp": 0.00406804,
    "ir": 0.000388327,
    "pm": 0.00000133027,
    "wu": 0.00231122
  },
  "2021-03": {
    "adpe": 1.90019e-7,
    "ap": 0.0000543152,
    "ctue": 0.00931113,
    "ctuh-c": 4.31891e-10,
    "ctuh-nc": 8.43155e-10,
    "gwp": 0.00427682,
    "ir": 0.000433803,
    "pm": 0.00000134127,
    "wu": 0.00246258
  },
  "2021-04": {
    "adpe": 2.01213e-7,
    "ap": 0.0000542002,
    "ctue": 0.00937783,
    "ctuh-c": 4.22215e-10,
    "ctuh-nc": 8.59403e-10,
    "gwp": 0.00433636,
    "ir": 0.000453816,
    "pm": 0.00000131194,
    "wu": 0.00247827
  },
  "2021-05": {
    "adpe": 2.16136e-7,
    "ap": 0.0000550193,
    "ctue": 0.00989579,
    "ctuh-c": 4.43432e-10,
    "ctuh-nc": 8.98462e-10,
    "gwp": 0.00451419,
    "ir": 0.000482987,
    "pm": 0.00000130015,
    "wu": 0.00255226
  },
  "2021-06": {
    "adpe": 2.05115e-7,
    "ap": 0.0000529316,
    "ctue": 0.0090584,
    "ctuh-c": 3.73395e-10,
    "ctuh-nc": 8.51663e-10,
    "gwp": 0.00431308,
    "ir": 0.000464619,
    "pm": 0.00000125338,
    "wu": 0.00241369
  },
  "2021-07": {
    "adpe": 1.96991e-7,
    "ap": 0.0000529307,
    "ctue": 0.00891747,
    "ctuh-c": 3.65555e-10,
    "ctuh-nc": 8.38189e-10,
    "gwp": 0.00427317,
    "ir": 0.000452189,
    "pm": 0.00000126899,
    "wu": 0.00238956
  },
  "2021-08": {
    "adpe": 1.96113e-7,
    "ap": 0.0000526671,
    "ctue": 0.00887715,
    "ctuh-c": 3.65577e-10,
    "ctuh-nc": 8.33974e-10,
    "gwp": 0.00424851,
    "ir": 0.000449577,
    "pm": 0.00000126332,
    "wu": 0.0023792
  },
  "2021-09": {
    "adpe": 1.90537e-7,
    "ap": 0.0000525495,
    "ctue": 0.00897943,
    "ctuh-c": 3.70183e-10,
    "ctuh-nc": 8.30418e-10,
    "gwp": 0.00426397,
    "ir": 0.000443752,
    "pm": 0.00000126309,
    "wu": 0.00236466
  },
  "2021-10": {
    "adpe": 1.88246e-7,
    "ap": 0.000052673,
    "ctue": 0.00943723,
    "ctuh-c": 4.25898e-10,
    "ctuh-nc": 8.37547e-10,