{
  "2019-01": {
    "adpe": 1.14225e-7,
    "ap": 0.0000474207,
    "ctue": 0.00751025,
    "ctuh-c": 3.09748e-10,
    "ctuh-nc": 6.64892e-10,
    "gwp": 0.00363069,
    "ir": 0.000314192,
    "pm": 0.00000124327,
    "wu": 0.00198237
  },
  "2019-02": {
    "adpe": 1.21548e-7,
    "ap": 0.0000465058,
    "ctue": 0.00752915,
    "ctuh-c": 3.01707e-10,
    "ctuh-nc": 6.69777e-10,
    "gwp": 0.00363748,
    "ir": 0.000326467,
    "pm": 0.00000119463,
    "wu": 0.00196435
  },
  "2019-03": {
    "adpe": 1.45212e-7,
    "ap": 0.0000482352,
    "ctue": 0.00824977,
    "ctuh-c": 3.47007e-10,
    "ctuh-nc": 7.28121e-10,
    "gwp": 0.00386457,
    "ir": 0.000365981,
    "pm": 0.00000120426,
    "wu": 0.00210463
  },
  "2019-04": {
    "adpe": 1.54325e-7,
    "ap": 0.000047742,
    "ctue": 0.00834421,
    "ctuh-c": 3.36717e-10,
    "ctuh-nc": 7.41021e-10,
    "gwp": 0.00392134,
    "ir": 0.000384035,
    "pm": 0.00000116221,
    "wu": 0.00210246
  },
  "2019-05": {
    "adpe": 1.58736e-7,
    "ap": 0.0000476444,
    "ctue": 0.00851847,
    "ctuh-c": 3.36301e-10,
    "ctuh-nc": 7.52572e-10,
    "gwp": 0.00398877,
    "ir": 0.000395322,
    "pm": 0.00000114145,
    "wu": 0.00210839
  },
  "2019-06": {
    "adpe": 1.56509e-7,
    "ap": 0.0000468096,
    "ctue": 0.00817006,
    "ctuh-c": 3.09276e-10,
    "ctuh-nc": 7.35567e-10,
    "gwp": 0.00390304,
    "ir": 0.000390099,
    "pm": 0.00000112113,
    "wu": 0.00205899
  },
  "2019-07": {
    "adpe": 1.48659e-7,
    "ap": 0.0000462902,
    "ctue": 0.00788933,
    "ctuh-c": 2.93333e-10,
    "ctuh-nc": 7.14992e-10,
    "gwp": 0.00381651,
    "ir": 0.000376049,
    "pm": 0.00000112196,
    "wu": 0.00201384
  },
  "2019-08": {
    "adpe": 1.48792e-7,
    "ap": 0.0000466354,
    "ctue": 0.00782303,
    "ctuh-c": 2.91859e-10,
    "ctuh-nc": 7.14754e-10,
    "gwp": 0.00380742,
    "ir": 0.000374924,
    "pm": 0.00000113743,
    "wu": 0.00202473
  },
  "2019-09": {
    "adpe": 1.45449e-7,
    "ap": 0.0000461201,
    "ctue": 0.00791378,
    "ctuh-c": 3.06268e-10,
    "ctuh-nc": 7.09113e-10,
    "gwp": 0.0037813,
    "ir": 0.000368072,
    "pm": 0.00000112616,
    "wu": 0.00200973
  },
  "2019-10": {
    "adpe": 1.40056e-7,
    "ap": 0.0000465226,
    "ctue": 0.00803315,
    "ctuh-c": 3.22535e-10,
    "ctuh-nc": 7.07529e-10,
    "gwp": 0.00378872,
    "ir": 0.000359463,
    "pm": 0.00000114983,
    "wu": 0.00202072
  },
  "2019-11": {
    "adpe": 1.27619e-7,
    "ap": 0.0000469968,
    "ctue": 0.0079117,
    "ctuh-c": 3.29168e-10,
    "ctuh-nc": 6.90338e-10,
    "gwp": 0.00372759,
    "ir": 0.000337413,
    "pm": 0.00000119543,
    "wu": 0.00201189
  },
  "2019-12": {
    "adpe": 1.23684e-7,
    "ap": 0.0000478095,
    "ctue": 0.00786832,
    "ctuh-c": 3.4152e-10,
    "ctuh-nc": 6.86866e-10,
    "gwp": 0.00370035,
    "ir": 0.00032731,
    "pm": 0.0000012397,
    "wu": 0.00203794
  },
  "2020-01": {
    "adpe": 1.29895e-7,
    "ap": 0.000048643,
    "ctue": 0.0079518,
    "ctuh-c": 3.38697e-10,
    "ctuh-nc": 7.02714e-10,
    "gwp": 0.00377323,
    "ir": 0.000339665,
    "pm": 0.00000125404,
    "wu": 0.00207725
  },
  "2020-02": {
    "adpe": 1.41794e-7,
    "ap": 0.0000489454,
    "ctue": 0.00840432,
    "ctuh-c": 3.65538e-10,
    "ctuh-nc": 7.3163e-10,
    "gwp": 0.00389118,
    "ir": 0.000360533,
    "pm": 0.00000123527,
    "wu": 0.0021317
  },
  "2020-03": {
    "adpe": 1.66798e-7,
    "ap": 0.0000510093,
    "ctue": 0.00893885,
    "ctuh-c": 3.87677e-10,
    "ctuh-nc": 7.89928e-10,
    "gwp": 0.00412466,
    "ir": 0.000404127,
    "pm": 0.00000125348,
    "wu": 0.00227071
  },
  "2020-04": {
    "adpe": 1.84708e-7,
    "ap": 0.0000521498,
    "ctue": 0.00887946,
    "ctuh-c": 3.67828e-10,
    "ctuh-nc": 8.17831e-10,
    "gwp": 0.00421373,
    "ir": 0.000433465,
    "pm": 0.00000126181,
    "wu": 0.00233674
  },
  "2020-05": {
    "adpe": 1.87543e-7,
    "ap": 0.0000519406,
    "ctue": 0.00902508,
    "ctuh-c": 3.7084e-10,
    "ctuh-nc": 8.25177e-10,
    "gwp": 0.0042558,
    "ir": 0.000440543,
    "pm": 0.00000124299,
    "wu": 0.00233793
  },
  "2020-06": {
    "adpe": 1.74711e-7,
    "ap": 0.0000494501,
    "ctue": 0.00873563,
    "ctuh-c": 3.44106e-10,
    "ctuh-nc": 7.88762e-10,
    "gwp": 0.00412506,
    "ir": 0.000421828,
    "pm": 0.00000117468,
    "wu": 0.00220929
  },
  "2020-07": {
    "adpe": 1.67882e-7,
    "ap": 0.0000486591,
    "ctue": 0.00846617,
    "ctuh-c": 3.20147e-10,
    "ctuh-nc": 7.69571e-10,
    "gwp": 0.00405669,
    "ir": 0.000411981,
    "pm": 0.00000115912,
    "wu": 0.00215197
  },
  "2020-08": {
    "adpe": 1.65382e-7,
    "ap": 0.0000488541,
    "ctue": 0.00834391,
    "ctuh-c": 3.20517e-10,
    "ctuh-nc": 7.62875e-10,
    "gwp": 0.00401399,
    "ir": 0.000404915,
    "pm": 0.00000117742,
    "wu": 0.00215338
  },
  "2020-09": {
    "adpe": 1.63695e-7,
    "ap": 0.0000489035,
    "ctue": 0.00846298,
    "ctuh-c": 3.24743e-10,
    "ctuh-nc": 7.6542e-10,
    "gwp": 0.00404647,
    "ir": 0.000404992,
    "pm": 0.00000117648,
    "wu": 0.00215318
  },
  "2020-10": {
    "adpe": 1.5843e-7,
    "ap": 0.0000491202,
    "ctue": 0.0088993,
    "ctuh-c": 3.69419e-10,
    "ctuh-nc": 7.70847e-10,
    "gwp": 0.00408829,
    "ir": 0.000396631,
    "pm": 0.00000118966,
    "wu": 0.00217666
  },
  "2020-11": {
    "adpe": 1.45524e-7,
    "ap": 0.0000497546,
    "ctue": 0.00838402,
    "ctuh-c": 3.62363e-10,
    "ctuh-nc": 7.40374e-10,
    "gwp": 0.00392299,
    "ir": 0.0003665,
    "pm": 0.00000125849,
    "wu": 0.00216473
  },
  "2020-12": {
    "adpe": 1.36249e-7,
    "ap": 0.0000502752,
    "ctue": 0.00814673,
    "ctuh-c": 3.62469e-10,
    "ctuh-nc": 7.23399e-10,
    "gwp": 0.00384162,
    "ir": 0.000347268,
    "pm": 0.0000013049,
    "wu": 0.00216107
  },
  "2021-01": {
    "adpe": 1.46945e-7,
    "ap": 0.0000502623,
    "ctue": 0.00842344,
    "ctuh-c": 3.77447e-10,
    "ctuh-nc": 7.43967e-10,
    "gwp": 0.00391487,
    "ir": 0.000364873,
    "pm": 0.00000128078,
    "wu": 0.00219511
  },
  "2021-02": {
    "adpe": 1.57063e-7,
    "ap": 0.0000505201,
    "ctue": 0.00857336,
    "ctuh-c": 3.79386e-10,
    "ctuh-nc": 7.62613e-10,
    "gwp": 0.0039848,
    "ir": 0.000382398,
    "pm": 0.00000126766,
    "wu": 0.00222806
  },
  "2021-03": {
    "adpe": 1.84577e-7,
    "ap": 0.0000523453,
    "ctue": 0.00912793,
    "ctuh-c": 4.14529e-10,
    "ctuh-nc": 8.2082e-10,
    "gwp": 0.00418525,
    "ir": 0.000425347,
    "pm": 0.00000127999,
    "wu": 0.0023745
  },
  "2021-04": {
    "adpe": 1.94232e-7,
    "ap": 0.0000521213,
    "ctue": 0.00917449,
    "ctuh-c": 4.04875e-10,
    "ctuh-nc": 8.33867e-10,
    "gwp": 0.00423198,
    "ir": 0.000442617,
    "pm": 0.00000125016,
    "wu": 0.00238312
  },
  "2021-05": {
    "adpe": 2.08053e-7,
    "ap": 0.0000530248,
    "ctue": 0.00966624,
    "ctuh-c": 4.25712e-10,
    "ctuh-nc": 8.71194e-10,
    "gwp": 0.00440269,
    "ir": 0.000469714,
    "pm": 0.00000124435,
    "wu": 0.00245711
  },
  "2021-06": {
    "adpe": 1.97074e-7,
    "ap": 0.0000510216,
    "ctue": 0.00887003,
    "ctuh-c": 3.5927e-10,
    "ctuh-nc": 8.26001e-10,
    "gwp": 0.00420991,
    "ir": 0.000451524,
    "pm": 0.00000120001,
    "wu": 0.00232368
  },
  "2021-07": {
    "adpe": 1.8921e-7,
    "ap": 0.0000508966,
    "ctue": 0.00873664,
    "ctuh-c": 3.5194e-10,
    "ctuh-nc": 8.12294e-10,
    "gwp": 0.00416761,
    "ir": 0.000439407,
    "pm": 0.00000121064,
    "wu": 0.00229646
  },
  "2021-08": {
    "adpe": 1.8816e-7,
    "ap": 0.0000506907,
    "ctue": 0.0086958,
    "ctuh-c": 3.51075e-10,
    "ctuh-nc": 8.08367e-10,
    "gwp": 0.00414688,
    "ir": 0.000436894,
    "pm": 0.0000012068,
    "wu": 0.00228693
  },
  "2021-09": {
    "adpe": 1.82812e-7,
    "ap": 0.0000506601,
    "ctue": 0.00878541,
    "ctuh-c": 3.54609e-10,
    "ctuh-nc": 8.05256e-10,
    "gwp": 0.00416367,
    "ir": 0.000431404,
    "pm": 0.00000120954,
    "wu": 0.00227508
  },
  "2021-10": {
    "adpe": 1.81145e-7,
    "ap": 0.0000508233,
    "ctue": 0.00923821,
    "ctuh-c": 4.08782e-10,