{
  "2019-01": {
    "adpe": 4.90628e-7,
    "ap": 0.00134583,
    "ctue": 0.225804,
    "ctuh-c": 0.0000178074,
    "ctuh-nc": 0.00000908965,
    "gwp": 0.535299,
    "ir": 0.00744656,
    "pm": 0.0000459027,
    "wu": 0.0660489
  },
  "2019-02": {
    "adpe": 4.99775e-7,
    "ap": 0.0013616,
    "ctue": 0.226279,
    "ctuh-c": 0.0000182634,
    "ctuh-nc": 0.00000932135,
    "gwp": 0.536739,
    "ir": 0.00741733,
    "pm": 0.0000470614,
    "wu": 0.0654907
  },
  "2019-03": {
    "adpe": 5.20662e-7,
    "ap": 0.00133391,
    "ctue": 0.222297,
    "ctuh-c": 0.0000181807,
    "ctuh-nc": 0.00000927856,
    "gwp": 0.525834,
    "ir": 0.00736893,
    "pm": 0.0000462728,
    "wu": 0.064722
  },
  "2019-04": {
    "adpe": 5.28946e-7,
    "ap": 0.00133807,
    "ctue": 0.220087,
    "ctuh-c": 0.0000185577,
    "ctuh-nc": 0.00000946942,
    "gwp": 0.521491,
    "ir": 0.00732277,
    "pm": 0.0000472871,
    "wu": 0.0636578
  },
  "2019-05": {
    "adpe": 5.30638e-7,
    "ap": 0.00132041,
    "ctue": 0.218157,
    "ctuh-c": 0.0000182537,
    "ctuh-nc": 0.00000931457,
    "gwp": 0.516712,
    "ir": 0.00727661,
    "pm": 0.0000464471,
    "wu": 0.0631159
  },
  "2019-06": {
    "adpe": 5.27728e-7,
    "ap": 0.0013211,
    "ctue": 0.219683,
    "ctuh-c": 0.0000177899,
    "ctuh-nc": 0.00000907918,
    "gwp": 0.521546,
    "ir": 0.00732795,
    "pm": 0.0000458009,
    "wu": 0.0635783
  },
  "2019-07": {
    "adpe": 5.20869e-7,
    "ap": 0.0013108,
    "ctue": 0.222098,
    "ctuh-c": 0.0000171518,
    "ctuh-nc": 0.00000875571,
    "gwp": 0.527212,
    "ir": 0.00737744,
    "pm": 0.0000441617,
    "wu": 0.0645943
  },
  "2019-08": {
    "adpe": 5.22723e-7,
    "ap": 0.00131543,
    "ctue": 0.222561,
    "ctuh-c": 0.0000172589,
    "ctuh-nc": 0.00000881022,
    "gwp": 0.528547,
    "ir": 0.00739677,
    "pm": 0.0000443901,
    "wu": 0.0647821
  },
  "2019-09": {
    "adpe": 5.2146e-7,
    "ap": 0.00132693,
    "ctue": 0.220921,
    "ctuh-c": 0.0000179852,
    "ctuh-nc": 0.00000917868,
    "gwp": 0.525713,
    "ir": 0.00737629,
    "pm": 0.0000460206,
    "wu": 0.0640768
  },
  "2019-10": {
    "adpe": 5.14472e-7,
    "ap": 0.00132456,
    "ctue": 0.219624,
    "ctuh-c": 0.0000181694,
    "ctuh-nc": 0.00000927196,
    "gwp": 0.52273,
    "ir": 0.00735771,
    "pm": 0.0000463312,
    "wu": 0.063835
  },
  "2019-11": {
    "adpe": 5.0389e-7,
    "ap": 0.00134057,
    "ctue": 0.223764,
    "ctuh-c": 0.0000179215,
    "ctuh-nc": 0.00000914706,
    "gwp": 0.530184,
    "ir": 0.00737446,
    "pm": 0.0000461554,
    "wu": 0.0649433
  },
  "2019-12": {
    "adpe": 5.0095e-7,
    "ap": 0.00134077,
    "ctue": 0.226929,
    "ctuh-c": 0.0000175262,
    "ctuh-nc": 0.00000894713,
    "gwp": 0.535978,
    "ir": 0.00742017,
    "pm": 0.0000451623,
    "wu": 0.0661505
  },
  "2020-01": {
    "adpe": 5.07079e-7,
    "ap": 0.00134294,
    "ctue": 0.221236,
    "ctuh-c": 0.0000183449,
    "ctuh-nc": 0.00000936148,
    "gwp": 0.525321,
    "ir": 0.00740514,
    "pm": 0.0000471559,
    "wu": 0.064728
  },
  "2020-02": {
    "adpe": 5.16959e-7,
    "ap": 0.0013442,
    "ctue": 0.220627,
    "ctuh-c": 0.00001852,
    "ctuh-nc": 0.00000945025,
    "gwp": 0.522912,
    "ir": 0.00732403,
    "pm": 0.0000475274,
    "wu": 0.0638235
  },
  "2020-03": {
    "adpe": 5.39428e-7,
    "ap": 0.00132309,
    "ctue": 0.216514,
    "ctuh-c": 0.0000187955,
    "ctuh-nc": 0.00000958946,
    "gwp": 0.512393,
    "ir": 0.00728624,
    "pm": 0.0000473643,
    "wu": 0.0630498
  },
  "2020-04": {
    "adpe": 5.60786e-7,
    "ap": 0.00134332,
    "ctue": 0.217091,
    "ctuh-c": 0.0000193998,
    "ctuh-nc": 0.00000989666,
    "gwp": 0.514028,
    "ir": 0.00729326,
    "pm": 0.0000487924,
    "wu": 0.0627931
  },
  "2020-05": {
    "adpe": 5.60347e-7,
    "ap": 0.00133185,
    "ctue": 0.217729,
    "ctuh-c": 0.0000187977,
    "ctuh-nc": 0.00000959096,
    "gwp": 0.514027,
    "ir": 0.00726124,
    "pm": 0.0000475231,
    "wu": 0.0628889
  },
  "2020-06": {
    "adpe": 5.44406e-7,
    "ap": 0.00131906,
    "ctue": 0.218304,
    "ctuh-c": 0.0000180299,
    "ctuh-nc": 0.00000920092,
    "gwp": 0.516558,
    "ir": 0.00725756,
    "pm": 0.000046123,
    "wu": 0.0628999
  },
  "2020-07": {
    "adpe": 5.37329e-7,
    "ap": 0.0013002,
    "ctue": 0.218927,
    "ctuh-c": 0.0000172714,
    "ctuh-nc": 0.00000881574,
    "gwp": 0.518907,
    "ir": 0.0072865,
    "pm": 0.0000443059,
    "wu": 0.063348
  },
  "2020-08": {
    "adpe": 5.40069e-7,
    "ap": 0.00131015,
    "ctue": 0.22236,
    "ctuh-c": 0.0000170896,
    "ctuh-nc": 0.00000872424,
    "gwp": 0.525987,
    "ir": 0.00731686,
    "pm": 0.0000439772,
    "wu": 0.064155
  },
  "2020-09": {
    "adpe": 5.35286e-7,
    "ap": 0.00132012,
    "ctue": 0.218847,
    "ctuh-c": 0.0000178864,
    "ctuh-nc": 0.00000912806,
    "gwp": 0.518798,
    "ir": 0.00727072,
    "pm": 0.0000459558,
    "wu": 0.0630372
  },
  "2020-10": {
    "adpe": 5.2765e-7,
    "ap": 0.00131099,
    "ctue": 0.216272,
    "ctuh-c": 0.000018142,
    "ctuh-nc": 0.00000925734,
    "gwp": 0.511668,
    "ir": 0.00721174,
    "pm": 0.0000462352,
    "wu": 0.0624854
  },
  "2020-11": {
    "adpe": 5.22039e-7,
    "ap": 0.0013457,
    "ctue": 0.224263,
    "ctuh-c": 0.0000181413,
    "ctuh-nc": 0.00000925898,
    "gwp": 0.529139,
    "ir": 0.00733016,
    "pm": 0.0000464538,
    "wu": 0.0647866
  },
  "2020-12": {
    "adpe": 5.14811e-7,
    "ap": 0.00134687,
    "ctue": 0.229381,
    "ctuh-c": 0.0000173775,
    "ctuh-nc": 0.00000887235,
    "gwp": 0.539173,
    "ir": 0.00739991,
    "pm": 0.0000447943,
    "wu": 0.0665912
  },
  "2021-01": {
    "adpe": 5.23954e-7,
    "ap": 0.00133987,
    "ctue": 0.224879,
    "ctuh-c": 0.000017833,
    "ctuh-nc": 0.00000910254,
    "gwp": 0.529986,
    "ir": 0.00737783,
    "pm": 0.0000457521,
    "wu": 0.0654545
  },
  "2021-02": {
    "adpe": 5.34811e-7,
    "ap": 0.00135003,
    "ctue": 0.226383,
    "ctuh-c": 0.0000177519,
    "ctuh-nc": 0.00000906159,
    "gwp": 0.532663,
    "ir": 0.00733576,
    "pm": 0.0000459415,
    "wu": 0.0651173
  },
  "2021-03": {
    "adpe": 5.62154e-7,
    "ap": 0.00132792,
    "ctue": 0.223713,
    "ctuh-c": 0.000017877,
    "ctuh-nc": 0.00000912478,
    "gwp": 0.525124,
    "ir": 0.00733931,
    "pm": 0.0000453105,
    "wu": 0.0649193
  },
  "2021-04": {
    "adpe": 5.71779e-7,
    "ap": 0.0013322,
    "ctue": 0.221578,
    "ctuh-c": 0.0000183517,
    "ctuh-nc": 0.00000936532,
    "gwp": 0.5217,
    "ir": 0.00730998,
    "pm": 0.0000463825,
    "wu": 0.0639175
  },
  "2021-05": {
    "adpe": 5.79144e-7,
    "ap": 0.00131365,
    "ctue": 0.218074,
    "ctuh-c": 0.0000180467,
    "ctuh-nc": 0.00000920953,
    "gwp": 0.512194,
    "ir": 0.00723793,
    "pm": 0.0000458397,
    "wu": 0.0630021
  },
  "2021-06": {
    "adpe": 5.70964e-7,
    "ap": 0.00131572,
    "ctue": 0.221124,
    "ctuh-c": 0.0000174004,
    "ctuh-nc": 0.00000888185,
    "gwp": 0.521534,
    "ir": 0.0073291,
    "pm": 0.0000447626,
    "wu": 0.0639904
  },
  "2021-07": {
    "adpe": 5.62296e-7,
    "ap": 0.00130542,
    "ctue": 0.223071,
    "ctuh-c": 0.0000167484,
    "ctuh-nc": 0.0000085512,
    "gwp": 0.52535,
    "ir": 0.00734178,
    "pm": 0.0000432207,
    "wu": 0.0647253
  },
  "2021-08": {
    "adpe": 5.60746e-7,
    "ap": 0.00131115,
    "ctue": 0.223514,
    "ctuh-c": 0.0000168638,
    "ctuh-nc": 0.00000860989,
    "gwp": 0.526633,
    "ir": 0.00735016,
    "pm": 0.0000435551,
    "wu": 0.064781
  },
  "2021-09": {
    "adpe": 5.56557e-7,
    "ap": 0.00131923,
    "ctue": 0.220002,
    "ctuh-c": 0.0000176754,
    "ctuh-nc": 0.00000902129,
    "gwp": 0.519211,
    "ir": 0.00730507,
    "pm": 0.0000454309,
    "wu": 0.0637371
  },
  "2021-10": {
    "adpe": 5.53588e-7,
    "ap": 0.00131592,
    "ctue": 0.217994,
    "ctuh-c": 0.0000179481,
    "ctuh-nc": 0.00000915924,
    "gwp": 0.514128,
    "ir": 0.00727488,
    "pm": 0.0000459856,
    "wu": 0.0632101
  },
  "2021-11": {
    "adpe": 5.41471e-7,
    "ap": 0.00133133,
    "ctue": 0.221354,