{
  "2019-01": {
    "adpe": 4.89118e-7,
    "ap": 0.00129239,
    "ctue": 0.224299,
    "ctuh-c": 0.0000170803,
    "ctuh-nc": 0.00000872017,
    "gwp": 0.534453,
    "ir": 0.0074656,
    "pm": 0.0000426195,
    "wu": 0.0660301
  },
  "2019-02": {
    "adpe": 4.97312e-7,
    "ap": 0.00130417,
    "ctue": 0.224731,
    "ctuh-c": 0.0000174175,
    "ctuh-nc": 0.00000889152,
    "gwp": 0.53586,
    "ir": 0.00743987,
    "pm": 0.0000434766,
    "wu": 0.0655139
  },
  "2019-03": {
    "adpe": 5.16695e-7,
    "ap": 0.00127998,
    "ctue": 0.22096,
    "ctuh-c": 0.0000174407,
    "ctuh-nc": 0.00000890257,
    "gwp": 0.525518,
    "ir": 0.00739178,
    "pm": 0.0000429171,
    "wu": 0.0647774
  },
  "2019-04": {
    "adpe": 5.24104e-7,
    "ap": 0.00128232,
    "ctue": 0.218878,
    "ctuh-c": 0.0000177428,
    "ctuh-nc": 0.00000905545,
    "gwp": 0.521511,
    "ir": 0.00735054,
    "pm": 0.0000437442,
    "wu": 0.0637938
  },
  "2019-05": {
    "adpe": 5.25013e-7,
    "ap": 0.00126686,
    "ctue": 0.217136,
    "ctuh-c": 0.0000175046,
    "ctuh-nc": 0.00000893407,
    "gwp": 0.517211,
    "ir": 0.00730836,
    "pm": 0.0000430435,
    "wu": 0.0632995
  },
  "2019-06": {
    "adpe": 5.22835e-7,
    "ap": 0.0012684,
    "ctue": 0.218616,
    "ctuh-c": 0.000017106,
    "ctuh-nc": 0.00000873179,
    "gwp": 0.521817,
    "ir": 0.0073565,
    "pm": 0.0000425028,
    "wu": 0.0637403
  },
  "2019-07": {
    "adpe": 5.15575e-7,
    "ap": 0.00126095,
    "ctue": 0.220919,
    "ctuh-c": 0.0000165467,
    "ctuh-nc": 0.00000844831,
    "gwp": 0.527139,
    "ir": 0.00740168,
    "pm": 0.0000411241,
    "wu": 0.0646739
  },
  "2019-08": {
    "adpe": 5.17152e-7,
    "ap": 0.00126498,
    "ctue": 0.221414,
    "ctuh-c": 0.0000166716,
    "ctuh-nc": 0.0000085119,
    "gwp": 0.528504,
    "ir": 0.00741955,
    "pm": 0.0000413317,
    "wu": 0.0648577
  },
  "2019-09": {
    "adpe": 5.14113e-7,
    "ap": 0.00127305,
    "ctue": 0.219858,
    "ctuh-c": 0.0000171148,
    "ctuh-nc": 0.00000873646,
    "gwp": 0.525886,
    "ir": 0.00740149,
    "pm": 0.0000425362,
    "wu": 0.0642008
  },
  "2019-10": {
    "adpe": 5.06373e-7,
    "ap": 0.00126971,
    "ctue": 0.218707,
    "ctuh-c": 0.0000169198,
    "ctuh-nc": 0.00000863699,
    "gwp": 0.523155,
    "ir": 0.00738531,
    "pm": 0.0000424819,
    "wu": 0.06397
  },
  "2019-11": {
    "adpe": 4.96485e-7,
    "ap": 0.00128518,
    "ctue": 0.222603,
    "ctuh-c": 0.000016674,
    "ctuh-nc": 0.00000851307,
    "gwp": 0.530207,
    "ir": 0.00740257,
    "pm": 0.0000423262,
    "wu": 0.0650233
  },
  "2019-12": {
    "adpe": 4.94602e-7,
    "ap": 0.00128759,
    "ctue": 0.225715,
    "ctuh-c": 0.0000163291,
    "ctuh-nc": 0.00000833872,
    "gwp": 0.535795,
    "ir": 0.00744475,
    "pm": 0.0000415028,
    "wu": 0.0661835
  },
  "2020-01": {
    "adpe": 4.99175e-7,
    "ap": 0.00128453,
    "ctue": 0.219966,
    "ctuh-c": 0.0000170722,
    "ctuh-nc": 0.00000871471,
    "gwp": 0.525198,
    "ir": 0.00743146,
    "pm": 0.0000431567,
    "wu": 0.0647964
  },
  "2020-02": {
    "adpe": 5.09124e-7,
    "ap": 0.00128478,
    "ctue": 0.219369,
    "ctuh-c": 0.0000172515,
    "ctuh-nc": 0.00000880564,
    "gwp": 0.522835,
    "ir": 0.00735402,
    "pm": 0.0000434628,
    "wu": 0.0639496
  },
  "2020-03": {
    "adpe": 5.31165e-7,
    "ap": 0.00126526,
    "ctue": 0.215479,
    "ctuh-c": 0.0000174963,
    "ctuh-nc": 0.00000892933,
    "gwp": 0.51282,
    "ir": 0.00731785,
    "pm": 0.0000433197,
    "wu": 0.0632115
  },
  "2020-04": {
    "adpe": 5.51559e-7,
    "ap": 0.00128182,
    "ctue": 0.216018,
    "ctuh-c": 0.0000180321,
    "ctuh-nc": 0.00000920167,
    "gwp": 0.514473,
    "ir": 0.00732695,
    "pm": 0.0000444974,
    "wu": 0.0629882
  },
  "2020-05": {
    "adpe": 5.51762e-7,
    "ap": 0.00127229,
    "ctue": 0.216547,
    "ctuh-c": 0.0000175301,
    "ctuh-nc": 0.00000894683,
    "gwp": 0.514337,
    "ir": 0.00729762,
    "pm": 0.0000434438,
    "wu": 0.0630504
  },
  "2020-06": {
    "adpe": 5.36276e-7,
    "ap": 0.00126226,
    "ctue": 0.217121,
    "ctuh-c": 0.0000169004,
    "ctuh-nc": 0.00000862692,
    "gwp": 0.51678,
    "ir": 0.00729344,
    "pm": 0.0000423024,
    "wu": 0.0630642
  },
  "2020-07": {
    "adpe": 5.27521e-7,
    "ap": 0.00124687,
    "ctue": 0.217757,
    "ctuh-c": 0.0000162351,
    "ctuh-nc": 0.00000828911,
    "gwp": 0.519055,
    "ir": 0.0073181,
    "pm": 0.0000407548,
    "wu": 0.0634901
  },
  "2020-08": {
    "adpe": 5.27591e-7,
    "ap": 0.00125688,
    "ctue": 0.221014,
    "ctuh-c": 0.0000160972,
    "ctuh-nc": 0.0000082199,
    "gwp": 0.525881,
    "ir": 0.00734563,
    "pm": 0.0000405033,
    "wu": 0.064259
  },
  "2020-09": {
    "adpe": 5.25356e-7,
    "ap": 0.00126358,
    "ctue": 0.217679,
    "ctuh-c": 0.0000167446,
    "ctuh-nc": 0.00000854787,
    "gwp": 0.519024,
    "ir": 0.00730436,
    "pm": 0.0000421377,
    "wu": 0.0632128
  },
  "2020-10": {
    "adpe": 5.18428e-7,
    "ap": 0.00125439,
    "ctue": 0.215279,
    "ctuh-c": 0.0000169625,
    "ctuh-nc": 0.00000865803,
    "gwp": 0.512461,
    "ir": 0.00725222,
    "pm": 0.0000423573,
    "wu": 0.0626846
  },
  "2020-11": {
    "adpe": 5.14537e-7,
    "ap": 0.00128638,
    "ctue": 0.222715,
    "ctuh-c": 0.000016957,
    "ctuh-nc": 0.00000865706,
    "gwp": 0.528702,
    "ir": 0.00736409,
    "pm": 0.0000425386,
    "wu": 0.0648273
  },
  "2020-12": {
    "adpe": 5.08034e-7,
    "ap": 0.00129131,
    "ctue": 0.227729,
    "ctuh-c": 0.0000163142,
    "ctuh-nc": 0.00000833184,
    "gwp": 0.538446,
    "ir": 0.00742957,
    "pm": 0.0000412047,
    "wu": 0.0665578
  },
  "2021-01": {
    "adpe": 5.16768e-7,
    "ap": 0.00128257,
    "ctue": 0.223265,
    "ctuh-c": 0.0000166621,
    "ctuh-nc": 0.0000085074,
    "gwp": 0.529195,
    "ir": 0.00740276,
    "pm": 0.0000419707,
    "wu": 0.0654274
  },
  "2021-02": {
    "adpe": 5.26272e-7,
    "ap": 0.00129057,
    "ctue": 0.22463,
    "ctuh-c": 0.0000165827,
    "ctuh-nc": 0.0000084673,
    "gwp": 0.531607,
    "ir": 0.00736067,
    "pm": 0.0000420673,
    "wu": 0.0651034
  },
  "2021-03": {
    "adpe": 5.51735e-7,
    "ap": 0.00127273,
    "ctue": 0.222303,
    "ctuh-c": 0.0000167653,
    "ctuh-nc": 0.00000855978,
    "gwp": 0.525154,
    "ir": 0.00737179,
    "pm": 0.0000416378,
    "wu": 0.0649882
  },
  "2021-04": {
    "adpe": 5.60549e-7,
    "ap": 0.0012747,
    "ctue": 0.22026,
    "ctuh-c": 0.0000172018,
    "ctuh-nc": 0.00000878095,
    "gwp": 0.521869,
    "ir": 0.00734306,
    "pm": 0.0000425358,
    "wu": 0.0640375
  },
  "2021-05": {
    "adpe": 5.70296e-7,
    "ap": 0.00125641,
    "ctue": 0.216799,
    "ctuh-c": 0.0000168997,
    "ctuh-nc": 0.00000862666,
    "gwp": 0.512362,
    "ir": 0.00727328,
    "pm": 0.0000420167,
    "wu": 0.0631017
  },
  "2021-06": {
    "adpe": 5.58487e-7,
    "ap": 0.00126239,
    "ctue": 0.220131,
    "ctuh-c": 0.000016358,
    "ctuh-nc": 0.00000835216,
    "gwp": 0.52239,
    "ir": 0.00736471,
    "pm": 0.000041179,
    "wu": 0.0641581
  },
  "2021-07": {
    "adpe": 5.51105e-7,
    "ap": 0.0012537,
    "ctue": 0.221863,
    "ctuh-c": 0.0000158032,
    "ctuh-nc": 0.00000807083,
    "gwp": 0.52552,
    "ir": 0.00737216,
    "pm": 0.0000398572,
    "wu": 0.0648075
  },
  "2021-08": {
    "adpe": 5.50089e-7,
    "ap": 0.00125841,
    "ctue": 0.222227,
    "ctuh-c": 0.000015915,
    "ctuh-nc": 0.00000812771,
    "gwp": 0.526618,
    "ir": 0.00737961,
    "pm": 0.0000401422,
    "wu": 0.064854
  },
  "2021-09": {
    "adpe": 5.4674e-7,
    "ap": 0.00126306,
    "ctue": 0.218762,
    "ctuh-c": 0.0000166356,
    "ctuh-nc": 0.0000084929,
    "gwp": 0.51934,
    "ir": 0.00733667,
    "pm": 0.0000417442,
    "wu": 0.0638399
  },
  "2021-10": {
    "adpe": 5.41685e-7,
    "ap": 0.00126033,
    "ctue": 0.21697,
    "ctuh-c": 0.0000168609,
    "ctuh-nc": 0.00000860678,
    "gwp": 0.514884,
    "ir": 0.00730682,
    "pm": 0.0000422444,
    "wu": 0.0633504
  },
  "2021-11": {
    "adpe": 5.32031e-7,
    "ap": 0.00127509,
    "ctue": 0.220126,