{
  "2019-01": {
    "adpe": 4.865541507358553e-7,
    "ap": 0.001272717698104348,
    "ctue": 0.2260585853301333,
    "ctuh-c": 0.00001627326649967086,
    "ctuh-nc": 0.000008310709553429631,
    "gwp": 0.5385281085423423,
    "ir": 0.007482962048561044,
    "pm": 0.00004046801245256934,
    "wu": 0.06665311785649347
  },
  "2019-02": {
    "adpe": 4.939238750118273e-7,
    "ap": 0.0012837488098842585,
    "ctue": 0.2265586939351511,
    "ctuh-c": 0.000016547470214145564,
    "ctuh-nc": 0.000008450049824271421,
    "gwp": 0.5400758114794463,
    "ir": 0.007457636098303538,
    "pm": 0.000041217713807302995,
    "wu": 0.06617038890469702
  },
  "2019-03": {
    "adpe": 5.129470541871196e-7,
    "ap": 0.0012607890207541922,
    "ctue": 0.2228974930350129,
    "ctuh-c": 0.000016595392678790396,
    "ctuh-nc": 0.000008473685801673115,
    "gwp": 0.5300943131432135,
    "ir": 0.007413174401850795,
    "pm": 0.00004072341780747276,
    "wu": 0.06546069818575367
  },
  "2019-04": {
    "adpe": 5.197618165767579e-7,
    "ap": 0.0012619880135150176,
    "ctue": 0.22098815590186094,
    "ctuh-c": 0.00001686152344537107,
    "ctuh-nc": 0.000008608339959567202,
    "gwp": 0.5263757049634361,
    "ir": 0.007371916036118433,
    "pm": 0.000041421488244620334,
    "wu": 0.06453798713534853
  },
  "2019-05": {
    "adpe": 5.212257124778847e-7,
    "ap": 0.0012469189670675145,
    "ctue": 0.21926065023891503,
    "ctuh-c": 0.000016661640205773237,
    "ctuh-nc": 0.000008506455257093018,
    "gwp": 0.5221383722604126,
    "ir": 0.007332596416556829,
    "pm": 0.00004076445388106801,
    "wu": 0.06406947873850227
  },
  "2019-06": {
    "adpe": 5.192959669697863e-7,
    "ap": 0.0012492700736741376,
    "ctue": 0.2208031325699382,
    "ctuh-c": 0.000016294712488570215,
    "ctuh-nc": 0.000008320294314726712,
    "gwp": 0.5268106777575394,
    "ir": 0.007380137148925892,
    "pm": 0.00004028169160153834,
    "wu": 0.06451769907769812
  },
  "2019-07": {
    "adpe": 5.124686339100125e-7,
    "ap": 0.0012430572582247112,
    "ctue": 0.22293369252281886,
    "ctuh-c": 0.000015796936276835683,
    "ctuh-nc": 0.00000806800987826729,
    "gwp": 0.5317145145351885,
    "ir": 0.00742056088478738,
    "pm": 0.00003905732886174791,
    "wu": 0.06537227555436192
  },
  "2019-08": {
    "adpe": 5.141230852928619e-7,
    "ap": 0.001246549467712615,
    "ctue": 0.22338346380563534,
    "ctuh-c": 0.000015910835493377047,
    "ctuh-nc": 0.000008126004537089932,
    "gwp": 0.5329620378391998,
    "ir": 0.007438153845099829,
    "pm": 0.00003923567600200642,
    "wu": 0.06555201704075073
  },
  "2019-09": {
    "adpe": 5.109878713235879e-7,
    "ap": 0.0012532475293360321,
    "ctue": 0.2219056578960933,
    "ctuh-c": 0.000016302511475120454,
    "ctuh-nc": 0.000008324448651638942,
    "gwp": 0.5304693955425106,
    "ir": 0.0074210236301948,
    "pm": 0.00004030320748331617,
    "wu": 0.06493809903063891
  },
  "2019-10": {
    "adpe": 5.036302769803822e-7,
    "ap": 0.001250202457144042,
    "ctue": 0.22079225828961974,
    "ctuh-c": 0.000016112587672826063,
    "ctuh-nc": 0.000008227541941784542,
    "gwp": 0.527843365011592,
    "ir": 0.007405920730277005,
    "pm": 0.000040261135242669914,
    "wu": 0.0647116221101545
  },
  "2019-11": {
    "adpe": 4.940016095201826e-7,
    "ap": 0.0012655237108163912,
    "ctue": 0.224508071268125,
    "ctuh-c": 0.00001586621765652431,
    "ctuh-nc": 0.000008103284691735737,
    "gwp": 0.53461750250267,
    "ir": 0.00742358351849308,
    "pm": 0.000040139341251202375,
    "wu": 0.06570950909432148
  },
  "2019-12": {
    "adpe": 4.91771931877742e-7,
    "ap": 0.0012684490646879252,
    "ctue": 0.2273979003837327,
    "ctuh-c": 0.00001555304018860531,
    "ctuh-nc": 0.000007944983962334077,
    "gwp": 0.5397877976361904,
    "ir": 0.0074630698968450445,
    "pm": 0.00003942153067068532,
    "wu": 0.06679161064501035
  },
  "2020-01": {
    "adpe": 4.959743507538629e-7,
    "ap": 0.001264078196075185,
    "ctue": 0.22200891253731014,
    "ctuh-c": 0.000016239565980885583,
    "ctuh-nc": 0.000008292297789157013,
    "gwp": 0.5299348909463473,
    "ir": 0.007453403142107671,
    "pm": 0.00004089498976347445,
    "wu": 0.06548353710945992
  },
  "2020-02": {
    "adpe": 5.055822346858137e-7,
    "ap": 0.0012637516498900242,
    "ctue": 0.22145614654102935,
    "ctuh-c": 0.000016392104084901463,
    "ctuh-nc": 0.00000836965194697223,
    "gwp": 0.5277084636906444,
    "ir": 0.007378374235271295,
    "pm": 0.00004113704369641577,
    "wu": 0.06467098086114466
  },
  "2020-03": {
    "adpe": 5.268389244290541e-7,
    "ap": 0.001245005098406742,
    "ctue": 0.21769472190765263,
    "ctuh-c": 0.00001664375846646813,
    "ctuh-nc": 0.000008496829339849186,
    "gwp": 0.5180434241567257,
    "ir": 0.0073438019042123825,
    "pm": 0.000041017123771508115,
    "wu": 0.06396040261852921
  },
  "2020-04": {
    "adpe": 5.462615278486656e-7,
    "ap": 0.0012601707878386267,
    "ctue": 0.21835330013129411,
    "ctuh-c": 0.000017108154424615178,
    "ctuh-nc": 0.000008732952147178008,
    "gwp": 0.5199401094621637,
    "ir": 0.007353559663334606,
    "pm": 0.000042038973343890946,
    "wu": 0.06377962571937718
  },
  "2020-05": {
    "adpe": 5.466233403918441e-7,
    "ap": 0.0012508223655535572,
    "ctue": 0.21883461928176087,
    "ctuh-c": 0.000016657480482519003,
    "ctuh-nc": 0.000008504177642409716,
    "gwp": 0.5197729129660622,
    "ir": 0.007326133646356699,
    "pm": 0.000041047368003224406,
    "wu": 0.06383765351867504
  },
  "2020-06": {
    "adpe": 5.320911532164568e-7,
    "ap": 0.0012416569970939266,
    "ctue": 0.2193483961373672,
    "ctuh-c": 0.000016085058306750347,
    "ctuh-nc": 0.00000821337966703452,
    "gwp": 0.5219892138736695,
    "ir": 0.007320715676507265,
    "pm": 0.00004000622301831323,
    "wu": 0.06384201712316274
  },
  "2020-07": {
    "adpe": 5.24033182554136e-7,
    "ap": 0.0012270975446022493,
    "ctue": 0.21988671278905167,
    "ctuh-c": 0.000015485257800088014,
    "ctuh-nc": 0.00000790882809270941,
    "gwp": 0.5239935779104632,
    "ir": 0.0073441431486998094,
    "pm": 0.0000385752700047237,
    "wu": 0.06424211916769722
  },
  "2020-08": {
    "adpe": 5.240648314323352e-7,
    "ap": 0.0012371853441723638,
    "ctue": 0.22305517303199887,
    "ctuh-c": 0.000015355269067224784,
    "ctuh-nc": 0.000007843583168157723,
    "gwp": 0.5306112640204148,
    "ir": 0.0073702519018127004,
    "pm": 0.000038359621266440063,
    "wu": 0.0649724411697989
  },
  "2020-09": {
    "adpe": 5.215824550714628e-7,
    "ap": 0.0012430990529127797,
    "ctue": 0.2198445039000262,
    "ctuh-c": 0.000015945780283041478,
    "ctuh-nc": 0.00000814268266958764,
    "gwp": 0.5240268619110059,
    "ir": 0.00732983955136682,
    "pm": 0.000039872361079509026,
    "wu": 0.06397268822823148
  },
  "2020-10": {
    "adpe": 5.147499859160839e-7,
    "ap": 0.001234714523024969,
    "ctue": 0.2175211325364001,
    "ctuh-c": 0.00001614658416853296,
    "ctuh-nc": 0.000008244151093008452,
    "gwp": 0.5177160613772686,
    "ir": 0.007280396964425548,
    "pm": 0.0000401073053613391,
    "wu": 0.06345789424338315
  },
  "2020-11": {
    "adpe": 5.108093845787364e-7,
    "ap": 0.0012658690570682494,
    "ctue": 0.22466338375977193,
    "ctuh-c": 0.000016141628263475857,
    "ctuh-nc": 0.00000824341270988774,
    "gwp": 0.5332913076392927,
    "ir": 0.007387457286249625,
    "pm": 0.00004031105590043863,
    "wu": 0.06550613547266979
  },
  "2020-12": {
    "adpe": 5.044953416493066e-7,
    "ap": 0.0012718949331033877,
    "ctue": 0.2295181290224385,
    "ctuh-c": 0.000015557467768573682,
    "ctuh-nc": 0.00000794793315229946,
    "gwp": 0.5427289433630512,
    "ir": 0.007450674823799561,
    "pm": 0.00003912575060621799,
    "wu": 0.06715937114499347
  },
  "2021-01": {
    "adpe": 5.124676720093175e-7,
    "ap": 0.0012649121625350538,
    "ctue": 0.2253169950941585,
    "ctuh-c": 0.000015910912870528557,
    "ctuh-nc": 0.000008126358315605138,