{
  "2019-01": {
    "adpe": 4.94303e-7,
    "ap": 0.00134208,
    "ctue": 0.226408,
    "ctuh-c": 0.0000179082,
    "ctuh-nc": 0.00000914104,
    "gwp": 0.53768,
    "ir": 0.00748406,
    "pm": 0.0000456736,
    "wu": 0.0662542
  },
  "2019-02": {
    "adpe": 5.0361e-7,
    "ap": 0.0013571,
    "ctue": 0.226923,
    "ctuh-c": 0.0000183237,
    "ctuh-nc": 0.00000935215,
    "gwp": 0.539248,
    "ir": 0.00745812,
    "pm": 0.0000467605,
    "wu": 0.0657079
  },
  "2019-03": {
    "adpe": 5.23787e-7,
    "ap": 0.00133025,
    "ctue": 0.222963,
    "ctuh-c": 0.0000183133,
    "ctuh-nc": 0.00000934608,
    "gwp": 0.528422,
    "ir": 0.00740813,
    "pm": 0.0000460621,
    "wu": 0.0649479
  },
  "2019-04": {
    "adpe": 5.33295e-7,
    "ap": 0.00133402,
    "ctue": 0.220778,
    "ctuh-c": 0.0000186596,
    "ctuh-nc": 0.00000952141,
    "gwp": 0.524117,
    "ir": 0.00736454,
    "pm": 0.0000470267,
    "wu": 0.0638958
  },
  "2019-05": {
    "adpe": 5.3483e-7,
    "ap": 0.00131658,
    "ctue": 0.218874,
    "ctuh-c": 0.0000183874,
    "ctuh-nc": 0.00000938273,
    "gwp": 0.519409,
    "ir": 0.00731893,
    "pm": 0.0000462207,
    "wu": 0.063359
  },
  "2019-06": {
    "adpe": 5.32958e-7,
    "ap": 0.0013175,
    "ctue": 0.220367,
    "ctuh-c": 0.0000179584,
    "ctuh-nc": 0.000009165,
    "gwp": 0.524128,
    "ir": 0.00736977,
    "pm": 0.0000456172,
    "wu": 0.063813
  },
  "2019-07": {
    "adpe": 5.24741e-7,
    "ap": 0.00130732,
    "ctue": 0.222765,
    "ctuh-c": 0.0000173203,
    "ctuh-nc": 0.00000884151,
    "gwp": 0.529756,
    "ir": 0.00741735,
    "pm": 0.0000439986,
    "wu": 0.0648064
  },
  "2019-08": {
    "adpe": 5.27133e-7,
    "ap": 0.00131135,
    "ctue": 0.223203,
    "ctuh-c": 0.000017455,
    "ctuh-nc": 0.00000891009,
    "gwp": 0.531036,
    "ir": 0.00743712,
    "pm": 0.0000442247,
    "wu": 0.064984
  },
  "2019-09": {
    "adpe": 5.2429e-7,
    "ap": 0.0013221,
    "ctue": 0.221664,
    "ctuh-c": 0.0000179647,
    "ctuh-nc": 0.00000916845,
    "gwp": 0.528435,
    "ir": 0.00741903,
    "pm": 0.0000456353,
    "wu": 0.0643028
  },
  "2019-10": {
    "adpe": 5.15931e-7,
    "ap": 0.00131863,
    "ctue": 0.220417,
    "ctuh-c": 0.0000177641,
    "ctuh-nc": 0.00000906606,
    "gwp": 0.525456,
    "ir": 0.00740147,
    "pm": 0.0000455933,
    "wu": 0.0640551
  },
  "2019-11": {
    "adpe": 5.04863e-7,
    "ap": 0.00133483,
    "ctue": 0.224538,
    "ctuh-c": 0.0000174953,
    "ctuh-nc": 0.00000893052,
    "gwp": 0.532886,
    "ir": 0.00741771,
    "pm": 0.0000454146,
    "wu": 0.0651601
  },
  "2019-12": {
    "adpe": 5.01743e-7,
    "ap": 0.00133566,
    "ctue": 0.22774,
    "ctuh-c": 0.0000170999,
    "ctuh-nc": 0.00000873057,
    "gwp": 0.538673,
    "ir": 0.00746067,
    "pm": 0.0000444387,
    "wu": 0.0663785
  },
  "2020-01": {
    "adpe": 5.07248e-7,
    "ap": 0.0013349,
    "ctue": 0.221864,
    "ctuh-c": 0.0000179173,
    "ctuh-nc": 0.00000914422,
    "gwp": 0.527812,
    "ir": 0.00744829,
    "pm": 0.0000463102,
    "wu": 0.0649444
  },
  "2020-02": {
    "adpe": 5.17257e-7,
    "ap": 0.00133665,
    "ctue": 0.221302,
    "ctuh-c": 0.0000181386,
    "ctuh-nc": 0.00000925649,
    "gwp": 0.525477,
    "ir": 0.00736713,
    "pm": 0.0000467303,
    "wu": 0.0640585
  },
  "2020-03": {
    "adpe": 5.39336e-7,
    "ap": 0.00131573,
    "ctue": 0.21721,
    "ctuh-c": 0.0000184009,
    "ctuh-nc": 0.00000938902,
    "gwp": 0.515005,
    "ir": 0.00732883,
    "pm": 0.0000465605,
    "wu": 0.0632925
  },
  "2020-04": {
    "adpe": 5.61426e-7,
    "ap": 0.00133577,
    "ctue": 0.217846,
    "ctuh-c": 0.0000190272,
    "ctuh-nc": 0.0000097074,
    "gwp": 0.516782,
    "ir": 0.00733815,
    "pm": 0.0000479824,
    "wu": 0.0630577
  },
  "2020-05": {
    "adpe": 5.62079e-7,
    "ap": 0.00132374,
    "ctue": 0.21835,
    "ctuh-c": 0.0000184562,
    "ctuh-nc": 0.00000941751,
    "gwp": 0.516537,
    "ir": 0.00730685,
    "pm": 0.000046736,
    "wu": 0.0631193
  },
  "2020-06": {
    "adpe": 5.46787e-7,
    "ap": 0.0013113,
    "ctue": 0.218873,
    "ctuh-c": 0.0000177519,
    "ctuh-nc": 0.00000905971,
    "gwp": 0.518958,
    "ir": 0.00730299,
    "pm": 0.0000454108,
    "wu": 0.0631223
  },
  "2020-07": {
    "adpe": 5.39326e-7,
    "ap": 0.00129242,
    "ctue": 0.219422,
    "ctuh-c": 0.0000169973,
    "ctuh-nc": 0.00000867649,
    "gwp": 0.521151,
    "ir": 0.00733059,
    "pm": 0.0000436078,
    "wu": 0.063559
  },
  "2020-08": {
    "adpe": 5.40408e-7,
    "ap": 0.0013025,
    "ctue": 0.22286,
    "ctuh-c": 0.0000168428,
    "ctuh-nc": 0.0000085989,
    "gwp": 0.528307,
    "ir": 0.00735989,
    "pm": 0.0000433067,
    "wu": 0.0643718
  },
  "2020-09": {
    "adpe": 5.37928e-7,
    "ap": 0.00131203,
    "ctue": 0.219387,
    "ctuh-c": 0.0000175759,
    "ctuh-nc": 0.00000897035,
    "gwp": 0.521102,
    "ir": 0.00731584,
    "pm": 0.0000452023,
    "wu": 0.0632622
  },
  "2020-10": {
    "adpe": 5.28717e-7,
    "ap": 0.00130248,
    "ctue": 0.216902,
    "ctuh-c": 0.0000178058,
    "ctuh-nc": 0.00000908654,
    "gwp": 0.514286,
    "ir": 0.00725952,
    "pm": 0.0000454365,
    "wu": 0.0627195
  },
  "2020-11": {
    "adpe": 5.23629e-7,
    "ap": 0.00133668,
    "ctue": 0.224795,
    "ctuh-c": 0.0000177976,
    "ctuh-nc": 0.00000908437,
    "gwp": 0.531489,
    "ir": 0.00737595,
    "pm": 0.000045644,
    "wu": 0.0649839
  },
  "2020-12": {
    "adpe": 5.15429e-7,
    "ap": 0.0013386,
    "ctue": 0.229848,
    "ctuh-c": 0.0000170668,
    "ctuh-nc": 0.00000871445,
    "gwp": 0.541372,
    "ir": 0.00744229,
    "pm": 0.0000440614,
    "wu": 0.0667683
  },
  "2021-01": {
    "adpe": 5.23994e-7,
    "ap": 0.00133183,
    "ctue": 0.225345,
    "ctuh-c": 0.0000174729,
    "ctuh-nc": 0.00000891954,
    "gwp": 0.532206,
    "ir": 0.00741992,
    "pm": 0.0000449854,
    "wu": 0.0656462
  },
  "2021-02": {
    "adpe": 5.34319e-7,
    "ap": 0.0013425,
    "ctue": 0.226909,
    "ctuh-c": 0.0000174264,
    "ctuh-nc": 0.00000889623,
    "gwp": 0.535036,
    "ir": 0.00737849,
    "pm": 0.0000452179,
    "wu": 0.065327
  },
  "2021-03": {
    "adpe": 5.61772e-7,
    "ap": 0.00132035,
    "ctue": 0.224223,
    "ctuh-c": 0.0000175598,
    "ctuh-nc": 0.00000896364,
    "gwp": 0.527469,
    "ir": 0.00738151,
    "pm": 0.0000445878,
    "wu": 0.0651323
  },
  "2021-04": {
    "adpe": 5.72597e-7,
    "ap": 0.00132425,
    "ctue": 0.222105,
    "ctuh-c": 0.0000180661,
    "ctuh-nc": 0.00000922025,
    "gwp": 0.524098,
    "ir": 0.00735471,
    "pm": 0.0000456617,
    "wu": 0.0641384
  },
  "2021-05": {
    "adpe": 5.81026e-7,
    "ap": 0.0013051,
    "ctue": 0.218581,
    "ctuh-c": 0.0000177469,
    "ctuh-nc": 0.00000905726,
    "gwp": 0.514552,
    "ir": 0.00728471,
    "pm": 0.0000450865,
    "wu": 0.0632094
  },
  "2021-06": {
    "adpe": 5.71493e-7,
    "ap": 0.00130798,
    "ctue": 0.221678,
    "ctuh-c": 0.000017137,
    "ctuh-nc": 0.00000874807,
    "gwp": 0.52399,
    "ir": 0.00737414,
    "pm": 0.0000440754,
    "wu": 0.0642019
  },
  "2021-07": {
    "adpe": 5.62564e-7,
    "ap": 0.00129795,
    "ctue": 0.223598,
    "ctuh-c": 0.0000165228,
    "ctuh-nc": 0.0000084366,
    "gwp": 0.527728,
    "ir": 0.00738522,
    "pm": 0.0000425839,
    "wu": 0.0649242
  },
  "2021-08": {
    "adpe": 5.6276e-7,
    "ap": 0.00130291,
    "ctue": 0.223993,
    "ctuh-c": 0.0000166408,
    "ctuh-nc": 0.00000849662,
    "gwp": 0.528832,
    "ir": 0.00739357,
    "pm": 0.0000428841,
    "wu": 0.0649716
  },
  "2021-09": {
    "adpe": 5.57624e-7,
    "ap": 0.00131116,
    "ctue": 0.220577,
    "ctuh-c": 0.0000174541,
    "ctuh-nc": 0.0000089089,
    "gwp": 0.521685,
    "ir": 0.00734962,
    "pm": 0.0000447528,
    "wu": 0.0639505
  },
  "2021-10": {
    "adpe": 5.54224e-7,
    "ap": 0.00130799,
    "ctue": 0.218588,
    "ctuh-c": 0.0000176849,
    "ctuh-nc": 0.00000902555,
    "gwp": 0.516646,
    "ir": 0.00731925,
    "pm": 0.0000452797,
    "wu": 0.063424
  },
  "2021-11": {
    "adpe": 5.4271e-7,
    "ap": 0.00132323,
    "ctue": 0.221839,
    "ctuh-c": 0.0000176423,