year,adpe,ap,ctue,ctuh-c,ctuh-nc,gwp,ir,pm,wu
2019,5.09824e-7,0.00127796,0.22118,0.0000170387,0.00000869821,0.527319,0.00739765,0.0000424558,0.0646797
2020,5.24747e-7,0.00127084,0.218964,0.0000169495,0.00000865232,0.521003,0.0073367,0.0000424427,0.0638594
2021,5.44198e-7,0.00126867,0.220921,0.000016563,0.00000845651,0.523262,0.00735578,0.0000415686,0.0644838
2022,5.7021e-7,0.00126448,0.219853,0.0000165175,0.0000084331,0.519227,0.00730703,0.0000415385,0.0637602
2023,6.00619e-7,0.00125125,0.219191,0.0000163691,0.00000835764,0.51622,0.00731047,0.0000408002,0.0636494
2024,6.32619e-7,0.00123966,0.216923,0.0000163381,0.00000834138,0.508907,0.00726898,0.0000406158,0.0629043
