{
  "2019-01": {
    "adpe": 1.13941e-7,
    "ap": 0.0000473921,
    "ctue": 0.0076043,
    "ctuh-c": 3.1008e-10,
    "ctuh-nc": 6.68196e-10,
    "gwp": 0.00366344,
    "ir": 0.0003166,
    "pm": 0.00000123695,
    "wu": 0.00198038
  },
  "2019-02": {
    "adpe": 1.21255e-7,
    "ap": 0.0000464833,
    "ctue": 0.00762948,
    "ctuh-c": 3.02196e-10,
    "ctuh-nc": 6.73337e-10,
    "gwp": 0.00367232,
    "ir": 0.00032901,
    "pm": 0.00000118823,
    "wu": 0.00196261
  },
  "2019-03": {
    "adpe": 1.44863e-7,
    "ap": 0.0000482067,
    "ctue": 0.00834553,
    "ctuh-c": 3.47333e-10,
    "ctuh-nc": 7.31424e-10,
    "gwp": 0.00389791,
    "ir": 0.00036836,
    "pm": 0.00000119793,
    "wu": 0.00210247
  },
  "2019-04": {
    "adpe": 1.53936e-7,
    "ap": 0.0000477166,
    "ctue": 0.00844293,
    "ctuh-c": 3.37096e-10,
    "ctuh-nc": 7.4441e-10,
    "gwp": 0.00395569,
    "ir": 0.000386437,
    "pm": 0.00000115588,
    "wu": 0.00210032
  },
  "2019-05": {
    "adpe": 1.58328e-7,
    "ap": 0.00004762,
    "ctue": 0.00861434,
    "ctuh-c": 3.36622e-10,
    "ctuh-nc": 7.55839e-10,
    "gwp": 0.00402223,
    "ir": 0.00039763,
    "pm": 0.00000113534,
    "wu": 0.00210622
  },
  "2019-06": {
    "adpe": 1.56133e-7,
    "ap": 0.0000467845,
    "ctue": 0.00826686,
    "ctuh-c": 3.09692e-10,
    "ctuh-nc": 7.38886e-10,
    "gwp": 0.00393659,
    "ir": 0.000392445,
    "pm": 0.00000111493,
    "wu": 0.00205693
  },
  "2019-07": {
    "adpe": 1.4832e-7,
    "ap": 0.000046268,
    "ctue": 0.00798244,
    "ctuh-c": 2.93735e-10,
    "ctuh-nc": 7.18221e-10,
    "gwp": 0.00384887,
    "ir": 0.000378336,
    "pm": 0.00000111604,
    "wu": 0.00201198
  },
  "2019-08": {
    "adpe": 1.48427e-7,
    "ap": 0.0000466026,
    "ctue": 0.00791648,
    "ctuh-c": 2.92243e-10,
    "ctuh-nc": 7.17909e-10,
    "gwp": 0.00383958,
    "ir": 0.000377187,
    "pm": 0.00000113114,
    "wu": 0.00202246
  },
  "2019-09": {
    "adpe": 1.45066e-7,
    "ap": 0.0000461005,
    "ctue": 0.00801023,
    "ctuh-c": 3.06612e-10,
    "ctuh-nc": 7.12457e-10,
    "gwp": 0.0038151,
    "ir": 0.000370427,
    "pm": 0.00000112016,
    "wu": 0.00200778
  },
  "2019-10": {
    "adpe": 1.39685e-7,
    "ap": 0.0000464889,
    "ctue": 0.00812951,
    "ctuh-c": 3.22818e-10,
    "ctuh-nc": 7.10808e-10,
    "gwp": 0.00382219,
    "ir": 0.000361841,
    "pm": 0.00000114327,
    "wu": 0.0020183
  },
  "2019-11": {
    "adpe": 1.27273e-7,
    "ap": 0.0000469683,
    "ctue": 0.00800724,
    "ctuh-c": 3.29408e-10,
    "ctuh-nc": 6.9365e-10,
    "gwp": 0.00376108,
    "ir": 0.000339816,
    "pm": 0.00000118906,
    "wu": 0.00200967
  },
  "2019-12": {
    "adpe": 1.23357e-7,
    "ap": 0.0000477763,
    "ctue": 0.00796129,
    "ctuh-c": 3.41751e-10,
    "ctuh-nc": 6.90068e-10,
    "gwp": 0.00373277,
    "ir": 0.000329659,
    "pm": 0.00000123328,
    "wu": 0.00203563
  },
  "2020-01": {
    "adpe": 1.29411e-7,
    "ap": 0.0000485922,
    "ctue": 0.0080414,
    "ctuh-c": 3.38981e-10,
    "ctuh-nc": 7.05488e-10,
    "gwp": 0.00380352,
    "ir": 0.000341672,
    "pm": 0.00000124745,
    "wu": 0.00207405
  },
  "2020-02": {
    "adpe": 1.41213e-7,
    "ap": 0.0000489036,
    "ctue": 0.0084955,
    "ctuh-c": 3.65848e-10,
    "ctuh-nc": 7.34409e-10,
    "gwp": 0.00392216,
    "ir": 0.000362457,
    "pm": 0.00000122906,
    "wu": 0.00212858
  },
  "2020-03": {
    "adpe": 1.66146e-7,
    "ap": 0.0000509524,
    "ctue": 0.00902677,
    "ctuh-c": 3.87858e-10,
    "ctuh-nc": 7.92427e-10,
    "gwp": 0.00415421,
    "ir": 0.000405891,
    "pm": 0.00000124696,
    "wu": 0.00226686
  },
  "2020-04": {
    "adpe": 1.83968e-7,
    "ap": 0.0000520818,
    "ctue": 0.00897371,
    "ctuh-c": 3.68051e-10,
    "ctuh-nc": 8.20416e-10,
    "gwp": 0.00424506,
    "ir": 0.000435285,
    "pm": 0.00000125464,
    "wu": 0.0023323
  },
  "2020-05": {
    "adpe": 1.86989e-7,
    "ap": 0.0000519439,
    "ctue": 0.00911796,
    "ctuh-c": 3.7114e-10,
    "ctuh-nc": 8.28327e-10,
    "gwp": 0.00428896,
    "ir": 0.000442592,
    "pm": 0.00000123824,
    "wu": 0.0023363
  },
  "2020-06": {
    "adpe": 1.74078e-7,
    "ap": 0.0000493912,
    "ctue": 0.00882569,
    "ctuh-c": 3.44409e-10,
    "ctuh-nc": 7.91336e-10,
    "gwp": 0.00415502,
    "ir": 0.00042364,
    "pm": 0.00000116799,
    "wu": 0.00220549
  },
  "2020-07": {
    "adpe": 1.67198e-7,
    "ap": 0.0000485844,
    "ctue": 0.00855151,
    "ctuh-c": 3.20443e-10,
    "ctuh-nc": 7.71801e-10,
    "gwp": 0.00408435,
    "ir": 0.00041357,
    "pm": 0.00000115223,
    "wu": 0.00214756
  },
  "2020-08": {
    "adpe": 1.64722e-7,
    "ap": 0.0000487821,
    "ctue": 0.00842826,
    "ctuh-c": 3.20765e-10,
    "ctuh-nc": 7.65117e-10,
    "gwp": 0.00404153,
    "ir": 0.000406523,
    "pm": 0.00000117063,
    "wu": 0.00214909
  },
  "2020-09": {
    "adpe": 1.62995e-7,
    "ap": 0.0000488352,
    "ctue": 0.00855077,
    "ctuh-c": 3.25014e-10,
    "ctuh-nc": 7.67774e-10,
    "gwp": 0.0040753,
    "ir": 0.000406647,
    "pm": 0.00000116968,
    "wu": 0.00214891
  },
  "2020-10": {
    "adpe": 1.57617e-7,
    "ap": 0.000049053,
    "ctue": 0.00898375,
    "ctuh-c": 3.69507e-10,
    "ctuh-nc": 7.72978e-10,
    "gwp": 0.00411629,
    "ir": 0.000398097,
    "pm": 0.00000118315,
    "wu": 0.00217204
  },
  "2020-11": {
    "adpe": 1.44995e-7,
    "ap": 0.0000496769,
    "ctue": 0.00847345,
    "ctuh-c": 3.62586e-10,
    "ctuh-nc": 7.4294e-10,
    "gwp": 0.00395243,
    "ir": 0.000368442,
    "pm": 0.00000125098,
    "wu": 0.00216051
  },
  "2020-12": {
    "adpe": 1.35791e-7,
    "ap": 0.0000502215,
    "ctue": 0.00823211,
    "ctuh-c": 3.62709e-10,
    "ctuh-nc": 7.26018e-10,
    "gwp": 0.00387038,
    "ir": 0.000349189,
    "pm": 0.00000129841,
    "wu": 0.00215784
  },
  "2021-01": {
    "adpe": 1.47454e-7,
    "ap": 0.0000510178,
    "ctue": 0.00856816,
    "ctuh-c": 3.83349e-10,
    "ctuh-nc": 7.53951e-10,
    "gwp": 0.00397795,
    "ir": 0.000368601,
    "pm": 0.00000130139,
    "wu": 0.00222408
  },
  "2021-02": {
    "adpe": 1.57976e-7,
    "ap": 0.0000513681,
    "ctue": 0.00873661,
    "ctuh-c": 3.8661e-10,
    "ctuh-nc": 7.7413e-10,
    "gwp": 0.00405465,
    "ir": 0.000386855,
    "pm": 0.00000129062,
    "wu": 0.00226182
  },
  "2021-03": {
    "adpe": 1.84267e-7,
    "ap": 0.0000531178,
    "ctue": 0.00917833,
    "ctuh-c": 4.11324e-10,
    "ctuh-nc": 8.27731e-10,
    "gwp": 0.00423776,
    "ir": 0.000428163,
    "pm": 0.00000130307,
    "wu": 0.00239618
  },
  "2021-04": {
    "adpe": 1.93657e-7,
    "ap": 0.0000529021,
    "ctue": 0.00925204,
    "ctuh-c": 4.0389e-10,
    "ctuh-nc": 8.41252e-10,
    "gwp": 0.0042885,
    "ir": 0.000445181,
    "pm": 0.00000127347,
    "wu": 0.00240584
  },
  "2021-05": {
    "adpe": 2.09845e-7,
    "ap": 0.0000537337,
    "ctue": 0.00980845,
    "ctuh-c": 4.29418e-10,
    "ctuh-nc": 8.82616e-10,
    "gwp": 0.00447068,
    "ir": 0.000475763,
    "pm": 0.00000126042,
    "wu": 0.00248609
  },
  "2021-06": {
    "adpe": 1.95801e-7,
    "ap": 0.0000516834,
    "ctue": 0.00891114,
    "ctuh-c": 3.55832e-10,
    "ctuh-nc": 8.30834e-10,
    "gwp": 0.0042549,
    "ir": 0.00045278,
    "pm": 0.00000122092,
    "wu": 0.00233937
  },
  "2021-07": {
    "adpe": 1.89193e-7,
    "ap": 0.0000517251,
    "ctue": 0.00882671,
    "ctuh-c": 3.52532e-10,
    "ctuh-nc": 8.20825e-10,
    "gwp": 0.00422668,
    "ir": 0.000442598,
    "pm": 0.000001235,
    "wu": 0.00232311
  },
  "2021-08": {
    "adpe": 1.87157e-7,
    "ap": 0.0000514408,
    "ctue": 0.00876167,
    "ctuh-c": 3.50177e-10,
    "ctuh-nc": 8.14596e-10,
    "gwp": 0.00419736,
    "ir": 0.000438479,
    "pm": 0.00000123039,
    "wu": 0.00230777
  },
  "2021-09": {
    "adpe": 1.83849e-7,
    "ap": 0.0000513139,
    "ctue": 0.00890073,
    "ctuh-c": 3.56993e-10,
    "ctuh-nc": 8.14636e-10,
    "gwp": 0.00422263,
    "ir": 0.000436031,
    "pm": 0.00000122562,
    "wu": 0.00229969
  },
  "2021-10": {
    "adpe": 1.79746e-7,
    "ap": 0.0000513307,
    "ctue": 0.00930667,
    "ctuh-c": 4.08305e-10,
    "ctuh-nc": 8.17754e-10,