{
  "2019-01": {
    "adpe": 0.0000015498870321642146,
    "ap": 0.00032336808144893124,
    "ctue": 0.04401041130479281,
    "ctuh-c": 1.957221993776313e-9,
    "ctuh-nc": 5.127607036010149e-9,
    "gwp": 0.023350580857096508,
    "ir": 0.0029879849014227675,
    "pm": 0.00000776908316497005,
    "wu": 0.015299090207559523
  },
  "2019-02": {
    "adpe": 0.0000016142779679798996,
    "ap": 0.00031072149978450417,
    "ctue": 0.04421053056676432,
    "ctuh-c": 1.920568538692448e-9,
    "ctuh-nc": 5.1383794667278754e-9,
    "gwp": 0.02317882100731066,
    "ir": 0.003082012205055405,
    "pm": 0.000007194046281054327,
    "wu": 0.015015557934154544
  },
  "2019-03": {
    "adpe": 0.0000016500740402458991,
    "ap": 0.0003027314468152239,
    "ctue": 0.0447494428940007,
    "ctuh-c": 1.95786913821065e-9,
    "ctuh-nc": 5.14598746452273e-9,
    "gwp": 0.023053647553073146,
    "ir": 0.003127318174995203,
    "pm": 0.0000068460984915810164,
    "wu": 0.014865218575727673
  },
  "2019-04": {
    "adpe": 0.0000016873714101659217,
    "ap": 0.0002970155567224052,
    "ctue": 0.04463886859461234,
    "ctuh-c": 1.907167677150023e-9,
    "ctuh-nc": 5.157781072283311e-9,
    "gwp": 0.02300319972412905,
    "ir": 0.0031859313520690782,
    "pm": 0.000006567980423300974,
    "wu": 0.014733603799599052
  },
  "2019-05": {
    "adpe": 0.0000016571587308580207,
    "ap": 0.0002885875201568437,
    "ctue": 0.04421274244576225,
    "ctuh-c": 1.8587675469656397e-9,
    "ctuh-nc": 5.064573975780993e-9,
    "gwp": 0.02266621002157979,
    "ir": 0.0031429504610303053,
    "pm": 0.000006307738690131384,
    "wu": 0.01435630830373436
  },
  "2019-06": {
    "adpe": 0.0000016596650822447753,
    "ap": 0.00029027367464747435,
    "ctue": 0.04383463202987164,
    "ctuh-c": 1.805876224902057e-9,
    "ctuh-nc": 5.071297012372811e-9,
    "gwp": 0.02272793217798988,
    "ir": 0.003153681802179879,
    "pm": 0.000006358131470151575,
    "wu": 0.014381671249722259
  },
  "2019-07": {
    "adpe": 0.0000016243112150899504,
    "ap": 0.00029293248637892203,
    "ctue": 0.04357198446833678,
    "ctuh-c": 1.798403702381938e-9,
    "ctuh-nc": 5.038296727342527e-9,
    "gwp": 0.022699565507584257,
    "ir": 0.0031034464769002855,
    "pm": 0.000006514510393036786,
    "wu": 0.014379708638379802
  },
  "2019-08": {
    "adpe": 0.000001640918952219682,
    "ap": 0.0002976660542356711,
    "ctue": 0.043570688326075316,
    "ctuh-c": 1.7919422725386236e-9,
    "ctuh-nc": 5.08630502919309e-9,
    "gwp": 0.022890618067230736,
    "ir": 0.003131029018985752,
    "pm": 0.0000066571004089948325,
    "wu": 0.014568296376490845
  },
  "2019-09": {
    "adpe": 0.000001655132362890544,
    "ap": 0.0002972579163961189,
    "ctue": 0.04412997214114144,
    "ctuh-c": 1.8599115456657884e-9,
    "ctuh-nc": 5.110688278740206e-9,
    "gwp": 0.02291550270444153,
    "ir": 0.003143814440308038,
    "pm": 0.000006626412008673667,
    "wu": 0.01463393996954297
  },
  "2019-10": {
    "adpe": 0.00000163739521775388,
    "ap": 0.00029642939671869226,
    "ctue": 0.044344484494950466,
    "ctuh-c": 1.9026472332498335e-9,
    "ctuh-nc": 5.087177223907243e-9,
    "gwp": 0.022832226438984214,
    "ir": 0.0031120076977747668,
    "pm": 0.0000066323098168809795,
    "wu": 0.014593776352902722
  },
  "2019-11": {
    "adpe": 0.0000016036671398900445,
    "ap": 0.0003047762316954531,
    "ctue": 0.0445472142965851,
    "ctuh-c": 1.9675983562423892e-9,
    "ctuh-nc": 5.096408545346269e-9,
    "gwp": 0.022968621941120693,
    "ir": 0.003058106892087427,
    "pm": 0.000007001879898551027,
    "wu": 0.014828804504819272
  },
  "2019-12": {
    "adpe": 0.0000015750002465334224,
    "ap": 0.0003111899900643444,
    "ctue": 0.04484135781360438,
    "ctuh-c": 2.0383803825109487e-9,
    "ctuh-nc": 5.102425516763105e-9,
    "gwp": 0.023065013656274332,
    "ir": 0.003010294095443954,
    "pm": 0.0000072928924214850064,
    "wu": 0.015016826705706506
  },
  "2020-01": {
    "adpe": 0.0000016231515297046626,
    "ap": 0.00031489799215579563,
    "ctue": 0.044722730400208556,
    "ctuh-c": 1.9906274828211054e-9,
    "ctuh-nc": 5.1819811583672035e-9,
    "gwp": 0.023325581706892546,
    "ir": 0.0030890222393291965,
    "pm": 0.000007338845015082562,
    "wu": 0.01521887777688818
  },
  "2020-02": {
    "adpe": 0.0000016640210831403087,
    "ap": 0.000308486067705754,
    "ctue": 0.04504045751549011,
    "ctuh-c": 1.996148506301791e-9,
    "ctuh-nc": 5.201246448556804e-9,
    "gwp": 0.023262221493710118,
    "ir": 0.0031460882750845086,
    "pm": 0.000007036045968111915,
    "wu": 0.015110590140799364
  },
  "2020-03": {
    "adpe": 0.0000017070896550888285,
    "ap": 0.00030306934832204985,
    "ctue": 0.04537912647909652,
    "ctuh-c": 2.003567189032076e-9,
    "ctuh-nc": 5.2294572787983826e-9,
    "gwp": 0.023236633214077977,
    "ir": 0.0032068056929721003,
    "pm": 0.000006765545999465689,
    "wu": 0.015041046866288018
  },
  "2020-04": {
    "adpe": 0.00000177945166514557,
    "ap": 0.00030523616483262223,
    "ctue": 0.04529518473756078,
    "ctuh-c": 1.940586844751857e-9,
    "ctuh-nc": 5.330920033160906e-9,
    "gwp": 0.023527267219031613,
    "ir": 0.0033225243920706367,
    "pm": 0.000006711921606890249,
    "wu": 0.01523992687252743
  },
  "2020-05": {
    "adpe": 0.00000174793797549381,
    "ap": 0.0002989493165568909,
    "ctue": 0.04499658282875214,
    "ctuh-c": 1.9137175811847744e-9,
    "ctuh-nc": 5.250529580224972e-9,
    "gwp": 0.023248103149928374,
    "ir": 0.0032761025854103464,
    "pm": 0.0000065343140344268065,
    "wu": 0.01494348633063153
  },
  "2020-06": {
    "adpe": 0.0000016936142052302963,
    "ap": 0.0002910736855553727,
    "ctue": 0.04431767198166952,
    "ctuh-c": 1.8487379904069262e-9,
    "ctuh-nc": 5.126261802202386e-9,
    "gwp": 0.022854158157434572,
    "ir": 0.003199517856161398,
    "pm": 0.0000063337152475852565,
    "wu": 0.014516251708366831
  },
  "2020-07": {
    "adpe": 0.0000016609335903326893,
    "ap": 0.0002907331908446491,
    "ctue": 0.04373540800263971,
    "ctuh-c": 1.7904724864538156e-9,
    "ctuh-nc": 5.074113646340575e-9,
    "gwp": 0.022749502408396807,
    "ir": 0.0031578313670979708,
    "pm": 0.000006370249671920822,
    "wu": 0.01438925102340243
  },
  "2020-08": {
    "adpe": 0.0000016633599829848974,
    "ap": 0.0002957984816653072,
    "ctue": 0.04392051551310053,
    "ctuh-c": 1.8210773042280196e-9,
    "ctuh-nc": 5.1093833089583505e-9,
    "gwp": 0.022904338873663173,
    "ir": 0.003160209255110256,
    "pm": 0.000006553818905390523,
    "wu": 0.014579931883459227
  },
  "2020-09": {
    "adpe": 0.0000016776566825641208,
    "ap": 0.00029727226802833234,
    "ctue": 0.04394148566551563,
    "ctuh-c": 1.8161328763293325e-9,
    "ctuh-nc": 5.135916463754332e-9,
    "gwp": 0.022989721363365995,
    "ir": 0.0031824827739850856,
    "pm": 0.000006582528852687958,
    "wu": 0.01465823942980499
  },
  "2020-10": {
    "adpe": 0.0000016476638628493692,
    "ap": 0.0002912249907603716,
    "ctue": 0.04453233059703333,
    "ctuh-c": 1.913961860056085e-9,
    "ctuh-nc": 5.073157299482225e-9,
    "gwp": 0.022711144083077825,
    "ir": 0.0031236480544972246,
    "pm": 0.000006426627813732433,
    "wu": 0.014456443920710011
  },
  "2020-11": {
    "adpe": 0.0000016415528538574187,
    "ap": 0.00030650958415112743,
    "ctue": 0.044961923708114755,
    "ctuh-c": 1.998970148488426e-9,
    "ctuh-nc": 5.160587539076371e-9,
    "gwp": 0.02313575667980469,
    "ir": 0.0031115987353167803,
    "pm": 0.000007003109584499851,
    "wu": 0.01499530196379512
  },
  "2020-12": {
    "adpe": 0.0000015963648879734053,
    "ap": 0.0003189548586546294,
    "ctue": 0.045200841006953374,
    "ctuh-c": 2.0821227354523802e-9,
    "ctuh-nc": 5.179863172460472e-9,
    "gwp": 0.023358422420057756,
    "ir": 0.0030406229000364262,
    "pm": 0.0000075432366694208856,
    "wu": 0.015348568792667132
  },
  "2021-01": {
    "adpe": 0.0000016436179771235348,
    "ap": 0.00031550349758552006,