year,adpe,ap,ctue,ctuh-c,ctuh-nc,gwp,ir,pm,wu
2019,5.10918e-7,0.00129768,0.222856,0.000016954,0.00000865534,0.530964,0.00742324,0.0000431886,0.0649279
2020,5.25744e-7,0.00128917,0.220373,0.0000168578,0.00000860582,0.524154,0.00736129,0.0000431495,0.0640522
2021,5.4508e-7,0.00128688,0.222482,0.0000164815,0.0000084152,0.526661,0.00737968,0.00004226,0.0646766
2022,5.71301e-7,0.00128224,0.221391,0.0000164535,0.00000840069,0.52256,0.00733038,0.0000422197,0.0639564
2023,6.02366e-7,0.00126873,0.220484,0.0000162715,0.0000083081,0.51915,0.00733546,0.0000414741,0.0638246
2024,5.77971e-7,0.00127845,0.226233,0.0000157385,0.00000803881,0.529792,0.00735233,0.0000404089,0.0654507
