year,adpe,ap,ctue,ctuh-c,ctuh-nc,gwp,ir,pm,wu
2019,1.40382e-7,0.0000470581,0.00797786,3.18603e-10,7.0953e-10,0.00379687,0.000359909,0.00000116975,0.00203641
2020,1.60031e-7,0.0000497867,0.0085475,3.52445e-10,7.6521e-10,0.00402757,0.000394072,0.00000122362,0.0021923
2021,1.79715e-7,0.0000512844,0.00893066,3.87994e-10,8.05617e-10,0.00414395,0.000421001,0.00000124606,0.00231081
2022,2.08891e-7,0.0000528916,0.0095945,4.29885e-10,8.6766e-10,0.00436126,0.000467083,0.00000124528,0.00245825
2023,2.42304e-7,0.0000549372,0.0101487,4.65953e-10,9.336e-10,0.00457276,0.000517648,0.00000125784,0.00262661
2024,2.0835e-7,0.0000522752,0.00992328,4.85589e-10,8.67031e-10,0.00431093,0.000457262,0.0000012351,0.00247461
