year,adpe,ap,ctue,ctuh-c,ctuh-nc,gwp,ir,pm,wu
2019,1.4336e-7,0.0000492962,0.00833336,3.39926e-10,7.37079e-10,0.00394774,0.000369322,0.00000123552,0.00212899
2020,1.65001e-7,0.0000522868,0.00896026,3.77563e-10,7.98233e-10,0.00420018,0.000406799,0.00000129457,0.00230046
2021,1.86857e-7,0.0000547373,0.00936855,4.15887e-10,8.47317e-10,0.00435208,0.000437145,0.00000134807,0.00245688
2022,2.19713e-7,0.0000572394,0.0101087,4.62251e-10,9.21175e-10,0.00461902,0.000489602,0.00000137195,0.00264483
2023,2.56355e-7,0.0000588548,0.0107471,5.04243e-10,9.9055e-10,0.00483506,0.00054471,0.00000136273,0.00281064
2024,3.06718e-7,0.0000612671,0.0115771,5.45502e-10,1.088e-9,0.00516543,0.000624692,0.00000135055,0.00303331
2025,2.76199e-7,0.0000605535,0.0112985,5.65686e-10,1.03467e-9,0.00495025,0.000568457,0.00000139634,0.00295345
