year,adpe,ap,ctue,ctuh-c,ctuh-nc,gwp,ir,pm,wu
2019,5.1036e-7,0.00127368,0.220841,0.0000170974,0.00000872801,0.526849,0.00740434,0.0000423215,0.0647021
2020,5.25361e-7,0.00126637,0.2186,0.000017008,0.00000868204,0.520476,0.00734314,0.0000423032,0.0638768
2021,5.44895e-7,0.0012646,0.220599,0.0000166185,0.0000084847,0.522793,0.00736175,0.0000414396,0.0645043
2022,5.71048e-7,0.00126028,0.219407,0.0000165724,0.00000846093,0.518492,0.00731146,0.000041413,0.0637767
2023,6.01684e-7,0.00124667,0.21874,0.0000164224,0.00000838471,0.515469,0.00731512,0.0000406514,0.0636709
2024,6.46345e-7,0.00122482,0.215636,0.0000161527,0.00000824697,0.506568,0.00728282,0.0000398282,0.0627925
