{
  "2019-01": {
    "adpe": 1.13933e-7,
    "ap": 0.0000472434,
    "ctue": 0.00749999,
    "ctuh-c": 3.09058e-10,
    "ctuh-nc": 6.63205e-10,
    "gwp": 0.00362261,
    "ir": 0.00031359,
    "pm": 0.00000123759,
    "wu": 0.0019755
  },
  "2019-02": {
    "adpe": 1.21225e-7,
    "ap": 0.0000463243,
    "ctue": 0.00751882,
    "ctuh-c": 3.01041e-10,
    "ctuh-nc": 6.68022e-10,
    "gwp": 0.00362913,
    "ir": 0.00032581,
    "pm": 0.00000118886,
    "wu": 0.00195729
  },
  "2019-03": {
    "adpe": 1.44833e-7,
    "ap": 0.000048051,
    "ctue": 0.00823743,
    "ctuh-c": 3.4621e-10,
    "ctuh-nc": 7.26229e-10,
    "gwp": 0.00385569,
    "ir": 0.000365232,
    "pm": 0.00000119852,
    "wu": 0.00209727
  },
  "2019-04": {
    "adpe": 1.53898e-7,
    "ap": 0.0000475559,
    "ctue": 0.00833114,
    "ctuh-c": 3.35929e-10,
    "ctuh-nc": 7.39033e-10,
    "gwp": 0.00391205,
    "ir": 0.000383196,
    "pm": 0.00000115652,
    "wu": 0.00209493
  },
  "2019-05": {
    "adpe": 1.58302e-7,
    "ap": 0.0000474598,
    "ctue": 0.00850509,
    "ctuh-c": 3.35521e-10,
    "ctuh-nc": 7.5057e-10,
    "gwp": 0.00397937,
    "ir": 0.00039446,
    "pm": 0.00000113585,
    "wu": 0.0021009
  },
  "2019-06": {
    "adpe": 1.56095e-7,
    "ap": 0.0000466297,
    "ctue": 0.00815806,
    "ctuh-c": 3.08584e-10,
    "ctuh-nc": 7.33657e-10,
    "gwp": 0.00389409,
    "ir": 0.000389281,
    "pm": 0.00000111563,
    "wu": 0.00205176
  },
  "2019-07": {
    "adpe": 1.48292e-7,
    "ap": 0.00004612,
    "ctue": 0.00787878,
    "ctuh-c": 2.92716e-10,
    "ctuh-nc": 7.13238e-10,
    "gwp": 0.00380827,
    "ir": 0.000375319,
    "pm": 0.00000111669,
    "wu": 0.00200707
  },
  "2019-08": {
    "adpe": 1.48417e-7,
    "ap": 0.0000464623,
    "ctue": 0.00781257,
    "ctuh-c": 2.91237e-10,
    "ctuh-nc": 7.12979e-10,
    "gwp": 0.00379912,
    "ir": 0.000374187,
    "pm": 0.00000113206,
    "wu": 0.00201785
  },
  "2019-09": {
    "adpe": 1.45053e-7,
    "ap": 0.0000459417,
    "ctue": 0.00790235,
    "ctuh-c": 3.05566e-10,
    "ctuh-nc": 7.07258e-10,
    "gwp": 0.00377267,
    "ir": 0.0003673,
    "pm": 0.00000112065,
    "wu": 0.00200257
  },
  "2019-10": {
    "adpe": 1.39687e-7,
    "ap": 0.0000463421,
    "ctue": 0.00802139,
    "ctuh-c": 3.21783e-10,
    "ctuh-nc": 7.05685e-10,
    "gwp": 0.00378005,
    "ir": 0.000358731,
    "pm": 0.00000114419,
    "wu": 0.00201352
  },
  "2019-11": {
    "adpe": 1.27279e-7,
    "ap": 0.0000468151,
    "ctue": 0.00790004,
    "ctuh-c": 3.28387e-10,
    "ctuh-nc": 6.88529e-10,
    "gwp": 0.00371904,
    "ir": 0.000336731,
    "pm": 0.00000118969,
    "wu": 0.0020047
  },
  "2019-12": {
    "adpe": 1.23366e-7,
    "ap": 0.0000476321,
    "ctue": 0.00785724,
    "ctuh-c": 3.40737e-10,
    "ctuh-nc": 6.85131e-10,
    "gwp": 0.00369218,
    "ir": 0.000326679,
    "pm": 0.00000123404,
    "wu": 0.00203094
  },
  "2020-01": {
    "adpe": 1.2938e-7,
    "ap": 0.0000484411,
    "ctue": 0.00793778,
    "ctuh-c": 3.37811e-10,
    "ctuh-nc": 7.00511e-10,
    "gwp": 0.00376323,
    "ir": 0.0003387,
    "pm": 0.00000124791,
    "wu": 0.00206893
  },
  "2020-02": {
    "adpe": 1.41155e-7,
    "ap": 0.0000487527,
    "ctue": 0.00838761,
    "ctuh-c": 3.64519e-10,
    "ctuh-nc": 7.29256e-10,
    "gwp": 0.0038807,
    "ir": 0.000359372,
    "pm": 0.00000122974,
    "wu": 0.00212331
  },
  "2020-03": {
    "adpe": 1.66082e-7,
    "ap": 0.0000508022,
    "ctue": 0.00892068,
    "ctuh-c": 3.86603e-10,
    "ctuh-nc": 7.87332e-10,
    "gwp": 0.00411323,
    "ir": 0.000402828,
    "pm": 0.0000012476,
    "wu": 0.00226164
  },
  "2020-04": {
    "adpe": 1.83854e-7,
    "ap": 0.0000519131,
    "ctue": 0.0088601,
    "ctuh-c": 3.6674e-10,
    "ctuh-nc": 8.14856e-10,
    "gwp": 0.00420078,
    "ir": 0.000431929,
    "pm": 0.00000125512,
    "wu": 0.00232637
  },
  "2020-05": {
    "adpe": 1.86844e-7,
    "ap": 0.0000517715,
    "ctue": 0.00900713,
    "ctuh-c": 3.69837e-10,
    "ctuh-nc": 8.22824e-10,
    "gwp": 0.00424554,
    "ir": 0.000439277,
    "pm": 0.00000123847,
    "wu": 0.00233017
  },
  "2020-06": {
    "adpe": 1.73976e-7,
    "ap": 0.0000492234,
    "ctue": 0.00871828,
    "ctuh-c": 3.43156e-10,
    "ctuh-nc": 7.86039e-10,
    "gwp": 0.00411294,
    "ir": 0.000420473,
    "pm": 0.00000116814,
    "wu": 0.00219962
  },
  "2020-07": {
    "adpe": 1.67129e-7,
    "ap": 0.0000484405,
    "ctue": 0.00844937,
    "ctuh-c": 3.19267e-10,
    "ctuh-nc": 7.66886e-10,
    "gwp": 0.00404483,
    "ir": 0.000410601,
    "pm": 0.0000011529,
    "wu": 0.00214256
  },
  "2020-08": {
    "adpe": 1.64647e-7,
    "ap": 0.0000486372,
    "ctue": 0.0083276,
    "ctuh-c": 3.19639e-10,
    "ctuh-nc": 7.60241e-10,
    "gwp": 0.00400238,
    "ir": 0.000403575,
    "pm": 0.00000117121,
    "wu": 0.00214407
  },
  "2020-09": {
    "adpe": 1.62951e-7,
    "ap": 0.0000486721,
    "ctue": 0.00844575,
    "ctuh-c": 3.2382e-10,
    "ctuh-nc": 7.62658e-10,
    "gwp": 0.00403416,
    "ir": 0.000403615,
    "pm": 0.0000011698,
    "wu": 0.00214336
  },
  "2020-10": {
    "adpe": 1.5758e-7,
    "ap": 0.0000488987,
    "ctue": 0.00887935,
    "ctuh-c": 3.68312e-10,
    "ctuh-nc": 7.67949e-10,
    "gwp": 0.00407568,
    "ir": 0.000395101,
    "pm": 0.00000118354,
    "wu": 0.00216679
  },
  "2020-11": {
    "adpe": 1.44965e-7,
    "ap": 0.0000495247,
    "ctue": 0.00836881,
    "ctuh-c": 3.61396e-10,
    "ctuh-nc": 7.37919e-10,
    "gwp": 0.0039118,
    "ir": 0.000365446,
    "pm": 0.00000125145,
    "wu": 0.00215535
  },
  "2020-12": {
    "adpe": 1.35761e-7,
    "ap": 0.0000500742,
    "ctue": 0.00813294,
    "ctuh-c": 3.61544e-10,
    "ctuh-nc": 7.21246e-10,
    "gwp": 0.00383186,
    "ir": 0.000346359,
    "pm": 0.00000129872,
    "wu": 0.00215281
  },
  "2021-01": {
    "adpe": 1.46631e-7,
    "ap": 0.0000508905,
    "ctue": 0.00841269,
    "ctuh-c": 3.76761e-10,
    "ctuh-nc": 7.47062e-10,
    "gwp": 0.00393307,
    "ir": 0.000364828,
    "pm": 0.00000130396,
    "wu": 0.0022143
  },
  "2021-02": {
    "adpe": 1.5668e-7,
    "ap": 0.000051189,
    "ctue": 0.00856129,
    "ctuh-c": 3.78673e-10,
    "ctuh-nc": 7.65825e-10,
    "gwp": 0.00400385,
    "ir": 0.00038226,
    "pm": 0.00000129246,
    "wu": 0.0022484
  },
  "2021-03": {
    "adpe": 1.84094e-7,
    "ap": 0.000053006,
    "ctue": 0.00911413,
    "ctuh-c": 4.13717e-10,
    "ctuh-nc": 8.23817e-10,
    "gwp": 0.00420355,
    "ir": 0.000425051,
    "pm": 0.00000130468,
    "wu": 0.00239427
  },
  "2021-04": {
    "adpe": 1.9375e-7,
    "ap": 0.0000527056,
    "ctue": 0.00916065,
    "ctuh-c": 4.04069e-10,
    "ctuh-nc": 8.36406e-10,
    "gwp": 0.00424774,
    "ir": 0.000442262,
    "pm": 0.00000127213,
    "wu": 0.00240043
  },
  "2021-05": {
    "adpe": 2.07541e-7,
    "ap": 0.0000535566,
    "ctue": 0.00965119,
    "ctuh-c": 4.24845e-10,
    "ctuh-nc": 8.73346e-10,
    "gwp": 0.00441641,
    "ir": 0.000469264,
    "pm": 0.00000126453,
    "wu": 0.00247261
  },
  "2021-06": {
    "adpe": 1.9668e-7,
    "ap": 0.0000516155,
    "ctue": 0.00885884,
    "ctuh-c": 3.5867e-10,
    "ctuh-nc": 8.28768e-10,
    "gwp": 0.0042265,
    "ir": 0.000451306,
    "pm": 0.00000122215,
    "wu": 0.00234164
  },
  "2021-07": {
    "adpe": 1.88841e-7,
    "ap": 0.0000515676,
    "ctue": 0.00872616,
    "ctuh-c": 3.51374e-10,
    "ctuh-nc": 8.15574e-10,
    "gwp": 0.00418694,
    "ir": 0.000439288,
    "pm": 0.00000123549,
    "wu": 0.002317
  },
  "2021-08": {
    "adpe": 1.87695e-7,
    "ap": 0.0000513227,
    "ctue": 0.00868433,
    "ctuh-c": 3.5047e-10,
    "ctuh-nc": 8.11272e-10,
    "gwp": 0.00416456,
    "ir": 0.000436604,
    "pm": 0.00000123042,
    "wu": 0.00230595
  },
  "2021-09": {
    "adpe": 1.82326e-7,
    "ap": 0.0000511886,
    "ctue": 0.00877273,
    "ctuh-c": 3.53928e-10,
    "ctuh-nc": 8.07482e-10,
    "gwp": 0.00417767,
    "ir": 0.000430997,
    "pm": 0.00000122952,
    "wu": 0.00229065
  },
  "2021-10": {
    "adpe": 1.80988e-7,
    "ap": 0.0000513571,
    "ctue": 0.00922787,
    "ctuh-c": 4.08079e-10,
    "ctuh-nc": 8.16112e-10,