{
  "Coal": {
    "gwp": 1.02,
    "ap": 0.00173,
    "ctue": 0.472,
    "ctuh-c": 7.34e-9,
    "ir": 0.00874,
    "ctuh-nc": 1.14e-7,
    "pm": 2.51e-8,
    "wu": 0.123,
    "adpe": 5.25e-7
  },
  "Gas": {
    "gwp": 0.434,
    "ap": 0.000326,
    "ctue": 0.116,
    "ctuh-c": 1.33e-9,
    "ir": 0.00924,
    "ctuh-nc": 7.49e-9,
    "pm": 1.33e-9,
    "wu": 0.0502,
    "adpe": 2.43e-7
  },
  "Other Fossil": {
    "gwp": 0.944,
    "ap": 0.00588,
    "ctue": 0.444,
    "ctuh-c": 5.63e-9,
    "ir": 0.00669,
    "ctuh-nc": 2.81e-8,
    "pm": 0.000254,
    "wu": 0.0435,
    "adpe": 2.3e-7
  },
  "Wind": {
    "gwp": 0.0124,
    "ap": 0.0000528,
    "ctue": 0.0748,
    "ctuh-c": 6.56e-9,
    "ir": 0.00103,
    "ctuh-nc": 2.98e-9,
    "pm": 7.06e-10,
    "wu": 0.00752,
    "adpe": 6.75e-7
  },
  "Solar": {
    "gwp": 0.0346,
    "ap": 0.000293,
    "ctue": 0.0718,
    "ctuh-c": 2.82e-9,
    "ir": 0.00869,
    "ctuh-nc": 1.03e-8,
    "pm": 2.1e-9,
    "wu": 0.0241,
    "adpe": 0.00000546
  },
  "Bioenergy": {
    "gwp": 0.0823,
    "ap": 0.00241,
    "ctue": 0.0123,
    "ctuh-c": 8.7e-10,
    "ir": 0.00284,
    "ctuh-nc": 1.56e-8,
    "pm": 0.0000849,
    "wu": 0.0804,
    "adpe": 7.2e-7
  },
  "Hydro": {
    "gwp": 0.0107,
    "ap": 0.0000445,
    "ctue": 0.0273,
    "ctuh-c": 3.54e-10,
    "ir": 0.00084,
    "ctuh-nc": 1.39e-9,
    "pm": 8.07e-10,
    "wu": 0.00166,
    "adpe": 6.06e-8
  },
  "Other Renewables": {
    "gwp": 0.459,
    "ap": 0.0114,
    "ctue": 0.000896,
    "ctuh-c": 0.00238,
    "ir": 0.000253,
    "ctuh-nc": 0.00121,
    "pm": 0.00238,
    "wu": 0.0338,
    "adpe": 0.0000142
  },
  "Nuclear": {
    "gwp": 0.00529,
    "ap": 0.0000428,
    "ctue": 0.027,
    "ctuh-c": 5.51e-10,
    "ir": 0.0143,
    "ctuh-nc": 5.5e-9,
    "pm": 2.21e-9,
    "wu": 0.131,
    "adpe": 3.33e-7
  }
}