country,period,Bioenergy,Hydro,Solar,Wind
AE,2019-01,0,0,1,0
AE,2019-02,0,0,1,0
AE,2019-03,0,0,1,0
AE,2019-04,0,0,1,0
AE,2019-05,0,0,1,0
AE,2019-06,0,0,1,0
AE,2019-07,0,0,1,0
AE,2019-08,0,0,1,0
AE,2019-09,0,0,1,0
AE,2019-10,0,0,1,0
AE,2019-11,0,0,1,0
AE,2019-12,0,0,1,0
AE,2020-01,0,0,1,0
AE,2020-02,0,0,1,0
AE,2020-03,0,0,1,0
AE,2020-04,0,0,1,0
AE,2020-05,0,0,1,0
AE,2020-06,0,0,1,0
AE,2020-07,0,0,1,0
AE,2020-08,0,0,1,0
AE,2020-09,0,0,1,0
AE,2020-10,0,0,1,0
AE,2020-11,0,0,1,0
AE,2020-12,0,0,1,0
AE,2021-01,0,0,1,0
AE,2021-02,0,0,1,0
AE,2021-03,0,0,1,0
AE,2021-04,0,0,1,0
AE,2021-05,0,0,1,0
AE,2021-06,0,0,1,0
AE,2021-07,0,0,1,0
AE,2021-08,0,0,1,0
AE,2021-09,0,0,1,0
AE,2021-10,0,0,1,0
AE,2021-11,0,0,1,0
AE,2021-12,0,0,1,0
AE,2022-01,0,0,1,0
AE,2022-02,0,0,1,0
AE,2022-03,0,0,1,0
AE,2022-04,0,0,1,0
AE,2022-05,0,0,1,0
AE,2022-06,0,0,1,0
AE,2022-07,0,0,1,0
AE,2022-08,0,0,1,0
AE,2022-09,0,0,1,0
AE,2022-10,0,0,1,0
AE,2022-11,0,0,1,0
AE,2022-12,0,0,1,0
AE,2023-01,0,0,1,0
AE,2023-02,0,0,1,0
AE,2023-03,0,0,1,0
AE,2023-04,0,0,1,0
AE,2023-05,0,0,1,0
AE,2023-06,0,0,1,0
AE,2023-07,0,0,1,0
AE,2023-08,0,0,1,0
AE,2023-09,0,0,1,0
AE,2023-10,0,0,1,0
AE,2023-11,0,0,1,0
AE,2023-12,0,0,1,0
AE,2024-01,0,0,1,0
AE,2024-02,0,0,1,0
AE,2024-03,0,0,1,0
AE,2024-04,0,0,1,0
AE,2024-05,0,0,1,0
AE,2024-06,0,0,1,0
AE,2024-07,0,0,1,0
AE,2024-08,0,0,1,0
AE,2024-09,0,0,1,0
AE,2024-10,0,0,1,0
AE,2024-11,0,0,1,0
AE,2024-12,0,0,1,0
AE,2025-01,0,0,1,0
AE,2025-02,0,0,1,0
AE,2025-03,0,0,1,0
AE,2025-04,0,0,1,0
AE,2025-05,0,0,1,0
AE,2025-06,0,0,1,0
AE,2025-07,0,0,1,0
AE,2025-08,0,0,1,0
AE,2025-09,0,0,1,0
AE,2025-10,0,0,1,0
AE,2025-11,0,0,1,0
AE,2025-12,0,0,1,0
AE,2026-01,0,0,1,0
AE,2026-02,0,0,1,0
AE,2026-03,0,0,1,0
AE,2026-04,0,0,1,0
AE,2026-05,0,0,1,0
AE,2026-06,0,0,1,0
AE,2026-07,0,0,1,0
AE,2026-08,0,0,1,0
AF,2019-01,0.0435,0.7901,0.0774,0.0889
AF,2019-02,0.0383,0.7938,0.0794,0.0885
AF,2019-03,0.035,0.7757,0.0935,0.0958
AF,2019-04,0.0313,0.7764,0.0967,0.0956
AF,2019-05,0.0272,0.7803,0.0955,0.0969
AF,2019-06,0.027,0.8043,0.0897,0.0789
AF,2019-07,0.0272,0.823,0.0828,0.067
AF,2019-08,0.0279,0.8218,0.0852,0.0651
AF,2019-09,0.0279,0.819,0.0888,0.0644
AF,2019-10,0.0286,0.8071,0.0878,0.0765
AF,2019-11,0.0327,0.7862,0.0854,0.0957
AF,2019-12,0.039,0.7782,0.0828,0.1
AF,2020-01,0.0423,0.7716,0.0932,0.0929
AF,2020-02,0.0417,0.7691,0.0964,0.0928
AF,2020-03,0.0367,0.7418,0.1055,0.1159
AF,2020-04,0.036,0.7461,0.114,0.1039
AF,2020-05,0.0334,0.7531,0.1069,0.1066
AF,2020-06,0.0294,0.7918,0.0946,0.0841
AF,2020-07,0.029,0.8157,0.0883,0.067
AF,2020-08,0.0307,0.8074,0.093,0.069
AF,2020-09,0.0292,0.8143,0.0923,0.0642
AF,2020-10,0.0287,0.7961,0.0904,0.0848
AF,2020-11,0.0376,0.773,0.0892,0.1003
AF,2020-12,0.0435,0.7641,0.0872,0.1052
AF,2021-01,0.0444,0.7277,0.0999,0.128
AF,2021-02,0.0437,0.7238,0.1046,0.1279
AF,2021-03,0.0424,0.7172,0.116,0.1244
AF,2021-04,0.0388,0.7222,0.1149,0.1241
AF,2021-05,0.035,0.7232,0.1141,0.1278
AF,2021-06,0.0341,0.7561,0.1101,0.0997
AF,2021-07,0.0346,0.7752,0.1005,0.0896
AF,2021-08,0.0344,0.7856,0.1027,0.0773
AF,2021-09,0.0329,0.787,0.0983,0.0818
AF,2021-10,0.0335,0.7602,0.1018,0.1045
AF,2021-11,0.0382,0.735,0.1029,0.1239
AF,2021-12,0.0454,0.7207,0.103,0.1309
AF,2022-01,0.0492,0.7247,0.1113,0.1149
AF,2022-02,0.0486,0.7227,0.1137,0.115
AF,2022-03,0.0428,0.6928,0.1205,0.1439
AF,2022-04,0.0371,0.6916,0.1294,0.1418
AF,2022-05,0.0328,0.71,0.1241,0.1331
AF,2022-06,0.0323,0.7411,0.1175,0.1091
AF,2022-07,0.0361,0.7583,0.1169,0.0886
AF,2022-08,0.0397,0.7533,0.1195,0.0875
AF,2022-09,0.0381,0.7327,0.1306,0.0986
AF,2022-10,0.0375,0.7129,0.1256,0.1241
AF,2022-11,0.0432,0.7074,0.1172,0.1322
AF,2022-12,0.0469,0.6971,0.1081,0.1479
AF,2023-01,0.0474,0.6818,0.1228,0.148
AF,2023-02,0.046,0.6818,0.1281,0.1441
AF,2023-03,0.0456,0.6623,0.1458,0.1463
AF,2023-04,0.0399,0.6466,0.1473,0.1661
AF,2023-05,0.038,0.6636,0.1509,0.1476
AF,2023-06,0.0386,0.6966,0.1507,0.1141
AF,2023-07,0.0391,0.7135,0.1375,0.1099
AF,2023-08,0.0375,0.7414,0.1374,0.0837
AF,2023-09,0.0362,0.7328,0.1358,0.0953
AF,2023-10,0.0362,0.7082,0.1461,0.1095
AF,2023-11,0.0411,0.6592,0.1362,0.1634
AF,2023-12,0.0473,0.67,0.1245,0.1581
AF,2024-01,0.0479,0.6614,0.14,0.1507
AF,2024-02,0.0471,0.6597,0.1446,0.1485
AF,2024-03,0.0426,0.6264,0.1694,0.1616
AF,2024-04,0.0373,0.6406,0.1762,0.1459
AF,2024-05,0.0324,0.6542,0.1807,0.1327
AF,2024-06,0.0321,0.6873,0.1676,0.113
AF,2024-07,0.0334,0.7062,0.1546,0.1058
AF,2024-08,0.0355,0.7181,0.165,0.0814
AF,2024-09,0.0359,0.6868,0.1603,0.117
AF,2024-10,0.0361,0.6634,0.1651,0.1354
AF,2024-11,0.0403,0.6504,0.1597,0.1497
AF,2024-12,0.0444,0.6455,0.1525,0.1576
AF,2025-01,0.0429,0.6195,0.1774,0.1602
AF,2025-02,0.0412,0.6203,0.1798,0.1587
AF,2025-03,0.0372,0.5981,0.1961,0.1687
AF,2025-04,0.0335,0.5882,0.2181,0.1603
AF,2025-05,0.0316,0.6094,0.2126,0.1464
AF,2025-06,0.0302,0.6471,0.2052,0.1176
AF,2025-07,0.0334,0.6533,0.2025,0.1107
AF,2025-08,0.0344,0.6683,0.201,0.0963
AF,2025-09,0.0316,0.6765,0.1879,0.104
AF,2025-10,0.0344,0.6706,0.1753,0.1197
AF,2025-11,0.0359,0.6117,0.1816,0.1708
AF,2025-12,0.0411,0.6163,0.1779,0.1648
AF,2026-01,0.0407,0.6005,0.1958,0.163
AF,2026-02,0.0399,0.6006,0.1992,0.1604
AF,2026-03,0.0376,0.6009,0.2195,0.1421
AF,2026-04,0.0327,0.5823,0.2357,0.1493
AF,2026-05,0.0298,0.5907,0.2386,0.1409
AF,2026-06,0.0298,0.5907,0.2386,0.1409
AF,2026-07,0.0298,0.5907,0.2386,0.1409
AF,2026-08,0.0298,0.5907,0.2386,0.1409
AG,2019-01,0,0,1,0
AG,2019-02,0,0,1,0
AG,2019-03,0,0,1,0
AG,2019-04,0,0,1,0
AG,2019-05,0,0,1,0
AG,2019-06,0,0,1,0
AG,2019-07,0,0,1,0
AG,2019-08,0,0,1,0
AG,2019-09,0,0,1,0
AG,2019-10,0,0,1,0
AG,2019-11,0,0,1,0
AG,2019-12,0,0,1,0
AG,2020-01,0,0,1,0
AG,2020-02,0,0,1,0
AG,2020-03,0,0,1,0
AG,2020-04,0,0,1,0
AG,2020-05,0,0,1,0
AG,2020-06,0,0,1,0
AG,2020-07,0,0,1,0
AG,2020-08,0,0,1,0
AG,2020-09,0,0,1,0
AG,2020-10,0,0,1,0
AG,2020-11,0,0,1,0
AG,2020-12,0,0,1,0
AG,2021-01,0,0,1,0
AG,2021-02,0,0,1,0
AG,2021-03,0,0,1,0
AG,2021-04,0,0,1,0
AG,2021-05,0,0,1,0
AG,2021-06,0,0,1,0
AG,2021-07,0,0,1,0
AG,2021-08,0,0,1,0
AG,2021-09,0,0,1,0
AG,2021-10,0,0,1,0
AG,2021-11,0,0,1,0
AG,2021-12,0,0,1,0
AG,2022-01,0,0,1,0
AG,2022-02,0,0,1,0
AG,2022-03,0,0,1,0
AG,2022-04,0,0,1,0
AG,2022-05,0,0,1,0
AG,2022-06,0,0,1,0
AG,2022-07,0,0,1,0
AG,2022-08,0,0,1,0
AG,2022-09,0,0,1,0
AG,2022-10,0,0,1,0
AG,2022-11,0,0,1,0
AG,2022-12,0,0,1,0
AG,2023-01,0,0,1,0
AG,2023-02,0,0,1,0
AG,2023-03,0,0,1,0
AG,2023-04,0,0,1,0
AG,2023-05,0,0,1,0
AG,2023-06,0,0,1,0
AG,2023-07,0,0,1,0
AG,2023-08,0,0,1,0
AG,2023-09,0,0,1,0
AG,2023-10,0,0,1,0
AG,2023-11,0,0,1,0
AG,2023-12,0,0,1,0
AG,2024-01,0,0,1,0
AG,2024-02,0,0,1,0
AG,2024-03,0,0,1,0
AG,2024-04,0,0,1,0
AG,2024-05,0,0,1,0
AG,2024-06,0,0,1,0
AG,2024-07,0,0,1,0
AG,2024-08,0,0,1,0
AG,2024-09,0,0,1,0
AG,2024-10,0,0,1,0
AG,2024-11,0,0,1,0
AG,2024-12,0,0,1,0
AG,2025-01,0,0,1,0
AG,2025-02,0,0,1,0
AG,2025-03,0,0,1,0
AG,2025-04,0,0,1,0
AG,2025-05,0,0,1,0
AG,2025-06,0,0,1,0
AG,2025-07,0,0,1,0
AG,2025-08,0,0,1,0
AG,2025-09,0,0,1,0
AG,2025-10,0,0,1,0
AG,2025-11,0,0,1,0
AG,2025-12,0,0,1,0
AG,2026-01,0,0,1,0
AG,2026-02,0,0,1,0
AG,2026-03,0,0,1,0
AG,2026-04,0,0,1,0
AG,2026-05,0,0,1,0
AG,2026-06,0,0,1,0
AG,2026-07,0,0,1,0
AG,2026-08,0,0,1,0
AM,2019-01,0,1,0,0
AM,2019-02,0,1,0,0
AM,2019-03,0,1,0,0
AM,2019-04,0,1,0,0
AM,2019-05,0,1,0,0
AM,2019-06,0,0.9797,0.0203,0
AM,2019-07,0,1,0,0
AM,2019-08,0,1,0,0
AM,2019-09,0,1,0,0
AM,2019-10,0,1,0,0
AM,2019-11,0,1,0,0
AM,2019-12,0,1,0,0
AM,2020-01,0,1,0,0
AM,2020-02,0,1,0,0
AM,2020-03,0,1,0,0
AM,2020-04,0,0.9737,0.0263,0
AM,2020-05,0,0.9729,0.0271,0
AM,2020-06,0,0.9722,0.0278,0
AM,2020-07,0,0.9523,0.0477,0
AM,2020-08,0,0.9523,0.0477,0
AM,2020-09,0,0.9524,0.0476,0
AM,2020-10,0,1,0,0
AM,2020-11,0,0.9286,0.0714,0
AM,2020-12,0,0.941,0.059,0
AM,2021-01,0,0.95,0.05,0
AM,2021-02,0,0.9413,0.0587,0
AM,2021-03,0,0.9501,0.0499,0
AM,2021-04,0,0.9388,0.0612,0
AM,2021-05,0,0.9302,0.0698,0
AM,2021-06,0,0.9486,0.0514,0
AM,2021-07,0,0.9545,0.0455,0
AM,2021-08,0,0.9501,0.0499,0
AM,2021-09,0,0.9473,0.0527,0
AM,2021-10,0,0.9334,0.0666,0
AM,2021-11,0,0.9412,0.0588,0
AM,2021-12,0,0.909,0.091,0
AM,2022-01,0,0.8888,0.1112,0
AM,2022-02,0,0.8751,0.1249,0
AM,2022-03,0,0.875,0.125,0
AM,2022-04,0,0.898,0.102,0
AM,2022-05,0.0008,0.8811,0.1146,0.0034
AM,2022-06,0.0019,0.8806,0.1109,0.0066
AM,2022-07,0,0.8518,0.1482,0
AM,2022-08,0,0.8571,0.1429,0
AM,2022-09,0,0.84,0.16,0
AM,2022-10,0,0.8749,0.1251,0
AM,2022-11,0,0.842,0.158,0
AM,2022-12,0,0.8573,0.1427,0
AM,2023-01,0,0.75,0.25,0
AM,2023-02,0,0.7367,0.2633,0
AM,2023-03,0,0.7647,0.2353,0
AM,2023-04,0,0.7949,0.2051,0
AM,2023-05,0.0032,0.7668,0.2176,0.0124
AM,2023-06,0.0005,0.7976,0.2004,0.0015
AM,2023-07,0.0008,0.7282,0.2688,0.0022
AM,2023-08,0,0.7576,0.2424,0
AM,2023-09,0,0.7408,0.2592,0
AM,2023-10,0,0.75,0.25,0
AM,2023-11,0,0.7779,0.2221,0
AM,2023-12,0,0.7499,0.2501,0
AM,2024-01,0,0.7617,0.2383,0
AM,2024-02,0,0.7618,0.2382,0
AM,2024-03,0.0013,0.7578,0.2359,0.005
AM,2024-04,0,0.7818,0.2182,0
AM,2024-05,0.0011,0.7773,0.2171,0.0045
AM,2024-06,0.0022,0.7685,0.2216,0.0077
AM,2024-07,0.0028,0.697,0.2916,0.0087
AM,2024-08,0,0.7027,0.2973,0
AM,2024-09,0,0.7143,0.2857,0
AM,2024-10,0,0.7646,0.2354,0
AM,2024-11,0,0.7501,0.2499,0
AM,2024-12,0,0.75,0.25,0
AM,2025-01,0,0.75,0.25,0
AM,2025-02,0,0.7646,0.2354,0
AM,2025-03,0,0.75,0.25,0
AM,2025-04,0,0.8286,0.1714,0
AM,2025-05,0.0006,0.8333,0.1632,0.0028
AM,2025-06,0.0021,0.8073,0.1823,0.0082
AM,2025-07,0,0.8463,0.1537,0
AM,2025-08,0,0.8571,0.1429,0
AM,2025-09,0,0.8463,0.1537,0
AM,2025-10,0,0.6667,0.3333,0
AM,2025-11,0,0.6665,0.3335,0
AM,2025-12,0,0.6665,0.3335,0
AM,2026-01,0,0.6665,0.3335,0
AM,2026-02,0,0.6817,0.3183,0
AM,2026-03,0,0.6801,0.3199,0
AM,2026-04,0,0.6801,0.3199,0
AM,2026-05,0,0.6801,0.3199,0
AM,2026-06,0,0.6801,0.3199,0
AM,2026-07,0,0.6801,0.3199,0
AM,2026-08,0,0.6801,0.3199,0
AO,2019-01,0.0044,0.9939,0.0018,0
AO,2019-02,0.0044,0.9939,0.0018,0
AO,2019-03,0.0044,0.9939,0.0018,0
AO,2019-04,0.0044,0.9939,0.0018,0
AO,2019-05,0.0044,0.9939,0.0018,0
AO,2019-06,0.0044,0.9939,0.0018,0
AO,2019-07,0.0044,0.9939,0.0018,0
AO,2019-08,0.0044,0.9939,0.0018,0
AO,2019-09,0.0044,0.9939,0.0018,0
AO,2019-10,0.0044,0.9939,0.0018,0
AO,2019-11,0.0044,0.9939,0.0018,0
AO,2019-12,0.0044,0.9939,0.0018,0
AO,2020-01,0.0044,0.9939,0.0018,0
AO,2020-02,0.0044,0.9939,0.0018,0
AO,2020-03,0.0044,0.9939,0.0018,0
AO,2020-04,0.0044,0.9939,0.0018,0
AO,2020-05,0.0044,0.9939,0.0018,0
AO,2020-06,0.0044,0.9939,0.0018,0
AO,2020-07,0.0044,0.9939,0.0018,0
AO,2020-08,0.0044,0.9939,0.0018,0
AO,2020-09,0.0044,0.9939,0.0018,0
AO,2020-10,0.0044,0.9939,0.0018,0
AO,2020-11,0.0044,0.9939,0.0018,0
AO,2020-12,0.0044,0.9939,0.0018,0
AO,2021-01,0.0044,0.9939,0.0018,0
AO,2021-02,0.0044,0.9939,0.0018,0
AO,2021-03,0.0044,0.9939,0.0018,0
AO,2021-04,0.0044,0.9939,0.0018,0
AO,2021-05,0.0044,0.9939,0.0018,0
AO,2021-06,0.0044,0.9939,0.0018,0
AO,2021-07,0.0044,0.9939,0.0018,0
AO,2021-08,0.0044,0.9939,0.0018,0
AO,2021-09,0.0044,0.9939,0.0018,0
AO,2021-10,0.0044,0.9939,0.0018,0
AO,2021-11,0.0044,0.9939,0.0018,0
AO,2021-12,0.0044,0.9939,0.0018,0
AO,2022-01,0.0044,0.9939,0.0018,0
AO,2022-02,0.0044,0.9939,0.0018,0
AO,2022-03,0.0044,0.9939,0.0018,0
AO,2022-04,0.0044,0.9939,0.0018,0
AO,2022-05,0.0044,0.9939,0.0018,0
AO,2022-06,0.0044,0.9939,0.0018,0
AO,2022-07,0.0044,0.9939,0.0018,0
AO,2022-08,0.0044,0.9939,0.0018,0
AO,2022-09,0.0044,0.9939,0.0018,0
AO,2022-10,0.0044,0.9939,0.0018,0
AO,2022-11,0.0044,0.9939,0.0018,0
AO,2022-12,0.0044,0.9939,0.0018,0
AO,2023-01,0.0044,0.9939,0.0018,0
AO,2023-02,0.0044,0.9939,0.0018,0
AO,2023-03,0.0044,0.9939,0.0018,0
AO,2023-04,0.0044,0.9939,0.0018,0
AO,2023-05,0.0044,0.9939,0.0018,0
AO,2023-06,0.0044,0.9939,0.0018,0
AO,2023-07,0.0044,0.9939,0.0018,0
AO,2023-08,0.0044,0.9939,0.0018,0
AO,2023-09,0.0044,0.9939,0.0018,0
AO,2023-10,0.0044,0.9939,0.0018,0
AO,2023-11,0.0044,0.9939,0.0018,0
AO,2023-12,0.0044,0.9939,0.0018,0
AO,2024-01,0.0044,0.9939,0.0018,0
AO,2024-02,0.0044,0.9939,0.0018,0
AO,2024-03,0.0044,0.9939,0.0018,0
AO,2024-04,0.0044,0.9939,0.0018,0
AO,2024-05,0.0044,0.9939,0.0018,0
AO,2024-06,0.0044,0.9939,0.0018,0
AO,2024-07,0.0044,0.9939,0.0018,0
AO,2024-08,0.0044,0.9939,0.0018,0
AO,2024-09,0.0044,0.9939,0.0018,0
AO,2024-10,0.0044,0.9939,0.0018,0
AO,2024-11,0.0044,0.9939,0.0018,0
AO,2024-12,0.0044,0.9939,0.0018,0
AO,2025-01,0.0044,0.9939,0.0018,0
AO,2025-02,0.0044,0.9939,0.0018,0
AO,2025-03,0.0044,0.9939,0.0018,0
AO,2025-04,0.0044,0.9939,0.0018,0
AO,2025-05,0.0044,0.9939,0.0018,0
AO,2025-06,0.0044,0.9939,0.0018,0
AO,2025-07,0.0044,0.9939,0.0018,0
AO,2025-08,0.0044,0.9939,0.0018,0
AO,2025-09,0.0044,0.9939,0.0018,0
AO,2025-10,0.0044,0.9939,0.0018,0
AO,2025-11,0.0044,0.9939,0.0018,0
AO,2025-12,0.0044,0.9939,0.0018,0
AO,2026-01,0.0044,0.9939,0.0018,0
AO,2026-02,0.0044,0.9939,0.0018,0
AO,2026-03,0.0044,0.9939,0.0018,0
AO,2026-04,0.0044,0.9939,0.0018,0
AO,2026-05,0.0044,0.9939,0.0018,0
AO,2026-06,0.0044,0.9939,0.0018,0
AO,2026-07,0.0044,0.9939,0.0018,0
AO,2026-08,0.0044,0.9939,0.0018,0
AR,2019-01,0.0075,0.9078,0.0108,0.074
AR,2019-02,0.0107,0.9,0.0133,0.0761
AR,2019-03,0.0132,0.8832,0.0149,0.0887
AR,2019-04,0.0106,0.8738,0.0154,0.1002
AR,2019-05,0.0141,0.8813,0.0119,0.0927
AR,2019-06,0.0191,0.8512,0.0121,0.1175
AR,2019-07,0.0174,0.8554,0.0139,0.1133
AR,2019-08,0.0189,0.8469,0.0184,0.1158
AR,2019-09,0.016,0.8168,0.0243,0.1429
AR,2019-10,0.0189,0.807,0.0283,0.1458
AR,2019-11,0.0165,0.8028,0.0296,0.1511
AR,2019-12,0.0137,0.7985,0.0314,0.1564
AR,2020-01,0.0101,0.7917,0.0275,0.1708
AR,2020-02,0.009,0.7772,0.0233,0.1905
AR,2020-03,0.0128,0.7429,0.032,0.2123
AR,2020-04,0.0158,0.708,0.032,0.2442
AR,2020-05,0.0167,0.7183,0.0233,0.2417
AR,2020-06,0.0205,0.7619,0.0171,0.2006
AR,2020-07,0.0188,0.7988,0.0168,0.1656
AR,2020-08,0.0226,0.7069,0.0245,0.2461
AR,2020-09,0.0224,0.705,0.0364,0.2362
AR,2020-10,0.0229,0.6744,0.0428,0.2599
AR,2020-11,0.0245,0.6493,0.0583,0.2679
AR,2020-12,0.0222,0.6351,0.0609,0.2818
AR,2021-01,0.0195,0.6315,0.053,0.2961
AR,2021-02,0.0188,0.7131,0.0455,0.2226
AR,2021-03,0.0213,0.6424,0.0484,0.2879
AR,2021-04,0.0253,0.5764,0.054,0.3443
AR,2021-05,0.025,0.6369,0.0362,0.3019
AR,2021-06,0.0346,0.5786,0.0346,0.3522
AR,2021-07,0.0322,0.5498,0.0409,0.3771
AR,2021-08,0.0377,0.5285,0.0534,0.3804
AR,2021-09,0.0298,0.634,0.0516,0.2846
AR,2021-10,0.0265,0.6112,0.0653,0.297
AR,2021-11,0.0273,0.5938,0.0764,0.3025
AR,2021-12,0.0258,0.5872,0.071,0.316
AR,2022-01,0.025,0.5788,0.0715,0.3247
AR,2022-02,0.0319,0.5185,0.0872,0.3625
AR,2022-03,0.0271,0.517,0.0778,0.3781
AR,2022-04,0.0241,0.5976,0.0606,0.3177
AR,2022-05,0.0293,0.6387,0.052,0.2801
AR,2022-06,0.0293,0.7032,0.0392,0.2284
AR,2022-07,0.0345,0.638,0.0472,0.2802
AR,2022-08,0.032,0.6501,0.0558,0.2621
AR,2022-09,0.031,0.6247,0.0678,0.2765
AR,2022-10,0.0182,0.6918,0.0575,0.2324
AR,2022-11,0.0201,0.7134,0.0565,0.21
AR,2022-12,0.0251,0.6579,0.0659,0.2512
AR,2023-01,0.0239,0.6515,0.0728,0.2518
AR,2023-02,0.0221,0.6668,0.0662,0.2449
AR,2023-03,0.0199,0.7107,0.0579,0.2114
AR,2023-04,0.0282,0.6477,0.0657,0.2584
AR,2023-05,0.029,0.6065,0.0536,0.3109
AR,2023-06,0.0289,0.6111,0.0514,0.3086
AR,2023-07,0.0259,0.7253,0.043,0.2057
AR,2023-08,0.0211,0.7004,0.0425,0.236
AR,2023-09,0.0197,0.7344,0.0503,0.1955
AR,2023-10,0.0165,0.7095,0.0562,0.2178
AR,2023-11,0.0171,0.6724,0.06,0.2505
AR,2023-12,0.0166,0.7167,0.0616,0.205
AR,2024-01,0.0175,0.684,0.0664,0.2322
AR,2024-02,0.0209,0.6639,0.0673,0.248
AR,2024-03,0.0229,0.5915,0.075,0.3105
AR,2024-04,0.0169,0.5831,0.0675,0.3324
AR,2024-05,0.0208,0.7027,0.0502,0.2263
AR,2024-06,0.0323,0.6041,0.056,0.3077
AR,2024-07,0.0289,0.6608,0.0532,0.2572
AR,2024-08,0.0339,0.6315,0.0662,0.2684
AR,2024-09,0.03,0.5075,0.091,0.3715
AR,2024-10,0.0266,0.5868,0.086,0.3006
AR,2024-11,0.02,0.5782,0.093,0.3087
AR,2024-12,0.0185,0.6269,0.0884,0.2661
AR,2025-01,0.0248,0.5661,0.0989,0.3102
AR,2025-02,0.0257,0.5595,0.0981,0.3167
AR,2025-03,0.0267,0.5308,0.0925,0.35
AR,2025-04,0.0299,0.5201,0.0875,0.3625
AR,2025-05,0.0314,0.545,0.0694,0.3542
AR,2025-06,0.0295,0.6308,0.0575,0.2822
AR,2025-07,0.0375,0.5826,0.0765,0.3035
AR,2025-08,0.0362,0.5472,0.0905,0.326
AR,2025-09,0.0294,0.556,0.099,0.3156
AR,2025-10,0.0253,0.5437,0.1018,0.3292
AR,2025-11,0.0252,0.57,0.1065,0.2982
AR,2025-12,0.0255,0.5224,0.1194,0.3327
AR,2026-01,0.0271,0.5132,0.1307,0.329
AR,2026-02,0.0315,0.4439,0.1489,0.3756
AR,2026-03,0.03,0.4676,0.1251,0.3773
AR,2026-04,0.0306,0.5269,0.101,0.3415
AR,2026-05,0.0248,0.6058,0.0889,0.2805
AR,2026-06,0.0248,0.6058,0.0889,0.2805
AR,2026-07,0.0248,0.6058,0.0889,0.2805
AR,2026-08,0.0248,0.6058,0.0889,0.2805
AS,2019-01,,,,
AS,2019-02,,,,
AS,2019-03,,,,
AS,2019-04,,,,
AS,2019-05,,,,
AS,2019-06,,,,
AS,2019-07,,,,
AS,2019-08,,,,
AS,2019-09,,,,
AS,2019-10,,,,
AS,2019-11,,,,
AS,2019-12,,,,
AS,2020-01,,,,
AS,2020-02,,,,
AS,2020-03,,,,
AS,2020-04,,,,
AS,2020-05,,,,
AS,2020-06,,,,
AS,2020-07,,,,
AS,2020-08,,,,
AS,2020-09,,,,
AS,2020-10,,,,
AS,2020-11,,,,
AS,2020-12,,,,
AS,2021-01,,,,
AS,2021-02,,,,
AS,2021-03,,,,
AS,2021-04,,,,
AS,2021-05,,,,
AS,2021-06,,,,
AS,2021-07,,,,
AS,2021-08,,,,
AS,2021-09,,,,
AS,2021-10,,,,
AS,2021-11,,,,
AS,2021-12,,,,
AS,2022-01,,,,
AS,2022-02,,,,
AS,2022-03,,,,
AS,2022-04,,,,
AS,2022-05,,,,
AS,2022-06,,,,
AS,2022-07,,,,
AS,2022-08,,,,
AS,2022-09,,,,
AS,2022-10,,,,
AS,2022-11,,,,
AS,2022-12,,,,
AS,2023-01,,,,
AS,2023-02,,,,
AS,2023-03,,,,
AS,2023-04,,,,
AS,2023-05,,,,
AS,2023-06,,,,
AS,2023-07,,,,
AS,2023-08,,,,
AS,2023-09,,,,
AS,2023-10,,,,
AS,2023-11,,,,
AS,2023-12,,,,
AS,2024-01,,,,
AS,2024-02,,,,
AS,2024-03,,,,
AS,2024-04,,,,
AS,2024-05,,,,
AS,2024-06,,,,
AS,2024-07,,,,
AS,2024-08,,,,
AS,2024-09,,,,
AS,2024-10,,,,
AS,2024-11,,,,
AS,2024-12,,,,
AS,2025-01,,,,
AS,2025-02,,,,
AS,2025-03,,,,
AS,2025-04,,,,
AS,2025-05,,,,
AS,2025-06,,,,
AS,2025-07,,,,
AS,2025-08,,,,
AS,2025-09,,,,
AS,2025-10,,,,
AS,2025-11,,,,
AS,2025-12,,,,
AS,2026-01,,,,
AS,2026-02,,,,
AS,2026-03,,,,
AS,2026-04,,,,
AS,2026-05,,,,
AS,2026-06,,,,
AS,2026-07,,,,
AS,2026-08,,,,
AT,2019-01,0.0549,0.7078,0.0124,0.2249
AT,2019-02,0.0602,0.6928,0.0299,0.2172
AT,2019-03,0.0497,0.7506,0.0291,0.1705
AT,2019-04,0.0417,0.7559,0.0318,0.1706
AT,2019-05,0.0372,0.7751,0.0279,0.1598
AT,2019-06,0.0302,0.8528,0.039,0.0781
AT,2019-07,0.0395,0.836,0.0428,0.0817
AT,2019-08,0.0364,0.8376,0.0427,0.0833
AT,2019-09,0.0442,0.7878,0.0434,0.1246
AT,2019-10,0.0467,0.7509,0.0378,0.1645
AT,2019-11,0.0371,0.7483,0.0158,0.1988
AT,2019-12,0.0443,0.6949,0.0173,0.2436
AT,2020-01,0.0498,0.7694,0.0259,0.1549
AT,2020-02,0.0373,0.6573,0.0251,0.2802
AT,2020-03,0.0389,0.7268,0.0393,0.195
AT,2020-04,0.0404,0.7778,0.0652,0.1166
AT,2020-05,0.0315,0.7752,0.0421,0.1512
AT,2020-06,0.0265,0.8125,0.036,0.125
AT,2020-07,0.0251,0.8585,0.0465,0.0698
AT,2020-08,0.0288,0.8454,0.0433,0.0825
AT,2020-09,0.0279,0.8346,0.0388,0.0987
AT,2020-10,0.0303,0.786,0.0239,0.1598
AT,2020-11,0.0404,0.8115,0.0258,0.1223
AT,2020-12,0.0446,0.7309,0.0183,0.2062
AT,2021-01,0.048,0.7289,0.0254,0.1978
AT,2021-02,0.0367,0.7735,0.0405,0.1493
AT,2021-03,0.0449,0.692,0.0622,0.2009
AT,2021-04,0.0383,0.6772,0.0671,0.2174
AT,2021-05,0.0243,0.7757,0.0448,0.1552
AT,2021-06,0.0203,0.8559,0.0591,0.0647
AT,2021-07,0.0229,0.8265,0.0572,0.0934
AT,2021-08,0.022,0.8644,0.0458,0.0678
AT,2021-09,0.0339,0.7899,0.0749,0.1013
AT,2021-10,0.0409,0.6811,0.0626,0.2153
AT,2021-11,0.0389,0.7265,0.0348,0.1998
AT,2021-12,0.0391,0.7053,0.0271,0.2285
AT,2022-01,0.0584,0.6614,0.0295,0.2507
AT,2022-02,0.0606,0.6072,0.0506,0.2816
AT,2022-03,0.0667,0.6809,0.0927,0.1597
AT,2022-04,0.0511,0.704,0.0716,0.1733
AT,2022-05,0.0448,0.7984,0.0773,0.0794
AT,2022-06,0.0423,0.7774,0.0832,0.097
AT,2022-07,0.0516,0.7082,0.1106,0.1296
AT,2022-08,0.0557,0.7147,0.107,0.1226
AT,2022-09,0.0549,0.7484,0.076,0.1207
AT,2022-10,0.0487,0.7412,0.071,0.1391
AT,2022-11,0.0597,0.7228,0.049,0.1684
AT,2022-12,0.0564,0.6916,0.035,0.217
AT,2023-01,0.0499,0.6659,0.0355,0.2487
AT,2023-02,0.0481,0.6467,0.0714,0.2338
AT,2023-03,0.0462,0.6542,0.0891,0.2106
AT,2023-04,0.0242,0.7225,0.0903,0.163
AT,2023-05,0.0117,0.7913,0.0926,0.1044
AT,2023-06,0.0137,0.7898,0.1297,0.0668
AT,2023-07,0.0146,0.7438,0.1395,0.1021
AT,2023-08,0.013,0.781,0.1095,0.0965
AT,2023-09,0.0249,0.7199,0.1427,0.1126
AT,2023-10,0.0375,0.6375,0.1168,0.2082
AT,2023-11,0.0245,0.7296,0.0553,0.1906
AT,2023-12,0.0225,0.7691,0.042,0.1664
AT,2024-01,0.0221,0.7095,0.057,0.2114
AT,2024-02,0.0275,0.6844,0.0762,0.2119
AT,2024-03,0.0336,0.6364,0.1166,0.2135
AT,2024-04,0.0336,0.6625,0.1396,0.1643
AT,2024-05,0.031,0.7341,0.1419,0.093
AT,2024-06,0.0209,0.7636,0.1431,0.0724
AT,2024-07,0.0188,0.743,0.1567,0.0815
AT,2024-08,0.0215,0.7082,0.188,0.0823
AT,2024-09,0.0303,0.6895,0.1287,0.1515
AT,2024-10,0.032,0.7538,0.086,0.1282
AT,2024-11,0.0537,0.6607,0.0929,0.1928
AT,2024-12,0.052,0.6327,0.0747,0.2406
AT,2025-01,0.0495,0.6778,0.0852,0.1874
AT,2025-02,0.0479,0.6396,0.1386,0.1739
AT,2025-03,0.0465,0.5481,0.1957,0.2097
AT,2025-04,0.0329,0.5841,0.205,0.178
AT,2025-05,0.0328,0.6708,0.1942,0.1023
AT,2025-06,0.0206,0.6472,0.2324,0.0998
AT,2025-07,0.0168,0.6734,0.1842,0.1256
AT,2025-08,0.017,0.6842,0.2071,0.0917
AT,2025-09,0.0306,0.6601,0.1821,0.1272
AT,2025-10,0.0396,0.5955,0.1383,0.2266
AT,2025-11,0.0465,0.6201,0.1178,0.2156
AT,2025-12,0.0607,0.6393,0.088,0.2119
AT,2026-01,0.0556,0.592,0.1162,0.2361
AT,2026-02,0.0487,0.6009,0.1329,0.2175
AT,2026-03,0.0395,0.5525,0.2037,0.2043
AT,2026-04,0.0325,0.5482,0.2514,0.1679
AT,2026-05,0.027,0.5434,0.2894,0.1402
AT,2026-06,0.0234,0.6163,0.2721,0.0883
AT,2026-07,0.0234,0.6163,0.2721,0.0883
AT,2026-08,0.0234,0.6163,0.2721,0.0883
AU,2019-01,0.0075,0.2798,0.3918,0.3209
AU,2019-02,0.0086,0.2119,0.3925,0.387
AU,2019-03,0.0087,0.2294,0.3823,0.3796
AU,2019-04,0.0058,0.2597,0.3391,0.3953
AU,2019-05,0.0023,0.3242,0.2556,0.4178
AU,2019-06,0.0075,0.406,0.2176,0.3688
AU,2019-07,0.0087,0.3414,0.2379,0.412
AU,2019-08,0.0106,0.3049,0.2902,0.3944
AU,2019-09,0.0091,0.2701,0.3616,0.3592
AU,2019-10,0.0069,0.2179,0.4181,0.3571
AU,2019-11,0.0062,0.2037,0.4216,0.3685
AU,2019-12,0.0059,0.1971,0.4563,0.3407
AU,2020-01,0.0042,0.226,0.4267,0.3431
AU,2020-02,0.007,0.2489,0.4145,0.3295
AU,2020-03,0.002,0.2311,0.3974,0.3695
AU,2020-04,0.0023,0.2819,0.3532,0.3625
AU,2020-05,0.0019,0.3124,0.2848,0.4009
AU,2020-06,0.0048,0.3508,0.2658,0.3786
AU,2020-07,0.0045,0.3477,0.2957,0.3522
AU,2020-08,0.0061,0.2385,0.323,0.4324
AU,2020-09,0.0075,0.197,0.3641,0.4315
AU,2020-10,0.0074,0.2184,0.4077,0.3665
AU,2020-11,0.0055,0.1694,0.4741,0.351
AU,2020-12,0.0035,0.1556,0.4585,0.3823
AU,2021-01,0.0032,0.1709,0.4562,0.3698
AU,2021-02,0.0036,0.1853,0.45,0.3611
AU,2021-03,0.0017,0.2214,0.4139,0.3631
AU,2021-04,0.0021,0.2637,0.4044,0.3298
AU,2021-05,0.0018,0.2795,0.3304,0.3883
AU,2021-06,0.0037,0.3244,0.2619,0.41
AU,2021-07,0.0052,0.2596,0.2648,0.4704
AU,2021-08,0.0067,0.2356,0.346,0.4117
AU,2021-09,0.0048,0.2127,0.4,0.3825
AU,2021-10,0.0061,0.2054,0.4552,0.3333
AU,2021-11,0.0047,0.2105,0.4363,0.3485
AU,2021-12,0.0027,0.1512,0.5282,0.3179
AU,2022-01,0.0029,0.1668,0.491,0.3394
AU,2022-02,0.0017,0.1563,0.4936,0.3484
AU,2022-03,0.0015,0.18,0.4666,0.3519
AU,2022-04,0.0019,0.201,0.4184,0.3787
AU,2022-05,0.0016,0.3156,0.3105,0.3723
AU,2022-06,0.0015,0.2925,0.2662,0.4397
AU,2022-07,0.0016,0.2749,0.3062,0.4173
AU,2022-08,0.0044,0.2152,0.3396,0.4408
AU,2022-09,0.0044,0.2168,0.411,0.3678
AU,2022-10,0.0043,0.1911,0.4519,0.3528
AU,2022-11,0.0052,0.1794,0.5067,0.3087
AU,2022-12,0.0038,0.1342,0.5496,0.3124
AU,2023-01,0.0013,0.1461,0.5423,0.3103
AU,2023-02,0.0013,0.1264,0.5408,0.3314
AU,2023-03,0.0014,0.1664,0.505,0.3272
AU,2023-04,0.0017,0.19,0.4712,0.3372
AU,2023-05,0.0015,0.229,0.3908,0.3787
AU,2023-06,0.0043,0.2255,0.3018,0.4684
AU,2023-07,0.0014,0.2362,0.3315,0.4309
AU,2023-08,0.0068,0.225,0.4251,0.3432
AU,2023-09,0.0067,0.1604,0.5032,0.3298
AU,2023-10,0.0071,0.1346,0.5131,0.3452
AU,2023-11,0.0064,0.1416,0.552,0.2999
AU,2023-12,0.0035,0.1197,0.5634,0.3133
AU,2024-01,0.0025,0.1111,0.5706,0.3158
AU,2024-02,0.0026,0.131,0.566,0.3004
AU,2024-03,0.0026,0.1296,0.5339,0.3338
AU,2024-04,0.0047,0.1673,0.4999,0.3282
AU,2024-05,0.0047,0.1871,0.442,0.3662
AU,2024-06,0.0052,0.2138,0.4052,0.3758
AU,2024-07,0.0056,0.175,0.3708,0.4486
AU,2024-08,0.0052,0.147,0.4252,0.4226
AU,2024-09,0.007,0.1374,0.4561,0.3994
AU,2024-10,0.0068,0.142,0.5378,0.3134
AU,2024-11,0.0068,0.149,0.5542,0.2899
AU,2024-12,0.0042,0.1068,0.6109,0.278
AU,2025-01,0.0032,0.0934,0.5998,0.3036
AU,2025-02,0.0023,0.1016,0.5741,0.322
AU,2025-03,0.0025,0.1147,0.5221,0.3607
AU,2025-04,0.0013,0.1416,0.5302,0.327
AU,2025-05,0.0013,0.1687,0.4345,0.3954
AU,2025-06,0.004,0.1874,0.3737,0.4349
AU,2025-07,0.0071,0.14,0.3679,0.4849
AU,2025-08,0.0083,0.1348,0.4385,0.4184
AU,2025-09,0.0064,0.1203,0.4769,0.3964
AU,2025-10,0.0082,0.1164,0.5283,0.3471
AU,2025-11,0.0061,0.1012,0.5511,0.3417
AU,2025-12,0.0047,0.0915,0.5985,0.3053
AU,2026-01,0.0064,0.0919,0.5808,0.3208
AU,2026-02,0.0076,0.1076,0.5512,0.3336
AU,2026-03,0.0067,0.1227,0.5466,0.324
AU,2026-04,0.0036,0.1243,0.5102,0.3619
AU,2026-05,0.0025,0.1731,0.4,0.4244
AU,2026-06,0.009,0.1952,0.3372,0.4586
AU,2026-07,0.009,0.1952,0.3372,0.4586
AU,2026-08,0.009,0.1952,0.3372,0.4586
AW,2019-01,0,0,0.1765,0.8235
AW,2019-02,0,0,0.1765,0.8235
AW,2019-03,0,0,0.1765,0.8235
AW,2019-04,0,0,0.1765,0.8235
AW,2019-05,0,0,0.1765,0.8235
AW,2019-06,0,0,0.1765,0.8235
AW,2019-07,0,0,0.1765,0.8235
AW,2019-08,0,0,0.1765,0.8235
AW,2019-09,0,0,0.1765,0.8235
AW,2019-10,0,0,0.1765,0.8235
AW,2019-11,0,0,0.1765,0.8235
AW,2019-12,0,0,0.1765,0.8235
AW,2020-01,0,0,0.1765,0.8235
AW,2020-02,0,0,0.1765,0.8235
AW,2020-03,0,0,0.1765,0.8235
AW,2020-04,0,0,0.1765,0.8235
AW,2020-05,0,0,0.1765,0.8235
AW,2020-06,0,0,0.1765,0.8235
AW,2020-07,0,0,0.1765,0.8235
AW,2020-08,0,0,0.1765,0.8235
AW,2020-09,0,0,0.1765,0.8235
AW,2020-10,0,0,0.1765,0.8235
AW,2020-11,0,0,0.1765,0.8235
AW,2020-12,0,0,0.1765,0.8235
AW,2021-01,0,0,0.1765,0.8235
AW,2021-02,0,0,0.1765,0.8235
AW,2021-03,0,0,0.1765,0.8235
AW,2021-04,0,0,0.1765,0.8235
AW,2021-05,0,0,0.1765,0.8235
AW,2021-06,0,0,0.1765,0.8235
AW,2021-07,0,0,0.1765,0.8235
AW,2021-08,0,0,0.1765,0.8235
AW,2021-09,0,0,0.1765,0.8235
AW,2021-10,0,0,0.1765,0.8235
AW,2021-11,0,0,0.1765,0.8235
AW,2021-12,0,0,0.1765,0.8235
AW,2022-01,0,0,0.1765,0.8235
AW,2022-02,0,0,0.1765,0.8235
AW,2022-03,0,0,0.1765,0.8235
AW,2022-04,0,0,0.1765,0.8235
AW,2022-05,0,0,0.1765,0.8235
AW,2022-06,0,0,0.1765,0.8235
AW,2022-07,0,0,0.1765,0.8235
AW,2022-08,0,0,0.1765,0.8235
AW,2022-09,0,0,0.1765,0.8235
AW,2022-10,0,0,0.1765,0.8235
AW,2022-11,0,0,0.1765,0.8235
AW,2022-12,0,0,0.1765,0.8235
AW,2023-01,0,0,0.1765,0.8235
AW,2023-02,0,0,0.1765,0.8235
AW,2023-03,0,0,0.1765,0.8235
AW,2023-04,0,0,0.1765,0.8235
AW,2023-05,0,0,0.1765,0.8235
AW,2023-06,0,0,0.1765,0.8235
AW,2023-07,0,0,0.1765,0.8235
AW,2023-08,0,0,0.1765,0.8235
AW,2023-09,0,0,0.1765,0.8235
AW,2023-10,0,0,0.1765,0.8235
AW,2023-11,0,0,0.1765,0.8235
AW,2023-12,0,0,0.1765,0.8235
AW,2024-01,0,0,0.1765,0.8235
AW,2024-02,0,0,0.1765,0.8235
AW,2024-03,0,0,0.1765,0.8235
AW,2024-04,0,0,0.1765,0.8235
AW,2024-05,0,0,0.1765,0.8235
AW,2024-06,0,0,0.1765,0.8235
AW,2024-07,0,0,0.1765,0.8235
AW,2024-08,0,0,0.1765,0.8235
AW,2024-09,0,0,0.1765,0.8235
AW,2024-10,0,0,0.1765,0.8235
AW,2024-11,0,0,0.1765,0.8235
AW,2024-12,0,0,0.1765,0.8235
AW,2025-01,0,0,0.1765,0.8235
AW,2025-02,0,0,0.1765,0.8235
AW,2025-03,0,0,0.1765,0.8235
AW,2025-04,0,0,0.1765,0.8235
AW,2025-05,0,0,0.1765,0.8235
AW,2025-06,0,0,0.1765,0.8235
AW,2025-07,0,0,0.1765,0.8235
AW,2025-08,0,0,0.1765,0.8235
AW,2025-09,0,0,0.1765,0.8235
AW,2025-10,0,0,0.1765,0.8235
AW,2025-11,0,0,0.1765,0.8235
AW,2025-12,0,0,0.1765,0.8235
AW,2026-01,0,0,0.1765,0.8235
AW,2026-02,0,0,0.1765,0.8235
AW,2026-03,0,0,0.1765,0.8235
AW,2026-04,0,0,0.1765,0.8235
AW,2026-05,0,0,0.1765,0.8235
AW,2026-06,0,0,0.1765,0.8235
AW,2026-07,0,0,0.1765,0.8235
AW,2026-08,0,0,0.1765,0.8235
AZ,2019-01,0,1,0,0
AZ,2019-02,0,1,0,0
AZ,2019-03,0,1,0,0
AZ,2019-04,0,0.9616,0.0384,0
AZ,2019-05,0,1,0,0
AZ,2019-06,0,0.963,0.037,0
AZ,2019-07,0,0.9503,0.0497,0
AZ,2019-08,0,0.9501,0.0499,0
AZ,2019-09,0,1,0,0
AZ,2019-10,0,1,0,0
AZ,2019-11,0,1,0,0
AZ,2019-12,0,1,0,0
AZ,2020-01,0,1,0,0
AZ,2020-02,0,1,0,0
AZ,2020-03,0,1,0,0
AZ,2020-04,0,0.9472,0.0528,0
AZ,2020-05,0,0.9475,0.0525,0
AZ,2020-06,0,0.9543,0.0457,0
AZ,2020-07,0,0.916,0.084,0
AZ,2020-08,0,0.9091,0.0909,0
AZ,2020-09,0,0.9002,0.0998,0
AZ,2020-10,0,1,0,0
AZ,2020-11,0,1,0,0
AZ,2020-12,0,1,0,0
AZ,2021-01,0,1,0,0
AZ,2021-02,0,1,0,0
AZ,2021-03,0,1,0,0
AZ,2021-04,0,0.9549,0.0451,0
AZ,2021-05,0,0.9548,0.0452,0
AZ,2021-06,0,0.9598,0.0402,0
AZ,2021-07,0,0.8993,0.1007,0
AZ,2021-08,0,0.9003,0.0997,0
AZ,2021-09,0,1,0,0
AZ,2021-10,0,1,0,0
AZ,2021-11,0,1,0,0
AZ,2021-12,0,1,0,0
AZ,2022-01,0,0.9163,0.0837,0
AZ,2022-02,0,1,0,0
AZ,2022-03,0,1,0,0
AZ,2022-04,0,0.964,0.036,0
AZ,2022-05,0,0.9646,0.0354,0
AZ,2022-06,0,0.9686,0.0314,0
AZ,2022-07,0,0.9504,0.0496,0
AZ,2022-08,0,0.9506,0.0494,0
AZ,2022-09,0,0.9413,0.0587,0
AZ,2022-10,0,1,0,0
AZ,2022-11,0,1,0,0
AZ,2022-12,0,1,0,0
AZ,2023-01,0,0.9226,0.0774,0
AZ,2023-02,0,1,0,0
AZ,2023-03,0,1,0,0
AZ,2023-04,0,0.9612,0.0388,0
AZ,2023-05,0,0.9602,0.0398,0
AZ,2023-06,0.0061,0.9193,0.0567,0.0179
AZ,2023-07,0.0011,0.9381,0.0575,0.0032
AZ,2023-08,0,0.9551,0.0449,0
AZ,2023-09,0,0.9414,0.0586,0
AZ,2023-10,0,1,0,0
AZ,2023-11,0,1,0,0
AZ,2023-12,0,1,0,0
AZ,2024-01,0,0.9529,0.0471,0
AZ,2024-02,0,1,0,0
AZ,2024-03,0,0.9497,0.0503,0
AZ,2024-04,0,0.9792,0.0208,0
AZ,2024-05,0,0.9783,0.0217,0
AZ,2024-06,0,0.9814,0.0186,0
AZ,2024-07,0,0.8629,0.1371,0
AZ,2024-08,0,0.8637,0.1363,0
AZ,2024-09,0,0.8479,0.1521,0
AZ,2024-10,0,0.9091,0.0909,0
AZ,2024-11,0,0.9093,0.0907,0
AZ,2024-12,0,0.8886,0.1114,0
AZ,2025-01,0,0.879,0.121,0
AZ,2025-02,0,0.8786,0.1214,0
AZ,2025-03,0,0.8786,0.1214,0
AZ,2025-04,0,1,0,0
AZ,2025-05,0,1,0,0
AZ,2025-06,0,1,0,0
AZ,2025-07,0,1,0,0
AZ,2025-08,0,1,0,0
AZ,2025-09,0,1,0,0
AZ,2025-10,0,1,0,0
AZ,2025-11,0,1,0,0
AZ,2025-12,0,1,0,0
AZ,2026-01,0,0.6521,0.0652,0.2827
AZ,2026-02,0,0.6515,0.0696,0.2789
AZ,2026-03,0,0.659,0.0682,0.2728
AZ,2026-04,0,0.659,0.0682,0.2728
AZ,2026-05,0,0.659,0.0682,0.2728
AZ,2026-06,0,0.659,0.0682,0.2728
AZ,2026-07,0,0.659,0.0682,0.2728
AZ,2026-08,0,0.659,0.0682,0.2728
BA,2019-01,0,0.9501,0,0.0499
BA,2019-02,0,0.9575,0,0.0425
BA,2019-03,0,0.9564,0,0.0436
BA,2019-04,0,0.9783,0,0.0217
BA,2019-05,0,0.9816,0,0.0184
BA,2019-06,0,0.9863,0,0.0137
BA,2019-07,0,0.9698,0,0.0302
BA,2019-08,0,0.9715,0,0.0285
BA,2019-09,0,0.9676,0,0.0324
BA,2019-10,0,0.9737,0,0.0263
BA,2019-11,0,0.9661,0,0.0339
BA,2019-12,0,0.98,0,0.02
BA,2020-01,0,0.9816,0,0.0184
BA,2020-02,0,0.9475,0,0.0525
BA,2020-03,0,0.9615,0,0.0385
BA,2020-04,0,0.9547,0,0.0453
BA,2020-05,0,0.8748,0,0.1252
BA,2020-06,0,0.9598,0,0.0402
BA,2020-07,0,0.9644,0,0.0356
BA,2020-08,0,0.9602,0,0.0398
BA,2020-09,0,0.9668,0,0.0332
BA,2020-10,0,0.9763,0,0.0237
BA,2020-11,0,0.9773,0,0.0227
BA,2020-12,0,0.9824,0,0.0176
BA,2021-01,0,0.9767,0,0.0233
BA,2021-02,0,0.9782,0,0.0218
BA,2021-03,0,0.9572,0,0.0428
BA,2021-04,0,0.9601,0,0.0399
BA,2021-05,0,0.9642,0,0.0358
BA,2021-06,0,0.963,0,0.037
BA,2021-07,0,0.8799,0.04,0.08
BA,2021-08,0,0.88,0.0399,0.0802
BA,2021-09,0,0.9048,0,0.0952
BA,2021-10,0,0.8999,0,0.1001
BA,2021-11,0,0.9333,0,0.0667
BA,2021-12,0,0.9393,0,0.0607
BA,2022-01,0,0.931,0,0.069
BA,2022-02,0,0.913,0,0.087
BA,2022-03,0,0.8666,0.0223,0.1111
BA,2022-04,0,0.8979,0.0204,0.0817
BA,2022-05,0,0.9212,0.0263,0.0525
BA,2022-06,0,0.8752,0.0416,0.0832
BA,2022-07,0,0.7895,0.0525,0.158
BA,2022-08,0,0.9133,0.0433,0.0433
BA,2022-09,0,0.8947,0.0527,0.0527
BA,2022-10,0,0.9287,0.0357,0.0357
BA,2022-11,0,0.9666,0,0.0334
BA,2022-12,0,0.9797,0,0.0203
BA,2023-01,0,0.9455,0.0181,0.0364
BA,2023-02,0,0.9435,0.0188,0.0377
BA,2023-03,0,0.9538,0.0155,0.0308
BA,2023-04,0,0.9333,0.0222,0.0445
BA,2023-05,0,0.9524,0.0317,0.0159
BA,2023-06,0,0.9423,0.0386,0.0192
BA,2023-07,0,0.9211,0.0525,0.0264
BA,2023-08,0,0.9033,0.0646,0.0321
BA,2023-09,0,0.8637,0.0909,0.0454
BA,2023-10,0,0.92,0.04,0.04
BA,2023-11,0,0.9621,0.0189,0.0189
BA,2023-12,0,0.9682,0.0159,0.0159
BA,2024-01,0,0.9443,0.0186,0.037
BA,2024-02,0,0.9169,0.0416,0.0416
BA,2024-03,0,0.9298,0.0351,0.0351
BA,2024-04,0,0.8825,0.0882,0.0293
BA,2024-05,0,0.8518,0.1111,0.037
BA,2024-06,0,0.8462,0.1026,0.0513
BA,2024-07,0,0.8667,0.1,0.0333
BA,2024-08,0,0.7914,0.1668,0.0418
BA,2024-09,0,0.8001,0.1499,0.05
BA,2024-10,0,0.8918,0.0811,0.0271
BA,2024-11,0,0.9091,0.0606,0.0303
BA,2024-12,0,0.9348,0.0217,0.0434
BA,2025-01,0,0.9362,0.0212,0.0426
BA,2025-02,0,0.9167,0.0556,0.0278
BA,2025-03,0,0.9038,0.0577,0.0385
BA,2025-04,0,0.8572,0.0953,0.0475
BA,2025-05,0,0.8065,0.1612,0.0323
BA,2025-06,0,0.75,0.2187,0.0313
BA,2025-07,0,0.7575,0.2121,0.0304
BA,2025-08,0,0.7585,0.207,0.0345
BA,2025-09,0,0.7084,0.2498,0.0418
BA,2025-10,0,0.7931,0.1378,0.0691
BA,2025-11,0,0.8889,0.0667,0.0444
BA,2025-12,0,0.9259,0.0555,0.0186
BA,2026-01,0,0.9383,0.0308,0.0308
BA,2026-02,0,0.9403,0.0299,0.0299
BA,2026-03,0,0.9138,0.069,0.0172
BA,2026-04,0,0.8367,0.1225,0.0408
BA,2026-05,0,0.7647,0.2059,0.0293
BA,2026-06,0,0.7941,0.2059,0
BA,2026-07,0,0.7941,0.2059,0
BA,2026-08,0,0.7941,0.2059,0
BB,2019-01,0,0,1,0
BB,2019-02,0,0,1,0
BB,2019-03,0,0,1,0
BB,2019-04,0,0,1,0
BB,2019-05,0,0,1,0
BB,2019-06,0,0,1,0
BB,2019-07,0,0,1,0
BB,2019-08,0,0,1,0
BB,2019-09,0,0,1,0
BB,2019-10,0,0,1,0
BB,2019-11,0,0,1,0
BB,2019-12,0,0,1,0
BB,2020-01,0,0,1,0
BB,2020-02,0,0,1,0
BB,2020-03,0,0,1,0
BB,2020-04,0,0,1,0
BB,2020-05,0,0,1,0
BB,2020-06,0,0,1,0
BB,2020-07,0,0,1,0
BB,2020-08,0,0,1,0
BB,2020-09,0,0,1,0
BB,2020-10,0,0,1,0
BB,2020-11,0,0,1,0
BB,2020-12,0,0,1,0
BB,2021-01,0,0,1,0
BB,2021-02,0,0,1,0
BB,2021-03,0,0,1,0
BB,2021-04,0,0,1,0
BB,2021-05,0,0,1,0
BB,2021-06,0,0,1,0
BB,2021-07,0,0,1,0
BB,2021-08,0,0,1,0
BB,2021-09,0,0,1,0
BB,2021-10,0,0,1,0
BB,2021-11,0,0,1,0
BB,2021-12,0,0,1,0
BB,2022-01,0,0,1,0
BB,2022-02,0,0,1,0
BB,2022-03,0,0,1,0
BB,2022-04,0,0,1,0
BB,2022-05,0,0,1,0
BB,2022-06,0,0,1,0
BB,2022-07,0,0,1,0
BB,2022-08,0,0,1,0
BB,2022-09,0,0,1,0
BB,2022-10,0,0,1,0
BB,2022-11,0,0,1,0
BB,2022-12,0,0,1,0
BB,2023-01,0,0,1,0
BB,2023-02,0,0,1,0
BB,2023-03,0,0,1,0
BB,2023-04,0,0,1,0
BB,2023-05,0,0,1,0
BB,2023-06,0,0,1,0
BB,2023-07,0,0,1,0
BB,2023-08,0,0,1,0
BB,2023-09,0,0,1,0
BB,2023-10,0,0,1,0
BB,2023-11,0,0,1,0
BB,2023-12,0,0,1,0
BB,2024-01,0,0,1,0
BB,2024-02,0,0,1,0
BB,2024-03,0,0,1,0
BB,2024-04,0,0,1,0
BB,2024-05,0,0,1,0
BB,2024-06,0,0,1,0
BB,2024-07,0,0,1,0
BB,2024-08,0,0,1,0
BB,2024-09,0,0,1,0
BB,2024-10,0,0,1,0
BB,2024-11,0,0,1,0
BB,2024-12,0,0,1,0
BB,2025-01,0,0,1,0
BB,2025-02,0,0,1,0
BB,2025-03,0,0,1,0
BB,2025-04,0,0,1,0
BB,2025-05,0,0,1,0
BB,2025-06,0,0,1,0
BB,2025-07,0,0,1,0
BB,2025-08,0,0,1,0
BB,2025-09,0,0,1,0
BB,2025-10,0,0,1,0
BB,2025-11,0,0,1,0
BB,2025-12,0,0,1,0
BB,2026-01,0,0,1,0
BB,2026-02,0,0,1,0
BB,2026-03,0,0,1,0
BB,2026-04,0,0,1,0
BB,2026-05,0,0,1,0
BB,2026-06,0,0,1,0
BB,2026-07,0,0,1,0
BB,2026-08,0,0,1,0
BD,2019-01,0.0639,0.6519,0.1537,0.1305
BD,2019-02,0.0638,0.7022,0.0868,0.1472
BD,2019-03,0.0565,0.6803,0.1088,0.1544
BD,2019-04,0.0499,0.6831,0.1143,0.1527
BD,2019-05,0.0501,0.6399,0.1319,0.1781
BD,2019-06,0.0471,0.7008,0.1146,0.1375
BD,2019-07,0.036,0.7973,0.0781,0.0887
BD,2019-08,0.0314,0.826,0.0691,0.0735
BD,2019-09,0.0328,0.8153,0.0762,0.0757
BD,2019-10,0.0405,0.761,0.0901,0.1084
BD,2019-11,0.0428,0.6948,0.1372,0.1252
BD,2019-12,0.0469,0.7664,0.0666,0.1202
BD,2020-01,0.065,0.691,0.1013,0.1427
BD,2020-02,0.0518,0.669,0.1638,0.1153
BD,2020-03,0.0497,0.6238,0.1696,0.1568
BD,2020-04,0.0574,0.5525,0.2241,0.1659
BD,2020-05,0.0482,0.5804,0.2179,0.1536
BD,2020-06,0.0446,0.7195,0.1083,0.1276
BD,2020-07,0.0397,0.7791,0.0896,0.0917
BD,2020-08,0.0424,0.7661,0.0963,0.0952
BD,2020-09,0.0476,0.7342,0.1135,0.1047
BD,2020-10,0.0378,0.7291,0.1213,0.1118
BD,2020-11,0.0444,0.7611,0.0757,0.1187
BD,2020-12,0.0688,0.6692,0.0956,0.1664
BD,2021-01,0.0737,0.5253,0.1885,0.2126
BD,2021-02,0.0625,0.523,0.2318,0.1827
BD,2021-03,0.0599,0.5339,0.2305,0.1758
BD,2021-04,0.0588,0.5223,0.2307,0.1882
BD,2021-05,0.0572,0.4997,0.2339,0.2091
BD,2021-06,0.0557,0.5526,0.2289,0.1628
BD,2021-07,0.0469,0.6506,0.1811,0.1214
BD,2021-08,0.0385,0.6772,0.1978,0.0865
BD,2021-09,0.0369,0.7163,0.1548,0.0919
BD,2021-10,0.0369,0.6934,0.1543,0.1153
BD,2021-11,0.0469,0.6144,0.1868,0.152
BD,2021-12,0.0583,0.5558,0.2178,0.1681
BD,2022-01,0.0585,0.5622,0.2426,0.1367
BD,2022-02,0.0704,0.4643,0.2986,0.1666
BD,2022-03,0.0583,0.4484,0.2972,0.1961
BD,2022-04,0.0501,0.4839,0.2749,0.1912
BD,2022-05,0.0477,0.5071,0.2521,0.1931
BD,2022-06,0.044,0.5807,0.2267,0.1486
BD,2022-07,0.0414,0.6252,0.2317,0.1016
BD,2022-08,0.0471,0.6209,0.2284,0.1036
BD,2022-09,0.0453,0.6194,0.2181,0.1172
BD,2022-10,0.0423,0.5916,0.226,0.1401
BD,2022-11,0.0534,0.524,0.2592,0.1634
BD,2022-12,0.0711,0.4368,0.2676,0.2244
BD,2023-01,0.075,0.3892,0.3019,0.2339
BD,2023-02,0.0686,0.3742,0.3422,0.2151
BD,2023-03,0.0413,0.2247,0.6017,0.1323
BD,2023-04,0.059,0.3099,0.3858,0.2453
BD,2023-05,0.0572,0.3455,0.3748,0.2225
BD,2023-06,0.0581,0.4623,0.3079,0.1716
BD,2023-07,0.0516,0.4914,0.3119,0.1451
BD,2023-08,0.0373,0.5977,0.2575,0.1075
BD,2023-09,0.0358,0.616,0.2538,0.0944
BD,2023-10,0.0352,0.5681,0.2904,0.1063
BD,2023-11,0.0426,0.4506,0.3376,0.1692
BD,2023-12,0.0523,0.4295,0.3432,0.175
BD,2024-01,0.054,0.4173,0.3215,0.2072
BD,2024-02,0.0553,0.3156,0.4161,0.2131
BD,2024-03,0.0517,0.2575,0.463,0.2278
BD,2024-04,0.0426,0.2787,0.4806,0.1981
BD,2024-05,0.0373,0.3243,0.4563,0.1821
BD,2024-06,0.0339,0.4873,0.3333,0.1455
BD,2024-07,0.0407,0.5257,0.279,0.1546
BD,2024-08,0.0418,0.5637,0.2841,0.1103
BD,2024-09,0.0419,0.5122,0.2942,0.1516
BD,2024-10,0.0439,0.484,0.3076,0.1645
BD,2024-11,0.0487,0.3895,0.3808,0.1809
BD,2024-12,0.0523,0.2803,0.4584,0.2091
BD,2025-01,0.0632,0.2332,0.4674,0.2362
BD,2025-02,0.0565,0.2205,0.5055,0.2175
BD,2025-03,0.0527,0.2212,0.487,0.2391
BD,2025-04,0.0453,0.2252,0.5123,0.2172
BD,2025-05,0.0427,0.3134,0.432,0.2119
BD,2025-06,0.0349,0.4504,0.3654,0.1493
BD,2025-07,0.0392,0.4765,0.3413,0.1429
BD,2025-08,0.0386,0.4907,0.3488,0.1219
BD,2025-09,0.0355,0.5072,0.3402,0.1171
BD,2025-10,0.0398,0.4925,0.3294,0.1384
BD,2025-11,0.0451,0.3513,0.3889,0.2146
BD,2025-12,0.0584,0.2981,0.4094,0.2342
BD,2026-01,0.0542,0.2821,0.4268,0.237
BD,2026-02,0.0518,0.2752,0.4465,0.2265
BD,2026-03,0.0502,0.3109,0.4494,0.1895
BD,2026-04,0.0431,0.2829,0.4623,0.2117
BD,2026-05,0.0391,0.3091,0.4526,0.1992
BD,2026-06,0.0391,0.3091,0.4526,0.1992
BD,2026-07,0.0391,0.3091,0.4526,0.1992
BD,2026-08,0.0391,0.3091,0.4526,0.1992
BE,2019-01,0.2176,0.0987,0.0517,0.632
BE,2019-02,0.1795,0.0995,0.1672,0.5539
BE,2019-03,0.1026,0.0444,0.1718,0.6812
BE,2019-04,0.0784,0.0165,0.3984,0.5067
BE,2019-05,0.0881,0.0335,0.4276,0.4507
BE,2019-06,0.1824,0.0272,0.3791,0.4114
BE,2019-07,0.2123,0,0.4246,0.3631
BE,2019-08,0.1705,0,0.341,0.4885
BE,2019-09,0.1753,0,0.2751,0.5496
BE,2019-10,0.1462,0.008,0.1629,0.6829
BE,2019-11,0.2328,0.0172,0.1036,0.6464
BE,2019-12,0.1586,0.0138,0.0483,0.7793
BE,2020-01,0.1722,0.0454,0.0537,0.7287
BE,2020-02,0.0581,0.02,0.0803,0.8416
BE,2020-03,0.1236,0.0114,0.2192,0.6458
BE,2020-04,0.1488,0.0142,0.4114,0.4256
BE,2020-05,0.1401,0.0062,0.4146,0.4391
BE,2020-06,0.1622,0.0291,0.4067,0.402
BE,2020-07,0.1642,0,0.3928,0.443
BE,2020-08,0.1628,0.0517,0.3523,0.4333
BE,2020-09,0.152,0.0217,0.3027,0.5237
BE,2020-10,0.0339,0.0431,0.1063,0.8167
BE,2020-11,0.1421,0.0071,0.092,0.7588
BE,2020-12,0.1386,0.0124,0.0441,0.805
BE,2021-01,0.1417,0.0204,0.0607,0.7772
BE,2021-02,0.09,0.0178,0.1257,0.7665
BE,2021-03,0.1143,0.0172,0.2514,0.6171
BE,2021-04,0.1131,0.0127,0.3773,0.497
BE,2021-05,0.0484,0.0121,0.3795,0.56
BE,2021-06,0.138,0.0082,0.5285,0.3253
BE,2021-07,0.1333,0.0131,0.4003,0.4533
BE,2021-08,0.1306,0.0129,0.3398,0.5167
BE,2021-09,0.1427,0.0538,0.3715,0.4321
BE,2021-10,0.1087,0.0107,0.1467,0.7339
BE,2021-11,0.1623,0.0161,0.1059,0.7156
BE,2021-12,0.1448,0,0.0397,0.8155
BE,2022-01,0.142,0,0.0746,0.7834
BE,2022-02,0.0494,0,0.1089,0.8416
BE,2022-03,0.1218,0.0135,0.3784,0.4863
BE,2022-04,0.0906,0.0105,0.3776,0.5213
BE,2022-05,0.0591,0.0059,0.5266,0.4084
BE,2022-06,0.1188,0.0093,0.5157,0.3563
BE,2022-07,0.1282,0,0.5731,0.2987
BE,2022-08,0.1209,0,0.5478,0.3314
BE,2022-09,0.1196,0,0.3804,0.5
BE,2022-10,0.0831,0,0.2561,0.6608
BE,2022-11,0.0865,0.0055,0.1082,0.7998
BE,2022-12,0.0947,0.0068,0.0675,0.8311
BE,2023-01,0.0808,0.0141,0.062,0.843
BE,2023-02,0.1134,0.0125,0.2012,0.6729
BE,2023-03,0.0333,0.0142,0.2227,0.7298
BE,2023-04,0.0324,0.0605,0.3991,0.5081
BE,2023-05,0.0267,0.0715,0.5009,0.4009
BE,2023-06,0.0223,0.0166,0.6036,0.3574
BE,2023-07,0.0279,0,0.4232,0.5489
BE,2023-08,0.0313,0.0241,0.4979,0.4467
BE,2023-09,0.0748,0.0879,0.444,0.3933
BE,2023-10,0.037,0.0629,0.2159,0.6842
BE,2023-11,0.0297,0.0592,0.0964,0.8147
BE,2023-12,0.0262,0.0407,0.051,0.8821
BE,2024-01,0.0304,0.0618,0.1124,0.7954
BE,2024-02,0.0247,0.0643,0.1269,0.7841
BE,2024-03,0.0439,0.1121,0.3053,0.5387
BE,2024-04,0.0307,0.0715,0.3337,0.5641
BE,2024-05,0.0403,0.1057,0.5104,0.3437
BE,2024-06,0.0282,0.0496,0.5791,0.3432
BE,2024-07,0.0303,0.022,0.5892,0.3586
BE,2024-08,0.03,0.0299,0.5578,0.3823
BE,2024-09,0.045,0.0983,0.3923,0.4645
BE,2024-10,0.0496,0.1557,0.307,0.4877
BE,2024-11,0.0605,0.125,0.1434,0.671
BE,2024-12,0.0396,0.0735,0.0721,0.8148
BE,2025-01,0.0761,0.1287,0.1288,0.6665
BE,2025-02,0.0761,0.0827,0.2714,0.5698
BE,2025-03,0.0692,0.0784,0.5097,0.3428
BE,2025-04,0.0556,0.0813,0.5383,0.3248
BE,2025-05,0.0542,0.0645,0.5012,0.3801
BE,2025-06,0.071,0.0567,0.5009,0.3714
BE,2025-07,0.0797,0.083,0.5488,0.2885
BE,2025-08,0.0855,0.0713,0.5322,0.311
BE,2025-09,0.1083,0.0659,0.3619,0.4639
BE,2025-10,0.104,0.0903,0.2166,0.5891
BE,2025-11,0.0874,0.0818,0.1512,0.6795
BE,2025-12,0.0874,0.0968,0.1101,0.7057
BE,2026-01,0.1025,0.102,0.1242,0.6713
BE,2026-02,0.0807,0.1112,0.1742,0.634
BE,2026-03,0.068,0.105,0.384,0.443
BE,2026-04,0.0619,0.1316,0.4606,0.346
BE,2026-05,0.0658,0.1605,0.4976,0.2761
BE,2026-06,0.0507,0.1214,0.5004,0.3276
BE,2026-07,0.0507,0.1214,0.5004,0.3276
BE,2026-08,0.0507,0.1214,0.5004,0.3276
BF,2019-01,0.1338,0.5964,0.2192,0.0506
BF,2019-02,0.1338,0.5964,0.2192,0.0506
BF,2019-03,0.1338,0.5964,0.2192,0.0506
BF,2019-04,0.1338,0.5964,0.2192,0.0506
BF,2019-05,0.1338,0.5964,0.2192,0.0506
BF,2019-06,0.1338,0.5964,0.2192,0.0506
BF,2019-07,0.1338,0.5964,0.2192,0.0506
BF,2019-08,0.1338,0.5964,0.2192,0.0506
BF,2019-09,0.1338,0.5964,0.2192,0.0506
BF,2019-10,0.1338,0.5964,0.2192,0.0506
BF,2019-11,0.1338,0.5964,0.2192,0.0506
BF,2019-12,0.1338,0.5964,0.2192,0.0506
BF,2020-01,0.1338,0.5964,0.2192,0.0506
BF,2020-02,0.1338,0.5964,0.2192,0.0506
BF,2020-03,0.1338,0.5964,0.2192,0.0506
BF,2020-04,0.1338,0.5964,0.2192,0.0506
BF,2020-05,0.1338,0.5964,0.2192,0.0506
BF,2020-06,0.1338,0.5964,0.2192,0.0506
BF,2020-07,0.1338,0.5964,0.2192,0.0506
BF,2020-08,0.1338,0.5964,0.2192,0.0506
BF,2020-09,0.1338,0.5964,0.2192,0.0506
BF,2020-10,0.1338,0.5964,0.2192,0.0506
BF,2020-11,0.1338,0.5964,0.2192,0.0506
BF,2020-12,0.1338,0.5964,0.2192,0.0506
BF,2021-01,0.1338,0.5964,0.2192,0.0506
BF,2021-02,0.1338,0.5964,0.2192,0.0506
BF,2021-03,0.1338,0.5964,0.2192,0.0506
BF,2021-04,0.1338,0.5964,0.2192,0.0506
BF,2021-05,0.1338,0.5964,0.2192,0.0506
BF,2021-06,0.1338,0.5964,0.2192,0.0506
BF,2021-07,0.1338,0.5964,0.2192,0.0506
BF,2021-08,0.1338,0.5964,0.2192,0.0506
BF,2021-09,0.1338,0.5964,0.2192,0.0506
BF,2021-10,0.1338,0.5964,0.2192,0.0506
BF,2021-11,0.1338,0.5964,0.2192,0.0506
BF,2021-12,0.1338,0.5964,0.2192,0.0506
BF,2022-01,0.1338,0.5964,0.2192,0.0506
BF,2022-02,0.1338,0.5964,0.2192,0.0506
BF,2022-03,0.1338,0.5964,0.2192,0.0506
BF,2022-04,0.1338,0.5964,0.2192,0.0506
BF,2022-05,0.1338,0.5964,0.2192,0.0506
BF,2022-06,0.1338,0.5964,0.2192,0.0506
BF,2022-07,0.1338,0.5964,0.2192,0.0506
BF,2022-08,0.1338,0.5964,0.2192,0.0506
BF,2022-09,0.1338,0.5964,0.2192,0.0506
BF,2022-10,0.1338,0.5964,0.2192,0.0506
BF,2022-11,0.1338,0.5964,0.2192,0.0506
BF,2022-12,0.1338,0.5964,0.2192,0.0506
BF,2023-01,0.1338,0.5964,0.2192,0.0506
BF,2023-02,0.1338,0.5964,0.2192,0.0506
BF,2023-03,0.1338,0.5964,0.2192,0.0506
BF,2023-04,0.1338,0.5964,0.2192,0.0506
BF,2023-05,0.1338,0.5964,0.2192,0.0506
BF,2023-06,0.1338,0.5964,0.2192,0.0506
BF,2023-07,0.1338,0.5964,0.2192,0.0506
BF,2023-08,0.1338,0.5964,0.2192,0.0506
BF,2023-09,0.1338,0.5964,0.2192,0.0506
BF,2023-10,0.1338,0.5964,0.2192,0.0506
BF,2023-11,0.1338,0.5964,0.2192,0.0506
BF,2023-12,0.1338,0.5964,0.2192,0.0506
BF,2024-01,0.1338,0.5964,0.2192,0.0506
BF,2024-02,0.1338,0.5964,0.2192,0.0506
BF,2024-03,0.1338,0.5964,0.2192,0.0506
BF,2024-04,0.1338,0.5964,0.2192,0.0506
BF,2024-05,0.1338,0.5964,0.2192,0.0506
BF,2024-06,0.1338,0.5964,0.2192,0.0506
BF,2024-07,0.1338,0.5964,0.2192,0.0506
BF,2024-08,0.1338,0.5964,0.2192,0.0506
BF,2024-09,0.1338,0.5964,0.2192,0.0506
BF,2024-10,0.1338,0.5964,0.2192,0.0506
BF,2024-11,0.1338,0.5964,0.2192,0.0506
BF,2024-12,0.1338,0.5964,0.2192,0.0506
BF,2025-01,0.1338,0.5964,0.2192,0.0506
BF,2025-02,0.1338,0.5964,0.2192,0.0506
BF,2025-03,0.1338,0.5964,0.2192,0.0506
BF,2025-04,0.1338,0.5964,0.2192,0.0506
BF,2025-05,0.1338,0.5964,0.2192,0.0506
BF,2025-06,0.1338,0.5964,0.2192,0.0506
BF,2025-07,0.1338,0.5964,0.2192,0.0506
BF,2025-08,0.1338,0.5964,0.2192,0.0506
BF,2025-09,0.1338,0.5964,0.2192,0.0506
BF,2025-10,0.1338,0.5964,0.2192,0.0506
BF,2025-11,0.1338,0.5964,0.2192,0.0506
BF,2025-12,0.1338,0.5964,0.2192,0.0506
BF,2026-01,0.1338,0.5964,0.2192,0.0506
BF,2026-02,0.1338,0.5964,0.2192,0.0506
BF,2026-03,0.1338,0.5964,0.2192,0.0506
BF,2026-04,0.1338,0.5964,0.2192,0.0506
BF,2026-05,0.1338,0.5964,0.2192,0.0506
BF,2026-06,0.1338,0.5964,0.2192,0.0506
BF,2026-07,0.1338,0.5964,0.2192,0.0506
BF,2026-08,0.1338,0.5964,0.2192,0.0506
BG,2019-01,0.0499,0.5255,0.0999,0.3246
BG,2019-02,0.0359,0.5176,0.1428,0.3038
BG,2019-03,0.0393,0.4508,0.2549,0.2549
BG,2019-04,0.0436,0.5218,0.2609,0.1737
BG,2019-05,0.0327,0.5901,0.2296,0.1475
BG,2019-06,0.0285,0.6428,0.2144,0.1143
BG,2019-07,0.0417,0.5208,0.3124,0.1251
BG,2019-08,0.041,0.4693,0.3265,0.1633
BG,2019-09,0.0555,0.3614,0.3614,0.2218
BG,2019-10,0.0621,0.4068,0.3437,0.1874
BG,2019-11,0.0278,0.4443,0.1392,0.3887
BG,2019-12,0.0464,0.4652,0.1393,0.3491
BG,2020-01,0.0603,0.2524,0.2117,0.4757
BG,2020-02,0.0513,0.2821,0.2308,0.4359
BG,2020-03,0.0323,0.4997,0.1775,0.2905
BG,2020-04,0.0279,0.5971,0.2083,0.1667
BG,2020-05,0.0285,0.5858,0.2144,0.1712
BG,2020-06,0.0327,0.6066,0.246,0.1146
BG,2020-07,0.0356,0.5178,0.3215,0.1251
BG,2020-08,0.0423,0.4681,0.3405,0.1491
BG,2020-09,0.0473,0.3814,0.357,0.2143
BG,2020-10,0.0523,0.4212,0.2894,0.2371
BG,2020-11,0.0512,0.4874,0.1795,0.2819
BG,2020-12,0.0487,0.5126,0.0731,0.3655
BG,2021-01,0.0266,0.6668,0.0798,0.2267
BG,2021-02,0.0273,0.6713,0.1235,0.178
BG,2021-03,0.0255,0.6412,0.1412,0.1921
BG,2021-04,0.0239,0.7112,0.1685,0.0964
BG,2021-05,0.0232,0.6779,0.1838,0.1151
BG,2021-06,0.0264,0.6577,0.1973,0.1186
BG,2021-07,0.033,0.5243,0.3113,0.1314
BG,2021-08,0.0408,0.4696,0.3672,0.1224
BG,2021-09,0.0453,0.4542,0.2956,0.2049
BG,2021-10,0.0401,0.5204,0.1997,0.2398
BG,2021-11,0.0231,0.5457,0.1588,0.2724
BG,2021-12,0.0277,0.639,0.0692,0.2642
BG,2022-01,0.0268,0.5602,0.1198,0.2932
BG,2022-02,0.0373,0.5182,0.1849,0.2595
BG,2022-03,0.0277,0.528,0.1803,0.264
BG,2022-04,0.0298,0.5377,0.2388,0.1938
BG,2022-05,0.0291,0.5796,0.2898,0.1015
BG,2022-06,0.0281,0.6056,0.2534,0.1129
BG,2022-07,0.0331,0.5172,0.3333,0.1164
BG,2022-08,0.0343,0.5,0.3102,0.1555
BG,2022-09,0.0442,0.4224,0.3331,0.2003
BG,2022-10,0.0432,0.4784,0.3043,0.1741
BG,2022-11,0.0458,0.5,0.1813,0.2729
BG,2022-12,0.0454,0.5913,0.1135,0.2498
BG,2023-01,0.0412,0.4897,0.1226,0.3465
BG,2023-02,0.0349,0.4209,0.2457,0.2984
BG,2023-03,0.0401,0.4,0.3599,0.2
BG,2023-04,0.0165,0.459,0.328,0.1965
BG,2023-05,0.0177,0.5084,0.3314,0.1425
BG,2023-06,0.021,0.537,0.3788,0.0631
BG,2023-07,0.0239,0.3571,0.5,0.119
BG,2023-08,0.0129,0.3078,0.5513,0.128
BG,2023-09,0.0151,0.2088,0.5673,0.2088
BG,2023-10,0.0351,0.2106,0.5612,0.1931
BG,2023-11,0.0199,0.3784,0.3115,0.2902
BG,2023-12,0.0188,0.3701,0.2965,0.3146
BG,2024-01,0.0256,0.3673,0.2752,0.3319
BG,2024-02,0.0174,0.3402,0.3975,0.2449
BG,2024-03,0.0142,0.3802,0.4646,0.141
BG,2024-04,0.0103,0.3979,0.4592,0.1325
BG,2024-05,0.0106,0.4675,0.4351,0.0868
BG,2024-06,0.0139,0.3738,0.5405,0.0718
BG,2024-07,0.0198,0.2871,0.6039,0.0892
BG,2024-08,0.011,0.2419,0.6593,0.0878
BG,2024-09,0.0139,0.1832,0.6619,0.141
BG,2024-10,0.0151,0.1342,0.7166,0.1342
BG,2024-11,0.0354,0.2525,0.4323,0.2798
BG,2024-12,0.0257,0.2312,0.3683,0.3748
BG,2025-01,0.0168,0.2713,0.4916,0.2204
BG,2025-02,0.0138,0.2961,0.4931,0.197
BG,2025-03,0.0128,0.2209,0.6104,0.1558
BG,2025-04,0.0115,0.2872,0.5978,0.1034
BG,2025-05,0.0108,0.3184,0.5883,0.0825
BG,2025-06,0.0087,0.2281,0.7019,0.0614
BG,2025-07,0.008,0.1936,0.7421,0.0564
BG,2025-08,0.0098,0.2178,0.703,0.0694
BG,2025-09,0.0126,0.1,0.7748,0.1126
BG,2025-10,0.016,0.2185,0.6019,0.1636
BG,2025-11,0.0294,0.3652,0.3702,0.2352
BG,2025-12,0.0189,0.4136,0.3701,0.1974
BG,2026-01,0.0183,0.4609,0.3046,0.2162
BG,2026-02,0.0169,0.534,0.2805,0.1687
BG,2026-03,0.009,0.4106,0.4822,0.0982
BG,2026-04,0.0088,0.3947,0.5175,0.079
BG,2026-05,0.007,0.3381,0.5775,0.0774
BG,2026-06,0.0066,0.3487,0.6118,0.0329
BG,2026-07,0.0066,0.3487,0.6118,0.0329
BG,2026-08,0.0066,0.3487,0.6118,0.0329
BH,2019-01,0.0007,0.1088,0.8857,0.0048
BH,2019-02,0.0007,0.1088,0.8857,0.0048
BH,2019-03,0.0007,0.1088,0.8857,0.0048
BH,2019-04,0.0007,0.1088,0.8857,0.0048
BH,2019-05,0.0007,0.1088,0.8857,0.0048
BH,2019-06,0.0007,0.1088,0.8857,0.0048
BH,2019-07,0.0007,0.1088,0.8857,0.0048
BH,2019-08,0.0007,0.1088,0.8857,0.0048
BH,2019-09,0.0007,0.1088,0.8857,0.0048
BH,2019-10,0.0007,0.1088,0.8857,0.0048
BH,2019-11,0.0007,0.1088,0.8857,0.0048
BH,2019-12,0.0007,0.1088,0.8857,0.0048
BH,2020-01,0.0007,0.1088,0.8857,0.0048
BH,2020-02,0.0007,0.1088,0.8857,0.0048
BH,2020-03,0.0007,0.1088,0.8857,0.0048
BH,2020-04,0.0007,0.1088,0.8857,0.0048
BH,2020-05,0.0007,0.1088,0.8857,0.0048
BH,2020-06,0.0007,0.1088,0.8857,0.0048
BH,2020-07,0.0007,0.1088,0.8857,0.0048
BH,2020-08,0.0007,0.1088,0.8857,0.0048
BH,2020-09,0.0007,0.1088,0.8857,0.0048
BH,2020-10,0.0007,0.1088,0.8857,0.0048
BH,2020-11,0.0007,0.1088,0.8857,0.0048
BH,2020-12,0.0007,0.1088,0.8857,0.0048
BH,2021-01,0.0007,0.1088,0.8857,0.0048
BH,2021-02,0.0007,0.1088,0.8857,0.0048
BH,2021-03,0.0007,0.1088,0.8857,0.0048
BH,2021-04,0.0007,0.1088,0.8857,0.0048
BH,2021-05,0.0007,0.1088,0.8857,0.0048
BH,2021-06,0.0007,0.1088,0.8857,0.0048
BH,2021-07,0.0007,0.1088,0.8857,0.0048
BH,2021-08,0.0007,0.1088,0.8857,0.0048
BH,2021-09,0.0007,0.1088,0.8857,0.0048
BH,2021-10,0.0007,0.1088,0.8857,0.0048
BH,2021-11,0.0007,0.1088,0.8857,0.0048
BH,2021-12,0.0007,0.1088,0.8857,0.0048
BH,2022-01,0.0007,0.1088,0.8857,0.0048
BH,2022-02,0.0007,0.1088,0.8857,0.0048
BH,2022-03,0.0007,0.1088,0.8857,0.0048
BH,2022-04,0.0007,0.1088,0.8857,0.0048
BH,2022-05,0.0007,0.1088,0.8857,0.0048
BH,2022-06,0.0007,0.1088,0.8857,0.0048
BH,2022-07,0.0007,0.1088,0.8857,0.0048
BH,2022-08,0.0007,0.1088,0.8857,0.0048
BH,2022-09,0.0007,0.1088,0.8857,0.0048
BH,2022-10,0.0007,0.1088,0.8857,0.0048
BH,2022-11,0.0007,0.1088,0.8857,0.0048
BH,2022-12,0.0007,0.1088,0.8857,0.0048
BH,2023-01,0.0007,0.1088,0.8857,0.0048
BH,2023-02,0.0007,0.1088,0.8857,0.0048
BH,2023-03,0.0007,0.1088,0.8857,0.0048
BH,2023-04,0.0007,0.1088,0.8857,0.0048
BH,2023-05,0.0007,0.1088,0.8857,0.0048
BH,2023-06,0.0007,0.1088,0.8857,0.0048
BH,2023-07,0.0007,0.1088,0.8857,0.0048
BH,2023-08,0.0007,0.1088,0.8857,0.0048
BH,2023-09,0.0007,0.1088,0.8857,0.0048
BH,2023-10,0.0007,0.1088,0.8857,0.0048
BH,2023-11,0.0007,0.1088,0.8857,0.0048
BH,2023-12,0.0007,0.1088,0.8857,0.0048
BH,2024-01,0.0007,0.1088,0.8857,0.0048
BH,2024-02,0.0007,0.1088,0.8857,0.0048
BH,2024-03,0.0007,0.1088,0.8857,0.0048
BH,2024-04,0.0007,0.1088,0.8857,0.0048
BH,2024-05,0.0007,0.1088,0.8857,0.0048
BH,2024-06,0.0007,0.1088,0.8857,0.0048
BH,2024-07,0.0007,0.1088,0.8857,0.0048
BH,2024-08,0.0007,0.1088,0.8857,0.0048
BH,2024-09,0.0007,0.1088,0.8857,0.0048
BH,2024-10,0.0007,0.1088,0.8857,0.0048
BH,2024-11,0.0007,0.1088,0.8857,0.0048
BH,2024-12,0.0007,0.1088,0.8857,0.0048
BH,2025-01,0.0007,0.1088,0.8857,0.0048
BH,2025-02,0.0007,0.1088,0.8857,0.0048
BH,2025-03,0.0007,0.1088,0.8857,0.0048
BH,2025-04,0.0007,0.1088,0.8857,0.0048
BH,2025-05,0.0007,0.1088,0.8857,0.0048
BH,2025-06,0.0007,0.1088,0.8857,0.0048
BH,2025-07,0.0007,0.1088,0.8857,0.0048
BH,2025-08,0.0007,0.1088,0.8857,0.0048
BH,2025-09,0.0007,0.1088,0.8857,0.0048
BH,2025-10,0.0007,0.1088,0.8857,0.0048
BH,2025-11,0.0007,0.1088,0.8857,0.0048
BH,2025-12,0.0007,0.1088,0.8857,0.0048
BH,2026-01,0.0007,0.1088,0.8857,0.0048
BH,2026-02,0.0007,0.1088,0.8857,0.0048
BH,2026-03,0.0007,0.1088,0.8857,0.0048
BH,2026-04,0.0007,0.1088,0.8857,0.0048
BH,2026-05,0.0007,0.1088,0.8857,0.0048
BH,2026-06,0.0007,0.1088,0.8857,0.0048
BH,2026-07,0.0007,0.1088,0.8857,0.0048
BH,2026-08,0.0007,0.1088,0.8857,0.0048
BI,2019-01,0.0356,0.9522,0.0046,0.0077
BI,2019-02,0.0356,0.9522,0.0046,0.0077
BI,2019-03,0.0356,0.9522,0.0046,0.0077
BI,2019-04,0.0356,0.9522,0.0046,0.0077
BI,2019-05,0.0356,0.9522,0.0046,0.0077
BI,2019-06,0.0356,0.9522,0.0046,0.0077
BI,2019-07,0.0356,0.9522,0.0046,0.0077
BI,2019-08,0.0356,0.9522,0.0046,0.0077
BI,2019-09,0.0356,0.9522,0.0046,0.0077
BI,2019-10,0.0356,0.9522,0.0046,0.0077
BI,2019-11,0.0356,0.9522,0.0046,0.0077
BI,2019-12,0.0356,0.9522,0.0046,0.0077
BI,2020-01,0.0356,0.9522,0.0046,0.0077
BI,2020-02,0.0356,0.9522,0.0046,0.0077
BI,2020-03,0.0356,0.9522,0.0046,0.0077
BI,2020-04,0.0356,0.9522,0.0046,0.0077
BI,2020-05,0.0356,0.9522,0.0046,0.0077
BI,2020-06,0.0356,0.9522,0.0046,0.0077
BI,2020-07,0.0356,0.9522,0.0046,0.0077
BI,2020-08,0.0356,0.9522,0.0046,0.0077
BI,2020-09,0.0356,0.9522,0.0046,0.0077
BI,2020-10,0.0356,0.9522,0.0046,0.0077
BI,2020-11,0.0356,0.9522,0.0046,0.0077
BI,2020-12,0.0356,0.9522,0.0046,0.0077
BI,2021-01,0.0356,0.9522,0.0046,0.0077
BI,2021-02,0.0356,0.9522,0.0046,0.0077
BI,2021-03,0.0356,0.9522,0.0046,0.0077
BI,2021-04,0.0356,0.9522,0.0046,0.0077
BI,2021-05,0.0356,0.9522,0.0046,0.0077
BI,2021-06,0.0356,0.9522,0.0046,0.0077
BI,2021-07,0.0356,0.9522,0.0046,0.0077
BI,2021-08,0.0356,0.9522,0.0046,0.0077
BI,2021-09,0.0356,0.9522,0.0046,0.0077
BI,2021-10,0.0356,0.9522,0.0046,0.0077
BI,2021-11,0.0356,0.9522,0.0046,0.0077
BI,2021-12,0.0356,0.9522,0.0046,0.0077
BI,2022-01,0.0356,0.9522,0.0046,0.0077
BI,2022-02,0.0356,0.9522,0.0046,0.0077
BI,2022-03,0.0356,0.9522,0.0046,0.0077
BI,2022-04,0.0356,0.9522,0.0046,0.0077
BI,2022-05,0.0356,0.9522,0.0046,0.0077
BI,2022-06,0.0356,0.9522,0.0046,0.0077
BI,2022-07,0.0356,0.9522,0.0046,0.0077
BI,2022-08,0.0356,0.9522,0.0046,0.0077
BI,2022-09,0.0356,0.9522,0.0046,0.0077
BI,2022-10,0.0356,0.9522,0.0046,0.0077
BI,2022-11,0.0356,0.9522,0.0046,0.0077
BI,2022-12,0.0356,0.9522,0.0046,0.0077
BI,2023-01,0.0356,0.9522,0.0046,0.0077
BI,2023-02,0.0356,0.9522,0.0046,0.0077
BI,2023-03,0.0356,0.9522,0.0046,0.0077
BI,2023-04,0.0356,0.9522,0.0046,0.0077
BI,2023-05,0.0356,0.9522,0.0046,0.0077
BI,2023-06,0.0356,0.9522,0.0046,0.0077
BI,2023-07,0.0356,0.9522,0.0046,0.0077
BI,2023-08,0.0356,0.9522,0.0046,0.0077
BI,2023-09,0.0356,0.9522,0.0046,0.0077
BI,2023-10,0.0356,0.9522,0.0046,0.0077
BI,2023-11,0.0356,0.9522,0.0046,0.0077
BI,2023-12,0.0356,0.9522,0.0046,0.0077
BI,2024-01,0.0356,0.9522,0.0046,0.0077
BI,2024-02,0.0356,0.9522,0.0046,0.0077
BI,2024-03,0.0356,0.9522,0.0046,0.0077
BI,2024-04,0.0356,0.9522,0.0046,0.0077
BI,2024-05,0.0356,0.9522,0.0046,0.0077
BI,2024-06,0.0356,0.9522,0.0046,0.0077
BI,2024-07,0.0356,0.9522,0.0046,0.0077
BI,2024-08,0.0356,0.9522,0.0046,0.0077
BI,2024-09,0.0356,0.9522,0.0046,0.0077
BI,2024-10,0.0356,0.9522,0.0046,0.0077
BI,2024-11,0.0356,0.9522,0.0046,0.0077
BI,2024-12,0.0356,0.9522,0.0046,0.0077
BI,2025-01,0.0356,0.9522,0.0046,0.0077
BI,2025-02,0.0356,0.9522,0.0046,0.0077
BI,2025-03,0.0356,0.9522,0.0046,0.0077
BI,2025-04,0.0356,0.9522,0.0046,0.0077
BI,2025-05,0.0356,0.9522,0.0046,0.0077
BI,2025-06,0.0356,0.9522,0.0046,0.0077
BI,2025-07,0.0356,0.9522,0.0046,0.0077
BI,2025-08,0.0356,0.9522,0.0046,0.0077
BI,2025-09,0.0356,0.9522,0.0046,0.0077
BI,2025-10,0.0356,0.9522,0.0046,0.0077
BI,2025-11,0.0356,0.9522,0.0046,0.0077
BI,2025-12,0.0356,0.9522,0.0046,0.0077
BI,2026-01,0.0356,0.9522,0.0046,0.0077
BI,2026-02,0.0356,0.9522,0.0046,0.0077
BI,2026-03,0.0356,0.9522,0.0046,0.0077
BI,2026-04,0.0356,0.9522,0.0046,0.0077
BI,2026-05,0.0356,0.9522,0.0046,0.0077
BI,2026-06,0.0356,0.9522,0.0046,0.0077
BI,2026-07,0.0356,0.9522,0.0046,0.0077
BI,2026-08,0.0356,0.9522,0.0046,0.0077
BJ,2019-01,0.0163,0.77,0.107,0.1067
BJ,2019-02,0.0163,0.77,0.107,0.1067
BJ,2019-03,0.0163,0.77,0.107,0.1067
BJ,2019-04,0.0163,0.77,0.107,0.1067
BJ,2019-05,0.0163,0.77,0.107,0.1067
BJ,2019-06,0.0163,0.77,0.107,0.1067
BJ,2019-07,0.0163,0.77,0.107,0.1067
BJ,2019-08,0.0163,0.77,0.107,0.1067
BJ,2019-09,0.0163,0.77,0.107,0.1067
BJ,2019-10,0.0163,0.77,0.107,0.1067
BJ,2019-11,0.0163,0.77,0.107,0.1067
BJ,2019-12,0.0163,0.77,0.107,0.1067
BJ,2020-01,0.0163,0.77,0.107,0.1067
BJ,2020-02,0.0163,0.77,0.107,0.1067
BJ,2020-03,0.0163,0.77,0.107,0.1067
BJ,2020-04,0.0163,0.77,0.107,0.1067
BJ,2020-05,0.0163,0.77,0.107,0.1067
BJ,2020-06,0.0163,0.77,0.107,0.1067
BJ,2020-07,0.0163,0.77,0.107,0.1067
BJ,2020-08,0.0163,0.77,0.107,0.1067
BJ,2020-09,0.0163,0.77,0.107,0.1067
BJ,2020-10,0.0163,0.77,0.107,0.1067
BJ,2020-11,0.0163,0.77,0.107,0.1067
BJ,2020-12,0.0163,0.77,0.107,0.1067
BJ,2021-01,0.0163,0.77,0.107,0.1067
BJ,2021-02,0.0163,0.77,0.107,0.1067
BJ,2021-03,0.0163,0.77,0.107,0.1067
BJ,2021-04,0.0163,0.77,0.107,0.1067
BJ,2021-05,0.0163,0.77,0.107,0.1067
BJ,2021-06,0.0163,0.77,0.107,0.1067
BJ,2021-07,0.0163,0.77,0.107,0.1067
BJ,2021-08,0.0163,0.77,0.107,0.1067
BJ,2021-09,0.0163,0.77,0.107,0.1067
BJ,2021-10,0.0163,0.77,0.107,0.1067
BJ,2021-11,0.0163,0.77,0.107,0.1067
BJ,2021-12,0.0163,0.77,0.107,0.1067
BJ,2022-01,0.0163,0.77,0.107,0.1067
BJ,2022-02,0.0163,0.77,0.107,0.1067
BJ,2022-03,0.0163,0.77,0.107,0.1067
BJ,2022-04,0.0163,0.77,0.107,0.1067
BJ,2022-05,0.0163,0.77,0.107,0.1067
BJ,2022-06,0.0163,0.77,0.107,0.1067
BJ,2022-07,0.0163,0.77,0.107,0.1067
BJ,2022-08,0.0163,0.77,0.107,0.1067
BJ,2022-09,0.0163,0.77,0.107,0.1067
BJ,2022-10,0.0163,0.77,0.107,0.1067
BJ,2022-11,0.0163,0.77,0.107,0.1067
BJ,2022-12,0.0163,0.77,0.107,0.1067
BJ,2023-01,0.0163,0.77,0.107,0.1067
BJ,2023-02,0.0163,0.77,0.107,0.1067
BJ,2023-03,0.0163,0.77,0.107,0.1067
BJ,2023-04,0.0163,0.77,0.107,0.1067
BJ,2023-05,0.0163,0.77,0.107,0.1067
BJ,2023-06,0.0163,0.77,0.107,0.1067
BJ,2023-07,0.0163,0.77,0.107,0.1067
BJ,2023-08,0.0163,0.77,0.107,0.1067
BJ,2023-09,0.0163,0.77,0.107,0.1067
BJ,2023-10,0.0163,0.77,0.107,0.1067
BJ,2023-11,0.0163,0.77,0.107,0.1067
BJ,2023-12,0.0163,0.77,0.107,0.1067
BJ,2024-01,0.0163,0.77,0.107,0.1067
BJ,2024-02,0.0163,0.77,0.107,0.1067
BJ,2024-03,0.0163,0.77,0.107,0.1067
BJ,2024-04,0.0163,0.77,0.107,0.1067
BJ,2024-05,0.0163,0.77,0.107,0.1067
BJ,2024-06,0.0163,0.77,0.107,0.1067
BJ,2024-07,0.0163,0.77,0.107,0.1067
BJ,2024-08,0.0163,0.77,0.107,0.1067
BJ,2024-09,0.0163,0.77,0.107,0.1067
BJ,2024-10,0.0163,0.77,0.107,0.1067
BJ,2024-11,0.0163,0.77,0.107,0.1067
BJ,2024-12,0.0163,0.77,0.107,0.1067
BJ,2025-01,0.0163,0.77,0.107,0.1067
BJ,2025-02,0.0163,0.77,0.107,0.1067
BJ,2025-03,0.0163,0.77,0.107,0.1067
BJ,2025-04,0.0163,0.77,0.107,0.1067
BJ,2025-05,0.0163,0.77,0.107,0.1067
BJ,2025-06,0.0163,0.77,0.107,0.1067
BJ,2025-07,0.0163,0.77,0.107,0.1067
BJ,2025-08,0.0163,0.77,0.107,0.1067
BJ,2025-09,0.0163,0.77,0.107,0.1067
BJ,2025-10,0.0163,0.77,0.107,0.1067
BJ,2025-11,0.0163,0.77,0.107,0.1067
BJ,2025-12,0.0163,0.77,0.107,0.1067
BJ,2026-01,0.0163,0.77,0.107,0.1067
BJ,2026-02,0.0163,0.77,0.107,0.1067
BJ,2026-03,0.0163,0.77,0.107,0.1067
BJ,2026-04,0.0163,0.77,0.107,0.1067
BJ,2026-05,0.0163,0.77,0.107,0.1067
BJ,2026-06,0.0163,0.77,0.107,0.1067
BJ,2026-07,0.0163,0.77,0.107,0.1067
BJ,2026-08,0.0163,0.77,0.107,0.1067
BM,2019-01,1,0,0,0
BM,2019-02,1,0,0,0
BM,2019-03,1,0,0,0
BM,2019-04,1,0,0,0
BM,2019-05,1,0,0,0
BM,2019-06,1,0,0,0
BM,2019-07,1,0,0,0
BM,2019-08,1,0,0,0
BM,2019-09,1,0,0,0
BM,2019-10,1,0,0,0
BM,2019-11,1,0,0,0
BM,2019-12,1,0,0,0
BM,2020-01,1,0,0,0
BM,2020-02,1,0,0,0
BM,2020-03,1,0,0,0
BM,2020-04,1,0,0,0
BM,2020-05,1,0,0,0
BM,2020-06,1,0,0,0
BM,2020-07,1,0,0,0
BM,2020-08,1,0,0,0
BM,2020-09,1,0,0,0
BM,2020-10,1,0,0,0
BM,2020-11,1,0,0,0
BM,2020-12,1,0,0,0
BM,2021-01,1,0,0,0
BM,2021-02,1,0,0,0
BM,2021-03,1,0,0,0
BM,2021-04,1,0,0,0
BM,2021-05,1,0,0,0
BM,2021-06,1,0,0,0
BM,2021-07,1,0,0,0
BM,2021-08,1,0,0,0
BM,2021-09,1,0,0,0
BM,2021-10,1,0,0,0
BM,2021-11,1,0,0,0
BM,2021-12,1,0,0,0
BM,2022-01,1,0,0,0
BM,2022-02,1,0,0,0
BM,2022-03,1,0,0,0
BM,2022-04,1,0,0,0
BM,2022-05,1,0,0,0
BM,2022-06,1,0,0,0
BM,2022-07,1,0,0,0
BM,2022-08,1,0,0,0
BM,2022-09,1,0,0,0
BM,2022-10,1,0,0,0
BM,2022-11,1,0,0,0
BM,2022-12,1,0,0,0
BM,2023-01,1,0,0,0
BM,2023-02,1,0,0,0
BM,2023-03,1,0,0,0
BM,2023-04,1,0,0,0
BM,2023-05,1,0,0,0
BM,2023-06,1,0,0,0
BM,2023-07,1,0,0,0
BM,2023-08,1,0,0,0
BM,2023-09,1,0,0,0
BM,2023-10,1,0,0,0
BM,2023-11,1,0,0,0
BM,2023-12,1,0,0,0
BM,2024-01,1,0,0,0
BM,2024-02,1,0,0,0
BM,2024-03,1,0,0,0
BM,2024-04,1,0,0,0
BM,2024-05,1,0,0,0
BM,2024-06,1,0,0,0
BM,2024-07,1,0,0,0
BM,2024-08,1,0,0,0
BM,2024-09,1,0,0,0
BM,2024-10,1,0,0,0
BM,2024-11,1,0,0,0
BM,2024-12,1,0,0,0
BM,2025-01,1,0,0,0
BM,2025-02,1,0,0,0
BM,2025-03,1,0,0,0
BM,2025-04,1,0,0,0
BM,2025-05,1,0,0,0
BM,2025-06,1,0,0,0
BM,2025-07,1,0,0,0
BM,2025-08,1,0,0,0
BM,2025-09,1,0,0,0
BM,2025-10,1,0,0,0
BM,2025-11,1,0,0,0
BM,2025-12,1,0,0,0
BM,2026-01,1,0,0,0
BM,2026-02,1,0,0,0
BM,2026-03,1,0,0,0
BM,2026-04,1,0,0,0
BM,2026-05,1,0,0,0
BM,2026-06,1,0,0,0
BM,2026-07,1,0,0,0
BM,2026-08,1,0,0,0
BN,2019-01,,,,
BN,2019-02,,,,
BN,2019-03,,,,
BN,2019-04,,,,
BN,2019-05,,,,
BN,2019-06,,,,
BN,2019-07,,,,
BN,2019-08,,,,
BN,2019-09,,,,
BN,2019-10,,,,
BN,2019-11,,,,
BN,2019-12,,,,
BN,2020-01,,,,
BN,2020-02,,,,
BN,2020-03,,,,
BN,2020-04,,,,
BN,2020-05,,,,
BN,2020-06,,,,
BN,2020-07,,,,
BN,2020-08,,,,
BN,2020-09,,,,
BN,2020-10,,,,
BN,2020-11,,,,
BN,2020-12,,,,
BN,2021-01,,,,
BN,2021-02,,,,
BN,2021-03,,,,
BN,2021-04,,,,
BN,2021-05,,,,
BN,2021-06,,,,
BN,2021-07,,,,
BN,2021-08,,,,
BN,2021-09,,,,
BN,2021-10,,,,
BN,2021-11,,,,
BN,2021-12,,,,
BN,2022-01,,,,
BN,2022-02,,,,
BN,2022-03,,,,
BN,2022-04,,,,
BN,2022-05,,,,
BN,2022-06,,,,
BN,2022-07,,,,
BN,2022-08,,,,
BN,2022-09,,,,
BN,2022-10,,,,
BN,2022-11,,,,
BN,2022-12,,,,
BN,2023-01,,,,
BN,2023-02,,,,
BN,2023-03,,,,
BN,2023-04,,,,
BN,2023-05,,,,
BN,2023-06,,,,
BN,2023-07,,,,
BN,2023-08,,,,
BN,2023-09,,,,
BN,2023-10,,,,
BN,2023-11,,,,
BN,2023-12,,,,
BN,2024-01,,,,
BN,2024-02,,,,
BN,2024-03,,,,
BN,2024-04,,,,
BN,2024-05,,,,
BN,2024-06,,,,
BN,2024-07,,,,
BN,2024-08,,,,
BN,2024-09,,,,
BN,2024-10,,,,
BN,2024-11,,,,
BN,2024-12,,,,
BN,2025-01,,,,
BN,2025-02,,,,
BN,2025-03,,,,
BN,2025-04,,,,
BN,2025-05,,,,
BN,2025-06,,,,
BN,2025-07,,,,
BN,2025-08,,,,
BN,2025-09,,,,
BN,2025-10,,,,
BN,2025-11,,,,
BN,2025-12,,,,
BN,2026-01,,,,
BN,2026-02,,,,
BN,2026-03,,,,
BN,2026-04,,,,
BN,2026-05,,,,
BN,2026-06,,,,
BN,2026-07,,,,
BN,2026-08,,,,
BO,2019-01,0.0294,0.9118,0.0294,0.0294
BO,2019-02,0,0.9656,0.0344,0
BO,2019-03,0,0.9686,0.0314,0
BO,2019-04,0,0.9688,0.0312,0
BO,2019-05,0,0.9283,0.0358,0.0358
BO,2019-06,0.0386,0.8843,0.0386,0.0386
BO,2019-07,0.0768,0.8464,0.0384,0.0384
BO,2019-08,0.1154,0.8077,0.0385,0.0385
BO,2019-09,0.1111,0.7777,0.0741,0.037
BO,2019-10,0.0882,0.8236,0.0588,0.0294
BO,2019-11,0.0626,0.8749,0.0626,0
BO,2019-12,0,0.9445,0.0555,0
BO,2020-01,0,0.9473,0.0527,0
BO,2020-02,0,0.9444,0.0556,0
BO,2020-03,0,0.9429,0.0571,0
BO,2020-04,0,0.9259,0.0741,0
BO,2020-05,0,0.9092,0.0908,0
BO,2020-06,0.0385,0.8461,0.077,0.0385
BO,2020-07,0.0385,0.846,0.077,0.0385
BO,2020-08,0.1111,0.7778,0.0741,0.037
BO,2020-09,0.1112,0.7778,0.074,0.037
BO,2020-10,0.0742,0.8148,0.0742,0.0369
BO,2020-11,0.1054,0.7367,0.1054,0.0525
BO,2020-12,0.0358,0.8928,0.0713,0
BO,2021-01,0,0.9474,0.0526,0
BO,2021-02,0,0.9167,0.0833,0
BO,2021-03,0,0.921,0.079,0
BO,2021-04,0,0.9211,0.0789,0
BO,2021-05,0,0.8464,0.1153,0.0383
BO,2021-06,0.0689,0.7932,0.1036,0.0344
BO,2021-07,0.1334,0.7333,0.1,0.0333
BO,2021-08,0.1334,0.7335,0.0999,0.0332
BO,2021-09,0.1333,0.6999,0.1,0.0668
BO,2021-10,0.1034,0.7588,0.1034,0.0345
BO,2021-11,0.0416,0.7499,0.125,0.0835
BO,2021-12,0,0.8948,0.0526,0.0526
BO,2022-01,0,0.8248,0.0751,0.1001
BO,2022-02,0,0.8236,0.0882,0.0882
BO,2022-03,0,0.8251,0.075,0.0999
BO,2022-04,0,0.8158,0.079,0.1052
BO,2022-05,0.0287,0.7712,0.0857,0.1144
BO,2022-06,0.0588,0.7352,0.0883,0.1177
BO,2022-07,0.0589,0.6764,0.0882,0.1764
BO,2022-08,0.0938,0.6562,0.0938,0.1562
BO,2022-09,0.1,0.6666,0.1,0.1334
BO,2022-10,0.0909,0.6361,0.1365,0.1365
BO,2022-11,0,0.737,0.1579,0.1051
BO,2022-12,0,0.7502,0.1249,0.1249
BO,2023-01,0,0.7858,0.1071,0.1071
BO,2023-02,0,0.7933,0.1033,0.1033
BO,2023-03,0,0.7932,0.1034,0.1034
BO,2023-04,0,0.7779,0.1111,0.1111
BO,2023-05,0,0.7392,0.1304,0.1304
BO,2023-06,0,0.6667,0.1429,0.1904
BO,2023-07,0.0833,0.6253,0.1249,0.1665
BO,2023-08,0.125,0.5417,0.125,0.2084
BO,2023-09,0.1199,0.52,0.1199,0.2402
BO,2023-10,0.074,0.6298,0.1111,0.1851
BO,2023-11,0.0322,0.7098,0.0967,0.1612
BO,2023-12,0,0.8049,0.0731,0.122
BO,2024-01,0,0.7933,0.1034,0.1034
BO,2024-02,0,0.8332,0.0666,0.1001
BO,2024-03,0,0.8223,0.0666,0.111
BO,2024-04,0,0.811,0.081,0.108
BO,2024-05,0.0302,0.7274,0.0909,0.1516
BO,2024-06,0.0645,0.6774,0.0967,0.1614
BO,2024-07,0.0646,0.6774,0.0969,0.1611
BO,2024-08,0.0714,0.6426,0.1073,0.1787
BO,2024-09,0.0714,0.6431,0.1071,0.1784
BO,2024-10,0.0383,0.6925,0.1154,0.1538
BO,2024-11,0,0.7857,0.1071,0.1071
BO,2024-12,0,0.8529,0.0882,0.0588
BO,2025-01,0,0.9143,0.0571,0.0286
BO,2025-02,0,0.8749,0.0939,0.0312
BO,2025-03,0,0.8837,0.0698,0.0465
BO,2025-04,0,0.8808,0.0715,0.0477
BO,2025-05,0,0.8421,0.0789,0.0789
BO,2025-06,0.0606,0.7578,0.0908,0.0908
BO,2025-07,0.0606,0.7577,0.0909,0.0909
BO,2025-08,0.0626,0.7498,0.0938,0.0938
BO,2025-09,0.0967,0.71,0.0967,0.0967
BO,2025-10,0.0588,0.7648,0.0882,0.0882
BO,2025-11,0.0384,0.731,0.1153,0.1153
BO,2025-12,0,0.8485,0.0909,0.0606
BO,2026-01,0,0.9,0.0751,0.0249
BO,2026-02,0,0.862,0.1036,0.0344
BO,2026-03,0,0.8668,0.1,0.0332
BO,2026-04,0,0.8571,0.0857,0.0571
BO,2026-05,0,0.8065,0.0967,0.0967
BO,2026-06,0,0.8065,0.0967,0.0967
BO,2026-07,0,0.8065,0.0967,0.0967
BO,2026-08,0,0.8065,0.0967,0.0967
BR,2019-01,0.0641,0.8432,0.0106,0.0821
BR,2019-02,0.0866,0.8527,0.0102,0.0505
BR,2019-03,0.0795,0.8552,0.0108,0.0545
BR,2019-04,0.0882,0.8443,0.0104,0.0571
BR,2019-05,0.1,0.8058,0.0108,0.0835
BR,2019-06,0.1064,0.7607,0.0117,0.1212
BR,2019-07,0.1279,0.7356,0.0129,0.1235
BR,2019-08,0.1418,0.6887,0.0148,0.1548
BR,2019-09,0.1347,0.709,0.0155,0.1408
BR,2019-10,0.1244,0.7255,0.0152,0.135
BR,2019-11,0.122,0.7424,0.0148,0.1208
BR,2019-12,0.0954,0.7755,0.0151,0.114
BR,2020-01,0.096,0.829,0.0164,0.0587
BR,2020-02,0.0912,0.8343,0.0155,0.0591
BR,2020-03,0.0864,0.8496,0.0174,0.0466
BR,2020-04,0.1102,0.7935,0.0214,0.0748
BR,2020-05,0.1225,0.7647,0.0214,0.0914
BR,2020-06,0.1241,0.7361,0.0215,0.1182
BR,2020-07,0.112,0.7378,0.0214,0.1288
BR,2020-08,0.1098,0.72,0.0224,0.1478
BR,2020-09,0.1029,0.7352,0.0234,0.1385
BR,2020-10,0.1275,0.7287,0.0222,0.1216
BR,2020-11,0.142,0.7155,0.0215,0.121
BR,2020-12,0.1174,0.739,0.0207,0.1229
BR,2021-01,0.088,0.7703,0.0215,0.1202
BR,2021-02,0.0879,0.8136,0.0179,0.0805
BR,2021-03,0.0717,0.823,0.0241,0.0812
BR,2021-04,0.0941,0.7795,0.0269,0.0995
BR,2021-05,0.1173,0.7374,0.0292,0.1161
BR,2021-06,0.1372,0.6852,0.034,0.1436
BR,2021-07,0.1487,0.6362,0.0362,0.179
BR,2021-08,0.1489,0.6083,0.0385,0.2042
BR,2021-09,0.1415,0.6207,0.0444,0.1935
BR,2021-10,0.1219,0.6505,0.0449,0.1828
BR,2021-11,0.1092,0.7096,0.0397,0.1415
BR,2021-12,0.0811,0.7526,0.0352,0.1311
BR,2022-01,0.0677,0.797,0.0409,0.0944
BR,2022-02,0.0675,0.7971,0.0407,0.0947
BR,2022-03,0.0622,0.7973,0.0419,0.0986
BR,2022-04,0.0752,0.782,0.0439,0.0989
BR,2022-05,0.102,0.7387,0.0439,0.1155
BR,2022-06,0.1142,0.7206,0.0448,0.1204
BR,2022-07,0.1144,0.6738,0.0499,0.162
BR,2022-08,0.1118,0.6497,0.0562,0.1824
BR,2022-09,0.1111,0.6438,0.0612,0.1838
BR,2022-10,0.1003,0.6487,0.0642,0.1868
BR,2022-11,0.097,0.7257,0.055,0.1223
BR,2022-12,0.0748,0.7438,0.057,0.1244
BR,2023-01,0.0638,0.758,0.0596,0.1186
BR,2023-02,0.0648,0.7464,0.0625,0.1262
BR,2023-03,0.0615,0.775,0.058,0.1055
BR,2023-04,0.0814,0.7603,0.0639,0.0944
BR,2023-05,0.1008,0.6974,0.0713,0.1305
BR,2023-06,0.1088,0.6419,0.0735,0.1758
BR,2023-07,0.111,0.6113,0.0814,0.1962
BR,2023-08,0.1099,0.629,0.0881,0.173
BR,2023-09,0.1046,0.63,0.0946,0.1708
BR,2023-10,0.0978,0.6387,0.0941,0.1694
BR,2023-11,0.0939,0.6578,0.1054,0.143
BR,2023-12,0.0803,0.6706,0.1055,0.1437
BR,2024-01,0.0643,0.7369,0.1019,0.0969
BR,2024-02,0.0626,0.7285,0.0982,0.1106
BR,2024-03,0.0624,0.7524,0.0987,0.0865
BR,2024-04,0.0774,0.7199,0.0991,0.1036
BR,2024-05,0.0964,0.6544,0.0964,0.1529
BR,2024-06,0.1062,0.6144,0.0973,0.1821
BR,2024-07,0.1051,0.5882,0.1034,0.2032
BR,2024-08,0.104,0.5578,0.1183,0.2199
BR,2024-09,0.1072,0.5419,0.1276,0.2233
BR,2024-10,0.1036,0.5556,0.1414,0.1995
BR,2024-11,0.0894,0.5982,0.1321,0.1803
BR,2024-12,0.0753,0.6249,0.1353,0.1645
BR,2025-01,0.0583,0.722,0.1235,0.0962
BR,2025-02,0.0592,0.6985,0.1186,0.1237
BR,2025-03,0.0589,0.6801,0.1278,0.1332
BR,2025-04,0.0745,0.6595,0.1343,0.1317
BR,2025-05,0.0909,0.5944,0.1266,0.188
BR,2025-06,0.1011,0.5703,0.1273,0.2013
BR,2025-07,0.1038,0.5434,0.1393,0.2135
BR,2025-08,0.106,0.5124,0.1568,0.2249
BR,2025-09,0.0987,0.5116,0.1538,0.2359
BR,2025-10,0.0907,0.5259,0.1616,0.2217
BR,2025-11,0.0881,0.5726,0.1645,0.1748
BR,2025-12,0.0726,0.6153,0.1606,0.1515
BR,2026-01,0.0634,0.6336,0.1559,0.1471
BR,2026-02,0.0628,0.6873,0.1541,0.0957
BR,2026-03,0.058,0.6869,0.1534,0.1018
BR,2026-04,0.0613,0.6543,0.1539,0.1304
BR,2026-05,0.0613,0.6543,0.1539,0.1304
BR,2026-06,0.0613,0.6543,0.1539,0.1304
BR,2026-07,0.0613,0.6543,0.1539,0.1304
BR,2026-08,0.0613,0.6543,0.1539,0.1304
BS,2019-01,,,,
BS,2019-02,,,,
BS,2019-03,,,,
BS,2019-04,,,,
BS,2019-05,,,,
BS,2019-06,,,,
BS,2019-07,,,,
BS,2019-08,,,,
BS,2019-09,,,,
BS,2019-10,,,,
BS,2019-11,,,,
BS,2019-12,,,,
BS,2020-01,,,,
BS,2020-02,,,,
BS,2020-03,,,,
BS,2020-04,,,,
BS,2020-05,,,,
BS,2020-06,,,,
BS,2020-07,,,,
BS,2020-08,,,,
BS,2020-09,,,,
BS,2020-10,,,,
BS,2020-11,,,,
BS,2020-12,,,,
BS,2021-01,,,,
BS,2021-02,,,,
BS,2021-03,,,,
BS,2021-04,,,,
BS,2021-05,,,,
BS,2021-06,,,,
BS,2021-07,,,,
BS,2021-08,,,,
BS,2021-09,,,,
BS,2021-10,,,,
BS,2021-11,,,,
BS,2021-12,,,,
BS,2022-01,,,,
BS,2022-02,,,,
BS,2022-03,,,,
BS,2022-04,,,,
BS,2022-05,,,,
BS,2022-06,,,,
BS,2022-07,,,,
BS,2022-08,,,,
BS,2022-09,,,,
BS,2022-10,,,,
BS,2022-11,,,,
BS,2022-12,,,,
BS,2023-01,,,,
BS,2023-02,,,,
BS,2023-03,,,,
BS,2023-04,,,,
BS,2023-05,,,,
BS,2023-06,,,,
BS,2023-07,,,,
BS,2023-08,,,,
BS,2023-09,,,,
BS,2023-10,,,,
BS,2023-11,,,,
BS,2023-12,,,,
BS,2024-01,,,,
BS,2024-02,,,,
BS,2024-03,,,,
BS,2024-04,,,,
BS,2024-05,,,,
BS,2024-06,,,,
BS,2024-07,,,,
BS,2024-08,,,,
BS,2024-09,,,,
BS,2024-10,,,,
BS,2024-11,,,,
BS,2024-12,,,,
BS,2025-01,,,,
BS,2025-02,,,,
BS,2025-03,,,,
BS,2025-04,,,,
BS,2025-05,,,,
BS,2025-06,,,,
BS,2025-07,,,,
BS,2025-08,,,,
BS,2025-09,,,,
BS,2025-10,,,,
BS,2025-11,,,,
BS,2025-12,,,,
BS,2026-01,,,,
BS,2026-02,,,,
BS,2026-03,,,,
BS,2026-04,,,,
BS,2026-05,,,,
BS,2026-06,,,,
BS,2026-07,,,,
BS,2026-08,,,,
BT,2019-01,0,1,0,0
BT,2019-02,0,1,0,0
BT,2019-03,0,1,0,0
BT,2019-04,0,1,0,0
BT,2019-05,0,1,0,0
BT,2019-06,0,1,0,0
BT,2019-07,0,1,0,0
BT,2019-08,0,1,0,0
BT,2019-09,0,1,0,0
BT,2019-10,0,1,0,0
BT,2019-11,0,1,0,0
BT,2019-12,0,1,0,0
BT,2020-01,0,1,0,0
BT,2020-02,0,1,0,0
BT,2020-03,0,1,0,0
BT,2020-04,0,1,0,0
BT,2020-05,0,1,0,0
BT,2020-06,0,1,0,0
BT,2020-07,0,1,0,0
BT,2020-08,0,1,0,0
BT,2020-09,0,1,0,0
BT,2020-10,0,1,0,0
BT,2020-11,0,1,0,0
BT,2020-12,0,1,0,0
BT,2021-01,0,1,0,0
BT,2021-02,0,1,0,0
BT,2021-03,0,1,0,0
BT,2021-04,0,1,0,0
BT,2021-05,0,1,0,0
BT,2021-06,0,1,0,0
BT,2021-07,0,1,0,0
BT,2021-08,0,1,0,0
BT,2021-09,0,1,0,0
BT,2021-10,0,1,0,0
BT,2021-11,0,1,0,0
BT,2021-12,0,1,0,0
BT,2022-01,0,1,0,0
BT,2022-02,0,1,0,0
BT,2022-03,0,1,0,0
BT,2022-04,0,1,0,0
BT,2022-05,0,1,0,0
BT,2022-06,0,1,0,0
BT,2022-07,0,1,0,0
BT,2022-08,0,1,0,0
BT,2022-09,0,1,0,0
BT,2022-10,0,1,0,0
BT,2022-11,0,1,0,0
BT,2022-12,0,1,0,0
BT,2023-01,0,1,0,0
BT,2023-02,0,1,0,0
BT,2023-03,0,1,0,0
BT,2023-04,0,1,0,0
BT,2023-05,0,1,0,0
BT,2023-06,0,1,0,0
BT,2023-07,0,1,0,0
BT,2023-08,0,1,0,0
BT,2023-09,0,1,0,0
BT,2023-10,0,1,0,0
BT,2023-11,0,1,0,0
BT,2023-12,0,1,0,0
BT,2024-01,0,1,0,0
BT,2024-02,0,1,0,0
BT,2024-03,0,1,0,0
BT,2024-04,0,1,0,0
BT,2024-05,0,1,0,0
BT,2024-06,0,1,0,0
BT,2024-07,0,1,0,0
BT,2024-08,0,1,0,0
BT,2024-09,0,1,0,0
BT,2024-10,0,1,0,0
BT,2024-11,0,1,0,0
BT,2024-12,0,1,0,0
BT,2025-01,0,1,0,0
BT,2025-02,0,1,0,0
BT,2025-03,0,1,0,0
BT,2025-04,0,1,0,0
BT,2025-05,0,1,0,0
BT,2025-06,0,1,0,0
BT,2025-07,0,1,0,0
BT,2025-08,0,1,0,0
BT,2025-09,0,1,0,0
BT,2025-10,0,1,0,0
BT,2025-11,0,1,0,0
BT,2025-12,0,1,0,0
BT,2026-01,0,1,0,0
BT,2026-02,0,1,0,0
BT,2026-03,0,1,0,0
BT,2026-04,0,1,0,0
BT,2026-05,0,1,0,0
BT,2026-06,0,1,0,0
BT,2026-07,0,1,0,0
BT,2026-08,0,1,0,0
BW,2019-01,0.0162,0.7671,0.1103,0.1063
BW,2019-02,0.0162,0.7671,0.1103,0.1063
BW,2019-03,0.0162,0.7671,0.1103,0.1063
BW,2019-04,0.0162,0.7671,0.1103,0.1063
BW,2019-05,0.0162,0.7671,0.1103,0.1063
BW,2019-06,0.0162,0.7671,0.1103,0.1063
BW,2019-07,0.0162,0.7671,0.1103,0.1063
BW,2019-08,0.0162,0.7671,0.1103,0.1063
BW,2019-09,0.0162,0.7671,0.1103,0.1063
BW,2019-10,0.0162,0.7671,0.1103,0.1063
BW,2019-11,0.0162,0.7671,0.1103,0.1063
BW,2019-12,0.0162,0.7671,0.1103,0.1063
BW,2020-01,0.0162,0.7671,0.1103,0.1063
BW,2020-02,0.0162,0.7671,0.1103,0.1063
BW,2020-03,0.0162,0.7671,0.1103,0.1063
BW,2020-04,0.0162,0.7671,0.1103,0.1063
BW,2020-05,0.0162,0.7671,0.1103,0.1063
BW,2020-06,0.0162,0.7671,0.1103,0.1063
BW,2020-07,0.0162,0.7671,0.1103,0.1063
BW,2020-08,0.0162,0.7671,0.1103,0.1063
BW,2020-09,0.0162,0.7671,0.1103,0.1063
BW,2020-10,0.0162,0.7671,0.1103,0.1063
BW,2020-11,0.0162,0.7671,0.1103,0.1063
BW,2020-12,0.0162,0.7671,0.1103,0.1063
BW,2021-01,0.0162,0.7671,0.1103,0.1063
BW,2021-02,0.0162,0.7671,0.1103,0.1063
BW,2021-03,0.0162,0.7671,0.1103,0.1063
BW,2021-04,0.0162,0.7671,0.1103,0.1063
BW,2021-05,0.0162,0.7671,0.1103,0.1063
BW,2021-06,0.0162,0.7671,0.1103,0.1063
BW,2021-07,0.0162,0.7671,0.1103,0.1063
BW,2021-08,0.0162,0.7671,0.1103,0.1063
BW,2021-09,0.0162,0.7671,0.1103,0.1063
BW,2021-10,0.0162,0.7671,0.1103,0.1063
BW,2021-11,0.0162,0.7671,0.1103,0.1063
BW,2021-12,0.0162,0.7671,0.1103,0.1063
BW,2022-01,0.0162,0.7671,0.1103,0.1063
BW,2022-02,0.0162,0.7671,0.1103,0.1063
BW,2022-03,0.0162,0.7671,0.1103,0.1063
BW,2022-04,0.0162,0.7671,0.1103,0.1063
BW,2022-05,0.0162,0.7671,0.1103,0.1063
BW,2022-06,0.0162,0.7671,0.1103,0.1063
BW,2022-07,0.0162,0.7671,0.1103,0.1063
BW,2022-08,0.0162,0.7671,0.1103,0.1063
BW,2022-09,0.0162,0.7671,0.1103,0.1063
BW,2022-10,0.0162,0.7671,0.1103,0.1063
BW,2022-11,0.0162,0.7671,0.1103,0.1063
BW,2022-12,0.0162,0.7671,0.1103,0.1063
BW,2023-01,0.0162,0.7671,0.1103,0.1063
BW,2023-02,0.0162,0.7671,0.1103,0.1063
BW,2023-03,0.0162,0.7671,0.1103,0.1063
BW,2023-04,0.0162,0.7671,0.1103,0.1063
BW,2023-05,0.0162,0.7671,0.1103,0.1063
BW,2023-06,0.0162,0.7671,0.1103,0.1063
BW,2023-07,0.0162,0.7671,0.1103,0.1063
BW,2023-08,0.0162,0.7671,0.1103,0.1063
BW,2023-09,0.0162,0.7671,0.1103,0.1063
BW,2023-10,0.0162,0.7671,0.1103,0.1063
BW,2023-11,0.0162,0.7671,0.1103,0.1063
BW,2023-12,0.0162,0.7671,0.1103,0.1063
BW,2024-01,0.0162,0.7671,0.1103,0.1063
BW,2024-02,0.0162,0.7671,0.1103,0.1063
BW,2024-03,0.0162,0.7671,0.1103,0.1063
BW,2024-04,0.0162,0.7671,0.1103,0.1063
BW,2024-05,0.0162,0.7671,0.1103,0.1063
BW,2024-06,0.0162,0.7671,0.1103,0.1063
BW,2024-07,0.0162,0.7671,0.1103,0.1063
BW,2024-08,0.0162,0.7671,0.1103,0.1063
BW,2024-09,0.0162,0.7671,0.1103,0.1063
BW,2024-10,0.0162,0.7671,0.1103,0.1063
BW,2024-11,0.0162,0.7671,0.1103,0.1063
BW,2024-12,0.0162,0.7671,0.1103,0.1063
BW,2025-01,0.0162,0.7671,0.1103,0.1063
BW,2025-02,0.0162,0.7671,0.1103,0.1063
BW,2025-03,0.0162,0.7671,0.1103,0.1063
BW,2025-04,0.0162,0.7671,0.1103,0.1063
BW,2025-05,0.0162,0.7671,0.1103,0.1063
BW,2025-06,0.0162,0.7671,0.1103,0.1063
BW,2025-07,0.0162,0.7671,0.1103,0.1063
BW,2025-08,0.0162,0.7671,0.1103,0.1063
BW,2025-09,0.0162,0.7671,0.1103,0.1063
BW,2025-10,0.0162,0.7671,0.1103,0.1063
BW,2025-11,0.0162,0.7671,0.1103,0.1063
BW,2025-12,0.0162,0.7671,0.1103,0.1063
BW,2026-01,0.0162,0.7671,0.1103,0.1063
BW,2026-02,0.0162,0.7671,0.1103,0.1063
BW,2026-03,0.0162,0.7671,0.1103,0.1063
BW,2026-04,0.0162,0.7671,0.1103,0.1063
BW,2026-05,0.0162,0.7671,0.1103,0.1063
BW,2026-06,0.0162,0.7671,0.1103,0.1063
BW,2026-07,0.0162,0.7671,0.1103,0.1063
BW,2026-08,0.0162,0.7671,0.1103,0.1063
BY,2019-01,0.0769,0.4615,0.2308,0.2308
BY,2019-02,0.0822,0.5014,0.1671,0.2493
BY,2019-03,0.0828,0.5,0.1657,0.2515
BY,2019-04,0.0661,0.467,0.2665,0.2004
BY,2019-05,0.0667,0.4667,0.2667,0.2
BY,2019-06,0.0666,0.4736,0.2597,0.2001
BY,2019-07,0.0901,0.3634,0.3634,0.1831
BY,2019-08,0.0773,0.384,0.3067,0.232
BY,2019-09,0.0773,0.384,0.3067,0.232
BY,2019-10,0.0703,0.5,0.1432,0.2865
BY,2019-11,0.0703,0.5,0.1432,0.2865
BY,2019-12,0.0722,0.5,0.1417,0.2861
BY,2020-01,0.1055,0.5254,0.1582,0.2109
BY,2020-02,0.1113,0.5,0.166,0.2226
BY,2020-03,0.1081,0.5002,0.1575,0.2341
BY,2020-04,0.0999,0.4512,0.2472,0.2016
BY,2020-05,0.0979,0.4613,0.2376,0.2032
BY,2020-06,0.097,0.4641,0.2378,0.2011
BY,2020-07,0.1243,0.4379,0.2505,0.1874
BY,2020-08,0.125,0.4375,0.25,0.1875
BY,2020-09,0.1245,0.4377,0.251,0.1868
BY,2020-10,0.1333,0.4667,0.1333,0.2667
BY,2020-11,0.1333,0.4667,0.1333,0.2667
BY,2020-12,0.1259,0.4988,0.1259,0.2494
BY,2021-01,0.1104,0.5,0.1667,0.2229
BY,2021-02,0.118,0.4699,0.1759,0.2361
BY,2021-03,0.1256,0.5,0.1872,0.1872
BY,2021-04,0.1005,0.4506,0.2496,0.1993
BY,2021-05,0.0991,0.4546,0.2422,0.2042
BY,2021-06,0.1048,0.4742,0.2629,0.1581
BY,2021-07,0.2851,0.2851,0.2851,0.1448
BY,2021-08,0.2851,0.2851,0.2851,0.1447
BY,2021-09,0.2352,0.3391,0.2529,0.1728
BY,2021-10,0.1245,0.4378,0.1867,0.2511
BY,2021-11,0.118,0.4699,0.1759,0.2361
BY,2021-12,0.1053,0.4737,0.1579,0.2632
BY,2022-01,0.0909,0.4545,0.2273,0.2273
BY,2022-02,0.1111,0.4444,0.2222,0.2222
BY,2022-03,0.1118,0.4451,0.2216,0.2216
BY,2022-04,0.0909,0.4545,0.2727,0.1818
BY,2022-05,0.1,0.45,0.25,0.2
BY,2022-06,0.105,0.4216,0.2633,0.2101
BY,2022-07,0.1335,0.4004,0.2669,0.1992
BY,2022-08,0.1245,0.3755,0.3123,0.1877
BY,2022-09,0.1243,0.3748,0.3126,0.1883
BY,2022-10,0.133,0.4678,0.1996,0.1996
BY,2022-11,0.1341,0.4659,0.2,0.2
BY,2022-12,0.1176,0.4706,0.1765,0.2353
BY,2023-01,0.2178,0.3911,0.1733,0.2178
BY,2023-02,0.1996,0.4501,0.1506,0.1996
BY,2023-03,0.2277,0.4092,0.1815,0.1815
BY,2023-04,0.2111,0.3685,0.263,0.1574
BY,2023-05,0.2224,0.3888,0.2224,0.1664
BY,2023-06,0.2222,0.3889,0.2222,0.1667
BY,2023-07,0.2,0.3333,0.2667,0.2
BY,2023-08,0.1868,0.3443,0.2647,0.2042
BY,2023-09,0.2009,0.3326,0.2657,0.2009
BY,2023-10,0.25,0.3989,0.1507,0.2004
BY,2023-11,0.25,0.4004,0.1504,0.1992
BY,2023-12,0.2387,0.4286,0.1429,0.1898
BY,2024-01,0.2278,0.4093,0.1815,0.1815
BY,2024-02,0.2505,0.4,0.1495,0.2
BY,2024-03,0.2277,0.408,0.1821,0.1821
BY,2024-04,0.2081,0.3947,0.2159,0.1813
BY,2024-05,0.2059,0.3977,0.2201,0.1763
BY,2024-06,0.2079,0.3954,0.2199,0.1768
BY,2024-07,0.1844,0.3574,0.2798,0.1784
BY,2024-08,0.1872,0.3478,0.281,0.184
BY,2024-09,0.2216,0.3333,0.2784,0.1667
BY,2024-10,0,0.5,0.3,0.2
BY,2024-11,0,0.5019,0.2989,0.1992
BY,2024-12,0.0117,0.4874,0.2654,0.2356
BY,2025-01,0.2527,0.4348,0.0869,0.2256
BY,2025-02,0.2603,0.4349,0.0873,0.2175
BY,2025-03,0.2605,0.4353,0.0874,0.2168
BY,2025-04,0,0.6676,0.0838,0.2486
BY,2025-05,0,0.6686,0.0822,0.2493
BY,2025-06,0,0.6361,0.0917,0.2722
BY,2025-07,0,0.635,0.092,0.273
BY,2025-08,0,0.6366,0.0901,0.2733
BY,2025-09,0,0.635,0.092,0.273
BY,2025-10,0.1424,0.5144,0.0861,0.2572
BY,2025-11,0.1467,0.5,0.088,0.2653
BY,2025-12,0.143,0.5144,0.0853,0.2572
BY,2026-01,0.2386,0.3797,0.1432,0.2386
BY,2026-02,0.2773,0.3886,0.1114,0.2227
BY,2026-03,0.2783,0.3891,0.1109,0.2217
BY,2026-04,0.2783,0.3891,0.1109,0.2217
BY,2026-05,0.2783,0.3891,0.1109,0.2217
BY,2026-06,0.2783,0.3891,0.1109,0.2217
BY,2026-07,0.2783,0.3891,0.1109,0.2217
BY,2026-08,0.2783,0.3891,0.1109,0.2217
BZ,2019-01,0.2359,0.7122,0.0222,0.0297
BZ,2019-02,0.2443,0.7128,0.0228,0.0201
BZ,2019-03,0.2413,0.711,0.0232,0.0245
BZ,2019-04,0.2423,0.7112,0.023,0.0235
BZ,2019-05,0.2453,0.7046,0.0231,0.0271
BZ,2019-06,0.2489,0.6919,0.0242,0.035
BZ,2019-07,0.2551,0.6836,0.0245,0.0368
BZ,2019-08,0.2583,0.6761,0.0252,0.0404
BZ,2019-09,0.257,0.6786,0.0259,0.0385
BZ,2019-10,0.2539,0.6816,0.0263,0.0383
BZ,2019-11,0.2504,0.6855,0.0258,0.0384
BZ,2019-12,0.2454,0.6908,0.0264,0.0374
BZ,2020-01,0.2441,0.7031,0.0258,0.027
BZ,2020-02,0.2424,0.7039,0.0261,0.0276
BZ,2020-03,0.2423,0.7061,0.0274,0.0242
BZ,2020-04,0.2464,0.6945,0.0297,0.0294
BZ,2020-05,0.2489,0.6895,0.0284,0.0332
BZ,2020-06,0.251,0.6836,0.0283,0.0372
BZ,2020-07,0.2458,0.687,0.0276,0.0395
BZ,2020-08,0.2465,0.6801,0.0285,0.0449
BZ,2020-09,0.2441,0.6854,0.0289,0.0416
BZ,2020-10,0.25,0.68,0.03,0.04
BZ,2020-11,0.2545,0.6751,0.0301,0.0403
BZ,2020-12,0.2483,0.6795,0.0297,0.0426
BZ,2021-01,0.242,0.6872,0.0298,0.041
BZ,2021-02,0.2394,0.6989,0.0298,0.032
BZ,2021-03,0.2363,0.699,0.0313,0.0334
BZ,2021-04,0.2417,0.6905,0.0318,0.036
BZ,2021-05,0.2473,0.6813,0.0322,0.0392
BZ,2021-06,0.256,0.6717,0.032,0.0403
BZ,2021-07,0.2589,0.6584,0.0328,0.0499
BZ,2021-08,0.2591,0.6549,0.0339,0.0521
BZ,2021-09,0.254,0.6617,0.0349,0.0494
BZ,2021-10,0.2493,0.6656,0.0364,0.0487
BZ,2021-11,0.2465,0.6711,0.0362,0.0462
BZ,2021-12,0.241,0.6816,0.034,0.0434
BZ,2022-01,0.2379,0.6894,0.0354,0.0373
BZ,2022-02,0.2358,0.69,0.0362,0.0379
BZ,2022-03,0.2319,0.6914,0.0369,0.0398
BZ,2022-04,0.2343,0.6915,0.0368,0.0375
BZ,2022-05,0.2415,0.6831,0.0364,0.039
BZ,2022-06,0.2449,0.6807,0.035,0.0394
BZ,2022-07,0.2453,0.6673,0.0357,0.0517
BZ,2022-08,0.2429,0.6666,0.0376,0.0528
BZ,2022-09,0.2416,0.6661,0.0401,0.0521
BZ,2022-10,0.2372,0.6667,0.0411,0.0551
BZ,2022-11,0.2368,0.6818,0.0395,0.0418
BZ,2022-12,0.2351,0.6798,0.0403,0.0449
BZ,2023-01,0.2323,0.6836,0.041,0.0431
BZ,2023-02,0.2311,0.6814,0.0419,0.0456
BZ,2023-03,0.2309,0.6895,0.0412,0.0384
BZ,2023-04,0.2354,0.6859,0.0426,0.0361
BZ,2023-05,0.2427,0.6709,0.0434,0.043
BZ,2023-06,0.2472,0.6579,0.0434,0.0515
BZ,2023-07,0.2455,0.6528,0.0444,0.0573
BZ,2023-08,0.2444,0.6575,0.0457,0.0524
BZ,2023-09,0.2428,0.6571,0.0481,0.0521
BZ,2023-10,0.2392,0.6583,0.0485,0.054
BZ,2023-11,0.2367,0.6631,0.0504,0.0498
BZ,2023-12,0.2338,0.6666,0.0507,0.0489
BZ,2024-01,0.231,0.6797,0.0506,0.0388
BZ,2024-02,0.2313,0.6771,0.0503,0.0413
BZ,2024-03,0.2317,0.6802,0.0514,0.0366
BZ,2024-04,0.2361,0.6712,0.0511,0.0415
BZ,2024-05,0.2402,0.6643,0.0488,0.0466
BZ,2024-06,0.2437,0.6544,0.0481,0.0538
BZ,2024-07,0.2434,0.6483,0.0495,0.0589
BZ,2024-08,0.2439,0.6396,0.0539,0.0626
BZ,2024-09,0.2457,0.6351,0.0568,0.0624
BZ,2024-10,0.2446,0.6368,0.0597,0.059
BZ,2024-11,0.237,0.6469,0.0584,0.0576
BZ,2024-12,0.2323,0.6518,0.0606,0.0553
BZ,2025-01,0.2293,0.6734,0.057,0.0403
BZ,2025-02,0.2288,0.6691,0.0563,0.0458
BZ,2025-03,0.2286,0.6655,0.0582,0.0477
BZ,2025-04,0.2324,0.6595,0.0596,0.0485
BZ,2025-05,0.2377,0.6493,0.0565,0.0565
BZ,2025-06,0.2405,0.6458,0.0545,0.0592
BZ,2025-07,0.243,0.6358,0.0582,0.063
BZ,2025-08,0.2454,0.6289,0.0627,0.063
BZ,2025-09,0.2408,0.6319,0.0634,0.064
BZ,2025-10,0.2363,0.6354,0.0653,0.063
BZ,2025-11,0.2366,0.6409,0.0666,0.056
BZ,2025-12,0.2341,0.6467,0.067,0.0522
BZ,2026-01,0.2308,0.6522,0.0661,0.0509
BZ,2026-02,0.2292,0.6643,0.0662,0.0403
BZ,2026-03,0.23,0.6609,0.0663,0.0428
BZ,2026-04,0.2309,0.6555,0.0657,0.0478
BZ,2026-05,0.2357,0.6476,0.0638,0.0529
BZ,2026-06,0.2357,0.6476,0.0638,0.0529
BZ,2026-07,0.2357,0.6476,0.0638,0.0529
BZ,2026-08,0.2357,0.6476,0.0638,0.0529
CA,2019-01,0.024,0.8908,0.002,0.0832
CA,2019-02,0.0263,0.8942,0.0025,0.077
CA,2019-03,0.0281,0.8776,0.0053,0.089
CA,2019-04,0.0251,0.8742,0.0072,0.0935
CA,2019-05,0.0255,0.9015,0.0088,0.0642
CA,2019-06,0.0255,0.9003,0.0108,0.0634
CA,2019-07,0.0311,0.9024,0.0106,0.0558
CA,2019-08,0.0297,0.9035,0.01,0.0568
CA,2019-09,0.0293,0.8856,0.0081,0.0769
CA,2019-10,0.0289,0.877,0.0049,0.0892
CA,2019-11,0.0254,0.8879,0.0026,0.084
CA,2019-12,0.0239,0.8901,0.0016,0.0844
CA,2020-01,0.0236,0.9076,0.0016,0.0672
CA,2020-02,0.0227,0.8874,0.003,0.0868
CA,2020-03,0.0229,0.8867,0.0055,0.0849
CA,2020-04,0.0227,0.878,0.0072,0.0921
CA,2020-05,0.0205,0.8835,0.009,0.087
CA,2020-06,0.0225,0.8943,0.0105,0.0728
CA,2020-07,0.025,0.9105,0.0098,0.0547
CA,2020-08,0.0268,0.8936,0.0091,0.0705
CA,2020-09,0.0268,0.8681,0.0089,0.0962
CA,2020-10,0.0252,0.8778,0.005,0.0919
CA,2020-11,0.024,0.8604,0.0038,0.1118
CA,2020-12,0.0221,0.884,0.0015,0.0924
CA,2021-01,0.0216,0.9086,0.0021,0.0678
CA,2021-02,0.024,0.8956,0.0034,0.077
CA,2021-03,0.021,0.865,0.0066,0.1073
CA,2021-04,0.0218,0.8815,0.0086,0.0881
CA,2021-05,0.023,0.8876,0.0102,0.0792
CA,2021-06,0.027,0.8811,0.0093,0.0826
CA,2021-07,0.0271,0.9043,0.0086,0.06
CA,2021-08,0.0324,0.8948,0.0096,0.0631
CA,2021-09,0.0274,0.8655,0.0101,0.0971
CA,2021-10,0.0288,0.8727,0.0063,0.0923
CA,2021-11,0.027,0.8573,0.0045,0.1112
CA,2021-12,0.025,0.883,0.0019,0.0901
CA,2022-01,0.021,0.8888,0.0024,0.0877
CA,2022-02,0.0197,0.882,0.0036,0.0947
CA,2022-03,0.0192,0.8809,0.0055,0.0944
CA,2022-04,0.0184,0.8765,0.0082,0.0969
CA,2022-05,0.0199,0.8817,0.0104,0.0881
CA,2022-06,0.019,0.8919,0.011,0.0781
CA,2022-07,0.0223,0.896,0.0115,0.0702
CA,2022-08,0.0233,0.9091,0.0098,0.0577
CA,2022-09,0.0232,0.8875,0.0107,0.0786
CA,2022-10,0.0225,0.8627,0.0097,0.1052
CA,2022-11,0.0203,0.8628,0.0049,0.1119
CA,2022-12,0.0213,0.8869,0.0027,0.089
CA,2023-01,0.0189,0.9014,0.003,0.0767
CA,2023-02,0.0171,0.8744,0.0062,0.1024
CA,2023-03,0.0177,0.8836,0.0105,0.0882
CA,2023-04,0.018,0.8609,0.0137,0.1073
CA,2023-05,0.0187,0.8704,0.0187,0.0923
CA,2023-06,0.0227,0.8804,0.019,0.0779
CA,2023-07,0.0273,0.8889,0.0194,0.0644
CA,2023-08,0.0266,0.8759,0.0182,0.0794
CA,2023-09,0.0251,0.8741,0.0165,0.0842
CA,2023-10,0.0233,0.8443,0.0092,0.1233
CA,2023-11,0.0226,0.8394,0.0057,0.1323
CA,2023-12,0.0227,0.853,0.0038,0.1205
CA,2024-01,0.0238,0.8709,0.0036,0.1017
CA,2024-02,0.023,0.8537,0.0097,0.1137
CA,2024-03,0.0226,0.8338,0.0146,0.129
CA,2024-04,0.0207,0.8102,0.0183,0.1507
CA,2024-05,0.0238,0.8456,0.0198,0.1108
CA,2024-06,0.0213,0.8556,0.0204,0.1028
CA,2024-07,0.0274,0.8778,0.0214,0.0735
CA,2024-08,0.0287,0.8672,0.019,0.085
CA,2024-09,0.0271,0.8456,0.0186,0.1086
CA,2024-10,0.0251,0.813,0.0137,0.1482
CA,2024-11,0.0237,0.8379,0.0054,0.133
CA,2024-12,0.0224,0.858,0.0036,0.116
CA,2025-01,0.0214,0.8533,0.0048,0.1205
CA,2025-02,0.024,0.8616,0.0064,0.108
CA,2025-03,0.0208,0.8335,0.0134,0.1323
CA,2025-04,0.0203,0.822,0.0191,0.1387
CA,2025-05,0.0196,0.8282,0.0232,0.129
CA,2025-06,0.024,0.8322,0.0258,0.118
CA,2025-07,0.0301,0.8585,0.0239,0.0876
CA,2025-08,0.0315,0.852,0.0252,0.0913
CA,2025-09,0.0309,0.8412,0.0224,0.1056
CA,2025-10,0.0295,0.7995,0.0168,0.1542
CA,2025-11,0.0267,0.8118,0.0086,0.1529
CA,2025-12,0.0267,0.8305,0.0044,0.1383
CA,2026-01,0.0249,0.8412,0.0043,0.1295
CA,2026-02,0.0246,0.8559,0.0091,0.1103
CA,2026-03,0.022,0.8301,0.012,0.136
CA,2026-04,0.0213,0.8308,0.0175,0.1304
CA,2026-05,0.0213,0.8308,0.0175,0.1304
CA,2026-06,0.0213,0.8308,0.0175,0.1304
CA,2026-07,0.0213,0.8308,0.0175,0.1304
CA,2026-08,0.0213,0.8308,0.0175,0.1304
CD,2019-01,0.001,0.9954,0.0018,0.0017
CD,2019-02,0.001,0.9954,0.0018,0.0017
CD,2019-03,0.001,0.9954,0.0018,0.0017
CD,2019-04,0.001,0.9954,0.0018,0.0017
CD,2019-05,0.001,0.9954,0.0018,0.0017
CD,2019-06,0.001,0.9954,0.0018,0.0017
CD,2019-07,0.001,0.9954,0.0018,0.0017
CD,2019-08,0.001,0.9954,0.0018,0.0017
CD,2019-09,0.001,0.9954,0.0018,0.0017
CD,2019-10,0.001,0.9954,0.0018,0.0017
CD,2019-11,0.001,0.9954,0.0018,0.0017
CD,2019-12,0.001,0.9954,0.0018,0.0017
CD,2020-01,0.001,0.9954,0.0018,0.0017
CD,2020-02,0.001,0.9954,0.0018,0.0017
CD,2020-03,0.001,0.9954,0.0018,0.0017
CD,2020-04,0.001,0.9954,0.0018,0.0017
CD,2020-05,0.001,0.9954,0.0018,0.0017
CD,2020-06,0.001,0.9954,0.0018,0.0017
CD,2020-07,0.001,0.9954,0.0018,0.0017
CD,2020-08,0.001,0.9954,0.0018,0.0017
CD,2020-09,0.001,0.9954,0.0018,0.0017
CD,2020-10,0.001,0.9954,0.0018,0.0017
CD,2020-11,0.001,0.9954,0.0018,0.0017
CD,2020-12,0.001,0.9954,0.0018,0.0017
CD,2021-01,0.001,0.9954,0.0018,0.0017
CD,2021-02,0.001,0.9954,0.0018,0.0017
CD,2021-03,0.001,0.9954,0.0018,0.0017
CD,2021-04,0.001,0.9954,0.0018,0.0017
CD,2021-05,0.001,0.9954,0.0018,0.0017
CD,2021-06,0.001,0.9954,0.0018,0.0017
CD,2021-07,0.001,0.9954,0.0018,0.0017
CD,2021-08,0.001,0.9954,0.0018,0.0017
CD,2021-09,0.001,0.9954,0.0018,0.0017
CD,2021-10,0.001,0.9954,0.0018,0.0017
CD,2021-11,0.001,0.9954,0.0018,0.0017
CD,2021-12,0.001,0.9954,0.0018,0.0017
CD,2022-01,0.001,0.9954,0.0018,0.0017
CD,2022-02,0.001,0.9954,0.0018,0.0017
CD,2022-03,0.001,0.9954,0.0018,0.0017
CD,2022-04,0.001,0.9954,0.0018,0.0017
CD,2022-05,0.001,0.9954,0.0018,0.0017
CD,2022-06,0.001,0.9954,0.0018,0.0017
CD,2022-07,0.001,0.9954,0.0018,0.0017
CD,2022-08,0.001,0.9954,0.0018,0.0017
CD,2022-09,0.001,0.9954,0.0018,0.0017
CD,2022-10,0.001,0.9954,0.0018,0.0017
CD,2022-11,0.001,0.9954,0.0018,0.0017
CD,2022-12,0.001,0.9954,0.0018,0.0017
CD,2023-01,0.001,0.9954,0.0018,0.0017
CD,2023-02,0.001,0.9954,0.0018,0.0017
CD,2023-03,0.001,0.9954,0.0018,0.0017
CD,2023-04,0.001,0.9954,0.0018,0.0017
CD,2023-05,0.001,0.9954,0.0018,0.0017
CD,2023-06,0.001,0.9954,0.0018,0.0017
CD,2023-07,0.001,0.9954,0.0018,0.0017
CD,2023-08,0.001,0.9954,0.0018,0.0017
CD,2023-09,0.001,0.9954,0.0018,0.0017
CD,2023-10,0.001,0.9954,0.0018,0.0017
CD,2023-11,0.001,0.9954,0.0018,0.0017
CD,2023-12,0.001,0.9954,0.0018,0.0017
CD,2024-01,0.001,0.9954,0.0018,0.0017
CD,2024-02,0.001,0.9954,0.0018,0.0017
CD,2024-03,0.001,0.9954,0.0018,0.0017
CD,2024-04,0.001,0.9954,0.0018,0.0017
CD,2024-05,0.001,0.9954,0.0018,0.0017
CD,2024-06,0.001,0.9954,0.0018,0.0017
CD,2024-07,0.001,0.9954,0.0018,0.0017
CD,2024-08,0.001,0.9954,0.0018,0.0017
CD,2024-09,0.001,0.9954,0.0018,0.0017
CD,2024-10,0.001,0.9954,0.0018,0.0017
CD,2024-11,0.001,0.9954,0.0018,0.0017
CD,2024-12,0.001,0.9954,0.0018,0.0017
CD,2025-01,0.001,0.9954,0.0018,0.0017
CD,2025-02,0.001,0.9954,0.0018,0.0017
CD,2025-03,0.001,0.9954,0.0018,0.0017
CD,2025-04,0.001,0.9954,0.0018,0.0017
CD,2025-05,0.001,0.9954,0.0018,0.0017
CD,2025-06,0.001,0.9954,0.0018,0.0017
CD,2025-07,0.001,0.9954,0.0018,0.0017
CD,2025-08,0.001,0.9954,0.0018,0.0017
CD,2025-09,0.001,0.9954,0.0018,0.0017
CD,2025-10,0.001,0.9954,0.0018,0.0017
CD,2025-11,0.001,0.9954,0.0018,0.0017
CD,2025-12,0.001,0.9954,0.0018,0.0017
CD,2026-01,0.001,0.9954,0.0018,0.0017
CD,2026-02,0.001,0.9954,0.0018,0.0017
CD,2026-03,0.001,0.9954,0.0018,0.0017
CD,2026-04,0.001,0.9954,0.0018,0.0017
CD,2026-05,0.001,0.9954,0.0018,0.0017
CD,2026-06,0.001,0.9954,0.0018,0.0017
CD,2026-07,0.001,0.9954,0.0018,0.0017
CD,2026-08,0.001,0.9954,0.0018,0.0017
CF,2019-01,0,1,0,0
CF,2019-02,0,1,0,0
CF,2019-03,0,1,0,0
CF,2019-04,0,1,0,0
CF,2019-05,0,1,0,0
CF,2019-06,0,1,0,0
CF,2019-07,0,1,0,0
CF,2019-08,0,1,0,0
CF,2019-09,0,1,0,0
CF,2019-10,0,1,0,0
CF,2019-11,0,1,0,0
CF,2019-12,0,1,0,0
CF,2020-01,0,1,0,0
CF,2020-02,0,1,0,0
CF,2020-03,0,1,0,0
CF,2020-04,0,1,0,0
CF,2020-05,0,1,0,0
CF,2020-06,0,1,0,0
CF,2020-07,0,1,0,0
CF,2020-08,0,1,0,0
CF,2020-09,0,1,0,0
CF,2020-10,0,1,0,0
CF,2020-11,0,1,0,0
CF,2020-12,0,1,0,0
CF,2021-01,0,1,0,0
CF,2021-02,0,1,0,0
CF,2021-03,0,1,0,0
CF,2021-04,0,1,0,0
CF,2021-05,0,1,0,0
CF,2021-06,0,1,0,0
CF,2021-07,0,1,0,0
CF,2021-08,0,1,0,0
CF,2021-09,0,1,0,0
CF,2021-10,0,1,0,0
CF,2021-11,0,1,0,0
CF,2021-12,0,1,0,0
CF,2022-01,0,1,0,0
CF,2022-02,0,1,0,0
CF,2022-03,0,1,0,0
CF,2022-04,0,1,0,0
CF,2022-05,0,1,0,0
CF,2022-06,0,1,0,0
CF,2022-07,0,1,0,0
CF,2022-08,0,1,0,0
CF,2022-09,0,1,0,0
CF,2022-10,0,1,0,0
CF,2022-11,0,1,0,0
CF,2022-12,0,1,0,0
CF,2023-01,0,1,0,0
CF,2023-02,0,1,0,0
CF,2023-03,0,1,0,0
CF,2023-04,0,1,0,0
CF,2023-05,0,1,0,0
CF,2023-06,0,1,0,0
CF,2023-07,0,1,0,0
CF,2023-08,0,1,0,0
CF,2023-09,0,1,0,0
CF,2023-10,0,1,0,0
CF,2023-11,0,1,0,0
CF,2023-12,0,1,0,0
CF,2024-01,0,1,0,0
CF,2024-02,0,1,0,0
CF,2024-03,0,1,0,0
CF,2024-04,0,1,0,0
CF,2024-05,0,1,0,0
CF,2024-06,0,1,0,0
CF,2024-07,0,1,0,0
CF,2024-08,0,1,0,0
CF,2024-09,0,1,0,0
CF,2024-10,0,1,0,0
CF,2024-11,0,1,0,0
CF,2024-12,0,1,0,0
CF,2025-01,0,1,0,0
CF,2025-02,0,1,0,0
CF,2025-03,0,1,0,0
CF,2025-04,0,1,0,0
CF,2025-05,0,1,0,0
CF,2025-06,0,1,0,0
CF,2025-07,0,1,0,0
CF,2025-08,0,1,0,0
CF,2025-09,0,1,0,0
CF,2025-10,0,1,0,0
CF,2025-11,0,1,0,0
CF,2025-12,0,1,0,0
CF,2026-01,0,1,0,0
CF,2026-02,0,1,0,0
CF,2026-03,0,1,0,0
CF,2026-04,0,1,0,0
CF,2026-05,0,1,0,0
CF,2026-06,0,1,0,0
CF,2026-07,0,1,0,0
CF,2026-08,0,1,0,0
CG,2019-01,0.0277,0.9723,0,0
CG,2019-02,0.0277,0.9723,0,0
CG,2019-03,0.0277,0.9723,0,0
CG,2019-04,0.0277,0.9723,0,0
CG,2019-05,0.0277,0.9723,0,0
CG,2019-06,0.0277,0.9723,0,0
CG,2019-07,0.0277,0.9723,0,0
CG,2019-08,0.0277,0.9723,0,0
CG,2019-09,0.0277,0.9723,0,0
CG,2019-10,0.0277,0.9723,0,0
CG,2019-11,0.0277,0.9723,0,0
CG,2019-12,0.0277,0.9723,0,0
CG,2020-01,0.0277,0.9723,0,0
CG,2020-02,0.0277,0.9723,0,0
CG,2020-03,0.0277,0.9723,0,0
CG,2020-04,0.0277,0.9723,0,0
CG,2020-05,0.0277,0.9723,0,0
CG,2020-06,0.0277,0.9723,0,0
CG,2020-07,0.0277,0.9723,0,0
CG,2020-08,0.0277,0.9723,0,0
CG,2020-09,0.0277,0.9723,0,0
CG,2020-10,0.0277,0.9723,0,0
CG,2020-11,0.0277,0.9723,0,0
CG,2020-12,0.0277,0.9723,0,0
CG,2021-01,0.0277,0.9723,0,0
CG,2021-02,0.0277,0.9723,0,0
CG,2021-03,0.0277,0.9723,0,0
CG,2021-04,0.0277,0.9723,0,0
CG,2021-05,0.0277,0.9723,0,0
CG,2021-06,0.0277,0.9723,0,0
CG,2021-07,0.0277,0.9723,0,0
CG,2021-08,0.0277,0.9723,0,0
CG,2021-09,0.0277,0.9723,0,0
CG,2021-10,0.0277,0.9723,0,0
CG,2021-11,0.0277,0.9723,0,0
CG,2021-12,0.0277,0.9723,0,0
CG,2022-01,0.0277,0.9723,0,0
CG,2022-02,0.0277,0.9723,0,0
CG,2022-03,0.0277,0.9723,0,0
CG,2022-04,0.0277,0.9723,0,0
CG,2022-05,0.0277,0.9723,0,0
CG,2022-06,0.0277,0.9723,0,0
CG,2022-07,0.0277,0.9723,0,0
CG,2022-08,0.0277,0.9723,0,0
CG,2022-09,0.0277,0.9723,0,0
CG,2022-10,0.0277,0.9723,0,0
CG,2022-11,0.0277,0.9723,0,0
CG,2022-12,0.0277,0.9723,0,0
CG,2023-01,0.0277,0.9723,0,0
CG,2023-02,0.0277,0.9723,0,0
CG,2023-03,0.0277,0.9723,0,0
CG,2023-04,0.0277,0.9723,0,0
CG,2023-05,0.0277,0.9723,0,0
CG,2023-06,0.0277,0.9723,0,0
CG,2023-07,0.0277,0.9723,0,0
CG,2023-08,0.0277,0.9723,0,0
CG,2023-09,0.0277,0.9723,0,0
CG,2023-10,0.0277,0.9723,0,0
CG,2023-11,0.0277,0.9723,0,0
CG,2023-12,0.0277,0.9723,0,0
CG,2024-01,0.0277,0.9723,0,0
CG,2024-02,0.0277,0.9723,0,0
CG,2024-03,0.0277,0.9723,0,0
CG,2024-04,0.0277,0.9723,0,0
CG,2024-05,0.0277,0.9723,0,0
CG,2024-06,0.0277,0.9723,0,0
CG,2024-07,0.0277,0.9723,0,0
CG,2024-08,0.0277,0.9723,0,0
CG,2024-09,0.0277,0.9723,0,0
CG,2024-10,0.0277,0.9723,0,0
CG,2024-11,0.0277,0.9723,0,0
CG,2024-12,0.0277,0.9723,0,0
CG,2025-01,0.0277,0.9723,0,0
CG,2025-02,0.0277,0.9723,0,0
CG,2025-03,0.0277,0.9723,0,0
CG,2025-04,0.0277,0.9723,0,0
CG,2025-05,0.0277,0.9723,0,0
CG,2025-06,0.0277,0.9723,0,0
CG,2025-07,0.0277,0.9723,0,0
CG,2025-08,0.0277,0.9723,0,0
CG,2025-09,0.0277,0.9723,0,0
CG,2025-10,0.0277,0.9723,0,0
CG,2025-11,0.0277,0.9723,0,0
CG,2025-12,0.0277,0.9723,0,0
CG,2026-01,0.0277,0.9723,0,0
CG,2026-02,0.0277,0.9723,0,0
CG,2026-03,0.0277,0.9723,0,0
CG,2026-04,0.0277,0.9723,0,0
CG,2026-05,0.0277,0.9723,0,0
CG,2026-06,0.0277,0.9723,0,0
CG,2026-07,0.0277,0.9723,0,0
CG,2026-08,0.0277,0.9723,0,0
CH,2019-01,0.005,0.9511,0.0229,0.021
CH,2019-02,0.0098,0.8951,0.0565,0.0386
CH,2019-03,0.0092,0.8661,0.0781,0.0465
CH,2019-04,0,0.9246,0.0719,0.0035
CH,2019-05,0,0.9234,0.0736,0.003
CH,2019-06,0,0.9376,0.0604,0.002
CH,2019-07,0,0.9424,0.0557,0.0019
CH,2019-08,0,0.9469,0.0511,0.002
CH,2019-09,0,0.9358,0.0612,0.003
CH,2019-10,0,0.9617,0.0354,0.0029
CH,2019-11,0.0018,0.967,0.0221,0.0092
CH,2019-12,0.0042,0.9524,0.0199,0.0234
CH,2020-01,0.004,0.9481,0.0249,0.023
CH,2020-02,0.0059,0.9093,0.0426,0.0422
CH,2020-03,0.0008,0.9189,0.0708,0.0095
CH,2020-04,0,0.8881,0.1086,0.0033
CH,2020-05,0,0.9084,0.0891,0.0025
CH,2020-06,0,0.9248,0.073,0.0022
CH,2020-07,0,0.9165,0.0814,0.0021
CH,2020-08,0,0.9219,0.0758,0.0023
CH,2020-09,0,0.9255,0.0717,0.0028
CH,2020-10,0,0.9555,0.0389,0.0056
CH,2020-11,0.0022,0.957,0.0296,0.0112
CH,2020-12,0.0088,0.9362,0.0151,0.04
CH,2021-01,0.0055,0.9559,0.0134,0.0252
CH,2021-02,0.0053,0.9248,0.0427,0.0273
CH,2021-03,0.0046,0.8872,0.0886,0.0196
CH,2021-04,0.0026,0.8501,0.1356,0.0118
CH,2021-05,0,0.8928,0.1017,0.0054
CH,2021-06,0,0.9159,0.0822,0.0019
CH,2021-07,0,0.9286,0.0694,0.0019
CH,2021-08,0,0.9235,0.0745,0.002
CH,2021-09,0.0034,0.8916,0.0932,0.0119
CH,2021-10,0.0148,0.8339,0.0872,0.0642
CH,2021-11,0.0145,0.8991,0.0313,0.0551
CH,2021-12,0.0148,0.9006,0.0214,0.0632
CH,2022-01,0.011,0.8971,0.0378,0.0541
CH,2022-02,0.0156,0.808,0.0842,0.0922
CH,2022-03,0.0114,0.8008,0.1459,0.042
CH,2022-04,0.0024,0.8383,0.1468,0.0125
CH,2022-05,0,0.8669,0.1306,0.0025
CH,2022-06,0,0.8732,0.1245,0.0024
CH,2022-07,0,0.8535,0.1442,0.0024
CH,2022-08,0,0.8568,0.1405,0.0027
CH,2022-09,0,0.8807,0.1162,0.0032
CH,2022-10,0.0014,0.9022,0.0866,0.0098
CH,2022-11,0.0127,0.8645,0.0582,0.0647
CH,2022-12,0.0116,0.9122,0.0245,0.0517
CH,2023-01,0.006,0.9286,0.0273,0.0382
CH,2023-02,0.0069,0.8721,0.0879,0.0331
CH,2023-03,0.0025,0.8689,0.1104,0.0182
CH,2023-04,0.0013,0.8286,0.1614,0.0087
CH,2023-05,0,0.8617,0.136,0.0022
CH,2023-06,0,0.8441,0.1539,0.002
CH,2023-07,0,0.8511,0.1467,0.0021
CH,2023-08,0,0.8709,0.1269,0.0022
CH,2023-09,0,0.8714,0.1264,0.0023
CH,2023-10,0,0.8959,0.0985,0.0056
CH,2023-11,0,0.9564,0.036,0.0076
CH,2023-12,0.0039,0.9372,0.0309,0.0279
CH,2024-01,0,0.9653,0.0297,0.005
CH,2024-02,0.0005,0.9124,0.0786,0.0085
CH,2024-03,0,0.8802,0.1146,0.0051
CH,2024-04,0,0.8445,0.1507,0.0049
CH,2024-05,0,0.8547,0.1434,0.0019
CH,2024-06,0,0.8634,0.1348,0.0018
CH,2024-07,0,0.8648,0.1337,0.0015
CH,2024-08,0,0.8476,0.1507,0.0017
CH,2024-09,0,0.8604,0.1348,0.0049
CH,2024-10,0,0.926,0.0718,0.0022
CH,2024-11,0.0009,0.9331,0.0561,0.0098
CH,2024-12,0.0059,0.9115,0.0426,0.0399
CH,2025-01,0.0047,0.9038,0.0595,0.0321
CH,2025-02,0.0063,0.8669,0.0988,0.028
CH,2025-03,0.0106,0.6825,0.2571,0.0498
CH,2025-04,0,0.7057,0.2913,0.003
CH,2025-05,0,0.777,0.2208,0.0022
CH,2025-06,0,0.7737,0.2245,0.0018
CH,2025-07,0,0.7789,0.2191,0.0021
CH,2025-08,0,0.7652,0.2326,0.0022
CH,2025-09,0,0.8364,0.1613,0.0022
CH,2025-10,0.0048,0.8266,0.1363,0.0322
CH,2025-11,0.0102,0.8472,0.0906,0.052
CH,2025-12,0.0155,0.8139,0.0879,0.0827
CH,2026-01,0.0157,0.8241,0.0703,0.0898
CH,2026-02,0.0144,0.7745,0.1313,0.0798
CH,2026-03,0.0093,0.6974,0.2407,0.0526
CH,2026-04,0,0.7049,0.2924,0.0027
CH,2026-05,0,0.6875,0.3102,0.0024
CH,2026-06,0,0.6875,0.3102,0.0024
CH,2026-07,0,0.6875,0.3102,0.0024
CH,2026-08,0,0.6875,0.3102,0.0024
CI,2019-01,0.0199,0.9773,0.0027,0
CI,2019-02,0.0199,0.9773,0.0027,0
CI,2019-03,0.0199,0.9773,0.0027,0
CI,2019-04,0.0199,0.9773,0.0027,0
CI,2019-05,0.0199,0.9773,0.0027,0
CI,2019-06,0.0199,0.9773,0.0027,0
CI,2019-07,0.0199,0.9773,0.0027,0
CI,2019-08,0.0199,0.9773,0.0027,0
CI,2019-09,0.0199,0.9773,0.0027,0
CI,2019-10,0.0199,0.9773,0.0027,0
CI,2019-11,0.0199,0.9773,0.0027,0
CI,2019-12,0.0199,0.9773,0.0027,0
CI,2020-01,0.0199,0.9773,0.0027,0
CI,2020-02,0.0199,0.9773,0.0027,0
CI,2020-03,0.0199,0.9773,0.0027,0
CI,2020-04,0.0199,0.9773,0.0027,0
CI,2020-05,0.0199,0.9773,0.0027,0
CI,2020-06,0.0199,0.9773,0.0027,0
CI,2020-07,0.0199,0.9773,0.0027,0
CI,2020-08,0.0199,0.9773,0.0027,0
CI,2020-09,0.0199,0.9773,0.0027,0
CI,2020-10,0.0199,0.9773,0.0027,0
CI,2020-11,0.0199,0.9773,0.0027,0
CI,2020-12,0.0199,0.9773,0.0027,0
CI,2021-01,0.0199,0.9773,0.0027,0
CI,2021-02,0.0199,0.9773,0.0027,0
CI,2021-03,0.0199,0.9773,0.0027,0
CI,2021-04,0.0199,0.9773,0.0027,0
CI,2021-05,0.0199,0.9773,0.0027,0
CI,2021-06,0.0199,0.9773,0.0027,0
CI,2021-07,0.0199,0.9773,0.0027,0
CI,2021-08,0.0199,0.9773,0.0027,0
CI,2021-09,0.0199,0.9773,0.0027,0
CI,2021-10,0.0199,0.9773,0.0027,0
CI,2021-11,0.0199,0.9773,0.0027,0
CI,2021-12,0.0199,0.9773,0.0027,0
CI,2022-01,0.0199,0.9773,0.0027,0
CI,2022-02,0.0199,0.9773,0.0027,0
CI,2022-03,0.0199,0.9773,0.0027,0
CI,2022-04,0.0199,0.9773,0.0027,0
CI,2022-05,0.0199,0.9773,0.0027,0
CI,2022-06,0.0199,0.9773,0.0027,0
CI,2022-07,0.0199,0.9773,0.0027,0
CI,2022-08,0.0199,0.9773,0.0027,0
CI,2022-09,0.0199,0.9773,0.0027,0
CI,2022-10,0.0199,0.9773,0.0027,0
CI,2022-11,0.0199,0.9773,0.0027,0
CI,2022-12,0.0199,0.9773,0.0027,0
CI,2023-01,0.0199,0.9773,0.0027,0
CI,2023-02,0.0199,0.9773,0.0027,0
CI,2023-03,0.0199,0.9773,0.0027,0
CI,2023-04,0.0199,0.9773,0.0027,0
CI,2023-05,0.0199,0.9773,0.0027,0
CI,2023-06,0.0199,0.9773,0.0027,0
CI,2023-07,0.0199,0.9773,0.0027,0
CI,2023-08,0.0199,0.9773,0.0027,0
CI,2023-09,0.0199,0.9773,0.0027,0
CI,2023-10,0.0199,0.9773,0.0027,0
CI,2023-11,0.0199,0.9773,0.0027,0
CI,2023-12,0.0199,0.9773,0.0027,0
CI,2024-01,0.0199,0.9773,0.0027,0
CI,2024-02,0.0199,0.9773,0.0027,0
CI,2024-03,0.0199,0.9773,0.0027,0
CI,2024-04,0.0199,0.9773,0.0027,0
CI,2024-05,0.0199,0.9773,0.0027,0
CI,2024-06,0.0199,0.9773,0.0027,0
CI,2024-07,0.0199,0.9773,0.0027,0
CI,2024-08,0.0199,0.9773,0.0027,0
CI,2024-09,0.0199,0.9773,0.0027,0
CI,2024-10,0.0199,0.9773,0.0027,0
CI,2024-11,0.0199,0.9773,0.0027,0
CI,2024-12,0.0199,0.9773,0.0027,0
CI,2025-01,0.0199,0.9773,0.0027,0
CI,2025-02,0.0199,0.9773,0.0027,0
CI,2025-03,0.0199,0.9773,0.0027,0
CI,2025-04,0.0199,0.9773,0.0027,0
CI,2025-05,0.0199,0.9773,0.0027,0
CI,2025-06,0.0199,0.9773,0.0027,0
CI,2025-07,0.0199,0.9773,0.0027,0
CI,2025-08,0.0199,0.9773,0.0027,0
CI,2025-09,0.0199,0.9773,0.0027,0
CI,2025-10,0.0199,0.9773,0.0027,0
CI,2025-11,0.0199,0.9773,0.0027,0
CI,2025-12,0.0199,0.9773,0.0027,0
CI,2026-01,0.0199,0.9773,0.0027,0
CI,2026-02,0.0199,0.9773,0.0027,0
CI,2026-03,0.0199,0.9773,0.0027,0
CI,2026-04,0.0199,0.9773,0.0027,0
CI,2026-05,0.0199,0.9773,0.0027,0
CI,2026-06,0.0199,0.9773,0.0027,0
CI,2026-07,0.0199,0.9773,0.0027,0
CI,2026-08,0.0199,0.9773,0.0027,0
CK,2019-01,0,0,1,0
CK,2019-02,0,0,1,0
CK,2019-03,0,0,1,0
CK,2019-04,0,0,1,0
CK,2019-05,0,0,1,0
CK,2019-06,0,0,1,0
CK,2019-07,0,0,1,0
CK,2019-08,0,0,1,0
CK,2019-09,0,0,1,0
CK,2019-10,0,0,1,0
CK,2019-11,0,0,1,0
CK,2019-12,0,0,1,0
CK,2020-01,0,0,1,0
CK,2020-02,0,0,1,0
CK,2020-03,0,0,1,0
CK,2020-04,0,0,1,0
CK,2020-05,0,0,1,0
CK,2020-06,0,0,1,0
CK,2020-07,0,0,1,0
CK,2020-08,0,0,1,0
CK,2020-09,0,0,1,0
CK,2020-10,0,0,1,0
CK,2020-11,0,0,1,0
CK,2020-12,0,0,1,0
CK,2021-01,0,0,1,0
CK,2021-02,0,0,1,0
CK,2021-03,0,0,1,0
CK,2021-04,0,0,1,0
CK,2021-05,0,0,1,0
CK,2021-06,0,0,1,0
CK,2021-07,0,0,1,0
CK,2021-08,0,0,1,0
CK,2021-09,0,0,1,0
CK,2021-10,0,0,1,0
CK,2021-11,0,0,1,0
CK,2021-12,0,0,1,0
CK,2022-01,0,0,1,0
CK,2022-02,0,0,1,0
CK,2022-03,0,0,1,0
CK,2022-04,0,0,1,0
CK,2022-05,0,0,1,0
CK,2022-06,0,0,1,0
CK,2022-07,0,0,1,0
CK,2022-08,0,0,1,0
CK,2022-09,0,0,1,0
CK,2022-10,0,0,1,0
CK,2022-11,0,0,1,0
CK,2022-12,0,0,1,0
CK,2023-01,0,0,1,0
CK,2023-02,0,0,1,0
CK,2023-03,0,0,1,0
CK,2023-04,0,0,1,0
CK,2023-05,0,0,1,0
CK,2023-06,0,0,1,0
CK,2023-07,0,0,1,0
CK,2023-08,0,0,1,0
CK,2023-09,0,0,1,0
CK,2023-10,0,0,1,0
CK,2023-11,0,0,1,0
CK,2023-12,0,0,1,0
CK,2024-01,0,0,1,0
CK,2024-02,0,0,1,0
CK,2024-03,0,0,1,0
CK,2024-04,0,0,1,0
CK,2024-05,0,0,1,0
CK,2024-06,0,0,1,0
CK,2024-07,0,0,1,0
CK,2024-08,0,0,1,0
CK,2024-09,0,0,1,0
CK,2024-10,0,0,1,0
CK,2024-11,0,0,1,0
CK,2024-12,0,0,1,0
CK,2025-01,0,0,1,0
CK,2025-02,0,0,1,0
CK,2025-03,0,0,1,0
CK,2025-04,0,0,1,0
CK,2025-05,0,0,1,0
CK,2025-06,0,0,1,0
CK,2025-07,0,0,1,0
CK,2025-08,0,0,1,0
CK,2025-09,0,0,1,0
CK,2025-10,0,0,1,0
CK,2025-11,0,0,1,0
CK,2025-12,0,0,1,0
CK,2026-01,0,0,1,0
CK,2026-02,0,0,1,0
CK,2026-03,0,0,1,0
CK,2026-04,0,0,1,0
CK,2026-05,0,0,1,0
CK,2026-06,0,0,1,0
CK,2026-07,0,0,1,0
CK,2026-08,0,0,1,0
CL,2019-01,0.0435,0.6709,0.1863,0.0994
CL,2019-02,0.0552,0.6417,0.2047,0.0983
CL,2019-03,0.0671,0.5888,0.2175,0.1266
CL,2019-04,0.0864,0.5909,0.2001,0.1227
CL,2019-05,0.0808,0.6171,0.1574,0.1447
CL,2019-06,0.0656,0.6254,0.139,0.1699
CL,2019-07,0.0575,0.6091,0.1534,0.18
CL,2019-08,0.048,0.6282,0.1603,0.1635
CL,2019-09,0.0494,0.6231,0.1971,0.1303
CL,2019-10,0.0396,0.6037,0.1982,0.1585
CL,2019-11,0.0335,0.6097,0.2104,0.1464
CL,2019-12,0.0429,0.5736,0.227,0.1564
CL,2020-01,0.0465,0.618,0.2113,0.1242
CL,2020-02,0.0618,0.5709,0.229,0.1383
CL,2020-03,0.0772,0.5202,0.2561,0.1465
CL,2020-04,0.0915,0.4569,0.274,0.1776
CL,2020-05,0.0805,0.5309,0.2228,0.1658
CL,2020-06,0.0733,0.5412,0.1743,0.2111
CL,2020-07,0.0512,0.6416,0.1603,0.1468
CL,2020-08,0.0429,0.571,0.1881,0.1981
CL,2020-09,0.0465,0.5747,0.2193,0.1595
CL,2020-10,0.0355,0.5914,0.2081,0.165
CL,2020-11,0.0366,0.6244,0.2073,0.1317
CL,2020-12,0.0399,0.5896,0.2338,0.1367
CL,2021-01,0.0457,0.5343,0.2658,0.1542
CL,2021-02,0.0526,0.4812,0.3045,0.1616
CL,2021-03,0.0701,0.4428,0.3099,0.1772
CL,2021-04,0.0838,0.3921,0.3215,0.2025
CL,2021-05,0.0801,0.468,0.252,0.2
CL,2021-06,0.0542,0.5661,0.2,0.1797
CL,2021-07,0.0671,0.4388,0.2649,0.2291
CL,2021-08,0.061,0.4122,0.2902,0.2366
CL,2021-09,0.0462,0.4184,0.2985,0.237
CL,2021-10,0.041,0.4125,0.3279,0.2186
CL,2021-11,0.0417,0.4192,0.3412,0.1979
CL,2021-12,0.0462,0.4308,0.3333,0.1897
CL,2022-01,0.0441,0.3963,0.3471,0.2124
CL,2022-02,0.0511,0.3694,0.3754,0.2042
CL,2022-03,0.0514,0.3395,0.3848,0.2243
CL,2022-04,0.0628,0.3217,0.3776,0.2378
CL,2022-05,0.054,0.3808,0.3239,0.2413
CL,2022-06,0.055,0.4725,0.2718,0.2007
CL,2022-07,0.0434,0.5,0.2283,0.2283
CL,2022-08,0.0393,0.5037,0.2654,0.1917
CL,2022-09,0.0388,0.4745,0.3051,0.1816
CL,2022-10,0.0254,0.5085,0.3009,0.1653
CL,2022-11,0.0277,0.5319,0.3106,0.1298
CL,2022-12,0.0341,0.4457,0.3539,0.1663
CL,2023-01,0.037,0.3704,0.4005,0.1921
CL,2023-02,0.0397,0.3678,0.3968,0.1957
CL,2023-03,0.0454,0.3342,0.4279,0.1925
CL,2023-04,0.0581,0.2967,0.4355,0.2096
CL,2023-05,0.0567,0.3224,0.3672,0.2537
CL,2023-06,0.0442,0.4259,0.278,0.2519
CL,2023-07,0.034,0.566,0.2425,0.1575
CL,2023-08,0.0354,0.5541,0.248,0.1625
CL,2023-09,0.0323,0.5463,0.238,0.1834
CL,2023-10,0.0309,0.4961,0.2857,0.1873
CL,2023-11,0.0246,0.5228,0.2879,0.1647
CL,2023-12,0.0292,0.4964,0.3176,0.1569
CL,2024-01,0.0332,0.453,0.3499,0.1639
CL,2024-02,0.0446,0.4286,0.3751,0.1518
CL,2024-03,0.0418,0.3788,0.3788,0.2005
CL,2024-04,0.0486,0.3594,0.3811,0.2108
CL,2024-05,0.0441,0.4363,0.3112,0.2083
CL,2024-06,0.0291,0.5334,0.2313,0.2062
CL,2024-07,0.0279,0.505,0.2644,0.2028
CL,2024-08,0.0322,0.4859,0.2831,0.1988
CL,2024-09,0.032,0.43,0.318,0.2199
CL,2024-10,0.0274,0.5174,0.2962,0.159
CL,2024-11,0.0232,0.5088,0.3025,0.1655
CL,2024-12,0.0223,0.4347,0.3643,0.1788
CL,2025-01,0.0312,0.3816,0.3945,0.1927
CL,2025-02,0.0357,0.3616,0.4063,0.1964
CL,2025-03,0.0357,0.3496,0.3964,0.2183
CL,2025-04,0.0471,0.3722,0.3648,0.2159
CL,2025-05,0.0455,0.434,0.3115,0.2091
CL,2025-06,0.0426,0.442,0.2695,0.2459
CL,2025-07,0.0418,0.3375,0.3325,0.2882
CL,2025-08,0.04,0.4,0.331,0.2289
CL,2025-09,0.0364,0.3712,0.3778,0.2146
CL,2025-10,0.0269,0.3774,0.3888,0.2069
CL,2025-11,0.0242,0.3314,0.4323,0.2121
CL,2025-12,0.0244,0.3227,0.4409,0.212
CL,2026-01,0.0286,0.3333,0.4494,0.1886
CL,2026-02,0.0282,0.3254,0.4425,0.204
CL,2026-03,0.0372,0.2801,0.4705,0.2123
CL,2026-04,0.0419,0.2821,0.4219,0.2541
CL,2026-05,0.0419,0.2821,0.4219,0.2541
CL,2026-06,0.0419,0.2821,0.4219,0.2541
CL,2026-07,0.0419,0.2821,0.4219,0.2541
CL,2026-08,0.0419,0.2821,0.4219,0.2541
CM,2019-01,0.0078,0.9879,0.004,0.0002
CM,2019-02,0.0078,0.9879,0.004,0.0002
CM,2019-03,0.0078,0.9879,0.004,0.0002
CM,2019-04,0.0078,0.9879,0.004,0.0002
CM,2019-05,0.0078,0.9879,0.004,0.0002
CM,2019-06,0.0078,0.9879,0.004,0.0002
CM,2019-07,0.0078,0.9879,0.004,0.0002
CM,2019-08,0.0078,0.9879,0.004,0.0002
CM,2019-09,0.0078,0.9879,0.004,0.0002
CM,2019-10,0.0078,0.9879,0.004,0.0002
CM,2019-11,0.0078,0.9879,0.004,0.0002
CM,2019-12,0.0078,0.9879,0.004,0.0002
CM,2020-01,0.0078,0.9879,0.004,0.0002
CM,2020-02,0.0078,0.9879,0.004,0.0002
CM,2020-03,0.0078,0.9879,0.004,0.0002
CM,2020-04,0.0078,0.9879,0.004,0.0002
CM,2020-05,0.0078,0.9879,0.004,0.0002
CM,2020-06,0.0078,0.9879,0.004,0.0002
CM,2020-07,0.0078,0.9879,0.004,0.0002
CM,2020-08,0.0078,0.9879,0.004,0.0002
CM,2020-09,0.0078,0.9879,0.004,0.0002
CM,2020-10,0.0078,0.9879,0.004,0.0002
CM,2020-11,0.0078,0.9879,0.004,0.0002
CM,2020-12,0.0078,0.9879,0.004,0.0002
CM,2021-01,0.0078,0.9879,0.004,0.0002
CM,2021-02,0.0078,0.9879,0.004,0.0002
CM,2021-03,0.0078,0.9879,0.004,0.0002
CM,2021-04,0.0078,0.9879,0.004,0.0002
CM,2021-05,0.0078,0.9879,0.004,0.0002
CM,2021-06,0.0078,0.9879,0.004,0.0002
CM,2021-07,0.0078,0.9879,0.004,0.0002
CM,2021-08,0.0078,0.9879,0.004,0.0002
CM,2021-09,0.0078,0.9879,0.004,0.0002
CM,2021-10,0.0078,0.9879,0.004,0.0002
CM,2021-11,0.0078,0.9879,0.004,0.0002
CM,2021-12,0.0078,0.9879,0.004,0.0002
CM,2022-01,0.0078,0.9879,0.004,0.0002
CM,2022-02,0.0078,0.9879,0.004,0.0002
CM,2022-03,0.0078,0.9879,0.004,0.0002
CM,2022-04,0.0078,0.9879,0.004,0.0002
CM,2022-05,0.0078,0.9879,0.004,0.0002
CM,2022-06,0.0078,0.9879,0.004,0.0002
CM,2022-07,0.0078,0.9879,0.004,0.0002
CM,2022-08,0.0078,0.9879,0.004,0.0002
CM,2022-09,0.0078,0.9879,0.004,0.0002
CM,2022-10,0.0078,0.9879,0.004,0.0002
CM,2022-11,0.0078,0.9879,0.004,0.0002
CM,2022-12,0.0078,0.9879,0.004,0.0002
CM,2023-01,0.0078,0.9879,0.004,0.0002
CM,2023-02,0.0078,0.9879,0.004,0.0002
CM,2023-03,0.0078,0.9879,0.004,0.0002
CM,2023-04,0.0078,0.9879,0.004,0.0002
CM,2023-05,0.0078,0.9879,0.004,0.0002
CM,2023-06,0.0078,0.9879,0.004,0.0002
CM,2023-07,0.0078,0.9879,0.004,0.0002
CM,2023-08,0.0078,0.9879,0.004,0.0002
CM,2023-09,0.0078,0.9879,0.004,0.0002
CM,2023-10,0.0078,0.9879,0.004,0.0002
CM,2023-11,0.0078,0.9879,0.004,0.0002
CM,2023-12,0.0078,0.9879,0.004,0.0002
CM,2024-01,0.0078,0.9879,0.004,0.0002
CM,2024-02,0.0078,0.9879,0.004,0.0002
CM,2024-03,0.0078,0.9879,0.004,0.0002
CM,2024-04,0.0078,0.9879,0.004,0.0002
CM,2024-05,0.0078,0.9879,0.004,0.0002
CM,2024-06,0.0078,0.9879,0.004,0.0002
CM,2024-07,0.0078,0.9879,0.004,0.0002
CM,2024-08,0.0078,0.9879,0.004,0.0002
CM,2024-09,0.0078,0.9879,0.004,0.0002
CM,2024-10,0.0078,0.9879,0.004,0.0002
CM,2024-11,0.0078,0.9879,0.004,0.0002
CM,2024-12,0.0078,0.9879,0.004,0.0002
CM,2025-01,0.0078,0.9879,0.004,0.0002
CM,2025-02,0.0078,0.9879,0.004,0.0002
CM,2025-03,0.0078,0.9879,0.004,0.0002
CM,2025-04,0.0078,0.9879,0.004,0.0002
CM,2025-05,0.0078,0.9879,0.004,0.0002
CM,2025-06,0.0078,0.9879,0.004,0.0002
CM,2025-07,0.0078,0.9879,0.004,0.0002
CM,2025-08,0.0078,0.9879,0.004,0.0002
CM,2025-09,0.0078,0.9879,0.004,0.0002
CM,2025-10,0.0078,0.9879,0.004,0.0002
CM,2025-11,0.0078,0.9879,0.004,0.0002
CM,2025-12,0.0078,0.9879,0.004,0.0002
CM,2026-01,0.0078,0.9879,0.004,0.0002
CM,2026-02,0.0078,0.9879,0.004,0.0002
CM,2026-03,0.0078,0.9879,0.004,0.0002
CM,2026-04,0.0078,0.9879,0.004,0.0002
CM,2026-05,0.0078,0.9879,0.004,0.0002
CM,2026-06,0.0078,0.9879,0.004,0.0002
CM,2026-07,0.0078,0.9879,0.004,0.0002
CM,2026-08,0.0078,0.9879,0.004,0.0002
CN,2019-01,0.0743,0.5616,0.1006,0.2635
CN,2019-02,0.0743,0.5616,0.102,0.2621
CN,2019-03,0.0602,0.5454,0.1284,0.266
CN,2019-04,0.0552,0.5522,0.1343,0.2582
CN,2019-05,0.0475,0.5919,0.1245,0.236
CN,2019-06,0.0504,0.6547,0.1198,0.1751
CN,2019-07,0.0506,0.7088,0.1121,0.1285
CN,2019-08,0.0544,0.6907,0.1177,0.1372
CN,2019-09,0.0532,0.6675,0.1241,0.1552
CN,2019-10,0.051,0.6362,0.1146,0.1982
CN,2019-11,0.0634,0.5573,0.1147,0.2646
CN,2019-12,0.0801,0.4983,0.1194,0.3022
CN,2020-01,0.0834,0.5022,0.1347,0.2797
CN,2020-02,0.0839,0.5061,0.1301,0.2799
CN,2020-03,0.063,0.4857,0.1381,0.3132
CN,2020-04,0.0667,0.5006,0.1544,0.2783
CN,2020-05,0.0647,0.5177,0.1434,0.2742
CN,2020-06,0.0569,0.6304,0.122,0.1907
CN,2020-07,0.0534,0.6833,0.1176,0.1457
CN,2020-08,0.0597,0.6696,0.124,0.1467
CN,2020-09,0.0516,0.6811,0.1221,0.1452
CN,2020-10,0.0484,0.6475,0.1083,0.1958
CN,2020-11,0.0711,0.5497,0.1113,0.2679
CN,2020-12,0.0898,0.4832,0.1177,0.3092
CN,2021-01,0.0841,0.4129,0.1384,0.3646
CN,2021-02,0.0842,0.4135,0.1391,0.3632
CN,2021-03,0.0835,0.4044,0.1526,0.3595
CN,2021-04,0.0718,0.4429,0.1507,0.3346
CN,2021-05,0.0624,0.4715,0.1534,0.3128
CN,2021-06,0.0652,0.5548,0.1497,0.2303
CN,2021-07,0.0626,0.6087,0.1327,0.196
CN,2021-08,0.0655,0.6201,0.1406,0.1737
CN,2021-09,0.057,0.633,0.1279,0.1821
CN,2021-10,0.0564,0.5642,0.12,0.2594
CN,2021-11,0.0683,0.4749,0.137,0.3198
CN,2021-12,0.0852,0.4024,0.1417,0.3707
CN,2022-01,0.0915,0.4279,0.1591,0.3215
CN,2022-02,0.0922,0.4297,0.1559,0.3222
CN,2022-03,0.0698,0.3956,0.1574,0.3772
CN,2022-04,0.0564,0.4255,0.1692,0.349
CN,2022-05,0.0504,0.4994,0.1564,0.2938
CN,2022-06,0.0527,0.5624,0.1511,0.2338
CN,2022-07,0.0659,0.5697,0.1686,0.1958
CN,2022-08,0.0778,0.5254,0.185,0.2118
CN,2022-09,0.0707,0.48,0.2042,0.2451
CN,2022-10,0.0617,0.4554,0.1729,0.3101
CN,2022-11,0.0754,0.4103,0.1577,0.3565
CN,2022-12,0.0829,0.369,0.1482,0.3998
CN,2023-01,0.0786,0.3563,0.1787,0.3865
CN,2023-02,0.079,0.3587,0.1788,0.3835
CN,2023-03,0.0763,0.3291,0.2125,0.3822
CN,2023-04,0.0636,0.3134,0.2077,0.4154
CN,2023-05,0.0633,0.3591,0.2214,0.3562
CN,2023-06,0.0702,0.4287,0.241,0.2602
CN,2023-07,0.0706,0.4627,0.2189,0.2478
CN,2023-08,0.0672,0.5412,0.2172,0.1744
CN,2023-09,0.0585,0.5315,0.2027,0.2074
CN,2023-10,0.0565,0.4808,0.209,0.2538
CN,2023-11,0.0644,0.343,0.2037,0.389
CN,2023-12,0.0801,0.3315,0.1856,0.4028
CN,2024-01,0.0786,0.3175,0.2209,0.383
CN,2024-02,0.0799,0.3227,0.2206,0.3768
CN,2024-03,0.0662,0.2844,0.2604,0.389
CN,2024-04,0.0575,0.33,0.269,0.3435
CN,2024-05,0.0492,0.3912,0.2746,0.285
CN,2024-06,0.0496,0.4621,0.2547,0.2337
CN,2024-07,0.054,0.4919,0.2421,0.2121
CN,2024-08,0.06,0.5012,0.2702,0.1686
CN,2024-09,0.0609,0.42,0.2554,0.2637
CN,2024-10,0.0547,0.3777,0.2534,0.3142
CN,2024-11,0.0656,0.3271,0.2476,0.3597
CN,2024-12,0.0716,0.31,0.2421,0.3763
CN,2025-01,0.063,0.2832,0.2823,0.3716
CN,2025-02,0.0636,0.285,0.2813,0.3701
CN,2025-03,0.0554,0.264,0.2979,0.3827
CN,2025-04,0.0481,0.2632,0.3362,0.3526
CN,2025-05,0.0459,0.3078,0.3382,0.3081
CN,2025-06,0.0448,0.3959,0.3323,0.227
CN,2025-07,0.0505,0.3972,0.3409,0.2114
CN,2025-08,0.0554,0.4094,0.3405,0.1946
CN,2025-09,0.0467,0.4507,0.2927,0.2099
CN,2025-10,0.0516,0.4253,0.2649,0.2582
CN,2025-11,0.0504,0.307,0.2696,0.373
CN,2025-12,0.0608,0.2841,0.2751,0.3799
CN,2026-01,0.0583,0.2707,0.3062,0.3648
CN,2026-02,0.0592,0.2748,0.303,0.363
CN,2026-03,0.0567,0.2876,0.3366,0.3192
CN,2026-04,0.0458,0.2725,0.3624,0.3193
CN,2026-05,0.0414,0.3079,0.3678,0.2828
CN,2026-06,0.0414,0.3079,0.3678,0.2828
CN,2026-07,0.0414,0.3079,0.3678,0.2828
CN,2026-08,0.0414,0.3079,0.3678,0.2828
CO,2019-01,0.0176,0.9781,0.0004,0.0039
CO,2019-02,0.0172,0.9751,0.0033,0.0044
CO,2019-03,0.015,0.9778,0.0029,0.0043
CO,2019-04,0.0117,0.9821,0.0026,0.0036
CO,2019-05,0.0091,0.9848,0.0025,0.0036
CO,2019-06,0.0125,0.9819,0.0023,0.0033
CO,2019-07,0.014,0.9806,0.0022,0.0032
CO,2019-08,0.0128,0.9828,0.0023,0.002
CO,2019-09,0.0142,0.981,0.0027,0.0021
CO,2019-10,0.016,0.9804,0.0025,0.001
CO,2019-11,0.0124,0.9828,0.0028,0.0021
CO,2019-12,0.0151,0.9771,0.0031,0.0048
CO,2020-01,0.0179,0.9753,0.0053,0.0015
CO,2020-02,0.02,0.9726,0.006,0.0015
CO,2020-03,0.0159,0.9779,0.0055,0.0007
CO,2020-04,0.0162,0.9767,0.0042,0.0029
CO,2020-05,0.0141,0.9752,0.0071,0.0036
CO,2020-06,0.0193,0.9725,0.0042,0.004
CO,2020-07,0.0161,0.9779,0.003,0.003
CO,2020-08,0.0156,0.9796,0.0027,0.0021
CO,2020-09,0.0132,0.9822,0.0044,0.0002
CO,2020-10,0.0126,0.9831,0.0043,0
CO,2020-11,0.0082,0.9877,0.0041,0
CO,2020-12,0.0142,0.9816,0.0041,0
CO,2021-01,0.0149,0.9786,0.0064,0
CO,2021-02,0.0171,0.9754,0.0049,0.0026
CO,2021-03,0.0149,0.9743,0.0069,0.0039
CO,2021-04,0.0154,0.9754,0.005,0.0042
CO,2021-05,0.0039,0.9902,0.0039,0.0021
CO,2021-06,0.0116,0.9827,0.0038,0.002
CO,2021-07,0.0128,0.9798,0.0055,0.0019
CO,2021-08,0.0146,0.9799,0.0055,0
CO,2021-09,0.0124,0.9823,0.0053,0
CO,2021-10,0.0123,0.9825,0.0052,0
CO,2021-11,0.011,0.9835,0.0055,0
CO,2021-12,0.0186,0.971,0.0087,0.0017
CO,2022-01,0.0183,0.9736,0.0082,0
CO,2022-02,0.0178,0.9755,0.0067,0
CO,2022-03,0.0129,0.9787,0.0058,0.0025
CO,2022-04,0.0113,0.9826,0.0058,0.0004
CO,2022-05,0.0071,0.9874,0.0054,0.0001
CO,2022-06,0.0094,0.9851,0.0055,0
CO,2022-07,0.0125,0.9787,0.0071,0.0017
CO,2022-08,0.0122,0.9772,0.0087,0.0019
CO,2022-09,0.0125,0.9786,0.0089,0
CO,2022-10,0.0117,0.9782,0.0084,0.0017
CO,2022-11,0.0087,0.9807,0.0087,0.0018
CO,2022-12,0.0125,0.9716,0.0125,0.0035
CO,2023-01,0.0122,0.9721,0.0122,0.0035
CO,2023-02,0.016,0.966,0.014,0.004
CO,2023-03,0.0138,0.9707,0.0121,0.0034
CO,2023-04,0.0108,0.9727,0.0126,0.0039
CO,2023-05,0.0067,0.9733,0.0143,0.0057
CO,2023-06,0.0125,0.965,0.0164,0.0061
CO,2023-07,0.0169,0.955,0.0209,0.0072
CO,2023-08,0.0149,0.9605,0.0205,0.0041
CO,2023-09,0.0171,0.9532,0.0255,0.0042
CO,2023-10,0.0157,0.9529,0.0292,0.0022
CO,2023-11,0.0095,0.9618,0.0267,0.002
CO,2023-12,0.0176,0.9383,0.0396,0.0045
CO,2024-01,0.0164,0.9322,0.0473,0.0041
CO,2024-02,0.0179,0.9327,0.0471,0.0022
CO,2024-03,0.0185,0.9167,0.0601,0.0046
CO,2024-04,0.0191,0.9045,0.071,0.0054
CO,2024-05,0.0051,0.9473,0.046,0.0017
CO,2024-06,0.0112,0.9386,0.0481,0.0022
CO,2024-07,0.0119,0.9351,0.0495,0.0035
CO,2024-08,0.0141,0.9291,0.0549,0.0018
CO,2024-09,0.0166,0.9193,0.062,0.0021
CO,2024-10,0.0191,0.9048,0.0738,0.0023
CO,2024-11,0.0145,0.9277,0.0578,0
CO,2024-12,0.0186,0.913,0.0663,0.0021
CO,2025-01,0.0162,0.9153,0.0668,0.0018
CO,2025-02,0.017,0.9205,0.0606,0.0019
CO,2025-03,0.0132,0.9239,0.0605,0.0024
CO,2025-04,0.01,0.9333,0.055,0.0017
CO,2025-05,0.0062,0.9406,0.0517,0.0016
CO,2025-06,0.0131,0.9293,0.0543,0.0033
CO,2025-07,0.0123,0.928,0.0567,0.003
CO,2025-08,0.0141,0.9231,0.0613,0.0016
CO,2025-09,0.0146,0.9187,0.0651,0.0016
CO,2025-10,0.0122,0.9234,0.0644,0
CO,2025-11,0.0131,0.9212,0.0617,0.004
CO,2025-12,0.0155,0.9103,0.0711,0.0031
CO,2026-01,0.0155,0.9103,0.0711,0.0031
CO,2026-02,0.0155,0.9103,0.0711,0.0031
CO,2026-03,0.0155,0.9103,0.0711,0.0031
CO,2026-04,0.0155,0.9103,0.0711,0.0031
CO,2026-05,0.0155,0.9103,0.0711,0.0031
CO,2026-06,0.0155,0.9103,0.0711,0.0031
CO,2026-07,0.0155,0.9103,0.0711,0.0031
CO,2026-08,0.0155,0.9103,0.0711,0.0031
CR,2019-01,0.025,0.7058,0.0003,0.2689
CR,2019-02,0.0323,0.693,0.0016,0.2731
CR,2019-03,0.0277,0.6851,0.0015,0.2857
CR,2019-04,0.0058,0.7557,0.0024,0.2361
CR,2019-05,0,0.9186,0,0.0814
CR,2019-06,0,0.8506,0,0.1494
CR,2019-07,0,0.7907,0,0.2093
CR,2019-08,0,0.8489,0,0.1511
CR,2019-09,0,0.9136,0,0.0864
CR,2019-10,0,0.9629,0,0.0371
CR,2019-11,0,0.8073,0,0.1927
CR,2019-12,0.0112,0.7528,0,0.2359
CR,2020-01,0.023,0.7586,0,0.2184
CR,2020-02,0.0129,0.7307,0,0.2564
CR,2020-03,0.0289,0.6711,0.002,0.2981
CR,2020-04,0.0026,0.7735,0.0016,0.2223
CR,2020-05,0,0.8784,0,0.1216
CR,2020-06,0,0.9,0,0.1
CR,2020-07,0,0.8572,0,0.1428
CR,2020-08,0,0.907,0,0.093
CR,2020-09,0,0.9642,0,0.0358
CR,2020-10,0,0.9546,0,0.0454
CR,2020-11,0,0.9205,0,0.0795
CR,2020-12,0.011,0.7912,0,0.1978
CR,2021-01,0.0233,0.7442,0,0.2326
CR,2021-02,0.0256,0.7564,0,0.218
CR,2021-03,0.0238,0.7262,0,0.25
CR,2021-04,0.0116,0.8255,0,0.1628
CR,2021-05,0,0.8404,0,0.1596
CR,2021-06,0,0.9214,0,0.0786
CR,2021-07,0,0.8603,0,0.1397
CR,2021-08,0,0.9375,0,0.0625
CR,2021-09,0,0.9318,0,0.0682
CR,2021-10,0,0.9457,0,0.0543
CR,2021-11,0,0.8421,0,0.1579
CR,2021-12,0.01,0.8099,0,0.18
CR,2022-01,0.023,0.7471,0,0.2299
CR,2022-02,0.0271,0.7162,0,0.2568
CR,2022-03,0.0255,0.722,0.0005,0.252
CR,2022-04,0,0.8271,0,0.1729
CR,2022-05,0,0.9362,0,0.0638
CR,2022-06,0,0.9457,0,0.0543
CR,2022-07,0,0.8817,0,0.1183
CR,2022-08,0,0.9271,0,0.0729
CR,2022-09,0,0.9775,0,0.0225
CR,2022-10,0,0.9348,0,0.0652
CR,2022-11,0,0.9205,0,0.0795
CR,2022-12,0.0105,0.7895,0,0.2
CR,2023-01,0.0222,0.7667,0,0.2111
CR,2023-02,0.0138,0.7531,0.0019,0.2311
CR,2023-03,0.0153,0.7931,0.0058,0.1858
CR,2023-04,0.0023,0.8112,0.0033,0.1831
CR,2023-05,0.0029,0.8265,0.0035,0.1671
CR,2023-06,0.0005,0.9223,0.0006,0.0765
CR,2023-07,0,0.8453,0,0.1547
CR,2023-08,0.0029,0.8594,0.0036,0.1341
CR,2023-09,0.0033,0.8646,0.0044,0.1277
CR,2023-10,0.001,0.9609,0.0014,0.0366
CR,2023-11,0,0.9158,0,0.0842
CR,2023-12,0.0117,0.7835,0.0008,0.204
CR,2024-01,0.0151,0.7267,0.0044,0.2537
CR,2024-02,0.016,0.7389,0.0046,0.2405
CR,2024-03,0.015,0.7767,0.0037,0.2047
CR,2024-04,0.017,0.7526,0.004,0.2265
CR,2024-05,0.0006,0.8938,0.0009,0.1047
CR,2024-06,0,0.9765,0,0.0235
CR,2024-07,0,0.8888,0,0.1112
CR,2024-08,0.0026,0.8926,0.0042,0.1006
CR,2024-09,0.0051,0.9373,0.0084,0.0492
CR,2024-10,0,0.9368,0,0.0632
CR,2024-11,0,0.9468,0,0.0532
CR,2024-12,0.01,0.83,0,0.16
CR,2025-01,0.0091,0.8272,0,0.1637
CR,2025-02,0.011,0.8022,0,0.1868
CR,2025-03,0.0143,0.7615,0.0076,0.2166
CR,2025-04,0.0115,0.7771,0.0009,0.2105
CR,2025-05,0,0.8953,0,0.1047
CR,2025-06,0,0.92,0,0.08
CR,2025-07,0,0.8649,0,0.1351
CR,2025-08,0,0.899,0,0.101
CR,2025-09,0.0015,0.9347,0.003,0.0608
CR,2025-10,0,0.9681,0,0.0319
CR,2025-11,0,0.86,0,0.14
CR,2025-12,0.012,0.8078,0.0032,0.1771
CR,2026-01,0.0115,0.7678,0.0021,0.2187
CR,2026-02,0.0106,0.7873,0,0.2021
CR,2026-03,0.0129,0.7557,0.0063,0.2251
CR,2026-04,0.0123,0.7996,0.0032,0.1849
CR,2026-05,0,0.83,0,0.17
CR,2026-06,0.0004,0.8827,0.0009,0.116
CR,2026-07,0.0004,0.8827,0.0009,0.116
CR,2026-08,0.0004,0.8827,0.0009,0.116
CU,2019-01,0.5837,0.1581,0.2349,0.0233
CU,2019-02,0.5837,0.1581,0.2349,0.0233
CU,2019-03,0.5837,0.1581,0.2349,0.0233
CU,2019-04,0.5837,0.1581,0.2349,0.0233
CU,2019-05,0.5837,0.1581,0.2349,0.0233
CU,2019-06,0.5837,0.1581,0.2349,0.0233
CU,2019-07,0.5837,0.1581,0.2349,0.0233
CU,2019-08,0.5837,0.1581,0.2349,0.0233
CU,2019-09,0.5837,0.1581,0.2349,0.0233
CU,2019-10,0.5837,0.1581,0.2349,0.0233
CU,2019-11,0.5837,0.1581,0.2349,0.0233
CU,2019-12,0.5837,0.1581,0.2349,0.0233
CU,2020-01,0.5837,0.1581,0.2349,0.0233
CU,2020-02,0.5837,0.1581,0.2349,0.0233
CU,2020-03,0.5837,0.1581,0.2349,0.0233
CU,2020-04,0.5837,0.1581,0.2349,0.0233
CU,2020-05,0.5837,0.1581,0.2349,0.0233
CU,2020-06,0.5837,0.1581,0.2349,0.0233
CU,2020-07,0.5837,0.1581,0.2349,0.0233
CU,2020-08,0.5837,0.1581,0.2349,0.0233
CU,2020-09,0.5837,0.1581,0.2349,0.0233
CU,2020-10,0.5837,0.1581,0.2349,0.0233
CU,2020-11,0.5837,0.1581,0.2349,0.0233
CU,2020-12,0.5837,0.1581,0.2349,0.0233
CU,2021-01,0.5837,0.1581,0.2349,0.0233
CU,2021-02,0.5837,0.1581,0.2349,0.0233
CU,2021-03,0.5837,0.1581,0.2349,0.0233
CU,2021-04,0.5837,0.1581,0.2349,0.0233
CU,2021-05,0.5837,0.1581,0.2349,0.0233
CU,2021-06,0.5837,0.1581,0.2349,0.0233
CU,2021-07,0.5837,0.1581,0.2349,0.0233
CU,2021-08,0.5837,0.1581,0.2349,0.0233
CU,2021-09,0.5837,0.1581,0.2349,0.0233
CU,2021-10,0.5837,0.1581,0.2349,0.0233
CU,2021-11,0.5837,0.1581,0.2349,0.0233
CU,2021-12,0.5837,0.1581,0.2349,0.0233
CU,2022-01,0.5837,0.1581,0.2349,0.0233
CU,2022-02,0.5837,0.1581,0.2349,0.0233
CU,2022-03,0.5837,0.1581,0.2349,0.0233
CU,2022-04,0.5837,0.1581,0.2349,0.0233
CU,2022-05,0.5837,0.1581,0.2349,0.0233
CU,2022-06,0.5837,0.1581,0.2349,0.0233
CU,2022-07,0.5837,0.1581,0.2349,0.0233
CU,2022-08,0.5837,0.1581,0.2349,0.0233
CU,2022-09,0.5837,0.1581,0.2349,0.0233
CU,2022-10,0.5837,0.1581,0.2349,0.0233
CU,2022-11,0.5837,0.1581,0.2349,0.0233
CU,2022-12,0.5837,0.1581,0.2349,0.0233
CU,2023-01,0.5837,0.1581,0.2349,0.0233
CU,2023-02,0.5837,0.1581,0.2349,0.0233
CU,2023-03,0.5837,0.1581,0.2349,0.0233
CU,2023-04,0.5837,0.1581,0.2349,0.0233
CU,2023-05,0.5837,0.1581,0.2349,0.0233
CU,2023-06,0.5837,0.1581,0.2349,0.0233
CU,2023-07,0.5837,0.1581,0.2349,0.0233
CU,2023-08,0.5837,0.1581,0.2349,0.0233
CU,2023-09,0.5837,0.1581,0.2349,0.0233
CU,2023-10,0.5837,0.1581,0.2349,0.0233
CU,2023-11,0.5837,0.1581,0.2349,0.0233
CU,2023-12,0.5837,0.1581,0.2349,0.0233
CU,2024-01,0.5837,0.1581,0.2349,0.0233
CU,2024-02,0.5837,0.1581,0.2349,0.0233
CU,2024-03,0.5837,0.1581,0.2349,0.0233
CU,2024-04,0.5837,0.1581,0.2349,0.0233
CU,2024-05,0.5837,0.1581,0.2349,0.0233
CU,2024-06,0.5837,0.1581,0.2349,0.0233
CU,2024-07,0.5837,0.1581,0.2349,0.0233
CU,2024-08,0.5837,0.1581,0.2349,0.0233
CU,2024-09,0.5837,0.1581,0.2349,0.0233
CU,2024-10,0.5837,0.1581,0.2349,0.0233
CU,2024-11,0.5837,0.1581,0.2349,0.0233
CU,2024-12,0.5837,0.1581,0.2349,0.0233
CU,2025-01,0.5837,0.1581,0.2349,0.0233
CU,2025-02,0.5837,0.1581,0.2349,0.0233
CU,2025-03,0.5837,0.1581,0.2349,0.0233
CU,2025-04,0.5837,0.1581,0.2349,0.0233
CU,2025-05,0.5837,0.1581,0.2349,0.0233
CU,2025-06,0.5837,0.1581,0.2349,0.0233
CU,2025-07,0.5837,0.1581,0.2349,0.0233
CU,2025-08,0.5837,0.1581,0.2349,0.0233
CU,2025-09,0.5837,0.1581,0.2349,0.0233
CU,2025-10,0.5837,0.1581,0.2349,0.0233
CU,2025-11,0.5837,0.1581,0.2349,0.0233
CU,2025-12,0.5837,0.1581,0.2349,0.0233
CU,2026-01,0.5837,0.1581,0.2349,0.0233
CU,2026-02,0.5837,0.1581,0.2349,0.0233
CU,2026-03,0.5837,0.1581,0.2349,0.0233
CU,2026-04,0.5837,0.1581,0.2349,0.0233
CU,2026-05,0.5837,0.1581,0.2349,0.0233
CU,2026-06,0.5837,0.1581,0.2349,0.0233
CU,2026-07,0.5837,0.1581,0.2349,0.0233
CU,2026-08,0.5837,0.1581,0.2349,0.0233
CV,2019-01,0,0,0.1249,0.8751
CV,2019-02,0,0,0.1249,0.8751
CV,2019-03,0,0,0.1249,0.8751
CV,2019-04,0,0,0.1249,0.8751
CV,2019-05,0,0,0.1249,0.8751
CV,2019-06,0,0,0.1249,0.8751
CV,2019-07,0,0,0.1249,0.8751
CV,2019-08,0,0,0.1249,0.8751
CV,2019-09,0,0,0.1249,0.8751
CV,2019-10,0,0,0.1249,0.8751
CV,2019-11,0,0,0.1249,0.8751
CV,2019-12,0,0,0.1249,0.8751
CV,2020-01,0,0,0.1249,0.8751
CV,2020-02,0,0,0.1249,0.8751
CV,2020-03,0,0,0.1249,0.8751
CV,2020-04,0,0,0.1249,0.8751
CV,2020-05,0,0,0.1249,0.8751
CV,2020-06,0,0,0.1249,0.8751
CV,2020-07,0,0,0.1249,0.8751
CV,2020-08,0,0,0.1249,0.8751
CV,2020-09,0,0,0.1249,0.8751
CV,2020-10,0,0,0.1249,0.8751
CV,2020-11,0,0,0.1249,0.8751
CV,2020-12,0,0,0.1249,0.8751
CV,2021-01,0,0,0.1249,0.8751
CV,2021-02,0,0,0.1249,0.8751
CV,2021-03,0,0,0.1249,0.8751
CV,2021-04,0,0,0.1249,0.8751
CV,2021-05,0,0,0.1249,0.8751
CV,2021-06,0,0,0.1249,0.8751
CV,2021-07,0,0,0.1249,0.8751
CV,2021-08,0,0,0.1249,0.8751
CV,2021-09,0,0,0.1249,0.8751
CV,2021-10,0,0,0.1249,0.8751
CV,2021-11,0,0,0.1249,0.8751
CV,2021-12,0,0,0.1249,0.8751
CV,2022-01,0,0,0.1249,0.8751
CV,2022-02,0,0,0.1249,0.8751
CV,2022-03,0,0,0.1249,0.8751
CV,2022-04,0,0,0.1249,0.8751
CV,2022-05,0,0,0.1249,0.8751
CV,2022-06,0,0,0.1249,0.8751
CV,2022-07,0,0,0.1249,0.8751
CV,2022-08,0,0,0.1249,0.8751
CV,2022-09,0,0,0.1249,0.8751
CV,2022-10,0,0,0.1249,0.8751
CV,2022-11,0,0,0.1249,0.8751
CV,2022-12,0,0,0.1249,0.8751
CV,2023-01,0,0,0.1249,0.8751
CV,2023-02,0,0,0.1249,0.8751
CV,2023-03,0,0,0.1249,0.8751
CV,2023-04,0,0,0.1249,0.8751
CV,2023-05,0,0,0.1249,0.8751
CV,2023-06,0,0,0.1249,0.8751
CV,2023-07,0,0,0.1249,0.8751
CV,2023-08,0,0,0.1249,0.8751
CV,2023-09,0,0,0.1249,0.8751
CV,2023-10,0,0,0.1249,0.8751
CV,2023-11,0,0,0.1249,0.8751
CV,2023-12,0,0,0.1249,0.8751
CV,2024-01,0,0,0.1249,0.8751
CV,2024-02,0,0,0.1249,0.8751
CV,2024-03,0,0,0.1249,0.8751
CV,2024-04,0,0,0.1249,0.8751
CV,2024-05,0,0,0.1249,0.8751
CV,2024-06,0,0,0.1249,0.8751
CV,2024-07,0,0,0.1249,0.8751
CV,2024-08,0,0,0.1249,0.8751
CV,2024-09,0,0,0.1249,0.8751
CV,2024-10,0,0,0.1249,0.8751
CV,2024-11,0,0,0.1249,0.8751
CV,2024-12,0,0,0.1249,0.8751
CV,2025-01,0,0,0.1249,0.8751
CV,2025-02,0,0,0.1249,0.8751
CV,2025-03,0,0,0.1249,0.8751
CV,2025-04,0,0,0.1249,0.8751
CV,2025-05,0,0,0.1249,0.8751
CV,2025-06,0,0,0.1249,0.8751
CV,2025-07,0,0,0.1249,0.8751
CV,2025-08,0,0,0.1249,0.8751
CV,2025-09,0,0,0.1249,0.8751
CV,2025-10,0,0,0.1249,0.8751
CV,2025-11,0,0,0.1249,0.8751
CV,2025-12,0,0,0.1249,0.8751
CV,2026-01,0,0,0.1249,0.8751
CV,2026-02,0,0,0.1249,0.8751
CV,2026-03,0,0,0.1249,0.8751
CV,2026-04,0,0,0.1249,0.8751
CV,2026-05,0,0,0.1249,0.8751
CV,2026-06,0,0,0.1249,0.8751
CV,2026-07,0,0,0.1249,0.8751
CV,2026-08,0,0,0.1249,0.8751
CY,2019-01,0,0,0.333,0.667
CY,2019-02,0,0,0.4002,0.5998
CY,2019-03,0,0,0.3996,0.6004
CY,2019-04,0,0,0.5,0.5
CY,2019-05,0,0,0.5,0.5
CY,2019-06,0,0,0.5,0.5
CY,2019-07,0,0,0.5,0.5
CY,2019-08,0,0,0.5997,0.4003
CY,2019-09,0,0,0.6002,0.3998
CY,2019-10,0,0,0.5,0.5
CY,2019-11,0,0,0.5,0.5
CY,2019-12,0,0,0.5,0.5
CY,2020-01,0,0,0.4002,0.5998
CY,2020-02,0,0,0.4,0.6
CY,2020-03,0.1249,0,0.3751,0.5
CY,2020-04,0.1249,0,0.5,0.3751
CY,2020-05,0.125,0,0.5,0.375
CY,2020-06,0,0,0.5713,0.4287
CY,2020-07,0,0,0.667,0.333
CY,2020-08,0,0,0.667,0.333
CY,2020-09,0,0,0.6667,0.3333
CY,2020-10,0,0,0.6664,0.3336
CY,2020-11,0,0,0.5998,0.4002
CY,2020-12,0,0,0.5998,0.4002
CY,2021-01,0,0,0.5,0.5
CY,2021-02,0,0,0.5713,0.4287
CY,2021-03,0,0,0.5555,0.4445
CY,2021-04,0.1111,0,0.5556,0.3333
CY,2021-05,0,0,0.778,0.222
CY,2021-06,0,0,0.75,0.25
CY,2021-07,0,0,0.75,0.25
CY,2021-08,0,0,0.75,0.25
CY,2021-09,0,0,0.7498,0.2502
CY,2021-10,0,0,0.7141,0.2859
CY,2021-11,0,0,0.6667,0.3333
CY,2021-12,0,0,0.5,0.5
CY,2022-01,0,0,0.5,0.5
CY,2022-02,0,0,0.6664,0.3336
CY,2022-03,0,0,0.6248,0.3752
CY,2022-04,0,0,0.6999,0.3001
CY,2022-05,0,0,0.7273,0.2727
CY,2022-06,0,0,0.7998,0.2002
CY,2022-07,0,0,0.7271,0.2729
CY,2022-08,0,0,0.7997,0.2003
CY,2022-09,0,0,0.8001,0.1999
CY,2022-10,0,0,0.7776,0.2224
CY,2022-11,0,0,0.7143,0.2857
CY,2022-12,0,0,0.8335,0.1665
CY,2023-01,0,0,0.7143,0.2857
CY,2023-02,0,0,0.75,0.25
CY,2023-03,0,0,0.7,0.3
CY,2023-04,0,0,0.8001,0.1999
CY,2023-05,0,0,0.8335,0.1665
CY,2023-06,0,0,0.846,0.154
CY,2023-07,0,0,0.8571,0.1429
CY,2023-08,0,0,0.846,0.154
CY,2023-09,0,0,0.8461,0.1539
CY,2023-10,0,0,0.8182,0.1818
CY,2023-11,0,0,0.7999,0.2001
CY,2023-12,0,0,0.7776,0.2224
CY,2024-01,0,0,0.6667,0.3333
CY,2024-02,0,0,0.7779,0.2221
CY,2024-03,0,0,0.7501,0.2499
CY,2024-04,0,0,0.8332,0.1668
CY,2024-05,0,0,0.857,0.143
CY,2024-06,0,0,0.8824,0.1176
CY,2024-07,0,0,0.8824,0.1176
CY,2024-08,0,0,0.8824,0.1176
CY,2024-09,0,0,0.8751,0.1249
CY,2024-10,0,0,0.8668,0.1332
CY,2024-11,0,0,0.8181,0.1819
CY,2024-12,0,0,0.7999,0.2001
CY,2025-01,0,0,0.818,0.182
CY,2025-02,0,0,0.818,0.182
CY,2025-03,0,0,0.8332,0.1668
CY,2025-04,0,0,0.8571,0.1429
CY,2025-05,0,0,0.8889,0.1111
CY,2025-06,0,0,0.9047,0.0953
CY,2025-07,0,0,0.909,0.091
CY,2025-08,0,0,0.9001,0.0999
CY,2025-09,0,0,0.8887,0.1113
CY,2025-10,0,0,0.857,0.143
CY,2025-11,0,0,0.8334,0.1666
CY,2025-12,0,0,0.727,0.273
CY,2026-01,0,0,0.6667,0.3333
CY,2026-02,0,0,0.6667,0.3333
CY,2026-03,0,0,0.7856,0.2144
CY,2026-04,0,0,0.8334,0.1666
CY,2026-05,0,0,0.8889,0.1111
CY,2026-06,0,0,0.8889,0.1111
CY,2026-07,0,0,0.8889,0.1111
CY,2026-08,0,0,0.8889,0.1111
CZ,2019-01,0.3804,0.3401,0.0994,0.1801
CZ,2019-02,0.3135,0.2942,0.2749,0.1174
CZ,2019-03,0.2081,0.3888,0.2781,0.1249
CZ,2019-04,0.1971,0.3238,0.3943,0.0847
CZ,2019-05,0.2295,0.3114,0.3772,0.0819
CZ,2019-06,0.2204,0.25,0.4704,0.0591
CZ,2019-07,0.2858,0.2061,0.4606,0.0475
CZ,2019-08,0.2984,0.1926,0.4561,0.0529
CZ,2019-09,0.3204,0.1893,0.415,0.0752
CZ,2019-10,0.3014,0.3014,0.2836,0.1137
CZ,2019-11,0.4291,0.2615,0.1436,0.1658
CZ,2019-12,0.404,0.2862,0.1195,0.1902
CZ,2020-01,0.3908,0.2931,0.1456,0.1705
CZ,2020-02,0.3019,0.3019,0.1888,0.2075
CZ,2020-03,0.2575,0.2877,0.3333,0.1215
CZ,2020-04,0.2714,0.1999,0.4572,0.0715
CZ,2020-05,0.2951,0.1803,0.4426,0.082
CZ,2020-06,0.2876,0.303,0.3485,0.0609
CZ,2020-07,0.2569,0.3005,0.3998,0.0428
CZ,2020-08,0.3029,0.2576,0.3943,0.0452
CZ,2020-09,0.3597,0.2341,0.3435,0.0628
CZ,2020-10,0.3609,0.3609,0.1635,0.1146
CZ,2020-11,0.3901,0.407,0.1014,0.1014
CZ,2020-12,0.4494,0.3266,0.0607,0.1633
CZ,2021-01,0.4427,0.3657,0.0769,0.1147
CZ,2021-02,0.3333,0.4603,0.127,0.0794
CZ,2021-03,0.3056,0.3472,0.264,0.0832
CZ,2021-04,0.2898,0.2752,0.3482,0.0868
CZ,2021-05,0.2838,0.3213,0.3086,0.0863
CZ,2021-06,0.2973,0.2432,0.4324,0.027
CZ,2021-07,0.2752,0.3249,0.3624,0.0375
CZ,2021-08,0.2882,0.3027,0.3636,0.0455
CZ,2021-09,0.323,0.2578,0.3711,0.0481
CZ,2021-10,0.2857,0.2857,0.3171,0.1115
CZ,2021-11,0.4256,0.3184,0.128,0.128
CZ,2021-12,0.445,0.3117,0.0883,0.155
CZ,2022-01,0.3752,0.3567,0.107,0.1612
CZ,2022-02,0.3219,0.2713,0.2207,0.1862
CZ,2022-03,0.2838,0.2706,0.3784,0.0671
CZ,2022-04,0.2898,0.2751,0.3478,0.0874
CZ,2022-05,0.2931,0.2268,0.4265,0.0535
CZ,2022-06,0.3043,0.1883,0.4638,0.0436
CZ,2022-07,0.2469,0.2736,0.4245,0.055
CZ,2022-08,0.2836,0.2691,0.4027,0.0445
CZ,2022-09,0.344,0.2788,0.3119,0.0653
CZ,2022-10,0.315,0.296,0.278,0.111
CZ,2022-11,0.4661,0.267,0.1554,0.1116
CZ,2022-12,0.4494,0.3676,0.061,0.122
CZ,2023-01,0.3451,0.4183,0.0915,0.1451
CZ,2023-02,0.3275,0.3638,0.1819,0.1268
CZ,2023-03,0.2498,0.3892,0.2498,0.1112
CZ,2023-04,0.2469,0.4112,0.2736,0.0684
CZ,2023-05,0.2347,0.3029,0.3891,0.0733
CZ,2023-06,0.25,0.1843,0.5129,0.0528
CZ,2023-07,0.214,0.1432,0.5854,0.0574
CZ,2023-08,0.2571,0.1859,0.5,0.057
CZ,2023-09,0.2779,0.1529,0.5279,0.0414
CZ,2023-10,0.3138,0.2235,0.3585,0.1043
CZ,2023-11,0.3148,0.3333,0.2037,0.1481
CZ,2023-12,0.3283,0.4063,0.1094,0.156
CZ,2024-01,0.241,0.4943,0.1443,0.1205
CZ,2024-02,0.2768,0.3849,0.2153,0.123
CZ,2024-03,0.2627,0.2627,0.3997,0.0749
CZ,2024-04,0.241,0.1929,0.494,0.0721
CZ,2024-05,0.2444,0.1628,0.5464,0.0464
CZ,2024-06,0.2087,0.198,0.5602,0.0332
CZ,2024-07,0.1298,0.1298,0.7017,0.0388
CZ,2024-08,0.1749,0.1249,0.6627,0.0375
CZ,2024-09,0.1975,0.3077,0.4178,0.0769
CZ,2024-10,0.2435,0.3461,0.3203,0.09
CZ,2024-11,0.3333,0.3166,0.2338,0.1164
CZ,2024-12,0.3432,0.4219,0.141,0.094
CZ,2025-01,0.3936,0.3284,0.1636,0.1144
CZ,2025-02,0.328,0.2389,0.3736,0.0595
CZ,2025-03,0.2696,0.18,0.5057,0.0448
CZ,2025-04,0.2476,0.1544,0.557,0.041
CZ,2025-05,0.2499,0.1199,0.5902,0.0401
CZ,2025-06,0.2057,0.1484,0.5796,0.0662
CZ,2025-07,0.2417,0.11,0.6152,0.0331
CZ,2025-08,0.2575,0.0989,0.6138,0.0298
CZ,2025-09,0.2976,0.1307,0.512,0.0596
CZ,2025-10,0.3336,0.1806,0.3749,0.1109
CZ,2025-11,0.4031,0.226,0.2583,0.1125
CZ,2025-12,0.4703,0.2351,0.1572,0.1374
CZ,2026-01,0.4716,0.1886,0.208,0.1318
CZ,2026-02,0.3925,0.2138,0.2862,0.1075
CZ,2026-03,0.2528,0.1756,0.5056,0.066
CZ,2026-04,0.2076,0.1288,0.6041,0.0596
CZ,2026-05,0.2037,0.1018,0.6482,0.0463
CZ,2026-06,0.2037,0.097,0.6603,0.039
CZ,2026-07,0.2037,0.097,0.6603,0.039
CZ,2026-08,0.2037,0.097,0.6603,0.039
DE,2019-01,0.1795,0.0784,0.037,0.7052
DE,2019-02,0.1887,0.081,0.1294,0.6009
DE,2019-03,0.146,0.0825,0.128,0.6435
DE,2019-04,0.1773,0.0879,0.2741,0.4607
DE,2019-05,0.1872,0.1009,0.2809,0.4311
DE,2019-06,0.1787,0.1079,0.3651,0.3483
DE,2019-07,0.1917,0.0921,0.3448,0.3714
DE,2019-08,0.2027,0.1097,0.3374,0.3503
DE,2019-09,0.1844,0.0773,0.2306,0.5077
DE,2019-10,0.1856,0.0795,0.1331,0.6018
DE,2019-11,0.2194,0.09,0.0675,0.6231
DE,2019-12,0.1728,0.0715,0.0456,0.7102
DE,2020-01,0.1738,0.0599,0.0517,0.7146
DE,2020-02,0.1276,0.0656,0.0652,0.7415
DE,2020-03,0.1547,0.0774,0.1811,0.5868
DE,2020-04,0.1752,0.0695,0.3303,0.425
DE,2020-05,0.1823,0.1001,0.3327,0.3848
DE,2020-06,0.1891,0.1036,0.3444,0.3629
DE,2020-07,0.1802,0.0941,0.3529,0.3727
DE,2020-08,0.1948,0.0828,0.332,0.3904
DE,2020-09,0.2086,0.0911,0.306,0.3942
DE,2020-10,0.1695,0.077,0.106,0.6475
DE,2020-11,0.2041,0.0775,0.0893,0.6291
DE,2020-12,0.2196,0.0733,0.0408,0.6663
DE,2021-01,0.219,0.0785,0.0374,0.6651
DE,2021-02,0.1858,0.0904,0.1151,0.6088
DE,2021-03,0.1738,0.0738,0.209,0.5434
DE,2021-04,0.1741,0.067,0.2894,0.4695
DE,2021-05,0.1612,0.0935,0.2879,0.4574
DE,2021-06,0.1855,0.1246,0.4375,0.2525
DE,2021-07,0.1804,0.1277,0.3671,0.3249
DE,2021-08,0.1715,0.1109,0.2957,0.4219
DE,2021-09,0.2059,0.1018,0.3264,0.3659
DE,2021-10,0.1662,0.0563,0.1614,0.6162
DE,2021-11,0.2212,0.0679,0.0734,0.6374
DE,2021-12,0.2071,0.0826,0.0416,0.6687
DE,2022-01,0.1765,0.0692,0.0573,0.697
DE,2022-02,0.1284,0.0555,0.0956,0.7205
DE,2022-03,0.2038,0.0711,0.3094,0.4157
DE,2022-04,0.1635,0.069,0.2759,0.4916
DE,2022-05,0.1764,0.0809,0.3794,0.3633
DE,2022-06,0.1799,0.0874,0.4442,0.2885
DE,2022-07,0.1719,0.0644,0.412,0.3517
DE,2022-08,0.2059,0.0685,0.4538,0.2719
DE,2022-09,0.1948,0.0753,0.2821,0.4478
DE,2022-10,0.1872,0.0807,0.1895,0.5426
DE,2022-11,0.1904,0.0678,0.0965,0.6453
DE,2022-12,0.2196,0.0792,0.0444,0.6567
DE,2023-01,0.1617,0.0665,0.0509,0.721
DE,2023-02,0.1812,0.0648,0.1442,0.6097
DE,2023-03,0.1558,0.0702,0.1812,0.5928
DE,2023-04,0.1673,0.0883,0.2873,0.4571
DE,2023-05,0.1534,0.118,0.382,0.3465
DE,2023-06,0.1548,0.1028,0.463,0.2794
DE,2023-07,0.1428,0.0783,0.3645,0.4144
DE,2023-08,0.1649,0.1279,0.3672,0.3399
DE,2023-09,0.1681,0.1067,0.3847,0.3405
DE,2023-10,0.1591,0.0536,0.1729,0.6145
DE,2023-11,0.1536,0.0801,0.0765,0.6898
DE,2023-12,0.1489,0.0857,0.0432,0.7222
DE,2024-01,0.1411,0.0809,0.0782,0.6998
DE,2024-02,0.1383,0.0758,0.1167,0.6692
DE,2024-03,0.154,0.0939,0.2403,0.5118
DE,2024-04,0.1389,0.0926,0.2974,0.471
DE,2024-05,0.1475,0.1195,0.4045,0.3285
DE,2024-06,0.1393,0.1162,0.4267,0.3178
DE,2024-07,0.1383,0.1157,0.4374,0.3086
DE,2024-08,0.1464,0.1043,0.4456,0.3036
DE,2024-09,0.1386,0.0907,0.3086,0.462
DE,2024-10,0.1663,0.1182,0.2074,0.508
DE,2024-11,0.1775,0.078,0.1144,0.6302
DE,2024-12,0.1591,0.0743,0.0756,0.6909
DE,2025-01,0.1563,0.071,0.1089,0.6638
DE,2025-02,0.1846,0.0842,0.2197,0.5115
DE,2025-03,0.1658,0.0609,0.3807,0.3927
DE,2025-04,0.1518,0.07,0.4655,0.3127
DE,2025-05,0.1257,0.0694,0.4419,0.363
DE,2025-06,0.115,0.0735,0.4356,0.3759
DE,2025-07,0.1355,0.1005,0.4363,0.3277
DE,2025-08,0.1333,0.1016,0.4652,0.2999
DE,2025-09,0.127,0.0742,0.3132,0.4855
DE,2025-10,0.1315,0.0537,0.1882,0.6266
DE,2025-11,0.1694,0.0733,0.1609,0.5964
DE,2025-12,0.1654,0.0571,0.0824,0.6952
DE,2026-01,0.1536,0.0429,0.115,0.6885
DE,2026-02,0.1445,0.0487,0.1682,0.6386
DE,2026-03,0.1425,0.0487,0.3616,0.4472
DE,2026-04,0.1334,0.0501,0.4535,0.3629
DE,2026-05,0.1398,0.0694,0.5089,0.2819
DE,2026-06,0.1141,0.0793,0.5128,0.2938
DE,2026-07,0.1141,0.0793,0.5128,0.2938
DE,2026-08,0.1141,0.0793,0.5128,0.2938
DJ,2019-01,0.017,0.8053,0.0661,0.1116
DJ,2019-02,0.017,0.8053,0.0661,0.1116
DJ,2019-03,0.017,0.8053,0.0661,0.1116
DJ,2019-04,0.017,0.8053,0.0661,0.1116
DJ,2019-05,0.017,0.8053,0.0661,0.1116
DJ,2019-06,0.017,0.8053,0.0661,0.1116
DJ,2019-07,0.017,0.8053,0.0661,0.1116
DJ,2019-08,0.017,0.8053,0.0661,0.1116
DJ,2019-09,0.017,0.8053,0.0661,0.1116
DJ,2019-10,0.017,0.8053,0.0661,0.1116
DJ,2019-11,0.017,0.8053,0.0661,0.1116
DJ,2019-12,0.017,0.8053,0.0661,0.1116
DJ,2020-01,0.017,0.8053,0.0661,0.1116
DJ,2020-02,0.017,0.8053,0.0661,0.1116
DJ,2020-03,0.017,0.8053,0.0661,0.1116
DJ,2020-04,0.017,0.8053,0.0661,0.1116
DJ,2020-05,0.017,0.8053,0.0661,0.1116
DJ,2020-06,0.017,0.8053,0.0661,0.1116
DJ,2020-07,0.017,0.8053,0.0661,0.1116
DJ,2020-08,0.017,0.8053,0.0661,0.1116
DJ,2020-09,0.017,0.8053,0.0661,0.1116
DJ,2020-10,0.017,0.8053,0.0661,0.1116
DJ,2020-11,0.017,0.8053,0.0661,0.1116
DJ,2020-12,0.017,0.8053,0.0661,0.1116
DJ,2021-01,0.017,0.8053,0.0661,0.1116
DJ,2021-02,0.017,0.8053,0.0661,0.1116
DJ,2021-03,0.017,0.8053,0.0661,0.1116
DJ,2021-04,0.017,0.8053,0.0661,0.1116
DJ,2021-05,0.017,0.8053,0.0661,0.1116
DJ,2021-06,0.017,0.8053,0.0661,0.1116
DJ,2021-07,0.017,0.8053,0.0661,0.1116
DJ,2021-08,0.017,0.8053,0.0661,0.1116
DJ,2021-09,0.017,0.8053,0.0661,0.1116
DJ,2021-10,0.017,0.8053,0.0661,0.1116
DJ,2021-11,0.017,0.8053,0.0661,0.1116
DJ,2021-12,0.017,0.8053,0.0661,0.1116
DJ,2022-01,0.017,0.8053,0.0661,0.1116
DJ,2022-02,0.017,0.8053,0.0661,0.1116
DJ,2022-03,0.017,0.8053,0.0661,0.1116
DJ,2022-04,0.017,0.8053,0.0661,0.1116
DJ,2022-05,0.017,0.8053,0.0661,0.1116
DJ,2022-06,0.017,0.8053,0.0661,0.1116
DJ,2022-07,0.017,0.8053,0.0661,0.1116
DJ,2022-08,0.017,0.8053,0.0661,0.1116
DJ,2022-09,0.017,0.8053,0.0661,0.1116
DJ,2022-10,0.017,0.8053,0.0661,0.1116
DJ,2022-11,0.017,0.8053,0.0661,0.1116
DJ,2022-12,0.017,0.8053,0.0661,0.1116
DJ,2023-01,0.017,0.8053,0.0661,0.1116
DJ,2023-02,0.017,0.8053,0.0661,0.1116
DJ,2023-03,0.017,0.8053,0.0661,0.1116
DJ,2023-04,0.017,0.8053,0.0661,0.1116
DJ,2023-05,0.017,0.8053,0.0661,0.1116
DJ,2023-06,0.017,0.8053,0.0661,0.1116
DJ,2023-07,0.017,0.8053,0.0661,0.1116
DJ,2023-08,0.017,0.8053,0.0661,0.1116
DJ,2023-09,0.017,0.8053,0.0661,0.1116
DJ,2023-10,0.017,0.8053,0.0661,0.1116
DJ,2023-11,0.017,0.8053,0.0661,0.1116
DJ,2023-12,0.017,0.8053,0.0661,0.1116
DJ,2024-01,0.017,0.8053,0.0661,0.1116
DJ,2024-02,0.017,0.8053,0.0661,0.1116
DJ,2024-03,0.017,0.8053,0.0661,0.1116
DJ,2024-04,0.017,0.8053,0.0661,0.1116
DJ,2024-05,0.017,0.8053,0.0661,0.1116
DJ,2024-06,0.017,0.8053,0.0661,0.1116
DJ,2024-07,0.017,0.8053,0.0661,0.1116
DJ,2024-08,0.017,0.8053,0.0661,0.1116
DJ,2024-09,0.017,0.8053,0.0661,0.1116
DJ,2024-10,0.017,0.8053,0.0661,0.1116
DJ,2024-11,0.017,0.8053,0.0661,0.1116
DJ,2024-12,0.017,0.8053,0.0661,0.1116
DJ,2025-01,0.017,0.8053,0.0661,0.1116
DJ,2025-02,0.017,0.8053,0.0661,0.1116
DJ,2025-03,0.017,0.8053,0.0661,0.1116
DJ,2025-04,0.017,0.8053,0.0661,0.1116
DJ,2025-05,0.017,0.8053,0.0661,0.1116
DJ,2025-06,0.017,0.8053,0.0661,0.1116
DJ,2025-07,0.017,0.8053,0.0661,0.1116
DJ,2025-08,0.017,0.8053,0.0661,0.1116
DJ,2025-09,0.017,0.8053,0.0661,0.1116
DJ,2025-10,0.017,0.8053,0.0661,0.1116
DJ,2025-11,0.017,0.8053,0.0661,0.1116
DJ,2025-12,0.017,0.8053,0.0661,0.1116
DJ,2026-01,0.017,0.8053,0.0661,0.1116
DJ,2026-02,0.017,0.8053,0.0661,0.1116
DJ,2026-03,0.017,0.8053,0.0661,0.1116
DJ,2026-04,0.017,0.8053,0.0661,0.1116
DJ,2026-05,0.017,0.8053,0.0661,0.1116
DJ,2026-06,0.017,0.8053,0.0661,0.1116
DJ,2026-07,0.017,0.8053,0.0661,0.1116
DJ,2026-08,0.017,0.8053,0.0661,0.1116
DK,2019-01,0.2629,0,0.0094,0.7276
DK,2019-02,0.2416,0.0049,0.0226,0.7309
DK,2019-03,0.1779,0,0.0297,0.7924
DK,2019-04,0.1938,0.0618,0.0999,0.6445
DK,2019-05,0.1171,0.0445,0.0804,0.7581
DK,2019-06,0.0505,0.1395,0.1321,0.6779
DK,2019-07,0.0781,0.1027,0.1164,0.7027
DK,2019-08,0.0977,0.1416,0.1211,0.6396
DK,2019-09,0.1015,0.055,0.0564,0.7871
DK,2019-10,0.2004,0.0583,0.0356,0.7057
DK,2019-11,0.2488,0.0408,0.0081,0.7022
DK,2019-12,0.2142,0,0.0042,0.7815
DK,2020-01,0.1784,0,0.0037,0.8179
DK,2020-02,0.1464,0,0.0122,0.8414
DK,2020-03,0.1671,0.0239,0.0556,0.7534
DK,2020-04,0.1418,0.0626,0.1054,0.6902
DK,2020-05,0.1058,0.0693,0.1206,0.7043
DK,2020-06,0.0875,0.1558,0.1747,0.5821
DK,2020-07,0.0219,0.068,0.1197,0.7904
DK,2020-08,0.0753,0.1741,0.1702,0.5804
DK,2020-09,0.1262,0.0915,0.0889,0.6934
DK,2020-10,0.1382,0.0657,0.0391,0.757
DK,2020-11,0.1786,0.0548,0.0207,0.7459
DK,2020-12,0.2533,0.0414,0.0079,0.6973
DK,2021-01,0.3071,0.0272,0.0125,0.6533
DK,2021-02,0.2477,0,0.0233,0.729
DK,2021-03,0.2394,0.0142,0.0552,0.6912
DK,2021-04,0.2387,0.0099,0.0957,0.6557
DK,2021-05,0.2165,0.0779,0.1077,0.5978
DK,2021-06,0.1756,0.1065,0.167,0.5509
DK,2021-07,0.0286,0.1055,0.1676,0.6983
DK,2021-08,0.081,0.0565,0.111,0.7516
DK,2021-09,0.2165,0.0564,0.0985,0.6286
DK,2021-10,0.2114,0.0133,0.0337,0.7415
DK,2021-11,0.2478,0.0143,0.0153,0.7227
DK,2021-12,0.2358,0,0.0044,0.7598
DK,2022-01,0.1777,0,0.014,0.8083
DK,2022-02,0.1504,0,0.0268,0.8228
DK,2022-03,0.2787,0.0046,0.1075,0.6092
DK,2022-04,0.1734,0.0107,0.1276,0.6883
DK,2022-05,0.1247,0.0272,0.1519,0.6962
DK,2022-06,0.1095,0.0908,0.213,0.5868
DK,2022-07,0.1084,0.0062,0.14,0.7453
DK,2022-08,0.1795,0.0928,0.2219,0.5058
DK,2022-09,0.1455,0.0149,0.113,0.7267
DK,2022-10,0.0893,0.0158,0.0624,0.8325
DK,2022-11,0.1383,0,0.0118,0.8498
DK,2022-12,0.2371,0,0.0086,0.7544
DK,2023-01,0.1746,0,0.0146,0.8108
DK,2023-02,0.2092,0,0.0377,0.7531
DK,2023-03,0.1806,0.0077,0.0758,0.7359
DK,2023-04,0.1728,0.0024,0.1823,0.6425
DK,2023-05,0.126,0.0122,0.2203,0.6415
DK,2023-06,0.1061,0.0789,0.3433,0.4717
DK,2023-07,0.0848,0.0024,0.2172,0.6956
DK,2023-08,0.0962,0.071,0.2359,0.5969
DK,2023-09,0.132,0.0556,0.2136,0.5988
DK,2023-10,0.0515,0.0279,0.0673,0.8533
DK,2023-11,0.1474,0.048,0.0339,0.7707
DK,2023-12,0.1667,0.0025,0.0075,0.8233
DK,2024-01,0.1508,0,0.0164,0.8328
DK,2024-02,0.1709,0,0.032,0.7972
DK,2024-03,0.1704,0,0.0833,0.7462
DK,2024-04,0.1306,0.0214,0.1644,0.6836
DK,2024-05,0.1125,0.0409,0.2809,0.5657
DK,2024-06,0.0504,0.0481,0.2761,0.6253
DK,2024-07,0.0554,0.0409,0.2711,0.6326
DK,2024-08,0.0704,0.0534,0.2725,0.6037
DK,2024-09,0.1347,0.0544,0.2118,0.599
DK,2024-10,0.1483,0.0235,0.1004,0.7279
DK,2024-11,0.2218,0.0303,0.0362,0.7118
DK,2024-12,0.186,0.0096,0.0122,0.7922
DK,2025-01,0.1831,0.0225,0.0256,0.7687
DK,2025-02,0.2074,0.0413,0.0783,0.6729
DK,2025-03,0.1752,0.0228,0.1617,0.6403
DK,2025-04,0.189,0.0772,0.2766,0.4571
DK,2025-05,0.0935,0.0535,0.2768,0.5761
DK,2025-06,0.0581,0.0316,0.2446,0.6657
DK,2025-07,0.0858,0.0598,0.3182,0.5362
DK,2025-08,0.0912,0.0568,0.2906,0.5614
DK,2025-09,0.1205,0.0348,0.1959,0.6488
DK,2025-10,0.1508,0.0255,0.0934,0.7304
DK,2025-11,0.2128,0.0275,0.0449,0.7149
DK,2025-12,0.1919,0.0241,0.024,0.76
DK,2026-01,0.1784,0.0121,0.0189,0.7907
DK,2026-02,0.1751,0.0255,0.0442,0.7552
DK,2026-03,0.1712,0.0366,0.166,0.6262
DK,2026-04,0.1539,0.0477,0.2527,0.5458
DK,2026-05,0.1791,0.0636,0.3161,0.4412
DK,2026-06,0.1151,0.0685,0.3515,0.4649
DK,2026-07,0.1151,0.0685,0.3515,0.4649
DK,2026-08,0.1151,0.0685,0.3515,0.4649
DM,2019-01,0,1,0,0
DM,2019-02,0,1,0,0
DM,2019-03,0,1,0,0
DM,2019-04,0,1,0,0
DM,2019-05,0,1,0,0
DM,2019-06,0,1,0,0
DM,2019-07,0,1,0,0
DM,2019-08,0,1,0,0
DM,2019-09,0,1,0,0
DM,2019-10,0,1,0,0
DM,2019-11,0,1,0,0
DM,2019-12,0,1,0,0
DM,2020-01,0,1,0,0
DM,2020-02,0,1,0,0
DM,2020-03,0,1,0,0
DM,2020-04,0,1,0,0
DM,2020-05,0,1,0,0
DM,2020-06,0,1,0,0
DM,2020-07,0,1,0,0
DM,2020-08,0,1,0,0
DM,2020-09,0,1,0,0
DM,2020-10,0,1,0,0
DM,2020-11,0,1,0,0
DM,2020-12,0,1,0,0
DM,2021-01,0,1,0,0
DM,2021-02,0,1,0,0
DM,2021-03,0,1,0,0
DM,2021-04,0,1,0,0
DM,2021-05,0,1,0,0
DM,2021-06,0,1,0,0
DM,2021-07,0,1,0,0
DM,2021-08,0,1,0,0
DM,2021-09,0,1,0,0
DM,2021-10,0,1,0,0
DM,2021-11,0,1,0,0
DM,2021-12,0,1,0,0
DM,2022-01,0,1,0,0
DM,2022-02,0,1,0,0
DM,2022-03,0,1,0,0
DM,2022-04,0,1,0,0
DM,2022-05,0,1,0,0
DM,2022-06,0,1,0,0
DM,2022-07,0,1,0,0
DM,2022-08,0,1,0,0
DM,2022-09,0,1,0,0
DM,2022-10,0,1,0,0
DM,2022-11,0,1,0,0
DM,2022-12,0,1,0,0
DM,2023-01,0,1,0,0
DM,2023-02,0,1,0,0
DM,2023-03,0,1,0,0
DM,2023-04,0,1,0,0
DM,2023-05,0,1,0,0
DM,2023-06,0,1,0,0
DM,2023-07,0,1,0,0
DM,2023-08,0,1,0,0
DM,2023-09,0,1,0,0
DM,2023-10,0,1,0,0
DM,2023-11,0,1,0,0
DM,2023-12,0,1,0,0
DM,2024-01,0,1,0,0
DM,2024-02,0,1,0,0
DM,2024-03,0,1,0,0
DM,2024-04,0,1,0,0
DM,2024-05,0,1,0,0
DM,2024-06,0,1,0,0
DM,2024-07,0,1,0,0
DM,2024-08,0,1,0,0
DM,2024-09,0,1,0,0
DM,2024-10,0,1,0,0
DM,2024-11,0,1,0,0
DM,2024-12,0,1,0,0
DM,2025-01,0,1,0,0
DM,2025-02,0,1,0,0
DM,2025-03,0,1,0,0
DM,2025-04,0,1,0,0
DM,2025-05,0,1,0,0
DM,2025-06,0,1,0,0
DM,2025-07,0,1,0,0
DM,2025-08,0,1,0,0
DM,2025-09,0,1,0,0
DM,2025-10,0,1,0,0
DM,2025-11,0,1,0,0
DM,2025-12,0,1,0,0
DM,2026-01,0,1,0,0
DM,2026-02,0,1,0,0
DM,2026-03,0,1,0,0
DM,2026-04,0,1,0,0
DM,2026-05,0,1,0,0
DM,2026-06,0,1,0,0
DM,2026-07,0,1,0,0
DM,2026-08,0,1,0,0
DO,2019-01,0.0789,0.4869,0.1386,0.2956
DO,2019-02,0.0789,0.4869,0.1386,0.2956
DO,2019-03,0.0789,0.4869,0.1386,0.2956
DO,2019-04,0.0789,0.4869,0.1386,0.2956
DO,2019-05,0.0789,0.4869,0.1386,0.2956
DO,2019-06,0.0789,0.4869,0.1386,0.2956
DO,2019-07,0.0789,0.4869,0.1386,0.2956
DO,2019-08,0.0789,0.4869,0.1386,0.2956
DO,2019-09,0.0789,0.4869,0.1386,0.2956
DO,2019-10,0.0789,0.4869,0.1386,0.2956
DO,2019-11,0.0789,0.4869,0.1386,0.2956
DO,2019-12,0.0789,0.4869,0.1386,0.2956
DO,2020-01,0.0789,0.4869,0.1386,0.2956
DO,2020-02,0.0789,0.4869,0.1386,0.2956
DO,2020-03,0.0789,0.4869,0.1386,0.2956
DO,2020-04,0.0789,0.4869,0.1386,0.2956
DO,2020-05,0.0789,0.4869,0.1386,0.2956
DO,2020-06,0.0789,0.4869,0.1386,0.2956
DO,2020-07,0.0789,0.4869,0.1386,0.2956
DO,2020-08,0.0789,0.4869,0.1386,0.2956
DO,2020-09,0.0789,0.4869,0.1386,0.2956
DO,2020-10,0.0789,0.4869,0.1386,0.2956
DO,2020-11,0.0789,0.4869,0.1386,0.2956
DO,2020-12,0.0789,0.4869,0.1386,0.2956
DO,2021-01,0.0789,0.4869,0.1386,0.2956
DO,2021-02,0.0789,0.4869,0.1386,0.2956
DO,2021-03,0.0789,0.4869,0.1386,0.2956
DO,2021-04,0.0789,0.4869,0.1386,0.2956
DO,2021-05,0.0789,0.4869,0.1386,0.2956
DO,2021-06,0.0789,0.4869,0.1386,0.2956
DO,2021-07,0.0789,0.4869,0.1386,0.2956
DO,2021-08,0.0789,0.4869,0.1386,0.2956
DO,2021-09,0.0789,0.4869,0.1386,0.2956
DO,2021-10,0.0789,0.4869,0.1386,0.2956
DO,2021-11,0.0789,0.4869,0.1386,0.2956
DO,2021-12,0.0789,0.4869,0.1386,0.2956
DO,2022-01,0.0789,0.4869,0.1386,0.2956
DO,2022-02,0.0789,0.4869,0.1386,0.2956
DO,2022-03,0.0789,0.4869,0.1386,0.2956
DO,2022-04,0.0789,0.4869,0.1386,0.2956
DO,2022-05,0.0789,0.4869,0.1386,0.2956
DO,2022-06,0.0789,0.4869,0.1386,0.2956
DO,2022-07,0.0789,0.4869,0.1386,0.2956
DO,2022-08,0.0789,0.4869,0.1386,0.2956
DO,2022-09,0.0789,0.4869,0.1386,0.2956
DO,2022-10,0,0.5,0.2691,0.2309
DO,2022-11,0.036,0.4643,0.2142,0.2855
DO,2022-12,0.069,0.4139,0.2411,0.2759
DO,2023-01,0.0666,0.3331,0.2335,0.3667
DO,2023-02,0.0623,0.2815,0.2501,0.4061
DO,2023-03,0.0667,0.2668,0.2999,0.3666
DO,2023-04,0.0741,0.2963,0.3333,0.2963
DO,2023-05,0.0912,0.2728,0.3631,0.2728
DO,2023-06,0.0715,0.2854,0.3215,0.3215
DO,2023-07,0.0556,0.2224,0.2779,0.4441
DO,2023-08,0.0648,0.2578,0.3226,0.3547
DO,2023-09,0.0715,0.3213,0.3928,0.2145
DO,2023-10,0,0.4443,0.4443,0.1115
DO,2023-11,0.0297,0.3824,0.2939,0.2939
DO,2023-12,0.0526,0.4211,0.2632,0.2632
DO,2024-01,0.0539,0.3244,0.2972,0.3244
DO,2024-02,0.0665,0.3331,0.367,0.2334
DO,2024-03,0.0588,0.2647,0.4118,0.2647
DO,2024-04,0.0609,0.3031,0.3634,0.2727
DO,2024-05,0.0543,0.4323,0.3244,0.189
DO,2024-06,0.0528,0.3947,0.3155,0.237
DO,2024-07,0.0475,0.3333,0.2859,0.3333
DO,2024-08,0.0502,0.325,0.3501,0.2748
DO,2024-09,0.0542,0.324,0.4056,0.2162
DO,2024-10,0.0319,0.4521,0.3549,0.1611
DO,2024-11,0.0385,0.3846,0.3846,0.1923
DO,2024-12,0.0569,0.3714,0.343,0.2287
DO,2025-01,0.0688,0.3796,0.2758,0.2758
DO,2025-02,0.0605,0.3636,0.3031,0.2728
DO,2025-03,0.0487,0.4878,0.2683,0.1952
DO,2025-04,0.05,0.2748,0.45,0.2252
DO,2025-05,0.04,0.32,0.4,0.24
DO,2025-06,0.0392,0.2745,0.3529,0.3333
DO,2025-07,0.0371,0.2221,0.4446,0.2963
DO,2025-08,0.0407,0.2244,0.5308,0.2041
DO,2025-09,0.0249,0.2751,0.5751,0.1249
DO,2025-10,0.0242,0.3172,0.5124,0.1462
DO,2025-11,0.024,0.3095,0.4762,0.1903
DO,2025-12,0.0528,0.2894,0.4472,0.2106
DO,2026-01,0.0499,0.3,0.3999,0.2501
DO,2026-02,0.0499,0.3,0.3999,0.2501
DO,2026-03,0.0499,0.3,0.3999,0.2501
DO,2026-04,0.0499,0.3,0.3999,0.2501
DO,2026-05,0.0499,0.3,0.3999,0.2501
DO,2026-06,0.0499,0.3,0.3999,0.2501
DO,2026-07,0.0499,0.3,0.3999,0.2501
DO,2026-08,0.0499,0.3,0.3999,0.2501
DZ,2019-01,0,0.1698,0.8208,0.0094
DZ,2019-02,0,0.1698,0.8208,0.0094
DZ,2019-03,0,0.1698,0.8208,0.0094
DZ,2019-04,0,0.1698,0.8208,0.0094
DZ,2019-05,0,0.1698,0.8208,0.0094
DZ,2019-06,0,0.1698,0.8208,0.0094
DZ,2019-07,0,0.1698,0.8208,0.0094
DZ,2019-08,0,0.1698,0.8208,0.0094
DZ,2019-09,0,0.1698,0.8208,0.0094
DZ,2019-10,0,0.1698,0.8208,0.0094
DZ,2019-11,0,0.1698,0.8208,0.0094
DZ,2019-12,0,0.1698,0.8208,0.0094
DZ,2020-01,0,0.1698,0.8208,0.0094
DZ,2020-02,0,0.1698,0.8208,0.0094
DZ,2020-03,0,0.1698,0.8208,0.0094
DZ,2020-04,0,0.1698,0.8208,0.0094
DZ,2020-05,0,0.1698,0.8208,0.0094
DZ,2020-06,0,0.1698,0.8208,0.0094
DZ,2020-07,0,0.1698,0.8208,0.0094
DZ,2020-08,0,0.1698,0.8208,0.0094
DZ,2020-09,0,0.1698,0.8208,0.0094
DZ,2020-10,0,0.1698,0.8208,0.0094
DZ,2020-11,0,0.1698,0.8208,0.0094
DZ,2020-12,0,0.1698,0.8208,0.0094
DZ,2021-01,0,0.1698,0.8208,0.0094
DZ,2021-02,0,0.1698,0.8208,0.0094
DZ,2021-03,0,0.1698,0.8208,0.0094
DZ,2021-04,0,0.1698,0.8208,0.0094
DZ,2021-05,0,0.1698,0.8208,0.0094
DZ,2021-06,0,0.1698,0.8208,0.0094
DZ,2021-07,0,0.1698,0.8208,0.0094
DZ,2021-08,0,0.1698,0.8208,0.0094
DZ,2021-09,0,0.1698,0.8208,0.0094
DZ,2021-10,0,0.1698,0.8208,0.0094
DZ,2021-11,0,0.1698,0.8208,0.0094
DZ,2021-12,0,0.1698,0.8208,0.0094
DZ,2022-01,0,0.1698,0.8208,0.0094
DZ,2022-02,0,0.1698,0.8208,0.0094
DZ,2022-03,0,0.1698,0.8208,0.0094
DZ,2022-04,0,0.1698,0.8208,0.0094
DZ,2022-05,0,0.1698,0.8208,0.0094
DZ,2022-06,0,0.1698,0.8208,0.0094
DZ,2022-07,0,0.1698,0.8208,0.0094
DZ,2022-08,0,0.1698,0.8208,0.0094
DZ,2022-09,0,0.1698,0.8208,0.0094
DZ,2022-10,0,0.1698,0.8208,0.0094
DZ,2022-11,0,0.1698,0.8208,0.0094
DZ,2022-12,0,0.1698,0.8208,0.0094
DZ,2023-01,0,0.1698,0.8208,0.0094
DZ,2023-02,0,0.1698,0.8208,0.0094
DZ,2023-03,0,0.1698,0.8208,0.0094
DZ,2023-04,0,0.1698,0.8208,0.0094
DZ,2023-05,0,0.1698,0.8208,0.0094
DZ,2023-06,0,0.1698,0.8208,0.0094
DZ,2023-07,0,0.1698,0.8208,0.0094
DZ,2023-08,0,0.1698,0.8208,0.0094
DZ,2023-09,0,0.1698,0.8208,0.0094
DZ,2023-10,0,0.1698,0.8208,0.0094
DZ,2023-11,0,0.1698,0.8208,0.0094
DZ,2023-12,0,0.1698,0.8208,0.0094
DZ,2024-01,0,0.1698,0.8208,0.0094
DZ,2024-02,0,0.1698,0.8208,0.0094
DZ,2024-03,0,0.1698,0.8208,0.0094
DZ,2024-04,0,0.1698,0.8208,0.0094
DZ,2024-05,0,0.1698,0.8208,0.0094
DZ,2024-06,0,0.1698,0.8208,0.0094
DZ,2024-07,0,0.1698,0.8208,0.0094
DZ,2024-08,0,0.1698,0.8208,0.0094
DZ,2024-09,0,0.1698,0.8208,0.0094
DZ,2024-10,0,0.1698,0.8208,0.0094
DZ,2024-11,0,0.1698,0.8208,0.0094
DZ,2024-12,0,0.1698,0.8208,0.0094
DZ,2025-01,0,0.1698,0.8208,0.0094
DZ,2025-02,0,0.1698,0.8208,0.0094
DZ,2025-03,0,0.1698,0.8208,0.0094
DZ,2025-04,0,0.1698,0.8208,0.0094
DZ,2025-05,0,0.1698,0.8208,0.0094
DZ,2025-06,0,0.1698,0.8208,0.0094
DZ,2025-07,0,0.1698,0.8208,0.0094
DZ,2025-08,0,0.1698,0.8208,0.0094
DZ,2025-09,0,0.1698,0.8208,0.0094
DZ,2025-10,0,0.1698,0.8208,0.0094
DZ,2025-11,0,0.1698,0.8208,0.0094
DZ,2025-12,0,0.1698,0.8208,0.0094
DZ,2026-01,0,0.1698,0.8208,0.0094
DZ,2026-02,0,0.1698,0.8208,0.0094
DZ,2026-03,0,0.1698,0.8208,0.0094
DZ,2026-04,0,0.1698,0.8208,0.0094
DZ,2026-05,0,0.1698,0.8208,0.0094
DZ,2026-06,0,0.1698,0.8208,0.0094
DZ,2026-07,0,0.1698,0.8208,0.0094
DZ,2026-08,0,0.1698,0.8208,0.0094
EC,2019-01,0.0048,0.9904,0,0.0048
EC,2019-02,0,1,0,0
EC,2019-03,0,0.9955,0,0.0045
EC,2019-04,0,0.9953,0,0.0047
EC,2019-05,0,0.9955,0,0.0045
EC,2019-06,0.0098,0.9852,0,0.005
EC,2019-07,0.0346,0.9605,0,0.0049
EC,2019-08,0.0388,0.9564,0,0.0048
EC,2019-09,0.0402,0.9548,0,0.005
EC,2019-10,0.0351,0.9598,0,0.005
EC,2019-11,0.0321,0.9679,0,0
EC,2019-12,0.0264,0.9736,0,0
EC,2020-01,0.0086,0.9871,0,0.0043
EC,2020-02,0,0.9953,0,0.0047
EC,2020-03,0,1,0,0
EC,2020-04,0,0.9949,0,0.0051
EC,2020-05,0,0.9953,0,0.0047
EC,2020-06,0.0093,0.986,0,0.0047
EC,2020-07,0.0321,0.9633,0,0.0046
EC,2020-08,0.0378,0.9575,0,0.0048
EC,2020-09,0.0342,0.9609,0,0.0049
EC,2020-10,0.0338,0.9609,0.0001,0.0052
EC,2020-11,0.0457,0.9432,0.003,0.0081
EC,2020-12,0.0296,0.9689,0.0004,0.0011
EC,2021-01,0,1,0,0
EC,2021-02,0,1,0,0
EC,2021-03,0,1,0,0
EC,2021-04,0,0.9958,0,0.0042
EC,2021-05,0,0.9954,0,0.0046
EC,2021-06,0.0095,0.9856,0,0.0048
EC,2021-07,0.028,0.9673,0,0.0047
EC,2021-08,0.0327,0.9611,0.0004,0.0058
EC,2021-09,0.0338,0.9507,0.0031,0.0125
EC,2021-10,0.0362,0.9556,0.0025,0.0057
EC,2021-11,0.0323,0.9671,0.0002,0.0004
EC,2021-12,0.0213,0.9787,0,0
EC,2022-01,0.005,0.9945,0.0002,0.0003
EC,2022-02,0.0002,0.9992,0.0002,0.0004
EC,2022-03,0,1,0,0
EC,2022-04,0,1,0,0
EC,2022-05,0,0.9957,0,0.0043
EC,2022-06,0.0094,0.9858,0,0.0048
EC,2022-07,0.0312,0.9639,0.0002,0.0048
EC,2022-08,0.0308,0.9647,0,0.0045
EC,2022-09,0.0334,0.9593,0.0009,0.0064
EC,2022-10,0.0317,0.9622,0.002,0.0041
EC,2022-11,0.0342,0.9574,0.0032,0.0052
EC,2022-12,0.0143,0.9676,0.0046,0.0135
EC,2023-01,0.005,0.9686,0.008,0.0184
EC,2023-02,0.0036,0.9753,0.0058,0.0153
EC,2023-03,0.0002,0.9946,0.0004,0.0047
EC,2023-04,0,0.9958,0,0.0042
EC,2023-05,0,0.9926,0,0.0074
EC,2023-06,0.0038,0.9884,0,0.0078
EC,2023-07,0.0074,0.9815,0,0.0111
EC,2023-08,0.0247,0.966,0.0005,0.0089
EC,2023-09,0.0394,0.9327,0.0071,0.0208
EC,2023-10,0.0391,0.9355,0.006,0.0194
EC,2023-11,0.0434,0.9294,0.0067,0.0204
EC,2023-12,0.0274,0.9573,0.0044,0.0109
EC,2024-01,0.0052,0.9873,0.0015,0.0061
EC,2024-02,0.0001,0.9947,0.0003,0.0049
EC,2024-03,0.0017,0.9821,0.0038,0.0124
EC,2024-04,0.0007,0.9919,0.0013,0.0062
EC,2024-05,0.0009,0.9874,0.0013,0.0104
EC,2024-06,0.025,0.9655,0.0005,0.009
EC,2024-07,0.0351,0.9442,0.0013,0.0194
EC,2024-08,0.0446,0.9161,0.0096,0.0297
EC,2024-09,0.0459,0.9163,0.0107,0.0271
EC,2024-10,0.0504,0.9339,0.0006,0.0151
EC,2024-11,0.0641,0.9052,0.0096,0.021
EC,2024-12,0.0289,0.9366,0.0131,0.0214
EC,2025-01,0.0031,0.9757,0.0084,0.0127
EC,2025-02,0.0008,0.9902,0.0021,0.0069
EC,2025-03,0,0.9961,0,0.0039
EC,2025-04,0.0001,0.9952,0.0003,0.0043
EC,2025-05,0,0.9923,0,0.0077
EC,2025-06,0,0.9918,0,0.0082
EC,2025-07,0.0286,0.9591,0,0.0123
EC,2025-08,0.0332,0.9562,0.0011,0.0095
EC,2025-09,0.0289,0.9583,0.0021,0.0107
EC,2025-10,0.0278,0.9643,0.0018,0.0061
EC,2025-11,0.0275,0.9678,0.0004,0.0043
EC,2025-12,0.0264,0.9518,0.0086,0.0132
EC,2026-01,0.0067,0.9775,0.0055,0.0103
EC,2026-02,0.0043,0.9913,0,0.0043
EC,2026-03,0,0.9959,0,0.0041
EC,2026-04,0.0008,0.9903,0.0024,0.0065
EC,2026-05,0.0009,0.99,0.0023,0.0068
EC,2026-06,0.0009,0.99,0.0023,0.0068
EC,2026-07,0.0009,0.99,0.0023,0.0068
EC,2026-08,0.0009,0.99,0.0023,0.0068
EE,2019-01,0.4545,0,0,0.5455
EE,2019-02,0.3193,0.0729,0.0099,0.598
EE,2019-03,0.3106,0.1146,0.0214,0.5534
EE,2019-04,0.45,0.1179,0.0269,0.4052
EE,2019-05,0.2943,0.231,0.0519,0.4228
EE,2019-06,0.2657,0.3131,0.0833,0.3378
EE,2019-07,0.2767,0.2964,0.0828,0.3441
EE,2019-08,0.3062,0.2527,0.0697,0.3714
EE,2019-09,0.3334,0.1646,0.0388,0.4633
EE,2019-10,0.3305,0.2111,0.0337,0.4247
EE,2019-11,0.3369,0.2188,0.0156,0.4287
EE,2019-12,0.2383,0.2291,0.0136,0.5189
EE,2020-01,0.2154,0.2133,0.0171,0.5542
EE,2020-02,0.1977,0.2214,0.0263,0.5546
EE,2020-03,0.2066,0.2488,0.0784,0.4663
EE,2020-04,0.2155,0.2679,0.1092,0.4074
EE,2020-05,0.1924,0.3001,0.1587,0.3488
EE,2020-06,0.2304,0.2596,0.1698,0.3402
EE,2020-07,0.2562,0.2175,0.1595,0.3667
EE,2020-08,0.4005,0.1253,0.1905,0.2837
EE,2020-09,0.2524,0.1646,0.1004,0.4825
EE,2020-10,0.2616,0.202,0.0756,0.4608
EE,2020-11,0.2598,0.2185,0.0236,0.4981
EE,2020-12,0.2469,0.2422,0.0148,0.4961
EE,2021-01,0.3217,0.2667,0.0175,0.3942
EE,2021-02,0.2957,0.2533,0.0312,0.4197
EE,2021-03,0.2024,0.2383,0.117,0.4423
EE,2021-04,0.2293,0.2107,0.1764,0.3836
EE,2021-05,0.17,0.2719,0.2518,0.3063
EE,2021-06,0.1959,0.176,0.4017,0.2264
EE,2021-07,0.185,0.1141,0.3747,0.3261
EE,2021-08,0.1278,0.1826,0.2564,0.4332
EE,2021-09,0.2181,0.1007,0.232,0.4492
EE,2021-10,0.2187,0.0839,0.121,0.5764
EE,2021-11,0.243,0.1102,0.0682,0.5786
EE,2021-12,0.2887,0.0909,0.0073,0.6131
EE,2022-01,0.2294,0.1321,0.0155,0.623
EE,2022-02,0.2044,0.1549,0.0746,0.566
EE,2022-03,0.299,0.0652,0.3054,0.3304
EE,2022-04,0.2699,0.1333,0.2941,0.3027
EE,2022-05,0.35,0,0.4001,0.2499
EE,2022-06,0.3684,0,0.4737,0.1578
EE,2022-07,0.3888,0,0.4443,0.1668
EE,2022-08,0.3375,0.0496,0.4003,0.2126
EE,2022-09,0.4115,0,0.3531,0.2354
EE,2022-10,0.4129,0.0349,0.1633,0.3888
EE,2022-11,0.4221,0.081,0.0134,0.4835
EE,2022-12,0.364,0.1193,0.0112,0.5055
EE,2023-01,0.2074,0.1898,0.0236,0.5793
EE,2023-02,0.2279,0.1832,0.0925,0.4964
EE,2023-03,0.1785,0.1725,0.2012,0.4478
EE,2023-04,0.133,0.1631,0.3863,0.3176
EE,2023-05,0.1175,0.1455,0.4616,0.2753
EE,2023-06,0.1245,0.1063,0.5405,0.2288
EE,2023-07,0.1295,0.1495,0.447,0.2741
EE,2023-08,0.14,0.1749,0.3974,0.2876
EE,2023-09,0.1969,0.1275,0.3485,0.3271
EE,2023-10,0.1825,0.1749,0.1785,0.4641
EE,2023-11,0.2882,0.2271,0.0721,0.4126
EE,2023-12,0.2717,0.2458,0.0282,0.4543
EE,2024-01,0.225,0.1879,0.0271,0.56
EE,2024-02,0.2044,0.2117,0.0803,0.5036
EE,2024-03,0.1684,0.209,0.2049,0.4177
EE,2024-04,0.1145,0.1764,0.3178,0.3914
EE,2024-05,0.1061,0.0855,0.613,0.1954
EE,2024-06,0.1151,0.068,0.6076,0.2093
EE,2024-07,0.0871,0.1021,0.5778,0.233
EE,2024-08,0.0805,0.1093,0.5536,0.2566
EE,2024-09,0.0887,0.0968,0.4883,0.3262
EE,2024-10,0.1397,0.127,0.2223,0.511
EE,2024-11,0.1493,0.1434,0.0641,0.6432
EE,2024-12,0.1809,0.1153,0.0475,0.6562
EE,2025-01,0.167,0.1381,0.0558,0.6391
EE,2025-02,0.2328,0.1556,0.1721,0.4395
EE,2025-03,0.1517,0.0816,0.3186,0.4482
EE,2025-04,0.1303,0.0701,0.4611,0.3385
EE,2025-05,0.0917,0.0834,0.5362,0.2887
EE,2025-06,0.1014,0.0855,0.4589,0.3541
EE,2025-07,0.0699,0.115,0.5668,0.2482
EE,2025-08,0.0782,0.1353,0.5312,0.2553
EE,2025-09,0.0794,0.1192,0.4337,0.3677
EE,2025-10,0.1609,0.1479,0.2373,0.4539
EE,2025-11,0.1821,0.1859,0.0914,0.5407
EE,2025-12,0.1429,0.1623,0.0593,0.6354
EE,2026-01,0.2236,0.2129,0.0416,0.5219
EE,2026-02,0.1849,0.1756,0.1095,0.53
EE,2026-03,0.1137,0.1171,0.369,0.4002
EE,2026-04,0.088,0.1022,0.4542,0.3555
EE,2026-05,0.0962,0.1001,0.5078,0.2959
EE,2026-06,0.103,0.1188,0.5382,0.24
EE,2026-07,0.103,0.1188,0.5382,0.24
EE,2026-08,0.103,0.1188,0.5382,0.24
EG,2019-01,0,0.7687,0.0485,0.1828
EG,2019-02,0,0.7845,0.0512,0.1643
EG,2019-03,0,0.7397,0.062,0.1983
EG,2019-04,0,0.7564,0.0576,0.186
EG,2019-05,0,0.7651,0.054,0.181
EG,2019-06,0,0.7476,0.0568,0.1956
EG,2019-07,0,0.7219,0.063,0.215
EG,2019-08,0,0.8362,0.0377,0.1262
EG,2019-09,0,0.7182,0.0636,0.2182
EG,2019-10,0,0.7296,0.0627,0.2077
EG,2019-11,0,0.6708,0.0778,0.2514
EG,2019-12,0,0.6479,0.0783,0.2739
EG,2020-01,0,0.5423,0.2605,0.1972
EG,2020-02,0,0.6026,0.2498,0.1476
EG,2020-03,0,0.5975,0.2473,0.1552
EG,2020-04,0,0.6003,0.1999,0.1999
EG,2020-05,0,0.6456,0.1869,0.1675
EG,2020-06,0,0.6463,0.171,0.1827
EG,2020-07,0,0.6295,0.1584,0.2121
EG,2020-08,0,0.6395,0.1783,0.1822
EG,2020-09,0,0.6141,0.1608,0.2251
EG,2020-10,0,0.5792,0.1928,0.228
EG,2020-11,0,0.5729,0.248,0.1791
EG,2020-12,0,0.5493,0.2443,0.2064
EG,2021-01,0,0.5337,0.2663,0.2
EG,2021-02,0,0.5812,0.2251,0.1937
EG,2021-03,0,0.5332,0.2334,0.2334
EG,2021-04,0,0.5572,0.2054,0.2374
EG,2021-05,0,0.6101,0.1929,0.1971
EG,2021-06,0,0.6115,0.1733,0.2152
EG,2021-07,0,0.6435,0.1763,0.1802
EG,2021-08,0,0.5096,0.2426,0.2479
EG,2021-09,0,0.5191,0.193,0.2879
EG,2021-10,0,0.523,0.1824,0.2946
EG,2021-11,0,0.6095,0.2332,0.1573
EG,2021-12,0,0.5504,0.2322,0.2174
EG,2022-01,0.0075,0.5195,0.2792,0.1937
EG,2022-02,0.0066,0.5935,0.1871,0.2127
EG,2022-03,0.0047,0.507,0.223,0.2653
EG,2022-04,0.0044,0.5419,0.1982,0.2555
EG,2022-05,0.004,0.593,0.1867,0.2164
EG,2022-06,0.0037,0.5931,0.167,0.2362
EG,2022-07,0.0037,0.608,0.1715,0.2168
EG,2022-08,0.0033,0.5945,0.17,0.2322
EG,2022-09,0.0044,0.5502,0.186,0.2594
EG,2022-10,0.0044,0.6007,0.1603,0.2346
EG,2022-11,0.0056,0.5806,0.2009,0.213
EG,2022-12,0.0066,0.5243,0.2246,0.2445
EG,2023-01,0,0.5213,0.2716,0.2071
EG,2023-02,0,0.5272,0.2145,0.2583
EG,2023-03,0,0.6175,0.2394,0.1431
EG,2023-04,0,0.5883,0.2033,0.2084
EG,2023-05,0,0.6303,0.1965,0.1733
EG,2023-06,0,0.637,0.1741,0.1889
EG,2023-07,0.0032,0.6082,0.1683,0.2204
EG,2023-08,0.0033,0.5698,0.1831,0.2438
EG,2023-09,0.0049,0.5044,0.2111,0.2796
EG,2023-10,0.0048,0.5276,0.2044,0.2633
EG,2023-11,0.0061,0.5688,0.2095,0.2156
EG,2023-12,0.0063,0.595,0.19,0.2088
EG,2024-01,0.0062,0.5675,0.241,0.1854
EG,2024-02,0.0054,0.5644,0.229,0.2013
EG,2024-03,0.0049,0.5755,0.2167,0.2028
EG,2024-04,0.0044,0.5274,0.1984,0.2699
EG,2024-05,0.0035,0.577,0.1902,0.2292
EG,2024-06,0.0039,0.5777,0.1709,0.2475
EG,2024-07,0.0037,0.6373,0.2013,0.1577
EG,2024-08,0.004,0.5914,0.1948,0.2098
EG,2024-09,0.0036,0.5367,0.2,0.2597
EG,2024-10,0.0036,0.5071,0.1752,0.3141
EG,2024-11,0.0043,0.4853,0.2171,0.2933
EG,2024-12,0.0053,0.518,0.2559,0.2208
EG,2025-01,0.0049,0.4718,0.2433,0.28
EG,2025-02,0.0042,0.4869,0.2181,0.2908
EG,2025-03,0.0034,0.5091,0.2512,0.2363
EG,2025-04,0.004,0.4102,0.2912,0.2946
EG,2025-05,0.0034,0.467,0.273,0.2566
EG,2025-06,0.0034,0.4662,0.2524,0.2779
EG,2025-07,0.0031,0.5199,0.2064,0.2705
EG,2025-08,0.003,0.4683,0.173,0.3557
EG,2025-09,0.0028,0.4531,0.1766,0.3676
EG,2025-10,0.0032,0.4748,0.1665,0.3555
EG,2025-11,0.0042,0.6088,0.1869,0.2002
EG,2025-12,0.0042,0.5673,0.1786,0.25
EG,2026-01,0.0042,0.5673,0.1786,0.25
EG,2026-02,0.0042,0.5673,0.1786,0.25
EG,2026-03,0.0042,0.5673,0.1786,0.25
EG,2026-04,0.0042,0.5673,0.1786,0.25
EG,2026-05,0.0042,0.5673,0.1786,0.25
EG,2026-06,0.0042,0.5673,0.1786,0.25
EG,2026-07,0.0042,0.5673,0.1786,0.25
EG,2026-08,0.0042,0.5673,0.1786,0.25
ER,2019-01,0,0,1,0
ER,2019-02,0,0,1,0
ER,2019-03,0,0,1,0
ER,2019-04,0,0,1,0
ER,2019-05,0,0,1,0
ER,2019-06,0,0,1,0
ER,2019-07,0,0,1,0
ER,2019-08,0,0,1,0
ER,2019-09,0,0,1,0
ER,2019-10,0,0,1,0
ER,2019-11,0,0,1,0
ER,2019-12,0,0,1,0
ER,2020-01,0,0,1,0
ER,2020-02,0,0,1,0
ER,2020-03,0,0,1,0
ER,2020-04,0,0,1,0
ER,2020-05,0,0,1,0
ER,2020-06,0,0,1,0
ER,2020-07,0,0,1,0
ER,2020-08,0,0,1,0
ER,2020-09,0,0,1,0
ER,2020-10,0,0,1,0
ER,2020-11,0,0,1,0
ER,2020-12,0,0,1,0
ER,2021-01,0,0,1,0
ER,2021-02,0,0,1,0
ER,2021-03,0,0,1,0
ER,2021-04,0,0,1,0
ER,2021-05,0,0,1,0
ER,2021-06,0,0,1,0
ER,2021-07,0,0,1,0
ER,2021-08,0,0,1,0
ER,2021-09,0,0,1,0
ER,2021-10,0,0,1,0
ER,2021-11,0,0,1,0
ER,2021-12,0,0,1,0
ER,2022-01,0,0,1,0
ER,2022-02,0,0,1,0
ER,2022-03,0,0,1,0
ER,2022-04,0,0,1,0
ER,2022-05,0,0,1,0
ER,2022-06,0,0,1,0
ER,2022-07,0,0,1,0
ER,2022-08,0,0,1,0
ER,2022-09,0,0,1,0
ER,2022-10,0,0,1,0
ER,2022-11,0,0,1,0
ER,2022-12,0,0,1,0
ER,2023-01,0,0,1,0
ER,2023-02,0,0,1,0
ER,2023-03,0,0,1,0
ER,2023-04,0,0,1,0
ER,2023-05,0,0,1,0
ER,2023-06,0,0,1,0
ER,2023-07,0,0,1,0
ER,2023-08,0,0,1,0
ER,2023-09,0,0,1,0
ER,2023-10,0,0,1,0
ER,2023-11,0,0,1,0
ER,2023-12,0,0,1,0
ER,2024-01,0,0,1,0
ER,2024-02,0,0,1,0
ER,2024-03,0,0,1,0
ER,2024-04,0,0,1,0
ER,2024-05,0,0,1,0
ER,2024-06,0,0,1,0
ER,2024-07,0,0,1,0
ER,2024-08,0,0,1,0
ER,2024-09,0,0,1,0
ER,2024-10,0,0,1,0
ER,2024-11,0,0,1,0
ER,2024-12,0,0,1,0
ER,2025-01,0,0,1,0
ER,2025-02,0,0,1,0
ER,2025-03,0,0,1,0
ER,2025-04,0,0,1,0
ER,2025-05,0,0,1,0
ER,2025-06,0,0,1,0
ER,2025-07,0,0,1,0
ER,2025-08,0,0,1,0
ER,2025-09,0,0,1,0
ER,2025-10,0,0,1,0
ER,2025-11,0,0,1,0
ER,2025-12,0,0,1,0
ER,2026-01,0,0,1,0
ER,2026-02,0,0,1,0
ER,2026-03,0,0,1,0
ER,2026-04,0,0,1,0
ER,2026-05,0,0,1,0
ER,2026-06,0,0,1,0
ER,2026-07,0,0,1,0
ER,2026-08,0,0,1,0
ES,2019-01,0.0274,0.2567,0.071,0.6448
ES,2019-02,0.0344,0.3682,0.1173,0.4801
ES,2019-03,0.0326,0.2816,0.1428,0.543
ES,2019-04,0.0244,0.2748,0.1294,0.5714
ES,2019-05,0.0288,0.2479,0.1922,0.5311
ES,2019-06,0.035,0.2521,0.248,0.4648
ES,2019-07,0.042,0.2441,0.2537,0.4602
ES,2019-08,0.0449,0.2241,0.2985,0.4325
ES,2019-09,0.0376,0.2064,0.1988,0.5573
ES,2019-10,0.041,0.2141,0.1733,0.5715
ES,2019-11,0.023,0.2655,0.055,0.6565
ES,2019-12,0.0228,0.4567,0.0534,0.4672
ES,2020-01,0.0331,0.4213,0.0745,0.4711
ES,2020-02,0.0348,0.3599,0.1337,0.4717
ES,2020-03,0.0285,0.3319,0.1234,0.5162
ES,2020-04,0.0324,0.3775,0.164,0.4261
ES,2020-05,0.0339,0.3333,0.2352,0.3977
ES,2020-06,0.0391,0.2852,0.2964,0.3793
ES,2020-07,0.0331,0.2192,0.3017,0.4459
ES,2020-08,0.038,0.2443,0.3084,0.4094
ES,2020-09,0.0435,0.2354,0.2391,0.482
ES,2020-10,0.0381,0.2237,0.1688,0.5694
ES,2020-11,0.0442,0.345,0.1091,0.5017
ES,2020-12,0.0316,0.2983,0.0666,0.6035
ES,2021-01,0.0277,0.3471,0.0718,0.5535
ES,2021-02,0.0253,0.3932,0.0847,0.4969
ES,2021-03,0.0254,0.3417,0.1683,0.4646
ES,2021-04,0.0376,0.3183,0.2051,0.439
ES,2021-05,0.0333,0.2361,0.2877,0.4429
ES,2021-06,0.0358,0.2639,0.322,0.3783
ES,2021-07,0.0305,0.2372,0.3341,0.3981
ES,2021-08,0.0418,0.2361,0.3337,0.3884
ES,2021-09,0.049,0.2195,0.317,0.4145
ES,2021-10,0.0491,0.1658,0.2601,0.525
ES,2021-11,0.0407,0.1503,0.1556,0.6535
ES,2021-12,0.0353,0.2561,0.0978,0.6108
ES,2022-01,0.039,0.2405,0.1758,0.5446
ES,2022-02,0.0395,0.1837,0.2329,0.5438
ES,2022-03,0.0357,0.2013,0.1542,0.6089
ES,2022-04,0.0345,0.1945,0.2818,0.4892
ES,2022-05,0.0305,0.1964,0.3767,0.3965
ES,2022-06,0.0402,0.163,0.4174,0.3794
ES,2022-07,0.0365,0.1328,0.4108,0.4199
ES,2022-08,0.0358,0.1437,0.4008,0.4197
ES,2022-09,0.0326,0.1708,0.3393,0.4572
ES,2022-10,0.0337,0.1381,0.2451,0.583
ES,2022-11,0.0302,0.1715,0.154,0.6443
ES,2022-12,0.0275,0.2937,0.1128,0.566
ES,2023-01,0.0175,0.2885,0.1347,0.5593
ES,2023-02,0.0302,0.248,0.2385,0.4833
ES,2023-03,0.0199,0.1699,0.2878,0.5224
ES,2023-04,0.0188,0.1391,0.4162,0.426
ES,2023-05,0.0257,0.1147,0.4075,0.452
ES,2023-06,0.0288,0.1674,0.4917,0.3121
ES,2023-07,0.0258,0.1066,0.5302,0.3373
ES,2023-08,0.0286,0.0885,0.5064,0.3764
ES,2023-09,0.0303,0.1097,0.4538,0.4061
ES,2023-10,0.0225,0.1435,0.2784,0.5556
ES,2023-11,0.0176,0.2594,0.1743,0.5486
ES,2023-12,0.0197,0.3148,0.1745,0.491
ES,2024-01,0.0223,0.3108,0.1845,0.4824
ES,2024-02,0.0179,0.2245,0.233,0.5246
ES,2024-03,0.0203,0.314,0.254,0.4117
ES,2024-04,0.0213,0.2718,0.3748,0.3321
ES,2024-05,0.0208,0.2007,0.4813,0.2972
ES,2024-06,0.0241,0.169,0.4727,0.3342
ES,2024-07,0.0247,0.1344,0.5435,0.2973
ES,2024-08,0.0244,0.1271,0.5444,0.304
ES,2024-09,0.0239,0.1346,0.446,0.3956
ES,2024-10,0.0217,0.2298,0.2654,0.4831
ES,2024-11,0.0292,0.2359,0.253,0.4819
ES,2024-12,0.0305,0.2191,0.2575,0.4929
ES,2025-01,0.0244,0.218,0.1913,0.5663
ES,2025-02,0.0269,0.3298,0.3199,0.3235
ES,2025-03,0.0189,0.273,0.2484,0.4597
ES,2025-04,0.0212,0.2883,0.3725,0.318
ES,2025-05,0.0238,0.2568,0.4704,0.2491
ES,2025-06,0.0236,0.1707,0.5716,0.2341
ES,2025-07,0.0244,0.1147,0.5548,0.306
ES,2025-08,0.0269,0.1191,0.5707,0.2833
ES,2025-09,0.0275,0.1223,0.5191,0.3312
ES,2025-10,0.0294,0.1378,0.4287,0.4041
ES,2025-11,0.0237,0.1486,0.2775,0.5503
ES,2025-12,0.0308,0.2663,0.2154,0.4874
ES,2026-01,0.0235,0.2153,0.1683,0.593
ES,2026-02,0.0164,0.3248,0.1993,0.4594
ES,2026-03,0.0227,0.281,0.3394,0.3569
ES,2026-04,0.0231,0.1996,0.4645,0.3128
ES,2026-05,0.0246,0.1981,0.5275,0.2498
ES,2026-06,0.0248,0.1397,0.5725,0.2629
ES,2026-07,0.0248,0.1397,0.5725,0.2629
ES,2026-08,0.0248,0.1397,0.5725,0.2629
ET,2019-01,0.002,0.9412,0.0013,0.0555
ET,2019-02,0.002,0.9412,0.0013,0.0555
ET,2019-03,0.002,0.9412,0.0013,0.0555
ET,2019-04,0.002,0.9412,0.0013,0.0555
ET,2019-05,0.002,0.9412,0.0013,0.0555
ET,2019-06,0.002,0.9412,0.0013,0.0555
ET,2019-07,0.002,0.9412,0.0013,0.0555
ET,2019-08,0.002,0.9412,0.0013,0.0555
ET,2019-09,0.002,0.9412,0.0013,0.0555
ET,2019-10,0.002,0.9412,0.0013,0.0555
ET,2019-11,0.002,0.9412,0.0013,0.0555
ET,2019-12,0.002,0.9412,0.0013,0.0555
ET,2020-01,0.002,0.9412,0.0013,0.0555
ET,2020-02,0.002,0.9412,0.0013,0.0555
ET,2020-03,0.002,0.9412,0.0013,0.0555
ET,2020-04,0.002,0.9412,0.0013,0.0555
ET,2020-05,0.002,0.9412,0.0013,0.0555
ET,2020-06,0.002,0.9412,0.0013,0.0555
ET,2020-07,0.002,0.9412,0.0013,0.0555
ET,2020-08,0.002,0.9412,0.0013,0.0555
ET,2020-09,0.002,0.9412,0.0013,0.0555
ET,2020-10,0.002,0.9412,0.0013,0.0555
ET,2020-11,0.002,0.9412,0.0013,0.0555
ET,2020-12,0.002,0.9412,0.0013,0.0555
ET,2021-01,0.002,0.9412,0.0013,0.0555
ET,2021-02,0.002,0.9412,0.0013,0.0555
ET,2021-03,0.002,0.9412,0.0013,0.0555
ET,2021-04,0.002,0.9412,0.0013,0.0555
ET,2021-05,0.002,0.9412,0.0013,0.0555
ET,2021-06,0.002,0.9412,0.0013,0.0555
ET,2021-07,0.002,0.9412,0.0013,0.0555
ET,2021-08,0.002,0.9412,0.0013,0.0555
ET,2021-09,0.002,0.9412,0.0013,0.0555
ET,2021-10,0.002,0.9412,0.0013,0.0555
ET,2021-11,0.002,0.9412,0.0013,0.0555
ET,2021-12,0.002,0.9412,0.0013,0.0555
ET,2022-01,0.002,0.9412,0.0013,0.0555
ET,2022-02,0.002,0.9412,0.0013,0.0555
ET,2022-03,0.002,0.9412,0.0013,0.0555
ET,2022-04,0.002,0.9412,0.0013,0.0555
ET,2022-05,0.002,0.9412,0.0013,0.0555
ET,2022-06,0.002,0.9412,0.0013,0.0555
ET,2022-07,0.002,0.9412,0.0013,0.0555
ET,2022-08,0.002,0.9412,0.0013,0.0555
ET,2022-09,0.002,0.9412,0.0013,0.0555
ET,2022-10,0.002,0.9412,0.0013,0.0555
ET,2022-11,0.002,0.9412,0.0013,0.0555
ET,2022-12,0.002,0.9412,0.0013,0.0555
ET,2023-01,0.002,0.9412,0.0013,0.0555
ET,2023-02,0.002,0.9412,0.0013,0.0555
ET,2023-03,0.002,0.9412,0.0013,0.0555
ET,2023-04,0.002,0.9412,0.0013,0.0555
ET,2023-05,0.002,0.9412,0.0013,0.0555
ET,2023-06,0.002,0.9412,0.0013,0.0555
ET,2023-07,0.002,0.9412,0.0013,0.0555
ET,2023-08,0.002,0.9412,0.0013,0.0555
ET,2023-09,0.002,0.9412,0.0013,0.0555
ET,2023-10,0.002,0.9412,0.0013,0.0555
ET,2023-11,0.002,0.9412,0.0013,0.0555
ET,2023-12,0.002,0.9412,0.0013,0.0555
ET,2024-01,0.002,0.9412,0.0013,0.0555
ET,2024-02,0.002,0.9412,0.0013,0.0555
ET,2024-03,0.002,0.9412,0.0013,0.0555
ET,2024-04,0.002,0.9412,0.0013,0.0555
ET,2024-05,0.002,0.9412,0.0013,0.0555
ET,2024-06,0.002,0.9412,0.0013,0.0555
ET,2024-07,0.002,0.9412,0.0013,0.0555
ET,2024-08,0.002,0.9412,0.0013,0.0555
ET,2024-09,0.002,0.9412,0.0013,0.0555
ET,2024-10,0.002,0.9412,0.0013,0.0555
ET,2024-11,0.002,0.9412,0.0013,0.0555
ET,2024-12,0.002,0.9412,0.0013,0.0555
ET,2025-01,0.002,0.9412,0.0013,0.0555
ET,2025-02,0.002,0.9412,0.0013,0.0555
ET,2025-03,0.002,0.9412,0.0013,0.0555
ET,2025-04,0.002,0.9412,0.0013,0.0555
ET,2025-05,0.002,0.9412,0.0013,0.0555
ET,2025-06,0.002,0.9412,0.0013,0.0555
ET,2025-07,0.002,0.9412,0.0013,0.0555
ET,2025-08,0.002,0.9412,0.0013,0.0555
ET,2025-09,0.002,0.9412,0.0013,0.0555
ET,2025-10,0.002,0.9412,0.0013,0.0555
ET,2025-11,0.002,0.9412,0.0013,0.0555
ET,2025-12,0.002,0.9412,0.0013,0.0555
ET,2026-01,0.002,0.9412,0.0013,0.0555
ET,2026-02,0.002,0.9412,0.0013,0.0555
ET,2026-03,0.002,0.9412,0.0013,0.0555
ET,2026-04,0.002,0.9412,0.0013,0.0555
ET,2026-05,0.002,0.9412,0.0013,0.0555
ET,2026-06,0.002,0.9412,0.0013,0.0555
ET,2026-07,0.002,0.9412,0.0013,0.0555
ET,2026-08,0.002,0.9412,0.0013,0.0555
FI,2019-01,0.4219,0.3793,0.006,0.1929
FI,2019-02,0.388,0.3452,0.0105,0.2562
FI,2019-03,0.3694,0.3592,0.0169,0.2544
FI,2019-04,0.3526,0.4378,0.0234,0.1863
FI,2019-05,0.2756,0.5387,0.0235,0.1622
FI,2019-06,0.2763,0.5228,0.031,0.1699
FI,2019-07,0.3372,0.4782,0.0415,0.1431
FI,2019-08,0.3403,0.3922,0.0475,0.22
FI,2019-09,0.3103,0.4327,0.0348,0.2223
FI,2019-10,0.3765,0.3883,0.0183,0.2168
FI,2019-11,0.358,0.4489,0.0073,0.1858
FI,2019-12,0.3324,0.4321,0.004,0.2315
FI,2020-01,0.2891,0.4175,0.0045,0.2889
FI,2020-02,0.2409,0.4761,0.0096,0.2734
FI,2020-03,0.2714,0.4635,0.0161,0.249
FI,2020-04,0.2868,0.4743,0.0284,0.2106
FI,2020-05,0.2583,0.5652,0.0371,0.1393
FI,2020-06,0.2589,0.5293,0.0498,0.1619
FI,2020-07,0.2486,0.5299,0.0453,0.1762
FI,2020-08,0.2829,0.4944,0.0494,0.1732
FI,2020-09,0.2605,0.4324,0.032,0.2751
FI,2020-10,0.2508,0.4855,0.015,0.2487
FI,2020-11,0.2492,0.4788,0.0047,0.2674
FI,2020-12,0.3078,0.4607,0.0039,0.2276
FI,2021-01,0.3419,0.4709,0.0053,0.1819
FI,2021-02,0.3283,0.4479,0.0129,0.2109
FI,2021-03,0.2925,0.4145,0.018,0.275
FI,2021-04,0.2854,0.4749,0.0289,0.2108
FI,2021-05,0.2497,0.5284,0.0455,0.1764
FI,2021-06,0.2244,0.5503,0.0604,0.1648
FI,2021-07,0.2824,0.4583,0.0578,0.2015
FI,2021-08,0.2626,0.4449,0.048,0.2445
FI,2021-09,0.293,0.4373,0.0351,0.2346
FI,2021-10,0.2683,0.3986,0.0121,0.321
FI,2021-11,0.3077,0.4321,0.0062,0.254
FI,2021-12,0.3808,0.3499,0.0052,0.2641
FI,2022-01,0.2896,0.3492,0.007,0.3542
FI,2022-02,0.3074,0.3522,0.0137,0.3267
FI,2022-03,0.2999,0.3516,0.0206,0.3279
FI,2022-04,0.3086,0.4268,0.0298,0.2347
FI,2022-05,0.2466,0.4749,0.0341,0.2444
FI,2022-06,0.2586,0.4667,0.0524,0.2223
FI,2022-07,0.2766,0.4295,0.0613,0.2326
FI,2022-08,0.2686,0.3772,0.0413,0.3129
FI,2022-09,0.3404,0.3372,0.021,0.3013
FI,2022-10,0.2956,0.2634,0.0106,0.4305
FI,2022-11,0.3771,0.3759,0.0093,0.2377
FI,2022-12,0.3697,0.2747,0.0022,0.3534
FI,2023-01,0.2976,0.2662,0.0015,0.4347
FI,2023-02,0.2907,0.3272,0.0083,0.3737
FI,2023-03,0.3052,0.332,0.012,0.3507
FI,2023-04,0.3103,0.3641,0.027,0.2987
FI,2023-05,0.1794,0.4359,0.0313,0.3534
FI,2023-06,0.1943,0.442,0.0536,0.31
FI,2023-07,0.2501,0.4098,0.0546,0.2856
FI,2023-08,0.2199,0.4674,0.0275,0.2853
FI,2023-09,0.1598,0.4083,0.0178,0.4142
FI,2023-10,0.2123,0.4462,0.0095,0.332
FI,2023-11,0.2801,0.3736,0.0053,0.3409
FI,2023-12,0.3157,0.3579,0.0034,0.323
FI,2024-01,0.2624,0.2858,0.0053,0.4465
FI,2024-02,0.2596,0.2814,0.008,0.4511
FI,2024-03,0.2606,0.3767,0.0284,0.3343
FI,2024-04,0.1869,0.3769,0.0408,0.3954
FI,2024-05,0.184,0.4698,0.0645,0.2817
FI,2024-06,0.1973,0.4796,0.0612,0.2619
FI,2024-07,0.2097,0.4335,0.0595,0.2972
FI,2024-08,0.1928,0.2854,0.0607,0.4611
FI,2024-09,0.1637,0.3117,0.0285,0.4961
FI,2024-10,0.1567,0.2712,0.0099,0.5623
FI,2024-11,0.1972,0.2476,0.0023,0.5529
FI,2024-12,0.2125,0.2271,0,0.5604
FI,2025-01,0.2554,0.2757,0.0045,0.4644
FI,2025-02,0.2535,0.2524,0.0104,0.4837
FI,2025-03,0.2238,0.2472,0.0313,0.4977
FI,2025-04,0.2094,0.3146,0.0578,0.4183
FI,2025-05,0.1849,0.3377,0.0603,0.4171
FI,2025-06,0.1625,0.3877,0.0694,0.3804
FI,2025-07,0.1989,0.3702,0.0882,0.3427
FI,2025-08,0.1907,0.279,0.076,0.4543
FI,2025-09,0.1603,0.2514,0.0396,0.5487
FI,2025-10,0.1688,0.2443,0.0101,0.5768
FI,2025-11,0.216,0.2636,0.005,0.5155
FI,2025-12,0.2005,0.2729,0.002,0.5246
FI,2026-01,0.3095,0.3114,0.009,0.3701
FI,2026-02,0.3411,0.3145,0.0199,0.3246
FI,2026-03,0.1904,0.1825,0.0173,0.6098
FI,2026-04,0.2188,0.2849,0.0655,0.4309
FI,2026-05,0.202,0.2855,0.0689,0.4436
FI,2026-06,0.2099,0.2617,0.0692,0.4592
FI,2026-07,0.2099,0.2617,0.0692,0.4592
FI,2026-08,0.2099,0.2617,0.0692,0.4592
FJ,2019-01,0.1363,0.8485,0.0152,0
FJ,2019-02,0.1363,0.8485,0.0152,0
FJ,2019-03,0.1363,0.8485,0.0152,0
FJ,2019-04,0.1363,0.8485,0.0152,0
FJ,2019-05,0.1363,0.8485,0.0152,0
FJ,2019-06,0.1363,0.8485,0.0152,0
FJ,2019-07,0.1363,0.8485,0.0152,0
FJ,2019-08,0.1363,0.8485,0.0152,0
FJ,2019-09,0.1363,0.8485,0.0152,0
FJ,2019-10,0.1363,0.8485,0.0152,0
FJ,2019-11,0.1363,0.8485,0.0152,0
FJ,2019-12,0.1363,0.8485,0.0152,0
FJ,2020-01,0.1363,0.8485,0.0152,0
FJ,2020-02,0.1363,0.8485,0.0152,0
FJ,2020-03,0.1363,0.8485,0.0152,0
FJ,2020-04,0.1363,0.8485,0.0152,0
FJ,2020-05,0.1363,0.8485,0.0152,0
FJ,2020-06,0.1363,0.8485,0.0152,0
FJ,2020-07,0.1363,0.8485,0.0152,0
FJ,2020-08,0.1363,0.8485,0.0152,0
FJ,2020-09,0.1363,0.8485,0.0152,0
FJ,2020-10,0.1363,0.8485,0.0152,0
FJ,2020-11,0.1363,0.8485,0.0152,0
FJ,2020-12,0.1363,0.8485,0.0152,0
FJ,2021-01,0.1363,0.8485,0.0152,0
FJ,2021-02,0.1363,0.8485,0.0152,0
FJ,2021-03,0.1363,0.8485,0.0152,0
FJ,2021-04,0.1363,0.8485,0.0152,0
FJ,2021-05,0.1363,0.8485,0.0152,0
FJ,2021-06,0.1363,0.8485,0.0152,0
FJ,2021-07,0.1363,0.8485,0.0152,0
FJ,2021-08,0.1363,0.8485,0.0152,0
FJ,2021-09,0.1363,0.8485,0.0152,0
FJ,2021-10,0.1363,0.8485,0.0152,0
FJ,2021-11,0.1363,0.8485,0.0152,0
FJ,2021-12,0.1363,0.8485,0.0152,0
FJ,2022-01,0.1363,0.8485,0.0152,0
FJ,2022-02,0.1363,0.8485,0.0152,0
FJ,2022-03,0.1363,0.8485,0.0152,0
FJ,2022-04,0.1363,0.8485,0.0152,0
FJ,2022-05,0.1363,0.8485,0.0152,0
FJ,2022-06,0.1363,0.8485,0.0152,0
FJ,2022-07,0.1363,0.8485,0.0152,0
FJ,2022-08,0.1363,0.8485,0.0152,0
FJ,2022-09,0.1363,0.8485,0.0152,0
FJ,2022-10,0.1363,0.8485,0.0152,0
FJ,2022-11,0.1363,0.8485,0.0152,0
FJ,2022-12,0.1363,0.8485,0.0152,0
FJ,2023-01,0.1363,0.8485,0.0152,0
FJ,2023-02,0.1363,0.8485,0.0152,0
FJ,2023-03,0.1363,0.8485,0.0152,0
FJ,2023-04,0.1363,0.8485,0.0152,0
FJ,2023-05,0.1363,0.8485,0.0152,0
FJ,2023-06,0.1363,0.8485,0.0152,0
FJ,2023-07,0.1363,0.8485,0.0152,0
FJ,2023-08,0.1363,0.8485,0.0152,0
FJ,2023-09,0.1363,0.8485,0.0152,0
FJ,2023-10,0.1363,0.8485,0.0152,0
FJ,2023-11,0.1363,0.8485,0.0152,0
FJ,2023-12,0.1363,0.8485,0.0152,0
FJ,2024-01,0.1363,0.8485,0.0152,0
FJ,2024-02,0.1363,0.8485,0.0152,0
FJ,2024-03,0.1363,0.8485,0.0152,0
FJ,2024-04,0.1363,0.8485,0.0152,0
FJ,2024-05,0.1363,0.8485,0.0152,0
FJ,2024-06,0.1363,0.8485,0.0152,0
FJ,2024-07,0.1363,0.8485,0.0152,0
FJ,2024-08,0.1363,0.8485,0.0152,0
FJ,2024-09,0.1363,0.8485,0.0152,0
FJ,2024-10,0.1363,0.8485,0.0152,0
FJ,2024-11,0.1363,0.8485,0.0152,0
FJ,2024-12,0.1363,0.8485,0.0152,0
FJ,2025-01,0.1363,0.8485,0.0152,0
FJ,2025-02,0.1363,0.8485,0.0152,0
FJ,2025-03,0.1363,0.8485,0.0152,0
FJ,2025-04,0.1363,0.8485,0.0152,0
FJ,2025-05,0.1363,0.8485,0.0152,0
FJ,2025-06,0.1363,0.8485,0.0152,0
FJ,2025-07,0.1363,0.8485,0.0152,0
FJ,2025-08,0.1363,0.8485,0.0152,0
FJ,2025-09,0.1363,0.8485,0.0152,0
FJ,2025-10,0.1363,0.8485,0.0152,0
FJ,2025-11,0.1363,0.8485,0.0152,0
FJ,2025-12,0.1363,0.8485,0.0152,0
FJ,2026-01,0.1363,0.8485,0.0152,0
FJ,2026-02,0.1363,0.8485,0.0152,0
FJ,2026-03,0.1363,0.8485,0.0152,0
FJ,2026-04,0.1363,0.8485,0.0152,0
FJ,2026-05,0.1363,0.8485,0.0152,0
FJ,2026-06,0.1363,0.8485,0.0152,0
FJ,2026-07,0.1363,0.8485,0.0152,0
FJ,2026-08,0.1363,0.8485,0.0152,0
FK,2019-01,,,,
FK,2019-02,,,,
FK,2019-03,,,,
FK,2019-04,,,,
FK,2019-05,,,,
FK,2019-06,,,,
FK,2019-07,,,,
FK,2019-08,,,,
FK,2019-09,,,,
FK,2019-10,,,,
FK,2019-11,,,,
FK,2019-12,,,,
FK,2020-01,,,,
FK,2020-02,,,,
FK,2020-03,,,,
FK,2020-04,,,,
FK,2020-05,,,,
FK,2020-06,,,,
FK,2020-07,,,,
FK,2020-08,,,,
FK,2020-09,,,,
FK,2020-10,,,,
FK,2020-11,,,,
FK,2020-12,,,,
FK,2021-01,,,,
FK,2021-02,,,,
FK,2021-03,,,,
FK,2021-04,,,,
FK,2021-05,,,,
FK,2021-06,,,,
FK,2021-07,,,,
FK,2021-08,,,,
FK,2021-09,,,,
FK,2021-10,,,,
FK,2021-11,,,,
FK,2021-12,,,,
FK,2022-01,,,,
FK,2022-02,,,,
FK,2022-03,,,,
FK,2022-04,,,,
FK,2022-05,,,,
FK,2022-06,,,,
FK,2022-07,,,,
FK,2022-08,,,,
FK,2022-09,,,,
FK,2022-10,,,,
FK,2022-11,,,,
FK,2022-12,,,,
FK,2023-01,,,,
FK,2023-02,,,,
FK,2023-03,,,,
FK,2023-04,,,,
FK,2023-05,,,,
FK,2023-06,,,,
FK,2023-07,,,,
FK,2023-08,,,,
FK,2023-09,,,,
FK,2023-10,,,,
FK,2023-11,,,,
FK,2023-12,,,,
FK,2024-01,,,,
FK,2024-02,,,,
FK,2024-03,,,,
FK,2024-04,,,,
FK,2024-05,,,,
FK,2024-06,,,,
FK,2024-07,,,,
FK,2024-08,,,,
FK,2024-09,,,,
FK,2024-10,,,,
FK,2024-11,,,,
FK,2024-12,,,,
FK,2025-01,,,,
FK,2025-02,,,,
FK,2025-03,,,,
FK,2025-04,,,,
FK,2025-05,,,,
FK,2025-06,,,,
FK,2025-07,,,,
FK,2025-08,,,,
FK,2025-09,,,,
FK,2025-10,,,,
FK,2025-11,,,,
FK,2025-12,,,,
FK,2026-01,,,,
FK,2026-02,,,,
FK,2026-03,,,,
FK,2026-04,,,,
FK,2026-05,,,,
FK,2026-06,,,,
FK,2026-07,,,,
FK,2026-08,,,,
FO,2019-01,0,0.6667,0,0.3333
FO,2019-02,0,0.6667,0,0.3333
FO,2019-03,0,0.6667,0,0.3333
FO,2019-04,0,0.6667,0,0.3333
FO,2019-05,0,0.6667,0,0.3333
FO,2019-06,0,0.6667,0,0.3333
FO,2019-07,0,0.6667,0,0.3333
FO,2019-08,0,0.6667,0,0.3333
FO,2019-09,0,0.6667,0,0.3333
FO,2019-10,0,0.6667,0,0.3333
FO,2019-11,0,0.6667,0,0.3333
FO,2019-12,0,0.6667,0,0.3333
FO,2020-01,0,0.6667,0,0.3333
FO,2020-02,0,0.6667,0,0.3333
FO,2020-03,0,0.6667,0,0.3333
FO,2020-04,0,0.6667,0,0.3333
FO,2020-05,0,0.6667,0,0.3333
FO,2020-06,0,0.6667,0,0.3333
FO,2020-07,0,0.6667,0,0.3333
FO,2020-08,0,0.6667,0,0.3333
FO,2020-09,0,0.6667,0,0.3333
FO,2020-10,0,0.6667,0,0.3333
FO,2020-11,0,0.6667,0,0.3333
FO,2020-12,0,0.6667,0,0.3333
FO,2021-01,0,0.6667,0,0.3333
FO,2021-02,0,0.6667,0,0.3333
FO,2021-03,0,0.6667,0,0.3333
FO,2021-04,0,0.6667,0,0.3333
FO,2021-05,0,0.6667,0,0.3333
FO,2021-06,0,0.6667,0,0.3333
FO,2021-07,0,0.6667,0,0.3333
FO,2021-08,0,0.6667,0,0.3333
FO,2021-09,0,0.6667,0,0.3333
FO,2021-10,0,0.6667,0,0.3333
FO,2021-11,0,0.6667,0,0.3333
FO,2021-12,0,0.6667,0,0.3333
FO,2022-01,0,0.6667,0,0.3333
FO,2022-02,0,0.6667,0,0.3333
FO,2022-03,0,0.6667,0,0.3333
FO,2022-04,0,0.6667,0,0.3333
FO,2022-05,0,0.6667,0,0.3333
FO,2022-06,0,0.6667,0,0.3333
FO,2022-07,0,0.6667,0,0.3333
FO,2022-08,0,0.6667,0,0.3333
FO,2022-09,0,0.6667,0,0.3333
FO,2022-10,0,0.6667,0,0.3333
FO,2022-11,0,0.6667,0,0.3333
FO,2022-12,0,0.6667,0,0.3333
FO,2023-01,0,0.6667,0,0.3333
FO,2023-02,0,0.6667,0,0.3333
FO,2023-03,0,0.6667,0,0.3333
FO,2023-04,0,0.6667,0,0.3333
FO,2023-05,0,0.6667,0,0.3333
FO,2023-06,0,0.6667,0,0.3333
FO,2023-07,0,0.6667,0,0.3333
FO,2023-08,0,0.6667,0,0.3333
FO,2023-09,0,0.6667,0,0.3333
FO,2023-10,0,0.6667,0,0.3333
FO,2023-11,0,0.6667,0,0.3333
FO,2023-12,0,0.6667,0,0.3333
FO,2024-01,0,0.6667,0,0.3333
FO,2024-02,0,0.6667,0,0.3333
FO,2024-03,0,0.6667,0,0.3333
FO,2024-04,0,0.6667,0,0.3333
FO,2024-05,0,0.6667,0,0.3333
FO,2024-06,0,0.6667,0,0.3333
FO,2024-07,0,0.6667,0,0.3333
FO,2024-08,0,0.6667,0,0.3333
FO,2024-09,0,0.6667,0,0.3333
FO,2024-10,0,0.6667,0,0.3333
FO,2024-11,0,0.6667,0,0.3333
FO,2024-12,0,0.6667,0,0.3333
FO,2025-01,0,0.6667,0,0.3333
FO,2025-02,0,0.6667,0,0.3333
FO,2025-03,0,0.6667,0,0.3333
FO,2025-04,0,0.6667,0,0.3333
FO,2025-05,0,0.6667,0,0.3333
FO,2025-06,0,0.6667,0,0.3333
FO,2025-07,0,0.6667,0,0.3333
FO,2025-08,0,0.6667,0,0.3333
FO,2025-09,0,0.6667,0,0.3333
FO,2025-10,0,0.6667,0,0.3333
FO,2025-11,0,0.6667,0,0.3333
FO,2025-12,0,0.6667,0,0.3333
FO,2026-01,0,0.6667,0,0.3333
FO,2026-02,0,0.6667,0,0.3333
FO,2026-03,0,0.6667,0,0.3333
FO,2026-04,0,0.6667,0,0.3333
FO,2026-05,0,0.6667,0,0.3333
FO,2026-06,0,0.6667,0,0.3333
FO,2026-07,0,0.6667,0,0.3333
FO,2026-08,0,0.6667,0,0.3333
FR,2019-01,0.0326,0.5611,0.0516,0.3548
FR,2019-02,0.0324,0.567,0.0917,0.3089
FR,2019-03,0.0245,0.4651,0.102,0.4084
FR,2019-04,0.0304,0.5408,0.1383,0.2904
FR,2019-05,0.0261,0.5765,0.1457,0.2517
FR,2019-06,0.0295,0.6012,0.155,0.2144
FR,2019-07,0.0323,0.5302,0.2053,0.2323
FR,2019-08,0.0515,0.5,0.2021,0.2465
FR,2019-09,0.0413,0.3772,0.1758,0.4057
FR,2019-10,0.032,0.4419,0.0922,0.4339
FR,2019-11,0.0241,0.5961,0.0426,0.3372
FR,2019-12,0.0203,0.5827,0.032,0.365
FR,2020-01,0.0232,0.552,0.0448,0.38
FR,2020-02,0.0197,0.4704,0.0563,0.4536
FR,2020-03,0.0192,0.5515,0.0841,0.3452
FR,2020-04,0.0285,0.5517,0.1528,0.2669
FR,2020-05,0.023,0.5827,0.1476,0.2468
FR,2020-06,0.0257,0.6086,0.1486,0.2171
FR,2020-07,0.0301,0.5171,0.2016,0.2512
FR,2020-08,0.0332,0.4689,0.2101,0.2878
FR,2020-09,0.0393,0.447,0.181,0.3327
FR,2020-10,0.0227,0.4706,0.0768,0.4299
FR,2020-11,0.0323,0.5055,0.0782,0.384
FR,2020-12,0.027,0.5177,0.0339,0.4214
FR,2021-01,0.0251,0.5966,0.0411,0.3372
FR,2021-02,0.0203,0.57,0.0568,0.3528
FR,2021-03,0.0231,0.5162,0.1177,0.343
FR,2021-04,0.0289,0.4541,0.1744,0.3427
FR,2021-05,0.0239,0.5129,0.1336,0.3296
FR,2021-06,0.0258,0.644,0.1758,0.1543
FR,2021-07,0.0321,0.5531,0.1759,0.2389
FR,2021-08,0.0375,0.4869,0.206,0.2696
FR,2021-09,0.0398,0.4938,0.2071,0.2593
FR,2021-10,0.0348,0.3597,0.1554,0.4501
FR,2021-11,0.0395,0.4865,0.0875,0.3865
FR,2021-12,0.0335,0.4851,0.0525,0.4289
FR,2022-01,0.0319,0.5627,0.0751,0.3303
FR,2022-02,0.0337,0.3891,0.0895,0.4876
FR,2022-03,0.0333,0.4507,0.1417,0.3742
FR,2022-04,0.037,0.4665,0.1644,0.3321
FR,2022-05,0.0467,0.482,0.2459,0.2254
FR,2022-06,0.0366,0.4584,0.2707,0.2343
FR,2022-07,0.0377,0.4053,0.3136,0.2435
FR,2022-08,0.0413,0.35,0.3146,0.2941
FR,2022-09,0.0663,0.3374,0.2514,0.3449
FR,2022-10,0.0314,0.3467,0.1676,0.4544
FR,2022-11,0.0293,0.3637,0.0902,0.5168
FR,2022-12,0.0361,0.4496,0.0603,0.454
FR,2023-01,0.0232,0.4585,0.0598,0.4585
FR,2023-02,0.032,0.3955,0.1704,0.4021
FR,2023-03,0.0257,0.3661,0.1433,0.4649
FR,2023-04,0.0292,0.409,0.2104,0.3513
FR,2023-05,0.0259,0.4217,0.2139,0.3386
FR,2023-06,0.0225,0.4961,0.2642,0.2172
FR,2023-07,0.0256,0.3621,0.278,0.3343
FR,2023-08,0.0311,0.3581,0.2893,0.3215
FR,2023-09,0.0366,0.3547,0.2948,0.314
FR,2023-10,0.0295,0.3343,0.1726,0.4635
FR,2023-11,0.0212,0.4395,0.0726,0.4667
FR,2023-12,0.0218,0.4516,0.0546,0.472
FR,2024-01,0.019,0.5097,0.07,0.4013
FR,2024-02,0.0198,0.4383,0.0884,0.4536
FR,2024-03,0.02,0.4951,0.1461,0.3388
FR,2024-04,0.0217,0.4268,0.1905,0.361
FR,2024-05,0.0237,0.5481,0.2061,0.222
FR,2024-06,0.0226,0.5144,0.2437,0.2193
FR,2024-07,0.0243,0.4832,0.2859,0.2067
FR,2024-08,0.029,0.3967,0.3321,0.2422
FR,2024-09,0.0264,0.3436,0.2162,0.4138
FR,2024-10,0.0232,0.5091,0.1521,0.3155
FR,2024-11,0.0264,0.4372,0.1205,0.4159
FR,2024-12,0.0213,0.4638,0.0762,0.4387
FR,2025-01,0.0226,0.4667,0.0792,0.4314
FR,2025-02,0.0203,0.5083,0.1409,0.3305
FR,2025-03,0.0217,0.3923,0.2266,0.3594
FR,2025-04,0.0223,0.3772,0.2661,0.3344
FR,2025-05,0.0219,0.3915,0.2886,0.298
FR,2025-06,0.0213,0.3981,0.3465,0.2341
FR,2025-07,0.0183,0.3016,0.3959,0.2841
FR,2025-08,0.0193,0.3039,0.3934,0.2833
FR,2025-09,0.0176,0.3059,0.2781,0.3984
FR,2025-10,0.0153,0.3074,0.2061,0.4712
FR,2025-11,0.0214,0.4139,0.1167,0.448
FR,2025-12,0.0193,0.4317,0.0883,0.4607
FR,2026-01,0.0196,0.4222,0.0891,0.4691
FR,2026-02,0.0209,0.4017,0.11,0.4674
FR,2026-03,0.0253,0.4112,0.2233,0.3402
FR,2026-04,0.0289,0.3569,0.3024,0.3118
FR,2026-05,0.0233,0.4042,0.3397,0.2329
FR,2026-06,0.0199,0.3199,0.3935,0.2668
FR,2026-07,0.0199,0.3199,0.3935,0.2668
FR,2026-08,0.0199,0.3199,0.3935,0.2668
GA,2019-01,0.0082,0.9786,0.0049,0.0083
GA,2019-02,0.0082,0.9786,0.0049,0.0083
GA,2019-03,0.0082,0.9786,0.0049,0.0083
GA,2019-04,0.0082,0.9786,0.0049,0.0083
GA,2019-05,0.0082,0.9786,0.0049,0.0083
GA,2019-06,0.0082,0.9786,0.0049,0.0083
GA,2019-07,0.0082,0.9786,0.0049,0.0083
GA,2019-08,0.0082,0.9786,0.0049,0.0083
GA,2019-09,0.0082,0.9786,0.0049,0.0083
GA,2019-10,0.0082,0.9786,0.0049,0.0083
GA,2019-11,0.0082,0.9786,0.0049,0.0083
GA,2019-12,0.0082,0.9786,0.0049,0.0083
GA,2020-01,0.0082,0.9786,0.0049,0.0083
GA,2020-02,0.0082,0.9786,0.0049,0.0083
GA,2020-03,0.0082,0.9786,0.0049,0.0083
GA,2020-04,0.0082,0.9786,0.0049,0.0083
GA,2020-05,0.0082,0.9786,0.0049,0.0083
GA,2020-06,0.0082,0.9786,0.0049,0.0083
GA,2020-07,0.0082,0.9786,0.0049,0.0083
GA,2020-08,0.0082,0.9786,0.0049,0.0083
GA,2020-09,0.0082,0.9786,0.0049,0.0083
GA,2020-10,0.0082,0.9786,0.0049,0.0083
GA,2020-11,0.0082,0.9786,0.0049,0.0083
GA,2020-12,0.0082,0.9786,0.0049,0.0083
GA,2021-01,0.0082,0.9786,0.0049,0.0083
GA,2021-02,0.0082,0.9786,0.0049,0.0083
GA,2021-03,0.0082,0.9786,0.0049,0.0083
GA,2021-04,0.0082,0.9786,0.0049,0.0083
GA,2021-05,0.0082,0.9786,0.0049,0.0083
GA,2021-06,0.0082,0.9786,0.0049,0.0083
GA,2021-07,0.0082,0.9786,0.0049,0.0083
GA,2021-08,0.0082,0.9786,0.0049,0.0083
GA,2021-09,0.0082,0.9786,0.0049,0.0083
GA,2021-10,0.0082,0.9786,0.0049,0.0083
GA,2021-11,0.0082,0.9786,0.0049,0.0083
GA,2021-12,0.0082,0.9786,0.0049,0.0083
GA,2022-01,0.0082,0.9786,0.0049,0.0083
GA,2022-02,0.0082,0.9786,0.0049,0.0083
GA,2022-03,0.0082,0.9786,0.0049,0.0083
GA,2022-04,0.0082,0.9786,0.0049,0.0083
GA,2022-05,0.0082,0.9786,0.0049,0.0083
GA,2022-06,0.0082,0.9786,0.0049,0.0083
GA,2022-07,0.0082,0.9786,0.0049,0.0083
GA,2022-08,0.0082,0.9786,0.0049,0.0083
GA,2022-09,0.0082,0.9786,0.0049,0.0083
GA,2022-10,0.0082,0.9786,0.0049,0.0083
GA,2022-11,0.0082,0.9786,0.0049,0.0083
GA,2022-12,0.0082,0.9786,0.0049,0.0083
GA,2023-01,0.0082,0.9786,0.0049,0.0083
GA,2023-02,0.0082,0.9786,0.0049,0.0083
GA,2023-03,0.0082,0.9786,0.0049,0.0083
GA,2023-04,0.0082,0.9786,0.0049,0.0083
GA,2023-05,0.0082,0.9786,0.0049,0.0083
GA,2023-06,0.0082,0.9786,0.0049,0.0083
GA,2023-07,0.0082,0.9786,0.0049,0.0083
GA,2023-08,0.0082,0.9786,0.0049,0.0083
GA,2023-09,0.0082,0.9786,0.0049,0.0083
GA,2023-10,0.0082,0.9786,0.0049,0.0083
GA,2023-11,0.0082,0.9786,0.0049,0.0083
GA,2023-12,0.0082,0.9786,0.0049,0.0083
GA,2024-01,0.0082,0.9786,0.0049,0.0083
GA,2024-02,0.0082,0.9786,0.0049,0.0083
GA,2024-03,0.0082,0.9786,0.0049,0.0083
GA,2024-04,0.0082,0.9786,0.0049,0.0083
GA,2024-05,0.0082,0.9786,0.0049,0.0083
GA,2024-06,0.0082,0.9786,0.0049,0.0083
GA,2024-07,0.0082,0.9786,0.0049,0.0083
GA,2024-08,0.0082,0.9786,0.0049,0.0083
GA,2024-09,0.0082,0.9786,0.0049,0.0083
GA,2024-10,0.0082,0.9786,0.0049,0.0083
GA,2024-11,0.0082,0.9786,0.0049,0.0083
GA,2024-12,0.0082,0.9786,0.0049,0.0083
GA,2025-01,0.0082,0.9786,0.0049,0.0083
GA,2025-02,0.0082,0.9786,0.0049,0.0083
GA,2025-03,0.0082,0.9786,0.0049,0.0083
GA,2025-04,0.0082,0.9786,0.0049,0.0083
GA,2025-05,0.0082,0.9786,0.0049,0.0083
GA,2025-06,0.0082,0.9786,0.0049,0.0083
GA,2025-07,0.0082,0.9786,0.0049,0.0083
GA,2025-08,0.0082,0.9786,0.0049,0.0083
GA,2025-09,0.0082,0.9786,0.0049,0.0083
GA,2025-10,0.0082,0.9786,0.0049,0.0083
GA,2025-11,0.0082,0.9786,0.0049,0.0083
GA,2025-12,0.0082,0.9786,0.0049,0.0083
GA,2026-01,0.0082,0.9786,0.0049,0.0083
GA,2026-02,0.0082,0.9786,0.0049,0.0083
GA,2026-03,0.0082,0.9786,0.0049,0.0083
GA,2026-04,0.0082,0.9786,0.0049,0.0083
GA,2026-05,0.0082,0.9786,0.0049,0.0083
GA,2026-06,0.0082,0.9786,0.0049,0.0083
GA,2026-07,0.0082,0.9786,0.0049,0.0083
GA,2026-08,0.0082,0.9786,0.0049,0.0083
GB,2019-01,0.1855,0.0669,0.0388,0.7089
GB,2019-02,0.1497,0.082,0.0845,0.6839
GB,2019-03,0.1422,0.0814,0.1031,0.6733
GB,2019-04,0.1618,0.0614,0.1848,0.592
GB,2019-05,0.2273,0.0796,0.2392,0.4539
GB,2019-06,0.1931,0.0736,0.1982,0.5351
GB,2019-07,0.2006,0.069,0.2326,0.4979
GB,2019-08,0.1677,0.0656,0.1796,0.5871
GB,2019-09,0.1577,0.0684,0.1423,0.6316
GB,2019-10,0.1417,0.0667,0.074,0.7176
GB,2019-11,0.2314,0.0661,0.043,0.6595
GB,2019-12,0.1935,0.0722,0.0281,0.7062
GB,2020-01,0.1576,0.0648,0.0279,0.7498
GB,2020-02,0.1178,0.0697,0.0457,0.7669
GB,2020-03,0.1429,0.0805,0.1051,0.6715
GB,2020-04,0.1791,0.0742,0.2031,0.5437
GB,2020-05,0.1929,0.0731,0.2397,0.4943
GB,2020-06,0.2002,0.0515,0.1939,0.5543
GB,2020-07,0.2127,0.0435,0.1859,0.558
GB,2020-08,0.1638,0.0584,0.1754,0.6024
GB,2020-09,0.1296,0.0479,0.1488,0.6737
GB,2020-10,0.1424,0.0729,0.0616,0.7231
GB,2020-11,0.1688,0.0852,0.0425,0.7035
GB,2020-12,0.1873,0.0748,0.0257,0.7122
GB,2021-01,0.188,0.0759,0.0321,0.704
GB,2021-02,0.1519,0.0656,0.0529,0.7296
GB,2021-03,0.1961,0.0688,0.0953,0.6398
GB,2021-04,0.1928,0.0797,0.224,0.5035
GB,2021-05,0.2088,0.0779,0.1886,0.5248
GB,2021-06,0.2256,0.0864,0.2301,0.4579
GB,2021-07,0.2535,0.0915,0.2594,0.3956
GB,2021-08,0.1862,0.0871,0.1842,0.5425
GB,2021-09,0.1813,0.0667,0.1725,0.5796
GB,2021-10,0.1567,0.0613,0.069,0.713
GB,2021-11,0.1792,0.0644,0.0434,0.713
GB,2021-12,0.2023,0.0641,0.0204,0.7132
GB,2022-01,0.167,0.0538,0.0395,0.7398
GB,2022-02,0.1142,0.0558,0.0476,0.7823
GB,2022-03,0.1529,0.0659,0.1335,0.6477
GB,2022-04,0.1428,0.0244,0.1795,0.6533
GB,2022-05,0.0974,0.0279,0.1901,0.6846
GB,2022-06,0.1392,0.025,0.2271,0.6088
GB,2022-07,0.1823,0.0254,0.2251,0.5672
GB,2022-08,0.2123,0.0215,0.2457,0.5205
GB,2022-09,0.1818,0.0138,0.1326,0.6717
GB,2022-10,0.0706,0.0362,0.0781,0.8151
GB,2022-11,0.1148,0.0426,0.0341,0.8085
GB,2022-12,0.1307,0.0481,0.0256,0.7956
GB,2023-01,0.0976,0.0612,0.0341,0.807
GB,2023-02,0.1295,0.0707,0.0636,0.7362
GB,2023-03,0.1173,0.0647,0.0845,0.7334
GB,2023-04,0.1399,0.069,0.166,0.6251
GB,2023-05,0.0877,0.0936,0.2615,0.5572
GB,2023-06,0.0865,0.0642,0.2918,0.5575
GB,2023-07,0.1191,0.0408,0.1745,0.6656
GB,2023-08,0.114,0.059,0.196,0.631
GB,2023-09,0.1177,0.0521,0.1656,0.6646
GB,2023-10,0.1318,0.0624,0.0789,0.7269
GB,2023-11,0.1618,0.0699,0.0482,0.7201
GB,2023-12,0.1185,0.0469,0.0181,0.8165
GB,2024-01,0.1404,0.0613,0.0406,0.7577
GB,2024-02,0.1368,0.0842,0.0538,0.7252
GB,2024-03,0.1139,0.0927,0.1052,0.6883
GB,2024-04,0.1309,0.0625,0.1359,0.6708
GB,2024-05,0.1817,0.1076,0.2497,0.461
GB,2024-06,0.1417,0.0862,0.2567,0.5154
GB,2024-07,0.1724,0.0888,0.2517,0.4871
GB,2024-08,0.1424,0.0527,0.1864,0.6185
GB,2024-09,0.1858,0.0735,0.1503,0.5904
GB,2024-10,0.1809,0.0644,0.0974,0.6573
GB,2024-11,0.196,0.0614,0.0517,0.6909
GB,2024-12,0.1182,0.0636,0.0229,0.7953
GB,2025-01,0.1709,0.0761,0.0491,0.7038
GB,2025-02,0.1636,0.0552,0.0655,0.7157
GB,2025-03,0.1187,0.0731,0.1858,0.6224
GB,2025-04,0.1655,0.0671,0.2695,0.4979
GB,2025-05,0.1455,0.0532,0.2719,0.5294
GB,2025-06,0.1298,0.042,0.2442,0.584
GB,2025-07,0.1933,0.0736,0.2847,0.4484
GB,2025-08,0.1621,0.0606,0.2381,0.5392
GB,2025-09,0.1395,0.0476,0.1561,0.6568
GB,2025-10,0.1293,0.0545,0.0844,0.7319
GB,2025-11,0.1657,0.0492,0.0487,0.7364
GB,2025-12,0.1389,0.0666,0.0349,0.7597
GB,2026-01,0.1451,0.0461,0.0382,0.7706
GB,2026-02,0.1449,0.0392,0.0528,0.7631
GB,2026-03,0.1196,0.0645,0.1371,0.6789
GB,2026-04,0.1258,0.0613,0.2251,0.5879
GB,2026-05,0.1487,0.0709,0.2816,0.4987
GB,2026-06,0.1119,0.0575,0.278,0.5525
GB,2026-07,0.1119,0.0575,0.278,0.5525
GB,2026-08,0.1119,0.0575,0.278,0.5525
GD,2019-01,,,,
GD,2019-02,,,,
GD,2019-03,,,,
GD,2019-04,,,,
GD,2019-05,,,,
GD,2019-06,,,,
GD,2019-07,,,,
GD,2019-08,,,,
GD,2019-09,,,,
GD,2019-10,,,,
GD,2019-11,,,,
GD,2019-12,,,,
GD,2020-01,,,,
GD,2020-02,,,,
GD,2020-03,,,,
GD,2020-04,,,,
GD,2020-05,,,,
GD,2020-06,,,,
GD,2020-07,,,,
GD,2020-08,,,,
GD,2020-09,,,,
GD,2020-10,,,,
GD,2020-11,,,,
GD,2020-12,,,,
GD,2021-01,,,,
GD,2021-02,,,,
GD,2021-03,,,,
GD,2021-04,,,,
GD,2021-05,,,,
GD,2021-06,,,,
GD,2021-07,,,,
GD,2021-08,,,,
GD,2021-09,,,,
GD,2021-10,,,,
GD,2021-11,,,,
GD,2021-12,,,,
GD,2022-01,,,,
GD,2022-02,,,,
GD,2022-03,,,,
GD,2022-04,,,,
GD,2022-05,,,,
GD,2022-06,,,,
GD,2022-07,,,,
GD,2022-08,,,,
GD,2022-09,,,,
GD,2022-10,,,,
GD,2022-11,,,,
GD,2022-12,,,,
GD,2023-01,,,,
GD,2023-02,,,,
GD,2023-03,,,,
GD,2023-04,,,,
GD,2023-05,,,,
GD,2023-06,,,,
GD,2023-07,,,,
GD,2023-08,,,,
GD,2023-09,,,,
GD,2023-10,,,,
GD,2023-11,,,,
GD,2023-12,,,,
GD,2024-01,,,,
GD,2024-02,,,,
GD,2024-03,,,,
GD,2024-04,,,,
GD,2024-05,,,,
GD,2024-06,,,,
GD,2024-07,,,,
GD,2024-08,,,,
GD,2024-09,,,,
GD,2024-10,,,,
GD,2024-11,,,,
GD,2024-12,,,,
GD,2025-01,,,,
GD,2025-02,,,,
GD,2025-03,,,,
GD,2025-04,,,,
GD,2025-05,,,,
GD,2025-06,,,,
GD,2025-07,,,,
GD,2025-08,,,,
GD,2025-09,,,,
GD,2025-10,,,,
GD,2025-11,,,,
GD,2025-12,,,,
GD,2026-01,,,,
GD,2026-02,,,,
GD,2026-03,,,,
GD,2026-04,,,,
GD,2026-05,,,,
GD,2026-06,,,,
GD,2026-07,,,,
GD,2026-08,,,,
GE,2019-01,0.0054,0.9618,0.0062,0.0266
GE,2019-02,0.0044,0.9612,0.006,0.0284
GE,2019-03,0.0058,0.9502,0.0112,0.0328
GE,2019-04,0.0015,0.9786,0.0034,0.0166
GE,2019-05,0,0.9914,0,0.0086
GE,2019-06,0,0.9916,0,0.0084
GE,2019-07,0.0012,0.9841,0.0026,0.0122
GE,2019-08,0.0019,0.9786,0.0041,0.0154
GE,2019-09,0.004,0.9623,0.0094,0.0243
GE,2019-10,0.0043,0.9589,0.0096,0.0272
GE,2019-11,0.0056,0.9497,0.0102,0.0345
GE,2019-12,0.0061,0.9529,0.0087,0.0323
GE,2020-01,0.0077,0.9443,0.012,0.0361
GE,2020-02,0.0113,0.9254,0.0189,0.0444
GE,2020-03,0.0051,0.9544,0.0113,0.0292
GE,2020-04,0.0007,0.9834,0.0017,0.0143
GE,2020-05,0,0.9897,0,0.0103
GE,2020-06,0,0.99,0,0.01
GE,2020-07,0,0.9896,0,0.0104
GE,2020-08,0.0009,0.9835,0.0021,0.0135
GE,2020-09,0.0021,0.9731,0.0051,0.0197
GE,2020-10,0.0036,0.9585,0.0084,0.0296
GE,2020-11,0.0007,0.9776,0.0012,0.0205
GE,2020-12,0.013,0.9178,0.0181,0.051
GE,2021-01,0.0153,0.8971,0.0254,0.0621
GE,2021-02,0.019,0.8687,0.0343,0.078
GE,2021-03,0.0196,0.8652,0.0417,0.0735
GE,2021-04,0.0061,0.948,0.0142,0.0317
GE,2021-05,0,0.9918,0,0.0082
GE,2021-06,0,0.9924,0,0.0076
GE,2021-07,0,0.9919,0,0.0081
GE,2021-08,0.0002,0.9894,0.0004,0.01
GE,2021-09,0,0.9896,0,0.0104
GE,2021-10,0,0.9899,0,0.0101
GE,2021-11,0.0017,0.9761,0.0036,0.0185
GE,2021-12,0.0061,0.9526,0.0104,0.0309
GE,2022-01,0.0154,0.9056,0.0267,0.0524
GE,2022-02,0.0158,0.8992,0.0287,0.0563
GE,2022-03,0.0109,0.9126,0.0246,0.0518
GE,2022-04,0.0013,0.9812,0.0037,0.0138
GE,2022-05,0,0.9932,0,0.0068
GE,2022-06,0,0.9933,0,0.0067
GE,2022-07,0,0.9924,0,0.0076
GE,2022-08,0,0.9914,0,0.0086
GE,2022-09,0,0.9887,0,0.0113
GE,2022-10,0.002,0.9746,0.0056,0.0178
GE,2022-11,0.002,0.9722,0.0043,0.0215
GE,2022-12,0.0106,0.9164,0.0189,0.0541
GE,2023-01,0.0135,0.8939,0.0279,0.0647
GE,2023-02,0.0121,0.8977,0.0273,0.0629
GE,2023-03,0.0041,0.9598,0.011,0.025
GE,2023-04,0,0.9913,0,0.0087
GE,2023-05,0,0.9925,0,0.0075
GE,2023-06,0,0.9927,0,0.0073
GE,2023-07,0,0.9929,0,0.0071
GE,2023-08,0,0.9924,0,0.0076
GE,2023-09,0,0.9878,0,0.0122
GE,2023-10,0,0.9839,0,0.0161
GE,2023-11,0.0026,0.9644,0.0073,0.0256
GE,2023-12,0.0032,0.967,0.0068,0.0229
GE,2024-01,0.0046,0.9571,0.0111,0.0272
GE,2024-02,0.0056,0.9485,0.0143,0.0315
GE,2024-03,0.003,0.9626,0.0102,0.0243
GE,2024-04,0,0.9901,0,0.0099
GE,2024-05,0,0.9929,0,0.0071
GE,2024-06,0,0.9934,0,0.0066
GE,2024-07,0,0.9935,0,0.0065
GE,2024-08,0,0.9913,0,0.0087
GE,2024-09,0.0008,0.9811,0.003,0.0151
GE,2024-10,0.0049,0.944,0.0195,0.0316
GE,2024-11,0.0071,0.9281,0.024,0.0408
GE,2024-12,0.0069,0.9326,0.02,0.0405
GE,2025-01,0.0117,0.887,0.0422,0.0591
GE,2025-02,0.0156,0.8475,0.0593,0.0777
GE,2025-03,0.0055,0.9328,0.0258,0.0359
GE,2025-04,0,0.9915,0,0.0085
GE,2025-05,0,0.9924,0,0.0076
GE,2025-06,0,0.9925,0,0.0075
GE,2025-07,0,0.9925,0,0.0075
GE,2025-08,0.0021,0.9711,0.0108,0.016
GE,2025-09,0.0005,0.9832,0.0025,0.0138
GE,2025-10,0.0004,0.9852,0.002,0.0123
GE,2025-11,0.0028,0.971,0.0127,0.0135
GE,2025-12,0.0098,0.8992,0.0373,0.0536
GE,2026-01,0.0184,0.8148,0.0788,0.088
GE,2026-02,0.0079,0.9119,0.0352,0.045
GE,2026-03,0.0056,0.9316,0.0296,0.0332
GE,2026-04,0.0006,0.9821,0.0041,0.0132
GE,2026-05,0,0.9916,0,0.0084
GE,2026-06,0,0.9916,0,0.0084
GE,2026-07,0,0.9916,0,0.0084
GE,2026-08,0,0.9916,0,0.0084
GF,2019-01,0.0212,0.8724,0.1063,0
GF,2019-02,0.0212,0.8724,0.1063,0
GF,2019-03,0.0212,0.8724,0.1063,0
GF,2019-04,0.0212,0.8724,0.1063,0
GF,2019-05,0.0212,0.8724,0.1063,0
GF,2019-06,0.0212,0.8724,0.1063,0
GF,2019-07,0.0212,0.8724,0.1063,0
GF,2019-08,0.0212,0.8724,0.1063,0
GF,2019-09,0.0212,0.8724,0.1063,0
GF,2019-10,0.0212,0.8724,0.1063,0
GF,2019-11,0.0212,0.8724,0.1063,0
GF,2019-12,0.0212,0.8724,0.1063,0
GF,2020-01,0.0212,0.8724,0.1063,0
GF,2020-02,0.0212,0.8724,0.1063,0
GF,2020-03,0.0212,0.8724,0.1063,0
GF,2020-04,0.0212,0.8724,0.1063,0
GF,2020-05,0.0212,0.8724,0.1063,0
GF,2020-06,0.0212,0.8724,0.1063,0
GF,2020-07,0.0212,0.8724,0.1063,0
GF,2020-08,0.0212,0.8724,0.1063,0
GF,2020-09,0.0212,0.8724,0.1063,0
GF,2020-10,0.0212,0.8724,0.1063,0
GF,2020-11,0.0212,0.8724,0.1063,0
GF,2020-12,0.0212,0.8724,0.1063,0
GF,2021-01,0.0212,0.8724,0.1063,0
GF,2021-02,0.0212,0.8724,0.1063,0
GF,2021-03,0.0212,0.8724,0.1063,0
GF,2021-04,0.0212,0.8724,0.1063,0
GF,2021-05,0.0212,0.8724,0.1063,0
GF,2021-06,0.0212,0.8724,0.1063,0
GF,2021-07,0.0212,0.8724,0.1063,0
GF,2021-08,0.0212,0.8724,0.1063,0
GF,2021-09,0.0212,0.8724,0.1063,0
GF,2021-10,0.0212,0.8724,0.1063,0
GF,2021-11,0.0212,0.8724,0.1063,0
GF,2021-12,0.0212,0.8724,0.1063,0
GF,2022-01,0.0212,0.8724,0.1063,0
GF,2022-02,0.0212,0.8724,0.1063,0
GF,2022-03,0.0212,0.8724,0.1063,0
GF,2022-04,0.0212,0.8724,0.1063,0
GF,2022-05,0.0212,0.8724,0.1063,0
GF,2022-06,0.0212,0.8724,0.1063,0
GF,2022-07,0.0212,0.8724,0.1063,0
GF,2022-08,0.0212,0.8724,0.1063,0
GF,2022-09,0.0212,0.8724,0.1063,0
GF,2022-10,0.0212,0.8724,0.1063,0
GF,2022-11,0.0212,0.8724,0.1063,0
GF,2022-12,0.0212,0.8724,0.1063,0
GF,2023-01,0.0212,0.8724,0.1063,0
GF,2023-02,0.0212,0.8724,0.1063,0
GF,2023-03,0.0212,0.8724,0.1063,0
GF,2023-04,0.0212,0.8724,0.1063,0
GF,2023-05,0.0212,0.8724,0.1063,0
GF,2023-06,0.0212,0.8724,0.1063,0
GF,2023-07,0.0212,0.8724,0.1063,0
GF,2023-08,0.0212,0.8724,0.1063,0
GF,2023-09,0.0212,0.8724,0.1063,0
GF,2023-10,0.0212,0.8724,0.1063,0
GF,2023-11,0.0212,0.8724,0.1063,0
GF,2023-12,0.0212,0.8724,0.1063,0
GF,2024-01,0.0212,0.8724,0.1063,0
GF,2024-02,0.0212,0.8724,0.1063,0
GF,2024-03,0.0212,0.8724,0.1063,0
GF,2024-04,0.0212,0.8724,0.1063,0
GF,2024-05,0.0212,0.8724,0.1063,0
GF,2024-06,0.0212,0.8724,0.1063,0
GF,2024-07,0.0212,0.8724,0.1063,0
GF,2024-08,0.0212,0.8724,0.1063,0
GF,2024-09,0.0212,0.8724,0.1063,0
GF,2024-10,0.0212,0.8724,0.1063,0
GF,2024-11,0.0212,0.8724,0.1063,0
GF,2024-12,0.0212,0.8724,0.1063,0
GF,2025-01,0.0212,0.8724,0.1063,0
GF,2025-02,0.0212,0.8724,0.1063,0
GF,2025-03,0.0212,0.8724,0.1063,0
GF,2025-04,0.0212,0.8724,0.1063,0
GF,2025-05,0.0212,0.8724,0.1063,0
GF,2025-06,0.0212,0.8724,0.1063,0
GF,2025-07,0.0212,0.8724,0.1063,0
GF,2025-08,0.0212,0.8724,0.1063,0
GF,2025-09,0.0212,0.8724,0.1063,0
GF,2025-10,0.0212,0.8724,0.1063,0
GF,2025-11,0.0212,0.8724,0.1063,0
GF,2025-12,0.0212,0.8724,0.1063,0
GF,2026-01,0.0212,0.8724,0.1063,0
GF,2026-02,0.0212,0.8724,0.1063,0
GF,2026-03,0.0212,0.8724,0.1063,0
GF,2026-04,0.0212,0.8724,0.1063,0
GF,2026-05,0.0212,0.8724,0.1063,0
GF,2026-06,0.0212,0.8724,0.1063,0
GF,2026-07,0.0212,0.8724,0.1063,0
GF,2026-08,0.0212,0.8724,0.1063,0
GH,2019-01,0.0028,0.9903,0.0069,0
GH,2019-02,0.0028,0.9903,0.0069,0
GH,2019-03,0.0028,0.9903,0.0069,0
GH,2019-04,0.0028,0.9903,0.0069,0
GH,2019-05,0.0028,0.9903,0.0069,0
GH,2019-06,0.0028,0.9903,0.0069,0
GH,2019-07,0.0028,0.9903,0.0069,0
GH,2019-08,0.0028,0.9903,0.0069,0
GH,2019-09,0.0028,0.9903,0.0069,0
GH,2019-10,0.0028,0.9903,0.0069,0
GH,2019-11,0.0028,0.9903,0.0069,0
GH,2019-12,0.0028,0.9903,0.0069,0
GH,2020-01,0.0028,0.9903,0.0069,0
GH,2020-02,0.0028,0.9903,0.0069,0
GH,2020-03,0.0028,0.9903,0.0069,0
GH,2020-04,0.0028,0.9903,0.0069,0
GH,2020-05,0.0028,0.9903,0.0069,0
GH,2020-06,0.0028,0.9903,0.0069,0
GH,2020-07,0.0028,0.9903,0.0069,0
GH,2020-08,0.0028,0.9903,0.0069,0
GH,2020-09,0.0028,0.9903,0.0069,0
GH,2020-10,0.0028,0.9903,0.0069,0
GH,2020-11,0.0028,0.9903,0.0069,0
GH,2020-12,0.0028,0.9903,0.0069,0
GH,2021-01,0.0028,0.9903,0.0069,0
GH,2021-02,0.0028,0.9903,0.0069,0
GH,2021-03,0.0028,0.9903,0.0069,0
GH,2021-04,0.0028,0.9903,0.0069,0
GH,2021-05,0.0028,0.9903,0.0069,0
GH,2021-06,0.0028,0.9903,0.0069,0
GH,2021-07,0.0028,0.9903,0.0069,0
GH,2021-08,0.0028,0.9903,0.0069,0
GH,2021-09,0.0028,0.9903,0.0069,0
GH,2021-10,0.0028,0.9903,0.0069,0
GH,2021-11,0.0028,0.9903,0.0069,0
GH,2021-12,0.0028,0.9903,0.0069,0
GH,2022-01,0.0028,0.9903,0.0069,0
GH,2022-02,0.0028,0.9903,0.0069,0
GH,2022-03,0.0028,0.9903,0.0069,0
GH,2022-04,0.0028,0.9903,0.0069,0
GH,2022-05,0.0028,0.9903,0.0069,0
GH,2022-06,0.0028,0.9903,0.0069,0
GH,2022-07,0.0028,0.9903,0.0069,0
GH,2022-08,0.0028,0.9903,0.0069,0
GH,2022-09,0.0028,0.9903,0.0069,0
GH,2022-10,0.0028,0.9903,0.0069,0
GH,2022-11,0.0028,0.9903,0.0069,0
GH,2022-12,0.0028,0.9903,0.0069,0
GH,2023-01,0.0028,0.9903,0.0069,0
GH,2023-02,0.0028,0.9903,0.0069,0
GH,2023-03,0.0028,0.9903,0.0069,0
GH,2023-04,0.0028,0.9903,0.0069,0
GH,2023-05,0.0028,0.9903,0.0069,0
GH,2023-06,0.0028,0.9903,0.0069,0
GH,2023-07,0.0028,0.9903,0.0069,0
GH,2023-08,0.0028,0.9903,0.0069,0
GH,2023-09,0.0028,0.9903,0.0069,0
GH,2023-10,0.0028,0.9903,0.0069,0
GH,2023-11,0.0028,0.9903,0.0069,0
GH,2023-12,0.0028,0.9903,0.0069,0
GH,2024-01,0.0028,0.9903,0.0069,0
GH,2024-02,0.0028,0.9903,0.0069,0
GH,2024-03,0.0028,0.9903,0.0069,0
GH,2024-04,0.0028,0.9903,0.0069,0
GH,2024-05,0.0028,0.9903,0.0069,0
GH,2024-06,0.0028,0.9903,0.0069,0
GH,2024-07,0.0028,0.9903,0.0069,0
GH,2024-08,0.0028,0.9903,0.0069,0
GH,2024-09,0.0028,0.9903,0.0069,0
GH,2024-10,0.0028,0.9903,0.0069,0
GH,2024-11,0.0028,0.9903,0.0069,0
GH,2024-12,0.0028,0.9903,0.0069,0
GH,2025-01,0.0028,0.9903,0.0069,0
GH,2025-02,0.0028,0.9903,0.0069,0
GH,2025-03,0.0028,0.9903,0.0069,0
GH,2025-04,0.0028,0.9903,0.0069,0
GH,2025-05,0.0028,0.9903,0.0069,0
GH,2025-06,0.0028,0.9903,0.0069,0
GH,2025-07,0.0028,0.9903,0.0069,0
GH,2025-08,0.0028,0.9903,0.0069,0
GH,2025-09,0.0028,0.9903,0.0069,0
GH,2025-10,0.0028,0.9903,0.0069,0
GH,2025-11,0.0028,0.9903,0.0069,0
GH,2025-12,0.0028,0.9903,0.0069,0
GH,2026-01,0.0028,0.9903,0.0069,0
GH,2026-02,0.0028,0.9903,0.0069,0
GH,2026-03,0.0028,0.9903,0.0069,0
GH,2026-04,0.0028,0.9903,0.0069,0
GH,2026-05,0.0028,0.9903,0.0069,0
GH,2026-06,0.0028,0.9903,0.0069,0
GH,2026-07,0.0028,0.9903,0.0069,0
GH,2026-08,0.0028,0.9903,0.0069,0
GI,2019-01,,,,
GI,2019-02,,,,
GI,2019-03,,,,
GI,2019-04,,,,
GI,2019-05,,,,
GI,2019-06,,,,
GI,2019-07,,,,
GI,2019-08,,,,
GI,2019-09,,,,
GI,2019-10,,,,
GI,2019-11,,,,
GI,2019-12,,,,
GI,2020-01,,,,
GI,2020-02,,,,
GI,2020-03,,,,
GI,2020-04,,,,
GI,2020-05,,,,
GI,2020-06,,,,
GI,2020-07,,,,
GI,2020-08,,,,
GI,2020-09,,,,
GI,2020-10,,,,
GI,2020-11,,,,
GI,2020-12,,,,
GI,2021-01,,,,
GI,2021-02,,,,
GI,2021-03,,,,
GI,2021-04,,,,
GI,2021-05,,,,
GI,2021-06,,,,
GI,2021-07,,,,
GI,2021-08,,,,
GI,2021-09,,,,
GI,2021-10,,,,
GI,2021-11,,,,
GI,2021-12,,,,
GI,2022-01,,,,
GI,2022-02,,,,
GI,2022-03,,,,
GI,2022-04,,,,
GI,2022-05,,,,
GI,2022-06,,,,
GI,2022-07,,,,
GI,2022-08,,,,
GI,2022-09,,,,
GI,2022-10,,,,
GI,2022-11,,,,
GI,2022-12,,,,
GI,2023-01,,,,
GI,2023-02,,,,
GI,2023-03,,,,
GI,2023-04,,,,
GI,2023-05,,,,
GI,2023-06,,,,
GI,2023-07,,,,
GI,2023-08,,,,
GI,2023-09,,,,
GI,2023-10,,,,
GI,2023-11,,,,
GI,2023-12,,,,
GI,2024-01,,,,
GI,2024-02,,,,
GI,2024-03,,,,
GI,2024-04,,,,
GI,2024-05,,,,
GI,2024-06,,,,
GI,2024-07,,,,
GI,2024-08,,,,
GI,2024-09,,,,
GI,2024-10,,,,
GI,2024-11,,,,
GI,2024-12,,,,
GI,2025-01,,,,
GI,2025-02,,,,
GI,2025-03,,,,
GI,2025-04,,,,
GI,2025-05,,,,
GI,2025-06,,,,
GI,2025-07,,,,
GI,2025-08,,,,
GI,2025-09,,,,
GI,2025-10,,,,
GI,2025-11,,,,
GI,2025-12,,,,
GI,2026-01,,,,
GI,2026-02,,,,
GI,2026-03,,,,
GI,2026-04,,,,
GI,2026-05,,,,
GI,2026-06,,,,
GI,2026-07,,,,
GI,2026-08,,,,
GL,2019-01,0,1,0,0
GL,2019-02,0,1,0,0
GL,2019-03,0,1,0,0
GL,2019-04,0,1,0,0
GL,2019-05,0,1,0,0
GL,2019-06,0,1,0,0
GL,2019-07,0,1,0,0
GL,2019-08,0,1,0,0
GL,2019-09,0,1,0,0
GL,2019-10,0,1,0,0
GL,2019-11,0,1,0,0
GL,2019-12,0,1,0,0
GL,2020-01,0,1,0,0
GL,2020-02,0,1,0,0
GL,2020-03,0,1,0,0
GL,2020-04,0,1,0,0
GL,2020-05,0,1,0,0
GL,2020-06,0,1,0,0
GL,2020-07,0,1,0,0
GL,2020-08,0,1,0,0
GL,2020-09,0,1,0,0
GL,2020-10,0,1,0,0
GL,2020-11,0,1,0,0
GL,2020-12,0,1,0,0
GL,2021-01,0,1,0,0
GL,2021-02,0,1,0,0
GL,2021-03,0,1,0,0
GL,2021-04,0,1,0,0
GL,2021-05,0,1,0,0
GL,2021-06,0,1,0,0
GL,2021-07,0,1,0,0
GL,2021-08,0,1,0,0
GL,2021-09,0,1,0,0
GL,2021-10,0,1,0,0
GL,2021-11,0,1,0,0
GL,2021-12,0,1,0,0
GL,2022-01,0,1,0,0
GL,2022-02,0,1,0,0
GL,2022-03,0,1,0,0
GL,2022-04,0,1,0,0
GL,2022-05,0,1,0,0
GL,2022-06,0,1,0,0
GL,2022-07,0,1,0,0
GL,2022-08,0,1,0,0
GL,2022-09,0,1,0,0
GL,2022-10,0,1,0,0
GL,2022-11,0,1,0,0
GL,2022-12,0,1,0,0
GL,2023-01,0,1,0,0
GL,2023-02,0,1,0,0
GL,2023-03,0,1,0,0
GL,2023-04,0,1,0,0
GL,2023-05,0,1,0,0
GL,2023-06,0,1,0,0
GL,2023-07,0,1,0,0
GL,2023-08,0,1,0,0
GL,2023-09,0,1,0,0
GL,2023-10,0,1,0,0
GL,2023-11,0,1,0,0
GL,2023-12,0,1,0,0
GL,2024-01,0,1,0,0
GL,2024-02,0,1,0,0
GL,2024-03,0,1,0,0
GL,2024-04,0,1,0,0
GL,2024-05,0,1,0,0
GL,2024-06,0,1,0,0
GL,2024-07,0,1,0,0
GL,2024-08,0,1,0,0
GL,2024-09,0,1,0,0
GL,2024-10,0,1,0,0
GL,2024-11,0,1,0,0
GL,2024-12,0,1,0,0
GL,2025-01,0,1,0,0
GL,2025-02,0,1,0,0
GL,2025-03,0,1,0,0
GL,2025-04,0,1,0,0
GL,2025-05,0,1,0,0
GL,2025-06,0,1,0,0
GL,2025-07,0,1,0,0
GL,2025-08,0,1,0,0
GL,2025-09,0,1,0,0
GL,2025-10,0,1,0,0
GL,2025-11,0,1,0,0
GL,2025-12,0,1,0,0
GL,2026-01,0,1,0,0
GL,2026-02,0,1,0,0
GL,2026-03,0,1,0,0
GL,2026-04,0,1,0,0
GL,2026-05,0,1,0,0
GL,2026-06,0,1,0,0
GL,2026-07,0,1,0,0
GL,2026-08,0,1,0,0
GM,2019-01,,,,
GM,2019-02,,,,
GM,2019-03,,,,
GM,2019-04,,,,
GM,2019-05,,,,
GM,2019-06,,,,
GM,2019-07,,,,
GM,2019-08,,,,
GM,2019-09,,,,
GM,2019-10,,,,
GM,2019-11,,,,
GM,2019-12,,,,
GM,2020-01,,,,
GM,2020-02,,,,
GM,2020-03,,,,
GM,2020-04,,,,
GM,2020-05,,,,
GM,2020-06,,,,
GM,2020-07,,,,
GM,2020-08,,,,
GM,2020-09,,,,
GM,2020-10,,,,
GM,2020-11,,,,
GM,2020-12,,,,
GM,2021-01,,,,
GM,2021-02,,,,
GM,2021-03,,,,
GM,2021-04,,,,
GM,2021-05,,,,
GM,2021-06,,,,
GM,2021-07,,,,
GM,2021-08,,,,
GM,2021-09,,,,
GM,2021-10,,,,
GM,2021-11,,,,
GM,2021-12,,,,
GM,2022-01,,,,
GM,2022-02,,,,
GM,2022-03,,,,
GM,2022-04,,,,
GM,2022-05,,,,
GM,2022-06,,,,
GM,2022-07,,,,
GM,2022-08,,,,
GM,2022-09,,,,
GM,2022-10,,,,
GM,2022-11,,,,
GM,2022-12,,,,
GM,2023-01,,,,
GM,2023-02,,,,
GM,2023-03,,,,
GM,2023-04,,,,
GM,2023-05,,,,
GM,2023-06,,,,
GM,2023-07,,,,
GM,2023-08,,,,
GM,2023-09,,,,
GM,2023-10,,,,
GM,2023-11,,,,
GM,2023-12,,,,
GM,2024-01,,,,
GM,2024-02,,,,
GM,2024-03,,,,
GM,2024-04,,,,
GM,2024-05,,,,
GM,2024-06,,,,
GM,2024-07,,,,
GM,2024-08,,,,
GM,2024-09,,,,
GM,2024-10,,,,
GM,2024-11,,,,
GM,2024-12,,,,
GM,2025-01,,,,
GM,2025-02,,,,
GM,2025-03,,,,
GM,2025-04,,,,
GM,2025-05,,,,
GM,2025-06,,,,
GM,2025-07,,,,
GM,2025-08,,,,
GM,2025-09,,,,
GM,2025-10,,,,
GM,2025-11,,,,
GM,2025-12,,,,
GM,2026-01,,,,
GM,2026-02,,,,
GM,2026-03,,,,
GM,2026-04,,,,
GM,2026-05,,,,
GM,2026-06,,,,
GM,2026-07,,,,
GM,2026-08,,,,
GN,2019-01,0,0.9847,0.0153,0
GN,2019-02,0,0.9847,0.0153,0
GN,2019-03,0,0.9847,0.0153,0
GN,2019-04,0,0.9847,0.0153,0
GN,2019-05,0,0.9847,0.0153,0
GN,2019-06,0,0.9847,0.0153,0
GN,2019-07,0,0.9847,0.0153,0
GN,2019-08,0,0.9847,0.0153,0
GN,2019-09,0,0.9847,0.0153,0
GN,2019-10,0,0.9847,0.0153,0
GN,2019-11,0,0.9847,0.0153,0
GN,2019-12,0,0.9847,0.0153,0
GN,2020-01,0,0.9847,0.0153,0
GN,2020-02,0,0.9847,0.0153,0
GN,2020-03,0,0.9847,0.0153,0
GN,2020-04,0,0.9847,0.0153,0
GN,2020-05,0,0.9847,0.0153,0
GN,2020-06,0,0.9847,0.0153,0
GN,2020-07,0,0.9847,0.0153,0
GN,2020-08,0,0.9847,0.0153,0
GN,2020-09,0,0.9847,0.0153,0
GN,2020-10,0,0.9847,0.0153,0
GN,2020-11,0,0.9847,0.0153,0
GN,2020-12,0,0.9847,0.0153,0
GN,2021-01,0,0.9847,0.0153,0
GN,2021-02,0,0.9847,0.0153,0
GN,2021-03,0,0.9847,0.0153,0
GN,2021-04,0,0.9847,0.0153,0
GN,2021-05,0,0.9847,0.0153,0
GN,2021-06,0,0.9847,0.0153,0
GN,2021-07,0,0.9847,0.0153,0
GN,2021-08,0,0.9847,0.0153,0
GN,2021-09,0,0.9847,0.0153,0
GN,2021-10,0,0.9847,0.0153,0
GN,2021-11,0,0.9847,0.0153,0
GN,2021-12,0,0.9847,0.0153,0
GN,2022-01,0,0.9847,0.0153,0
GN,2022-02,0,0.9847,0.0153,0
GN,2022-03,0,0.9847,0.0153,0
GN,2022-04,0,0.9847,0.0153,0
GN,2022-05,0,0.9847,0.0153,0
GN,2022-06,0,0.9847,0.0153,0
GN,2022-07,0,0.9847,0.0153,0
GN,2022-08,0,0.9847,0.0153,0
GN,2022-09,0,0.9847,0.0153,0
GN,2022-10,0,0.9847,0.0153,0
GN,2022-11,0,0.9847,0.0153,0
GN,2022-12,0,0.9847,0.0153,0
GN,2023-01,0,0.9847,0.0153,0
GN,2023-02,0,0.9847,0.0153,0
GN,2023-03,0,0.9847,0.0153,0
GN,2023-04,0,0.9847,0.0153,0
GN,2023-05,0,0.9847,0.0153,0
GN,2023-06,0,0.9847,0.0153,0
GN,2023-07,0,0.9847,0.0153,0
GN,2023-08,0,0.9847,0.0153,0
GN,2023-09,0,0.9847,0.0153,0
GN,2023-10,0,0.9847,0.0153,0
GN,2023-11,0,0.9847,0.0153,0
GN,2023-12,0,0.9847,0.0153,0
GN,2024-01,0,0.9847,0.0153,0
GN,2024-02,0,0.9847,0.0153,0
GN,2024-03,0,0.9847,0.0153,0
GN,2024-04,0,0.9847,0.0153,0
GN,2024-05,0,0.9847,0.0153,0
GN,2024-06,0,0.9847,0.0153,0
GN,2024-07,0,0.9847,0.0153,0
GN,2024-08,0,0.9847,0.0153,0
GN,2024-09,0,0.9847,0.0153,0
GN,2024-10,0,0.9847,0.0153,0
GN,2024-11,0,0.9847,0.0153,0
GN,2024-12,0,0.9847,0.0153,0
GN,2025-01,0,0.9847,0.0153,0
GN,2025-02,0,0.9847,0.0153,0
GN,2025-03,0,0.9847,0.0153,0
GN,2025-04,0,0.9847,0.0153,0
GN,2025-05,0,0.9847,0.0153,0
GN,2025-06,0,0.9847,0.0153,0
GN,2025-07,0,0.9847,0.0153,0
GN,2025-08,0,0.9847,0.0153,0
GN,2025-09,0,0.9847,0.0153,0
GN,2025-10,0,0.9847,0.0153,0
GN,2025-11,0,0.9847,0.0153,0
GN,2025-12,0,0.9847,0.0153,0
GN,2026-01,0,0.9847,0.0153,0
GN,2026-02,0,0.9847,0.0153,0
GN,2026-03,0,0.9847,0.0153,0
GN,2026-04,0,0.9847,0.0153,0
GN,2026-05,0,0.9847,0.0153,0
GN,2026-06,0,0.9847,0.0153,0
GN,2026-07,0,0.9847,0.0153,0
GN,2026-08,0,0.9847,0.0153,0
GP,2019-01,0.2308,0.1541,0.3843,0.2308
GP,2019-02,0.2308,0.1541,0.3843,0.2308
GP,2019-03,0.2308,0.1541,0.3843,0.2308
GP,2019-04,0.2308,0.1541,0.3843,0.2308
GP,2019-05,0.2308,0.1541,0.3843,0.2308
GP,2019-06,0.2308,0.1541,0.3843,0.2308
GP,2019-07,0.2308,0.1541,0.3843,0.2308
GP,2019-08,0.2308,0.1541,0.3843,0.2308
GP,2019-09,0.2308,0.1541,0.3843,0.2308
GP,2019-10,0.2308,0.1541,0.3843,0.2308
GP,2019-11,0.2308,0.1541,0.3843,0.2308
GP,2019-12,0.2308,0.1541,0.3843,0.2308
GP,2020-01,0.2308,0.1541,0.3843,0.2308
GP,2020-02,0.2308,0.1541,0.3843,0.2308
GP,2020-03,0.2308,0.1541,0.3843,0.2308
GP,2020-04,0.2308,0.1541,0.3843,0.2308
GP,2020-05,0.2308,0.1541,0.3843,0.2308
GP,2020-06,0.2308,0.1541,0.3843,0.2308
GP,2020-07,0.2308,0.1541,0.3843,0.2308
GP,2020-08,0.2308,0.1541,0.3843,0.2308
GP,2020-09,0.2308,0.1541,0.3843,0.2308
GP,2020-10,0.2308,0.1541,0.3843,0.2308
GP,2020-11,0.2308,0.1541,0.3843,0.2308
GP,2020-12,0.2308,0.1541,0.3843,0.2308
GP,2021-01,0.2308,0.1541,0.3843,0.2308
GP,2021-02,0.2308,0.1541,0.3843,0.2308
GP,2021-03,0.2308,0.1541,0.3843,0.2308
GP,2021-04,0.2308,0.1541,0.3843,0.2308
GP,2021-05,0.2308,0.1541,0.3843,0.2308
GP,2021-06,0.2308,0.1541,0.3843,0.2308
GP,2021-07,0.2308,0.1541,0.3843,0.2308
GP,2021-08,0.2308,0.1541,0.3843,0.2308
GP,2021-09,0.2308,0.1541,0.3843,0.2308
GP,2021-10,0.2308,0.1541,0.3843,0.2308
GP,2021-11,0.2308,0.1541,0.3843,0.2308
GP,2021-12,0.2308,0.1541,0.3843,0.2308
GP,2022-01,0.2308,0.1541,0.3843,0.2308
GP,2022-02,0.2308,0.1541,0.3843,0.2308
GP,2022-03,0.2308,0.1541,0.3843,0.2308
GP,2022-04,0.2308,0.1541,0.3843,0.2308
GP,2022-05,0.2308,0.1541,0.3843,0.2308
GP,2022-06,0.2308,0.1541,0.3843,0.2308
GP,2022-07,0.2308,0.1541,0.3843,0.2308
GP,2022-08,0.2308,0.1541,0.3843,0.2308
GP,2022-09,0.2308,0.1541,0.3843,0.2308
GP,2022-10,0.2308,0.1541,0.3843,0.2308
GP,2022-11,0.2308,0.1541,0.3843,0.2308
GP,2022-12,0.2308,0.1541,0.3843,0.2308
GP,2023-01,0.2308,0.1541,0.3843,0.2308
GP,2023-02,0.2308,0.1541,0.3843,0.2308
GP,2023-03,0.2308,0.1541,0.3843,0.2308
GP,2023-04,0.2308,0.1541,0.3843,0.2308
GP,2023-05,0.2308,0.1541,0.3843,0.2308
GP,2023-06,0.2308,0.1541,0.3843,0.2308
GP,2023-07,0.2308,0.1541,0.3843,0.2308
GP,2023-08,0.2308,0.1541,0.3843,0.2308
GP,2023-09,0.2308,0.1541,0.3843,0.2308
GP,2023-10,0.2308,0.1541,0.3843,0.2308
GP,2023-11,0.2308,0.1541,0.3843,0.2308
GP,2023-12,0.2308,0.1541,0.3843,0.2308
GP,2024-01,0.2308,0.1541,0.3843,0.2308
GP,2024-02,0.2308,0.1541,0.3843,0.2308
GP,2024-03,0.2308,0.1541,0.3843,0.2308
GP,2024-04,0.2308,0.1541,0.3843,0.2308
GP,2024-05,0.2308,0.1541,0.3843,0.2308
GP,2024-06,0.2308,0.1541,0.3843,0.2308
GP,2024-07,0.2308,0.1541,0.3843,0.2308
GP,2024-08,0.2308,0.1541,0.3843,0.2308
GP,2024-09,0.2308,0.1541,0.3843,0.2308
GP,2024-10,0.2308,0.1541,0.3843,0.2308
GP,2024-11,0.2308,0.1541,0.3843,0.2308
GP,2024-12,0.2308,0.1541,0.3843,0.2308
GP,2025-01,0.2308,0.1541,0.3843,0.2308
GP,2025-02,0.2308,0.1541,0.3843,0.2308
GP,2025-03,0.2308,0.1541,0.3843,0.2308
GP,2025-04,0.2308,0.1541,0.3843,0.2308
GP,2025-05,0.2308,0.1541,0.3843,0.2308
GP,2025-06,0.2308,0.1541,0.3843,0.2308
GP,2025-07,0.2308,0.1541,0.3843,0.2308
GP,2025-08,0.2308,0.1541,0.3843,0.2308
GP,2025-09,0.2308,0.1541,0.3843,0.2308
GP,2025-10,0.2308,0.1541,0.3843,0.2308
GP,2025-11,0.2308,0.1541,0.3843,0.2308
GP,2025-12,0.2308,0.1541,0.3843,0.2308
GP,2026-01,0.2308,0.1541,0.3843,0.2308
GP,2026-02,0.2308,0.1541,0.3843,0.2308
GP,2026-03,0.2308,0.1541,0.3843,0.2308
GP,2026-04,0.2308,0.1541,0.3843,0.2308
GP,2026-05,0.2308,0.1541,0.3843,0.2308
GP,2026-06,0.2308,0.1541,0.3843,0.2308
GP,2026-07,0.2308,0.1541,0.3843,0.2308
GP,2026-08,0.2308,0.1541,0.3843,0.2308
GQ,2019-01,0,1,0,0
GQ,2019-02,0,1,0,0
GQ,2019-03,0,1,0,0
GQ,2019-04,0,1,0,0
GQ,2019-05,0,1,0,0
GQ,2019-06,0,1,0,0
GQ,2019-07,0,1,0,0
GQ,2019-08,0,1,0,0
GQ,2019-09,0,1,0,0
GQ,2019-10,0,1,0,0
GQ,2019-11,0,1,0,0
GQ,2019-12,0,1,0,0
GQ,2020-01,0,1,0,0
GQ,2020-02,0,1,0,0
GQ,2020-03,0,1,0,0
GQ,2020-04,0,1,0,0
GQ,2020-05,0,1,0,0
GQ,2020-06,0,1,0,0
GQ,2020-07,0,1,0,0
GQ,2020-08,0,1,0,0
GQ,2020-09,0,1,0,0
GQ,2020-10,0,1,0,0
GQ,2020-11,0,1,0,0
GQ,2020-12,0,1,0,0
GQ,2021-01,0,1,0,0
GQ,2021-02,0,1,0,0
GQ,2021-03,0,1,0,0
GQ,2021-04,0,1,0,0
GQ,2021-05,0,1,0,0
GQ,2021-06,0,1,0,0
GQ,2021-07,0,1,0,0
GQ,2021-08,0,1,0,0
GQ,2021-09,0,1,0,0
GQ,2021-10,0,1,0,0
GQ,2021-11,0,1,0,0
GQ,2021-12,0,1,0,0
GQ,2022-01,0,1,0,0
GQ,2022-02,0,1,0,0
GQ,2022-03,0,1,0,0
GQ,2022-04,0,1,0,0
GQ,2022-05,0,1,0,0
GQ,2022-06,0,1,0,0
GQ,2022-07,0,1,0,0
GQ,2022-08,0,1,0,0
GQ,2022-09,0,1,0,0
GQ,2022-10,0,1,0,0
GQ,2022-11,0,1,0,0
GQ,2022-12,0,1,0,0
GQ,2023-01,0,1,0,0
GQ,2023-02,0,1,0,0
GQ,2023-03,0,1,0,0
GQ,2023-04,0,1,0,0
GQ,2023-05,0,1,0,0
GQ,2023-06,0,1,0,0
GQ,2023-07,0,1,0,0
GQ,2023-08,0,1,0,0
GQ,2023-09,0,1,0,0
GQ,2023-10,0,1,0,0
GQ,2023-11,0,1,0,0
GQ,2023-12,0,1,0,0
GQ,2024-01,0,1,0,0
GQ,2024-02,0,1,0,0
GQ,2024-03,0,1,0,0
GQ,2024-04,0,1,0,0
GQ,2024-05,0,1,0,0
GQ,2024-06,0,1,0,0
GQ,2024-07,0,1,0,0
GQ,2024-08,0,1,0,0
GQ,2024-09,0,1,0,0
GQ,2024-10,0,1,0,0
GQ,2024-11,0,1,0,0
GQ,2024-12,0,1,0,0
GQ,2025-01,0,1,0,0
GQ,2025-02,0,1,0,0
GQ,2025-03,0,1,0,0
GQ,2025-04,0,1,0,0
GQ,2025-05,0,1,0,0
GQ,2025-06,0,1,0,0
GQ,2025-07,0,1,0,0
GQ,2025-08,0,1,0,0
GQ,2025-09,0,1,0,0
GQ,2025-10,0,1,0,0
GQ,2025-11,0,1,0,0
GQ,2025-12,0,1,0,0
GQ,2026-01,0,1,0,0
GQ,2026-02,0,1,0,0
GQ,2026-03,0,1,0,0
GQ,2026-04,0,1,0,0
GQ,2026-05,0,1,0,0
GQ,2026-06,0,1,0,0
GQ,2026-07,0,1,0,0
GQ,2026-08,0,1,0,0
GR,2019-01,0.0069,0.3318,0.146,0.5153
GR,2019-02,0.0171,0.292,0.187,0.5038
GR,2019-03,0.0201,0.2226,0.2709,0.4864
GR,2019-04,0.0225,0.2681,0.3002,0.4092
GR,2019-05,0.0224,0.3213,0.3169,0.3393
GR,2019-06,0.0168,0.3339,0.3149,0.3344
GR,2019-07,0.0184,0.3407,0.3144,0.3265
GR,2019-08,0.0125,0.2847,0.2692,0.4336
GR,2019-09,0.0149,0.271,0.3059,0.4082
GR,2019-10,0.0162,0.2573,0.3127,0.4139
GR,2019-11,0.0226,0.2905,0.1686,0.5183
GR,2019-12,0.0246,0.3355,0.1162,0.5237
GR,2020-01,0.0193,0.268,0.1774,0.5353
GR,2020-02,0.0205,0.208,0.2122,0.5593
GR,2020-03,0.0217,0.2321,0.2348,0.5114
GR,2020-04,0.0151,0.2075,0.2861,0.4913
GR,2020-05,0.018,0.2819,0.3454,0.3548
GR,2020-06,0.0171,0.3283,0.3318,0.3228
GR,2020-07,0.0143,0.2758,0.2919,0.418
GR,2020-08,0.0179,0.2948,0.3166,0.3706
GR,2020-09,0.0077,0.1924,0.2456,0.5543
GR,2020-10,0.0166,0.2244,0.2745,0.4845
GR,2020-11,0.007,0.1696,0.1715,0.6519
GR,2020-12,0.0067,0.1671,0.1244,0.7017
GR,2021-01,0,0.3351,0.11,0.5549
GR,2021-02,0.0065,0.4278,0.1512,0.4145
GR,2021-03,0.0105,0.2143,0.2609,0.5142
GR,2021-04,0.0044,0.1662,0.3291,0.5003
GR,2021-05,0.0095,0.241,0.342,0.4075
GR,2021-06,0.0146,0.3363,0.3995,0.2496
GR,2021-07,0.011,0.2983,0.2931,0.3975
GR,2021-08,0.01,0.2914,0.3089,0.3897
GR,2021-09,0.0019,0.1636,0.2957,0.5388
GR,2021-10,0,0.1343,0.208,0.6577
GR,2021-11,0.0074,0.1858,0.155,0.6518
GR,2021-12,0,0.3515,0.1138,0.5347
GR,2022-01,0.009,0.3569,0.159,0.475
GR,2022-02,0.0131,0.1797,0.2295,0.5777
GR,2022-03,0,0.183,0.2682,0.5488
GR,2022-04,0.0138,0.1843,0.3231,0.4788
GR,2022-05,0.012,0.2288,0.3972,0.3619
GR,2022-06,0.0024,0.1978,0.3603,0.4395
GR,2022-07,0,0.1822,0.34,0.4778
GR,2022-08,0,0.2271,0.3557,0.4172
GR,2022-09,0.0089,0.1872,0.3704,0.4335
GR,2022-10,0.0074,0.1233,0.2914,0.5779
GR,2022-11,0.0072,0.146,0.2045,0.6424
GR,2022-12,0.0064,0.2266,0.1994,0.5677
GR,2023-01,0.0162,0.2562,0.2131,0.5145
GR,2023-02,0.0098,0.1891,0.2945,0.5066
GR,2023-03,0.0092,0.1304,0.3564,0.504
GR,2023-04,0.0079,0.1363,0.4354,0.4204
GR,2023-05,0.0089,0.1465,0.396,0.4485
GR,2023-06,0.0049,0.2073,0.5179,0.27
GR,2023-07,0.0073,0.2038,0.5161,0.2728
GR,2023-08,0.0026,0.1592,0.4419,0.3963
GR,2023-09,0,0.1449,0.4112,0.444
GR,2023-10,0,0.2044,0.4247,0.3709
GR,2023-11,0.0045,0.1531,0.2756,0.5668
GR,2023-12,0.0047,0.2533,0.2423,0.4996
GR,2024-01,0.0018,0.1451,0.2375,0.6156
GR,2024-02,0.0055,0.1489,0.3217,0.5239
GR,2024-03,0.0015,0.1235,0.4641,0.4108
GR,2024-04,0,0.0873,0.4612,0.4515
GR,2024-05,0,0.1098,0.5275,0.3627
GR,2024-06,0.0019,0.1425,0.5151,0.3405
GR,2024-07,0.0005,0.1313,0.4895,0.3787
GR,2024-08,0.0016,0.1428,0.5472,0.3084
GR,2024-09,0.0045,0.1184,0.5815,0.2956
GR,2024-10,0,0.0455,0.4863,0.4681
GR,2024-11,0,0.053,0.381,0.566
GR,2024-12,0,0.0914,0.3173,0.5914
GR,2025-01,0,0.1258,0.3942,0.48
GR,2025-02,0,0.1091,0.4121,0.4789
GR,2025-03,0.0014,0.0567,0.4767,0.4652
GR,2025-04,0.0071,0.1009,0.495,0.3969
GR,2025-05,0,0.0886,0.5207,0.3907
GR,2025-06,0,0.1102,0.5463,0.3436
GR,2025-07,0,0.1194,0.556,0.3246
GR,2025-08,0,0.0882,0.489,0.4228
GR,2025-09,0,0.09,0.5181,0.3919
GR,2025-10,0,0.1005,0.4674,0.4321
GR,2025-11,0,0.1173,0.301,0.5817
GR,2025-12,0,0.1696,0.3392,0.4912
GR,2026-01,0,0.2319,0.1993,0.5688
GR,2026-02,0,0.3396,0.2426,0.4178
GR,2026-03,0,0.2223,0.3703,0.4074
GR,2026-04,0,0.1282,0.4563,0.4154
GR,2026-05,0,0.1831,0.3713,0.4455
GR,2026-06,0,0.1192,0.5451,0.3357
GR,2026-07,0,0.1192,0.5451,0.3357
GR,2026-08,0,0.1192,0.5451,0.3357
GT,2019-01,0.3551,0.5731,0.0295,0.0423
GT,2019-02,0.3551,0.5731,0.0295,0.0423
GT,2019-03,0.3551,0.5731,0.0295,0.0423
GT,2019-04,0.3551,0.5731,0.0295,0.0423
GT,2019-05,0.3551,0.5731,0.0295,0.0423
GT,2019-06,0.3551,0.5731,0.0295,0.0423
GT,2019-07,0.3551,0.5731,0.0295,0.0423
GT,2019-08,0.3551,0.5731,0.0295,0.0423
GT,2019-09,0.3551,0.5731,0.0295,0.0423
GT,2019-10,0.3551,0.5731,0.0295,0.0423
GT,2019-11,0.3551,0.5731,0.0295,0.0423
GT,2019-12,0.3551,0.5731,0.0295,0.0423
GT,2020-01,0.3551,0.5731,0.0295,0.0423
GT,2020-02,0.3551,0.5731,0.0295,0.0423
GT,2020-03,0.3551,0.5731,0.0295,0.0423
GT,2020-04,0.3551,0.5731,0.0295,0.0423
GT,2020-05,0.3551,0.5731,0.0295,0.0423
GT,2020-06,0.3551,0.5731,0.0295,0.0423
GT,2020-07,0.3551,0.5731,0.0295,0.0423
GT,2020-08,0.3551,0.5731,0.0295,0.0423
GT,2020-09,0.3551,0.5731,0.0295,0.0423
GT,2020-10,0.3551,0.5731,0.0295,0.0423
GT,2020-11,0.3551,0.5731,0.0295,0.0423
GT,2020-12,0.3551,0.5731,0.0295,0.0423
GT,2021-01,0.3551,0.5731,0.0295,0.0423
GT,2021-02,0.3551,0.5731,0.0295,0.0423
GT,2021-03,0.3551,0.5731,0.0295,0.0423
GT,2021-04,0.3551,0.5731,0.0295,0.0423
GT,2021-05,0.3551,0.5731,0.0295,0.0423
GT,2021-06,0.3551,0.5731,0.0295,0.0423
GT,2021-07,0.3551,0.5731,0.0295,0.0423
GT,2021-08,0.3551,0.5731,0.0295,0.0423
GT,2021-09,0.3551,0.5731,0.0295,0.0423
GT,2021-10,0.3551,0.5731,0.0295,0.0423
GT,2021-11,0.3551,0.5731,0.0295,0.0423
GT,2021-12,0.3551,0.5731,0.0295,0.0423
GT,2022-01,0.3551,0.5731,0.0295,0.0423
GT,2022-02,0.3551,0.5731,0.0295,0.0423
GT,2022-03,0.3551,0.5731,0.0295,0.0423
GT,2022-04,0.3551,0.5731,0.0295,0.0423
GT,2022-05,0.3551,0.5731,0.0295,0.0423
GT,2022-06,0.3551,0.5731,0.0295,0.0423
GT,2022-07,0.3551,0.5731,0.0295,0.0423
GT,2022-08,0.3551,0.5731,0.0295,0.0423
GT,2022-09,0.3551,0.5731,0.0295,0.0423
GT,2022-10,0.3551,0.5731,0.0295,0.0423
GT,2022-11,0.3551,0.5731,0.0295,0.0423
GT,2022-12,0.3551,0.5731,0.0295,0.0423
GT,2023-01,0.3551,0.5731,0.0295,0.0423
GT,2023-02,0.3551,0.5731,0.0295,0.0423
GT,2023-03,0.3551,0.5731,0.0295,0.0423
GT,2023-04,0.3551,0.5731,0.0295,0.0423
GT,2023-05,0.3551,0.5731,0.0295,0.0423
GT,2023-06,0.3551,0.5731,0.0295,0.0423
GT,2023-07,0.3551,0.5731,0.0295,0.0423
GT,2023-08,0.3551,0.5731,0.0295,0.0423
GT,2023-09,0.3551,0.5731,0.0295,0.0423
GT,2023-10,0.3551,0.5731,0.0295,0.0423
GT,2023-11,0.3551,0.5731,0.0295,0.0423
GT,2023-12,0.3551,0.5731,0.0295,0.0423
GT,2024-01,0.3551,0.5731,0.0295,0.0423
GT,2024-02,0.3551,0.5731,0.0295,0.0423
GT,2024-03,0.3551,0.5731,0.0295,0.0423
GT,2024-04,0.3551,0.5731,0.0295,0.0423
GT,2024-05,0.3551,0.5731,0.0295,0.0423
GT,2024-06,0.3551,0.5731,0.0295,0.0423
GT,2024-07,0.3551,0.5731,0.0295,0.0423
GT,2024-08,0.3551,0.5731,0.0295,0.0423
GT,2024-09,0.3551,0.5731,0.0295,0.0423
GT,2024-10,0.3551,0.5731,0.0295,0.0423
GT,2024-11,0.3551,0.5731,0.0295,0.0423
GT,2024-12,0.3551,0.5731,0.0295,0.0423
GT,2025-01,0.3551,0.5731,0.0295,0.0423
GT,2025-02,0.3551,0.5731,0.0295,0.0423
GT,2025-03,0.3551,0.5731,0.0295,0.0423
GT,2025-04,0.3551,0.5731,0.0295,0.0423
GT,2025-05,0.3551,0.5731,0.0295,0.0423
GT,2025-06,0.3551,0.5731,0.0295,0.0423
GT,2025-07,0.3551,0.5731,0.0295,0.0423
GT,2025-08,0.3551,0.5731,0.0295,0.0423
GT,2025-09,0.3551,0.5731,0.0295,0.0423
GT,2025-10,0.3551,0.5731,0.0295,0.0423
GT,2025-11,0.3551,0.5731,0.0295,0.0423
GT,2025-12,0.3551,0.5731,0.0295,0.0423
GT,2026-01,0.3551,0.5731,0.0295,0.0423
GT,2026-02,0.3551,0.5731,0.0295,0.0423
GT,2026-03,0.3551,0.5731,0.0295,0.0423
GT,2026-04,0.3551,0.5731,0.0295,0.0423
GT,2026-05,0.3551,0.5731,0.0295,0.0423
GT,2026-06,0.3551,0.5731,0.0295,0.0423
GT,2026-07,0.3551,0.5731,0.0295,0.0423
GT,2026-08,0.3551,0.5731,0.0295,0.0423
GU,2019-01,0,0,1,0
GU,2019-02,0,0,1,0
GU,2019-03,0,0,1,0
GU,2019-04,0,0,1,0
GU,2019-05,0,0,1,0
GU,2019-06,0,0,1,0
GU,2019-07,0,0,1,0
GU,2019-08,0,0,1,0
GU,2019-09,0,0,1,0
GU,2019-10,0,0,1,0
GU,2019-11,0,0,1,0
GU,2019-12,0,0,1,0
GU,2020-01,0,0,1,0
GU,2020-02,0,0,1,0
GU,2020-03,0,0,1,0
GU,2020-04,0,0,1,0
GU,2020-05,0,0,1,0
GU,2020-06,0,0,1,0
GU,2020-07,0,0,1,0
GU,2020-08,0,0,1,0
GU,2020-09,0,0,1,0
GU,2020-10,0,0,1,0
GU,2020-11,0,0,1,0
GU,2020-12,0,0,1,0
GU,2021-01,0,0,1,0
GU,2021-02,0,0,1,0
GU,2021-03,0,0,1,0
GU,2021-04,0,0,1,0
GU,2021-05,0,0,1,0
GU,2021-06,0,0,1,0
GU,2021-07,0,0,1,0
GU,2021-08,0,0,1,0
GU,2021-09,0,0,1,0
GU,2021-10,0,0,1,0
GU,2021-11,0,0,1,0
GU,2021-12,0,0,1,0
GU,2022-01,0,0,1,0
GU,2022-02,0,0,1,0
GU,2022-03,0,0,1,0
GU,2022-04,0,0,1,0
GU,2022-05,0,0,1,0
GU,2022-06,0,0,1,0
GU,2022-07,0,0,1,0
GU,2022-08,0,0,1,0
GU,2022-09,0,0,1,0
GU,2022-10,0,0,1,0
GU,2022-11,0,0,1,0
GU,2022-12,0,0,1,0
GU,2023-01,0,0,1,0
GU,2023-02,0,0,1,0
GU,2023-03,0,0,1,0
GU,2023-04,0,0,1,0
GU,2023-05,0,0,1,0
GU,2023-06,0,0,1,0
GU,2023-07,0,0,1,0
GU,2023-08,0,0,1,0
GU,2023-09,0,0,1,0
GU,2023-10,0,0,1,0
GU,2023-11,0,0,1,0
GU,2023-12,0,0,1,0
GU,2024-01,0,0,1,0
GU,2024-02,0,0,1,0
GU,2024-03,0,0,1,0
GU,2024-04,0,0,1,0
GU,2024-05,0,0,1,0
GU,2024-06,0,0,1,0
GU,2024-07,0,0,1,0
GU,2024-08,0,0,1,0
GU,2024-09,0,0,1,0
GU,2024-10,0,0,1,0
GU,2024-11,0,0,1,0
GU,2024-12,0,0,1,0
GU,2025-01,0,0,1,0
GU,2025-02,0,0,1,0
GU,2025-03,0,0,1,0
GU,2025-04,0,0,1,0
GU,2025-05,0,0,1,0
GU,2025-06,0,0,1,0
GU,2025-07,0,0,1,0
GU,2025-08,0,0,1,0
GU,2025-09,0,0,1,0
GU,2025-10,0,0,1,0
GU,2025-11,0,0,1,0
GU,2025-12,0,0,1,0
GU,2026-01,0,0,1,0
GU,2026-02,0,0,1,0
GU,2026-03,0,0,1,0
GU,2026-04,0,0,1,0
GU,2026-05,0,0,1,0
GU,2026-06,0,0,1,0
GU,2026-07,0,0,1,0
GU,2026-08,0,0,1,0
GW,2019-01,,,,
GW,2019-02,,,,
GW,2019-03,,,,
GW,2019-04,,,,
GW,2019-05,,,,
GW,2019-06,,,,
GW,2019-07,,,,
GW,2019-08,,,,
GW,2019-09,,,,
GW,2019-10,,,,
GW,2019-11,,,,
GW,2019-12,,,,
GW,2020-01,,,,
GW,2020-02,,,,
GW,2020-03,,,,
GW,2020-04,,,,
GW,2020-05,,,,
GW,2020-06,,,,
GW,2020-07,,,,
GW,2020-08,,,,
GW,2020-09,,,,
GW,2020-10,,,,
GW,2020-11,,,,
GW,2020-12,,,,
GW,2021-01,,,,
GW,2021-02,,,,
GW,2021-03,,,,
GW,2021-04,,,,
GW,2021-05,,,,
GW,2021-06,,,,
GW,2021-07,,,,
GW,2021-08,,,,
GW,2021-09,,,,
GW,2021-10,,,,
GW,2021-11,,,,
GW,2021-12,,,,
GW,2022-01,,,,
GW,2022-02,,,,
GW,2022-03,,,,
GW,2022-04,,,,
GW,2022-05,,,,
GW,2022-06,,,,
GW,2022-07,,,,
GW,2022-08,,,,
GW,2022-09,,,,
GW,2022-10,,,,
GW,2022-11,,,,
GW,2022-12,,,,
GW,2023-01,,,,
GW,2023-02,,,,
GW,2023-03,,,,
GW,2023-04,,,,
GW,2023-05,,,,
GW,2023-06,,,,
GW,2023-07,,,,
GW,2023-08,,,,
GW,2023-09,,,,
GW,2023-10,,,,
GW,2023-11,,,,
GW,2023-12,,,,
GW,2024-01,,,,
GW,2024-02,,,,
GW,2024-03,,,,
GW,2024-04,,,,
GW,2024-05,,,,
GW,2024-06,,,,
GW,2024-07,,,,
GW,2024-08,,,,
GW,2024-09,,,,
GW,2024-10,,,,
GW,2024-11,,,,
GW,2024-12,,,,
GW,2025-01,,,,
GW,2025-02,,,,
GW,2025-03,,,,
GW,2025-04,,,,
GW,2025-05,,,,
GW,2025-06,,,,
GW,2025-07,,,,
GW,2025-08,,,,
GW,2025-09,,,,
GW,2025-10,,,,
GW,2025-11,,,,
GW,2025-12,,,,
GW,2026-01,,,,
GW,2026-02,,,,
GW,2026-03,,,,
GW,2026-04,,,,
GW,2026-05,,,,
GW,2026-06,,,,
GW,2026-07,,,,
GW,2026-08,,,,
GY,2019-01,0.5,0,0.5,0
GY,2019-02,0.5,0,0.5,0
GY,2019-03,0.5,0,0.5,0
GY,2019-04,0.5,0,0.5,0
GY,2019-05,0.5,0,0.5,0
GY,2019-06,0.5,0,0.5,0
GY,2019-07,0.5,0,0.5,0
GY,2019-08,0.5,0,0.5,0
GY,2019-09,0.5,0,0.5,0
GY,2019-10,0.5,0,0.5,0
GY,2019-11,0.5,0,0.5,0
GY,2019-12,0.5,0,0.5,0
GY,2020-01,0.5,0,0.5,0
GY,2020-02,0.5,0,0.5,0
GY,2020-03,0.5,0,0.5,0
GY,2020-04,0.5,0,0.5,0
GY,2020-05,0.5,0,0.5,0
GY,2020-06,0.5,0,0.5,0
GY,2020-07,0.5,0,0.5,0
GY,2020-08,0.5,0,0.5,0
GY,2020-09,0.5,0,0.5,0
GY,2020-10,0.5,0,0.5,0
GY,2020-11,0.5,0,0.5,0
GY,2020-12,0.5,0,0.5,0
GY,2021-01,0.5,0,0.5,0
GY,2021-02,0.5,0,0.5,0
GY,2021-03,0.5,0,0.5,0
GY,2021-04,0.5,0,0.5,0
GY,2021-05,0.5,0,0.5,0
GY,2021-06,0.5,0,0.5,0
GY,2021-07,0.5,0,0.5,0
GY,2021-08,0.5,0,0.5,0
GY,2021-09,0.5,0,0.5,0
GY,2021-10,0.5,0,0.5,0
GY,2021-11,0.5,0,0.5,0
GY,2021-12,0.5,0,0.5,0
GY,2022-01,0.5,0,0.5,0
GY,2022-02,0.5,0,0.5,0
GY,2022-03,0.5,0,0.5,0
GY,2022-04,0.5,0,0.5,0
GY,2022-05,0.5,0,0.5,0
GY,2022-06,0.5,0,0.5,0
GY,2022-07,0.5,0,0.5,0
GY,2022-08,0.5,0,0.5,0
GY,2022-09,0.5,0,0.5,0
GY,2022-10,0.5,0,0.5,0
GY,2022-11,0.5,0,0.5,0
GY,2022-12,0.5,0,0.5,0
GY,2023-01,0.5,0,0.5,0
GY,2023-02,0.5,0,0.5,0
GY,2023-03,0.5,0,0.5,0
GY,2023-04,0.5,0,0.5,0
GY,2023-05,0.5,0,0.5,0
GY,2023-06,0.5,0,0.5,0
GY,2023-07,0.5,0,0.5,0
GY,2023-08,0.5,0,0.5,0
GY,2023-09,0.5,0,0.5,0
GY,2023-10,0.5,0,0.5,0
GY,2023-11,0.5,0,0.5,0
GY,2023-12,0.5,0,0.5,0
GY,2024-01,0.5,0,0.5,0
GY,2024-02,0.5,0,0.5,0
GY,2024-03,0.5,0,0.5,0
GY,2024-04,0.5,0,0.5,0
GY,2024-05,0.5,0,0.5,0
GY,2024-06,0.5,0,0.5,0
GY,2024-07,0.5,0,0.5,0
GY,2024-08,0.5,0,0.5,0
GY,2024-09,0.5,0,0.5,0
GY,2024-10,0.5,0,0.5,0
GY,2024-11,0.5,0,0.5,0
GY,2024-12,0.5,0,0.5,0
GY,2025-01,0.5,0,0.5,0
GY,2025-02,0.5,0,0.5,0
GY,2025-03,0.5,0,0.5,0
GY,2025-04,0.5,0,0.5,0
GY,2025-05,0.5,0,0.5,0
GY,2025-06,0.5,0,0.5,0
GY,2025-07,0.5,0,0.5,0
GY,2025-08,0.5,0,0.5,0
GY,2025-09,0.5,0,0.5,0
GY,2025-10,0.5,0,0.5,0
GY,2025-11,0.5,0,0.5,0
GY,2025-12,0.5,0,0.5,0
GY,2026-01,0.5,0,0.5,0
GY,2026-02,0.5,0,0.5,0
GY,2026-03,0.5,0,0.5,0
GY,2026-04,0.5,0,0.5,0
GY,2026-05,0.5,0,0.5,0
GY,2026-06,0.5,0,0.5,0
GY,2026-07,0.5,0,0.5,0
GY,2026-08,0.5,0,0.5,0
HK,2019-01,0.1569,0.5207,0.1208,0.2017
HK,2019-02,0.142,0.5365,0.1239,0.1976
HK,2019-03,0.1249,0.5235,0.1493,0.2023
HK,2019-04,0.1114,0.5413,0.1523,0.1951
HK,2019-05,0.0952,0.5736,0.1442,0.1871
HK,2019-06,0.0957,0.6174,0.1336,0.1534
HK,2019-07,0.095,0.6562,0.1195,0.1293
HK,2019-08,0.0975,0.6509,0.1248,0.1268
HK,2019-09,0.0976,0.6452,0.1318,0.1254
HK,2019-10,0.1007,0.6175,0.1311,0.1507
HK,2019-11,0.1189,0.5487,0.1316,0.2008
HK,2019-12,0.145,0.4979,0.1321,0.225
HK,2020-01,0.1509,0.487,0.1547,0.2074
HK,2020-02,0.1459,0.491,0.1596,0.2034
HK,2020-03,0.1211,0.4752,0.1692,0.2345
HK,2020-04,0.1171,0.4915,0.1842,0.2071
HK,2020-05,0.1088,0.5157,0.1674,0.2081
HK,2020-06,0.0963,0.6044,0.1403,0.159
HK,2020-07,0.0936,0.6544,0.1272,0.1248
HK,2020-08,0.099,0.6329,0.1375,0.1306
HK,2020-09,0.0934,0.6532,0.1343,0.1191
HK,2020-10,0.0916,0.6216,0.1303,0.1566
HK,2020-11,0.1248,0.5327,0.1373,0.2053
HK,2020-12,0.1501,0.4792,0.1398,0.2309
HK,2021-01,0.1465,0.4162,0.1642,0.2731
HK,2021-02,0.1412,0.4204,0.1713,0.2671
HK,2021-03,0.1378,0.4084,0.1948,0.259
HK,2021-04,0.1225,0.4443,0.1859,0.2472
HK,2021-05,0.1062,0.4768,0.1765,0.2405
HK,2021-06,0.1048,0.5378,0.1694,0.188
HK,2021-07,0.1041,0.5786,0.15,0.1672
HK,2021-08,0.105,0.5945,0.155,0.1454
HK,2021-09,0.0979,0.6086,0.1439,0.1496
HK,2021-10,0.1012,0.5531,0.1518,0.1939
HK,2021-11,0.1183,0.4799,0.1597,0.2421
HK,2021-12,0.1444,0.4144,0.1679,0.2732
HK,2022-01,0.1542,0.4174,0.1865,0.2419
HK,2022-02,0.1503,0.4209,0.1898,0.239
HK,2022-03,0.1258,0.4023,0.193,0.2789
HK,2022-04,0.1059,0.4336,0.2009,0.2595
HK,2022-05,0.0922,0.489,0.1851,0.2337
HK,2022-06,0.0918,0.5418,0.1741,0.1923
HK,2022-07,0.1044,0.5548,0.1783,0.1625
HK,2022-08,0.116,0.5311,0.1874,0.1655
HK,2022-09,0.1103,0.5003,0.2058,0.1836
HK,2022-10,0.1063,0.4732,0.1937,0.2268
HK,2022-11,0.1277,0.4272,0.1873,0.2578
HK,2022-12,0.1398,0.3906,0.1732,0.2963
HK,2023-01,0.1392,0.366,0.2011,0.2937
HK,2023-02,0.1354,0.3695,0.2106,0.2846
HK,2023-03,0.1318,0.3414,0.2424,0.2843
HK,2023-04,0.1137,0.3404,0.2368,0.3091
HK,2023-05,0.1083,0.3787,0.2414,0.2716
HK,2023-06,0.112,0.4307,0.2441,0.2132
HK,2023-07,0.1119,0.4657,0.2183,0.2041
HK,2023-08,0.1059,0.5268,0.2148,0.1525
HK,2023-09,0.1016,0.5175,0.2096,0.1713
HK,2023-10,0.1025,0.4703,0.2292,0.198
HK,2023-11,0.1168,0.3602,0.2172,0.3058
HK,2023-12,0.1369,0.35,0.2027,0.3104
HK,2024-01,0.1388,0.3303,0.2339,0.297
HK,2024-02,0.1367,0.3291,0.2424,0.2918
HK,2024-03,0.1195,0.2991,0.2791,0.3023
HK,2024-04,0.1047,0.3467,0.2841,0.2645
HK,2024-05,0.09,0.3973,0.2821,0.2306
HK,2024-06,0.088,0.4608,0.2569,0.1943
HK,2024-07,0.0913,0.4896,0.2359,0.1832
HK,2024-08,0.0977,0.5004,0.2582,0.1436
HK,2024-09,0.099,0.4427,0.2508,0.2075
HK,2024-10,0.0991,0.4027,0.2587,0.2395
HK,2024-11,0.1125,0.3549,0.2573,0.2753
HK,2024-12,0.1233,0.3332,0.2481,0.2954
HK,2025-01,0.1185,0.2931,0.2917,0.2968
HK,2025-02,0.1148,0.297,0.2953,0.2929
HK,2025-03,0.1026,0.2791,0.3166,0.3017
HK,2025-04,0.091,0.2871,0.3451,0.2768
HK,2025-05,0.0849,0.3385,0.3293,0.2473
HK,2025-06,0.0807,0.4105,0.313,0.1958
HK,2025-07,0.0881,0.4122,0.3125,0.1872
HK,2025-08,0.0924,0.4263,0.3153,0.166
HK,2025-09,0.0839,0.456,0.2857,0.1744
HK,2025-10,0.0919,0.4325,0.2701,0.2055
HK,2025-11,0.0945,0.3313,0.2809,0.2933
HK,2025-12,0.1107,0.3068,0.2858,0.2968
HK,2026-01,0.1103,0.2768,0.3187,0.2943
HK,2026-02,0.108,0.2809,0.3232,0.2879
HK,2026-03,0.102,0.2907,0.3555,0.2518
HK,2026-04,0.0876,0.2884,0.3703,0.2537
HK,2026-05,0.0794,0.3202,0.3669,0.2335
HK,2026-06,0.0794,0.3202,0.3669,0.2335
HK,2026-07,0.0794,0.3202,0.3669,0.2335
HK,2026-08,0.0794,0.3202,0.3669,0.2335
HN,2019-01,0.1779,0.4659,0.2046,0.1517
HN,2019-02,0.1785,0.4655,0.2049,0.1511
HN,2019-03,0.1783,0.4655,0.2048,0.1514
HN,2019-04,0.1784,0.4656,0.2048,0.1512
HN,2019-05,0.1786,0.465,0.2049,0.1516
HN,2019-06,0.1788,0.4637,0.2051,0.1524
HN,2019-07,0.1792,0.4628,0.2054,0.1526
HN,2019-08,0.1794,0.4622,0.2055,0.1529
HN,2019-09,0.1794,0.4625,0.2054,0.1527
HN,2019-10,0.1792,0.4628,0.2054,0.1526
HN,2019-11,0.179,0.4633,0.2052,0.1526
HN,2019-12,0.1786,0.4638,0.2052,0.1524
HN,2020-01,0.1785,0.4649,0.2051,0.1516
HN,2020-02,0.1784,0.4651,0.205,0.1515
HN,2020-03,0.1784,0.4652,0.2051,0.1513
HN,2020-04,0.1787,0.4643,0.2053,0.1517
HN,2020-05,0.1789,0.4638,0.2052,0.152
HN,2020-06,0.179,0.4632,0.2054,0.1525
HN,2020-07,0.1786,0.4637,0.2051,0.1525
HN,2020-08,0.1787,0.4631,0.2053,0.153
HN,2020-09,0.1785,0.4636,0.2052,0.1527
HN,2020-10,0.179,0.463,0.2054,0.1526
HN,2020-11,0.1793,0.4624,0.2056,0.1527
HN,2020-12,0.1788,0.463,0.2054,0.1528
HN,2021-01,0.1783,0.4637,0.2053,0.1527
HN,2021-02,0.1782,0.4649,0.2051,0.1518
HN,2021-03,0.178,0.4649,0.2052,0.1519
HN,2021-04,0.1784,0.4641,0.2054,0.1522
HN,2021-05,0.1788,0.4632,0.2055,0.1525
HN,2021-06,0.1793,0.462,0.2059,0.1529
HN,2021-07,0.1795,0.4608,0.206,0.1537
HN,2021-08,0.1795,0.4605,0.2061,0.1538
HN,2021-09,0.1792,0.4613,0.206,0.1535
HN,2021-10,0.1789,0.4617,0.206,0.1534
HN,2021-11,0.1787,0.4623,0.2059,0.1531
HN,2021-12,0.1783,0.4632,0.2057,0.1529
HN,2022-01,0.178,0.4639,0.2057,0.1523
HN,2022-02,0.1779,0.4642,0.2056,0.1523
HN,2022-03,0.1777,0.4645,0.2055,0.1523
HN,2022-04,0.1778,0.4646,0.2055,0.1521
HN,2022-05,0.1784,0.4637,0.2056,0.1523
HN,2022-06,0.1786,0.4634,0.2056,0.1524
HN,2022-07,0.1787,0.4623,0.2056,0.1534
HN,2022-08,0.1785,0.4624,0.2057,0.1534
HN,2022-09,0.1785,0.4625,0.2058,0.1533
HN,2022-10,0.1781,0.4627,0.2057,0.1535
HN,2022-11,0.1781,0.4639,0.2056,0.1524
HN,2022-12,0.1779,0.4635,0.2058,0.1527
HN,2023-01,0.1777,0.4639,0.2058,0.1526
HN,2023-02,0.1776,0.4639,0.2058,0.1527
HN,2023-03,0.1776,0.4645,0.2058,0.1521
HN,2023-04,0.1779,0.4641,0.206,0.152
HN,2023-05,0.1785,0.4626,0.2062,0.1527
HN,2023-06,0.1787,0.4613,0.2065,0.1535
HN,2023-07,0.1787,0.461,0.2064,0.1539
HN,2023-08,0.1786,0.4615,0.2064,0.1535
HN,2023-09,0.1785,0.4615,0.2066,0.1534
HN,2023-10,0.1783,0.4619,0.2064,0.1534
HN,2023-11,0.1781,0.4624,0.2065,0.153
HN,2023-12,0.1779,0.4627,0.2065,0.1529
HN,2024-01,0.1776,0.4637,0.2065,0.1521
HN,2024-02,0.1776,0.4635,0.2065,0.1524
HN,2024-03,0.1777,0.4637,0.2067,0.152
HN,2024-04,0.178,0.4628,0.2067,0.1525
HN,2024-05,0.1783,0.4622,0.2066,0.1529
HN,2024-06,0.1786,0.4612,0.2066,0.1536
HN,2024-07,0.1785,0.4607,0.2067,0.154
HN,2024-08,0.1786,0.46,0.2071,0.1543
HN,2024-09,0.1787,0.4596,0.2074,0.1543
HN,2024-10,0.1786,0.4597,0.2076,0.154
HN,2024-11,0.1781,0.4609,0.2072,0.1537
HN,2024-12,0.1778,0.4615,0.2073,0.1535
HN,2025-01,0.1775,0.4633,0.207,0.1522
HN,2025-02,0.1775,0.463,0.2069,0.1527
HN,2025-03,0.1774,0.4627,0.2071,0.1528
HN,2025-04,0.1777,0.4621,0.2072,0.1529
HN,2025-05,0.1781,0.461,0.2071,0.1537
HN,2025-06,0.1783,0.4607,0.207,0.154
HN,2025-07,0.1785,0.4597,0.2074,0.1543
HN,2025-08,0.1786,0.459,0.2079,0.1544
HN,2025-09,0.1784,0.4595,0.2078,0.1544
HN,2025-10,0.178,0.4599,0.2078,0.1542
HN,2025-11,0.178,0.4604,0.208,0.1536
HN,2025-12,0.1779,0.4609,0.208,0.1533
HN,2026-01,0.1776,0.4614,0.2078,0.1531
HN,2026-02,0.1775,0.4626,0.2077,0.1522
HN,2026-03,0.1775,0.4621,0.2079,0.1525
HN,2026-04,0.1776,0.4617,0.2078,0.1529
HN,2026-05,0.178,0.4609,0.2078,0.1534
HN,2026-06,0.178,0.4609,0.2078,0.1534
HN,2026-07,0.178,0.4609,0.2078,0.1534
HN,2026-08,0.178,0.4609,0.2078,0.1534
HR,2019-01,0.0597,0.6488,0.0067,0.2847
HR,2019-02,0.0525,0.6947,0.0104,0.2423
HR,2019-03,0.0677,0.5589,0.0398,0.3335
HR,2019-04,0.062,0.6645,0.0427,0.2307
HR,2019-05,0.0444,0.7505,0.0289,0.1762
HR,2019-06,0.067,0.7341,0.0511,0.1478
HR,2019-07,0.0845,0.6604,0.0704,0.1846
HR,2019-08,0.0783,0.6555,0.0737,0.1924
HR,2019-09,0.101,0.5701,0.0622,0.2667
HR,2019-10,0.1076,0.6101,0.0449,0.2374
HR,2019-11,0.044,0.7692,0,0.1868
HR,2019-12,0.0495,0.7699,0.001,0.1795
HR,2020-01,0.0643,0.715,0.0072,0.2136
HR,2020-02,0.0762,0.6241,0.0126,0.2871
HR,2020-03,0.0631,0.6025,0.0296,0.3047
HR,2020-04,0.084,0.5854,0.0619,0.2687
HR,2020-05,0.0765,0.5598,0.0519,0.3119
HR,2020-06,0.0848,0.6422,0.0574,0.2155
HR,2020-07,0.0882,0.5752,0.0721,0.2644
HR,2020-08,0.074,0.5772,0.0717,0.2772
HR,2020-09,0.086,0.5676,0.0505,0.296
HR,2020-10,0.0544,0.7461,0.0171,0.1824
HR,2020-11,0.0696,0.676,0.0082,0.2462
HR,2020-12,0.0481,0.7788,0,0.1731
HR,2021-01,0.0439,0.7543,0,0.2018
HR,2021-02,0.0411,0.794,0.0004,0.1644
HR,2021-03,0.0607,0.6788,0.0216,0.2389
HR,2021-04,0.0677,0.6732,0.0331,0.226
HR,2021-05,0.0516,0.728,0.0324,0.188
HR,2021-06,0.0744,0.6921,0.0666,0.1669
HR,2021-07,0.0908,0.6105,0.0732,0.2255
HR,2021-08,0.0755,0.61,0.0617,0.2528
HR,2021-09,0.1134,0.5393,0.0673,0.28
HR,2021-10,0.1086,0.4311,0.0382,0.4221
HR,2021-11,0.0859,0.608,0.0047,0.3013
HR,2021-12,0.056,0.7102,0.0013,0.2325
HR,2022-01,0.0663,0.6714,0.0045,0.2579
HR,2022-02,0.081,0.5721,0.0144,0.3325
HR,2022-03,0.0861,0.5089,0.049,0.356
HR,2022-04,0.076,0.5299,0.0699,0.3243
HR,2022-05,0.0903,0.5771,0.0977,0.235
HR,2022-06,0.0895,0.5699,0.0899,0.2508
HR,2022-07,0.0912,0.4788,0.1005,0.3295
HR,2022-08,0.0995,0.4261,0.1001,0.3743
HR,2022-09,0.1017,0.4642,0.0615,0.3725
HR,2022-10,0.108,0.5185,0.0671,0.3064
HR,2022-11,0.0863,0.5703,0.0067,0.3367
HR,2022-12,0.0635,0.7303,0.0019,0.2042
HR,2023-01,0.0502,0.6867,0.0013,0.2618
HR,2023-02,0.0652,0.6409,0.0078,0.2861
HR,2023-03,0.05,0.6999,0.04,0.21
HR,2023-04,0.062,0.6097,0.0585,0.2698
HR,2023-05,0.0451,0.7026,0.036,0.2162
HR,2023-06,0.0608,0.6843,0.0706,0.1842
HR,2023-07,0.067,0.6252,0.1307,0.1771
HR,2023-08,0.0638,0.5904,0.1039,0.2419
HR,2023-09,0.0789,0.4882,0.079,0.354
HR,2023-10,0.0772,0.5419,0.0591,0.3218
HR,2023-11,0.0485,0.6796,0.0194,0.2524
HR,2023-12,0.0579,0.6718,0.0301,0.2403
HR,2024-01,0.0583,0.6145,0.0404,0.2868
HR,2024-02,0.0622,0.6104,0.0541,0.2733
HR,2024-03,0.0519,0.6445,0.0457,0.2579
HR,2024-04,0.0619,0.5572,0.1247,0.2562
HR,2024-05,0.0687,0.5211,0.1566,0.2536
HR,2024-06,0.0695,0.5851,0.1653,0.1801
HR,2024-07,0.0647,0.4939,0.1994,0.242
HR,2024-08,0.0704,0.4572,0.2339,0.2385
HR,2024-09,0.0601,0.4392,0.151,0.3497
HR,2024-10,0.064,0.6407,0.0707,0.2246
HR,2024-11,0.0661,0.4964,0.0688,0.3687
HR,2024-12,0.0615,0.5312,0.0296,0.3777
HR,2025-01,0.0569,0.5432,0.0392,0.3607
HR,2025-02,0.0736,0.5241,0.0858,0.3165
HR,2025-03,0.0477,0.5395,0.1091,0.3036
HR,2025-04,0.0543,0.5144,0.132,0.2993
HR,2025-05,0.0611,0.453,0.2207,0.2651
HR,2025-06,0.0628,0.4001,0.2663,0.2708
HR,2025-07,0.0547,0.4219,0.2628,0.2606
HR,2025-08,0.0638,0.3897,0.2446,0.3019
HR,2025-09,0.0818,0.3872,0.2425,0.2885
HR,2025-10,0.071,0.3139,0.1613,0.4537
HR,2025-11,0.0668,0.4634,0.0842,0.3855
HR,2025-12,0.0792,0.5391,0.0474,0.3343
HR,2026-01,0.0613,0.6521,0.0244,0.2623
HR,2026-02,0.0477,0.6952,0.038,0.2191
HR,2026-03,0.0604,0.5042,0.098,0.3375
HR,2026-04,0.0667,0.4202,0.1406,0.3725
HR,2026-05,0.0712,0.3925,0.1894,0.3469
HR,2026-06,0.0742,0.4281,0.2526,0.2451
HR,2026-07,0.0742,0.4281,0.2526,0.2451
HR,2026-08,0.0742,0.4281,0.2526,0.2451
HT,2019-01,0,1,0,0
HT,2019-02,0,1,0,0
HT,2019-03,0,1,0,0
HT,2019-04,0,1,0,0
HT,2019-05,0,1,0,0
HT,2019-06,0,1,0,0
HT,2019-07,0,1,0,0
HT,2019-08,0,1,0,0
HT,2019-09,0,1,0,0
HT,2019-10,0,1,0,0
HT,2019-11,0,1,0,0
HT,2019-12,0,1,0,0
HT,2020-01,0,1,0,0
HT,2020-02,0,1,0,0
HT,2020-03,0,1,0,0
HT,2020-04,0,1,0,0
HT,2020-05,0,1,0,0
HT,2020-06,0,1,0,0
HT,2020-07,0,1,0,0
HT,2020-08,0,1,0,0
HT,2020-09,0,1,0,0
HT,2020-10,0,1,0,0
HT,2020-11,0,1,0,0
HT,2020-12,0,1,0,0
HT,2021-01,0,1,0,0
HT,2021-02,0,1,0,0
HT,2021-03,0,1,0,0
HT,2021-04,0,1,0,0
HT,2021-05,0,1,0,0
HT,2021-06,0,1,0,0
HT,2021-07,0,1,0,0
HT,2021-08,0,1,0,0
HT,2021-09,0,1,0,0
HT,2021-10,0,1,0,0
HT,2021-11,0,1,0,0
HT,2021-12,0,1,0,0
HT,2022-01,0,1,0,0
HT,2022-02,0,1,0,0
HT,2022-03,0,1,0,0
HT,2022-04,0,1,0,0
HT,2022-05,0,1,0,0
HT,2022-06,0,1,0,0
HT,2022-07,0,1,0,0
HT,2022-08,0,1,0,0
HT,2022-09,0,1,0,0
HT,2022-10,0,1,0,0
HT,2022-11,0,1,0,0
HT,2022-12,0,1,0,0
HT,2023-01,0,1,0,0
HT,2023-02,0,1,0,0
HT,2023-03,0,1,0,0
HT,2023-04,0,1,0,0
HT,2023-05,0,1,0,0
HT,2023-06,0,1,0,0
HT,2023-07,0,1,0,0
HT,2023-08,0,1,0,0
HT,2023-09,0,1,0,0
HT,2023-10,0,1,0,0
HT,2023-11,0,1,0,0
HT,2023-12,0,1,0,0
HT,2024-01,0,1,0,0
HT,2024-02,0,1,0,0
HT,2024-03,0,1,0,0
HT,2024-04,0,1,0,0
HT,2024-05,0,1,0,0
HT,2024-06,0,1,0,0
HT,2024-07,0,1,0,0
HT,2024-08,0,1,0,0
HT,2024-09,0,1,0,0
HT,2024-10,0,1,0,0
HT,2024-11,0,1,0,0
HT,2024-12,0,1,0,0
HT,2025-01,0,1,0,0
HT,2025-02,0,1,0,0
HT,2025-03,0,1,0,0
HT,2025-04,0,1,0,0
HT,2025-05,0,1,0,0
HT,2025-06,0,1,0,0
HT,2025-07,0,1,0,0
HT,2025-08,0,1,0,0
HT,2025-09,0,1,0,0
HT,2025-10,0,1,0,0
HT,2025-11,0,1,0,0
HT,2025-12,0,1,0,0
HT,2026-01,0,1,0,0
HT,2026-02,0,1,0,0
HT,2026-03,0,1,0,0
HT,2026-04,0,1,0,0
HT,2026-05,0,1,0,0
HT,2026-06,0,1,0,0
HT,2026-07,0,1,0,0
HT,2026-08,0,1,0,0
HU,2019-01,0.2197,0.3336,0.0803,0.3664
HU,2019-02,0.1821,0.3517,0.152,0.3143
HU,2019-03,0.1596,0.31,0.2134,0.3171
HU,2019-04,0.1716,0.3075,0.2684,0.2525
HU,2019-05,0.1419,0.3698,0.2358,0.2525
HU,2019-06,0.1511,0.3602,0.3268,0.1618
HU,2019-07,0.1783,0.2877,0.3855,0.1484
HU,2019-08,0.1569,0.2959,0.3822,0.165
HU,2019-09,0.1666,0.2719,0.3422,0.2193
HU,2019-10,0.22,0.2164,0.3178,0.2458
HU,2019-11,0.2258,0.3416,0.1374,0.2953
HU,2019-12,0.2244,0.3265,0.1042,0.3448
HU,2020-01,0.2102,0.3499,0.1272,0.3128
HU,2020-02,0.1487,0.2827,0.2055,0.3632
HU,2020-03,0.1583,0.2705,0.3096,0.2616
HU,2020-04,0.1544,0.2164,0.4822,0.1471
HU,2020-05,0.1358,0.2674,0.4069,0.1898
HU,2020-06,0.1489,0.2821,0.3968,0.1722
HU,2020-07,0.1499,0.2407,0.4726,0.1368
HU,2020-08,0.1351,0.2591,0.4658,0.14
HU,2020-09,0.1261,0.2145,0.4911,0.1683
HU,2020-10,0.1779,0.277,0.2822,0.2628
HU,2020-11,0.1959,0.3618,0.1719,0.2704
HU,2020-12,0.2204,0.3537,0.1005,0.3254
HU,2021-01,0.1974,0.3327,0.1793,0.2906
HU,2021-02,0.1701,0.2919,0.2791,0.2589
HU,2021-03,0.142,0.2127,0.4314,0.2139
HU,2021-04,0.1506,0.1998,0.4581,0.1915
HU,2021-05,0.1224,0.2292,0.4708,0.1777
HU,2021-06,0.1324,0.1949,0.5883,0.0845
HU,2021-07,0.1245,0.2063,0.554,0.1152
HU,2021-08,0.1255,0.203,0.5499,0.1217
HU,2021-09,0.1318,0.1928,0.552,0.1234
HU,2021-10,0.1542,0.1816,0.4404,0.2238
HU,2021-11,0.1784,0.2892,0.2637,0.2686
HU,2021-12,0.1805,0.3117,0.1849,0.323
HU,2022-01,0.1755,0.2461,0.2572,0.3212
HU,2022-02,0.139,0.205,0.3322,0.3238
HU,2022-03,0.1377,0.1778,0.5351,0.1495
HU,2022-04,0.1431,0.178,0.4911,0.1878
HU,2022-05,0.1101,0.173,0.6092,0.1077
HU,2022-06,0.1049,0.155,0.6383,0.1017
HU,2022-07,0.1073,0.1253,0.6522,0.1152
HU,2022-08,0.114,0.1603,0.6203,0.1054
HU,2022-09,0.12,0.1833,0.5258,0.1709
HU,2022-10,0.1711,0.153,0.514,0.162
HU,2022-11,0.2025,0.2804,0.2298,0.2874
HU,2022-12,0.1979,0.2764,0.2307,0.295
HU,2023-01,0.1544,0.2726,0.2305,0.3425
HU,2023-02,0.121,0.1952,0.4488,0.235
HU,2023-03,0.1033,0.1589,0.5374,0.2004
HU,2023-04,0.0985,0.1357,0.6209,0.1449
HU,2023-05,0.0586,0.1707,0.6591,0.1116
HU,2023-06,0.0626,0.1536,0.7077,0.0762
HU,2023-07,0.0368,0.0955,0.7926,0.0751
HU,2023-08,0.039,0.103,0.7841,0.0739
HU,2023-09,0.0525,0.0966,0.7671,0.0838
HU,2023-10,0.1057,0.1307,0.5904,0.1732
HU,2023-11,0.119,0.2539,0.3533,0.2737
HU,2023-12,0.1162,0.3064,0.2506,0.3268
HU,2024-01,0.119,0.236,0.3668,0.2782
HU,2024-02,0.1019,0.201,0.4558,0.2414
HU,2024-03,0.0844,0.1719,0.5748,0.1689
HU,2024-04,0.0693,0.0909,0.7349,0.1049
HU,2024-05,0.0452,0.1077,0.782,0.0652
HU,2024-06,0.0524,0.1025,0.7829,0.0622
HU,2024-07,0.0359,0.0909,0.8092,0.064
HU,2024-08,0.039,0.0874,0.8042,0.0694
HU,2024-09,0.0795,0.1238,0.6715,0.1251
HU,2024-10,0.0942,0.1465,0.6229,0.1364
HU,2024-11,0.1482,0.1905,0.4613,0.2
HU,2024-12,0.1868,0.2121,0.3251,0.2759
HU,2025-01,0.1598,0.2225,0.3698,0.2479
HU,2025-02,0.1369,0.1602,0.5652,0.1377
HU,2025-03,0.1202,0.1129,0.6469,0.12
HU,2025-04,0.0982,0.0611,0.7767,0.064
HU,2025-05,0.0769,0.07,0.7933,0.0597
HU,2025-06,0.0625,0.0544,0.833,0.0501
HU,2025-07,0.0637,0.0465,0.8379,0.0518
HU,2025-08,0.0749,0.0486,0.8252,0.0513
HU,2025-09,0.0757,0.0713,0.7749,0.078
HU,2025-10,0.1354,0.0749,0.6708,0.1189
HU,2025-11,0.1576,0.1967,0.4288,0.217
HU,2025-12,0.1972,0.25,0.2972,0.2556
HU,2026-01,0.1702,0.265,0.2754,0.2894
HU,2026-02,0.1281,0.1956,0.469,0.2073
HU,2026-03,0.0918,0.1045,0.691,0.1127
HU,2026-04,0.0835,0.0552,0.8013,0.06
HU,2026-05,0.0654,0.0697,0.8024,0.0625
HU,2026-06,0.0582,0.0452,0.8594,0.0371
HU,2026-07,0.0582,0.0452,0.8594,0.0371
HU,2026-08,0.0582,0.0452,0.8594,0.0371
ID,2019-01,0.3566,0.6231,0.0045,0.0157
ID,2019-02,0.3564,0.6232,0.0046,0.0158
ID,2019-03,0.356,0.623,0.005,0.016
ID,2019-04,0.3557,0.6231,0.0052,0.0161
ID,2019-05,0.3551,0.6234,0.0052,0.0162
ID,2019-06,0.3552,0.624,0.0051,0.0157
ID,2019-07,0.3551,0.6245,0.0049,0.0155
ID,2019-08,0.3552,0.6244,0.005,0.0154
ID,2019-09,0.3552,0.6244,0.0051,0.0154
ID,2019-10,0.3553,0.624,0.005,0.0157
ID,2019-11,0.3559,0.6233,0.0048,0.016
ID,2019-12,0.3565,0.6229,0.0047,0.016
ID,2020-01,0.3565,0.6227,0.0049,0.0159
ID,2020-02,0.3564,0.6227,0.005,0.0159
ID,2020-03,0.3557,0.6223,0.0054,0.0166
ID,2020-04,0.3556,0.6225,0.0056,0.0163
ID,2020-05,0.3554,0.6227,0.0055,0.0164
ID,2020-06,0.355,0.6238,0.0053,0.0159
ID,2020-07,0.3548,0.6245,0.0051,0.0155
ID,2020-08,0.355,0.6242,0.0052,0.0155
ID,2020-09,0.3548,0.6245,0.0053,0.0154
ID,2020-10,0.3547,0.6241,0.0052,0.016
ID,2020-11,0.3558,0.623,0.005,0.0162
ID,2020-12,0.3564,0.6226,0.0048,0.0162
ID,2021-01,0.3563,0.6219,0.0051,0.0167
ID,2021-02,0.3561,0.6218,0.0053,0.0168
ID,2021-03,0.3561,0.6217,0.0056,0.0167
ID,2021-04,0.3557,0.6219,0.0056,0.0168
ID,2021-05,0.3551,0.6221,0.0058,0.0171
ID,2021-06,0.3551,0.6229,0.0057,0.0163
ID,2021-07,0.355,0.6235,0.0055,0.0161
ID,2021-08,0.3551,0.6237,0.0055,0.0158
ID,2021-09,0.3547,0.6239,0.0055,0.0159
ID,2021-10,0.3549,0.6231,0.0055,0.0165
ID,2021-11,0.3555,0.6223,0.0054,0.0168
ID,2021-12,0.3562,0.6217,0.0053,0.0168
ID,2022-01,0.3563,0.6218,0.0054,0.0164
ID,2022-02,0.3562,0.6218,0.0055,0.0165
ID,2022-03,0.3555,0.6212,0.0059,0.0174
ID,2022-04,0.3549,0.6213,0.0063,0.0175
ID,2022-05,0.3543,0.6219,0.0063,0.0175
ID,2022-06,0.3543,0.6228,0.0061,0.0168
ID,2022-07,0.3549,0.6231,0.006,0.0161
ID,2022-08,0.3553,0.6228,0.0059,0.016
ID,2022-09,0.3551,0.6223,0.0063,0.0163
ID,2022-10,0.3549,0.6219,0.0062,0.0171
ID,2022-11,0.3556,0.6216,0.0058,0.0171
ID,2022-12,0.3559,0.6213,0.0055,0.0174
ID,2023-01,0.3558,0.6209,0.0058,0.0174
ID,2023-02,0.3558,0.6209,0.006,0.0173
ID,2023-03,0.3556,0.6205,0.0065,0.0174
ID,2023-04,0.3551,0.6201,0.0067,0.0181
ID,2023-05,0.3549,0.6206,0.0068,0.0177
ID,2023-06,0.3551,0.6214,0.0068,0.0167
ID,2023-07,0.3551,0.6219,0.0064,0.0166
ID,2023-08,0.3548,0.6227,0.0065,0.016
ID,2023-09,0.3547,0.6225,0.0065,0.0163
ID,2023-10,0.3547,0.6218,0.0068,0.0167
ID,2023-11,0.3552,0.6204,0.0064,0.018
ID,2023-12,0.3558,0.6206,0.0059,0.0177
ID,2024-01,0.3558,0.6204,0.0063,0.0175
ID,2024-02,0.3558,0.6204,0.0064,0.0174
ID,2024-03,0.3552,0.6196,0.0073,0.018
ID,2024-04,0.3548,0.62,0.0076,0.0177
ID,2024-05,0.3542,0.6204,0.008,0.0175
ID,2024-06,0.354,0.6213,0.0077,0.017
ID,2024-07,0.3541,0.6219,0.0073,0.0167
ID,2024-08,0.3544,0.6221,0.0074,0.016
ID,2024-09,0.3545,0.6213,0.0073,0.017
ID,2024-10,0.3545,0.6206,0.0074,0.0175
ID,2024-11,0.355,0.6202,0.0071,0.0177
ID,2024-12,0.3553,0.6201,0.0068,0.0178
ID,2025-01,0.3551,0.6194,0.0075,0.018
ID,2025-02,0.3551,0.6194,0.0076,0.0179
ID,2025-03,0.3546,0.6188,0.0082,0.0184
ID,2025-04,0.3541,0.6185,0.0091,0.0183
ID,2025-05,0.3538,0.6191,0.0091,0.018
ID,2025-06,0.3535,0.6202,0.009,0.0172
ID,2025-07,0.3538,0.6204,0.0088,0.017
ID,2025-08,0.3541,0.6208,0.0086,0.0165
ID,2025-09,0.3537,0.6211,0.0084,0.0168
ID,2025-10,0.3541,0.6209,0.0079,0.0172
ID,2025-11,0.3541,0.6192,0.0081,0.0186
ID,2025-12,0.3548,0.6193,0.0077,0.0182
ID,2026-01,0.3548,0.6189,0.0082,0.0182
ID,2026-02,0.3547,0.6189,0.0083,0.0181
ID,2026-03,0.3545,0.6189,0.0089,0.0177
ID,2026-04,0.3539,0.6183,0.0097,0.0181
ID,2026-05,0.3534,0.6185,0.0101,0.018
ID,2026-06,0.3534,0.6185,0.0101,0.018
ID,2026-07,0.3534,0.6185,0.0101,0.018
ID,2026-08,0.3534,0.6185,0.0101,0.018
IE,2019-01,0.0105,0.1198,0.0036,0.8661
IE,2019-02,0.0057,0.0939,0.0043,0.8961
IE,2019-03,0.0084,0.1475,0.0085,0.8356
IE,2019-04,0.0095,0.1131,0.0133,0.8641
IE,2019-05,0.0108,0.1075,0.017,0.8647
IE,2019-06,0.0098,0.1276,0.0192,0.8434
IE,2019-07,0.0143,0.1117,0.0264,0.8476
IE,2019-08,0.0091,0.1123,0.0158,0.8628
IE,2019-09,0.0092,0.1215,0.0129,0.8564
IE,2019-10,0.0082,0.144,0.0071,0.8407
IE,2019-11,0.0084,0.1539,0.0035,0.8343
IE,2019-12,0.0083,0.1384,0.0028,0.8505
IE,2020-01,0.0072,0.1149,0.0032,0.8747
IE,2020-02,0.0055,0.0986,0.0041,0.8919
IE,2020-03,0.0068,0.1319,0.008,0.8533
IE,2020-04,0.0139,0.1325,0.0247,0.8289
IE,2020-05,0.0108,0.0851,0.0207,0.8835
IE,2020-06,0.0102,0.0844,0.0203,0.8851
IE,2020-07,0.0093,0.1074,0.0197,0.8636
IE,2020-08,0.0088,0.1514,0.0172,0.8226
IE,2020-09,0.0101,0.1294,0.0165,0.844
IE,2020-10,0.0076,0.108,0.0069,0.8775
IE,2020-11,0.0074,0.1438,0.0044,0.8445
IE,2020-12,0.0065,0.1253,0.0022,0.866
IE,2021-01,0.0056,0.1409,0.0021,0.8513
IE,2021-02,0.005,0.1087,0.0037,0.8825
IE,2021-03,0.0086,0.118,0.0106,0.8628
IE,2021-04,0.0106,0.1127,0.0175,0.8592
IE,2021-05,0.0138,0.1347,0.0268,0.8247
IE,2021-06,0.0103,0.0875,0.0247,0.8776
IE,2021-07,0.0266,0.1959,0.0603,0.7172
IE,2021-08,0.0108,0.1126,0.0218,0.8549
IE,2021-09,0.0116,0.0935,0.0199,0.8749
IE,2021-10,0.0071,0.0884,0.0082,0.8963
IE,2021-11,0.0067,0.098,0.0038,0.8915
IE,2021-12,0.0056,0.0925,0.0022,0.8997
IE,2022-01,0.0062,0.1097,0.0036,0.8804
IE,2022-02,0.0047,0.0763,0.0045,0.9146
IE,2022-03,0.0064,0.1066,0.0095,0.8775
IE,2022-04,0.0055,0.0632,0.011,0.9203
IE,2022-05,0.0062,0.0612,0.0166,0.9159
IE,2022-06,0.0092,0.0699,0.026,0.8948
IE,2022-07,0.014,0.1062,0.0399,0.8399
IE,2022-08,0.0135,0.0681,0.0356,0.8828
IE,2022-09,0.0088,0.0668,0.0166,0.9079
IE,2022-10,0.0061,0.0923,0.0093,0.8924
IE,2022-11,0.0053,0.0976,0.0041,0.893
IE,2022-12,0.0067,0.1008,0.003,0.8895
IE,2023-01,0.0059,0.1171,0.0039,0.8731
IE,2023-02,0.0063,0.071,0.0074,0.9153
IE,2023-03,0.0069,0.0985,0.0119,0.8827
IE,2023-04,0.0079,0.1161,0.0461,0.8299
IE,2023-05,0.0126,0.1416,0.1174,0.7285
IE,2023-06,0.0112,0.1046,0.1308,0.7533
IE,2023-07,0.0082,0.1095,0.0867,0.7956
IE,2023-08,0.0081,0.1247,0.0813,0.786
IE,2023-09,0.0094,0.1046,0.0675,0.8184
IE,2023-10,0.0119,0.1565,0.0486,0.783
IE,2023-11,0.0074,0.1257,0.0218,0.8451
IE,2023-12,0.0052,0.1002,0.0093,0.8852
IE,2024-01,0.0342,0.1338,0.0202,0.8118
IE,2024-02,0.0402,0.1163,0.0228,0.8208
IE,2024-03,0.037,0.1128,0.0333,0.8169
IE,2024-04,0.0478,0.1303,0.0772,0.7448
IE,2024-05,0.0775,0.1479,0.1543,0.6203
IE,2024-06,0.0615,0.1175,0.1584,0.6626
IE,2024-07,0.0462,0.1179,0.1864,0.6495
IE,2024-08,0.0113,0.0947,0.1246,0.7693
IE,2024-09,0.012,0.0901,0.106,0.7919
IE,2024-10,0.0402,0.0894,0.0585,0.8119
IE,2024-11,0.0462,0.1,0.0307,0.8231
IE,2024-12,0.0326,0.0956,0.0197,0.8521
IE,2025-01,0.045,0.109,0.0318,0.8141
IE,2025-02,0.0317,0.0882,0.0382,0.8418
IE,2025-03,0.0542,0.0964,0.1002,0.7493
IE,2025-04,0.0475,0.1068,0.1551,0.6907
IE,2025-05,0.0517,0.1303,0.2306,0.5874
IE,2025-06,0.0295,0.1108,0.1897,0.67
IE,2025-07,0.0219,0.1004,0.2173,0.6604
IE,2025-08,0.0483,0.0923,0.1844,0.6751
IE,2025-09,0.0414,0.106,0.1218,0.7307
IE,2025-10,0.0449,0.1146,0.0628,0.7777
IE,2025-11,0.0405,0.1202,0.04,0.7992
IE,2025-12,0.0358,0.1144,0.0238,0.826
IE,2026-01,0.0449,0.1235,0.0323,0.7993
IE,2026-02,0.0353,0.1239,0.0414,0.7994
IE,2026-03,0.033,0.1126,0.0957,0.7587
IE,2026-04,0.0416,0.1108,0.1476,0.7
IE,2026-05,0.0505,0.1074,0.231,0.611
IE,2026-06,0.0483,0.1032,0.2374,0.6111
IE,2026-07,0.0483,0.1032,0.2374,0.6111
IE,2026-08,0.0483,0.1032,0.2374,0.6111
IL,2019-01,0.0311,0,0.9149,0.0539
IL,2019-02,0.0311,0,0.9149,0.0539
IL,2019-03,0.0311,0,0.9149,0.0539
IL,2019-04,0.0311,0,0.9149,0.0539
IL,2019-05,0.0311,0,0.9149,0.0539
IL,2019-06,0.0311,0,0.9149,0.0539
IL,2019-07,0.0311,0,0.9149,0.0539
IL,2019-08,0.0311,0,0.9149,0.0539
IL,2019-09,0.0311,0,0.9149,0.0539
IL,2019-10,0.0311,0,0.9149,0.0539
IL,2019-11,0.0311,0,0.9149,0.0539
IL,2019-12,0.0311,0,0.9149,0.0539
IL,2020-01,0.0311,0,0.9149,0.0539
IL,2020-02,0.0311,0,0.9149,0.0539
IL,2020-03,0.0311,0,0.9149,0.0539
IL,2020-04,0.0311,0,0.9149,0.0539
IL,2020-05,0.0311,0,0.9149,0.0539
IL,2020-06,0.0311,0,0.9149,0.0539
IL,2020-07,0.0311,0,0.9149,0.0539
IL,2020-08,0.0311,0,0.9149,0.0539
IL,2020-09,0.0311,0,0.9149,0.0539
IL,2020-10,0.0311,0,0.9149,0.0539
IL,2020-11,0.0311,0,0.9149,0.0539
IL,2020-12,0.0311,0,0.9149,0.0539
IL,2021-01,0.0311,0,0.9149,0.0539
IL,2021-02,0.0311,0,0.9149,0.0539
IL,2021-03,0.0311,0,0.9149,0.0539
IL,2021-04,0.0311,0,0.9149,0.0539
IL,2021-05,0.0311,0,0.9149,0.0539
IL,2021-06,0.0311,0,0.9149,0.0539
IL,2021-07,0.0311,0,0.9149,0.0539
IL,2021-08,0.0311,0,0.9149,0.0539
IL,2021-09,0.0311,0,0.9149,0.0539
IL,2021-10,0.0311,0,0.9149,0.0539
IL,2021-11,0.0311,0,0.9149,0.0539
IL,2021-12,0.0311,0,0.9149,0.0539
IL,2022-01,0.0311,0,0.9149,0.0539
IL,2022-02,0.0311,0,0.9149,0.0539
IL,2022-03,0.0311,0,0.9149,0.0539
IL,2022-04,0.0311,0,0.9149,0.0539
IL,2022-05,0.0311,0,0.9149,0.0539
IL,2022-06,0.0311,0,0.9149,0.0539
IL,2022-07,0.0311,0,0.9149,0.0539
IL,2022-08,0.0311,0,0.9149,0.0539
IL,2022-09,0.0311,0,0.9149,0.0539
IL,2022-10,0.0311,0,0.9149,0.0539
IL,2022-11,0.0311,0,0.9149,0.0539
IL,2022-12,0.0311,0,0.9149,0.0539
IL,2023-01,0.0311,0,0.9149,0.0539
IL,2023-02,0.0311,0,0.9149,0.0539
IL,2023-03,0.0311,0,0.9149,0.0539
IL,2023-04,0.0311,0,0.9149,0.0539
IL,2023-05,0.0311,0,0.9149,0.0539
IL,2023-06,0.0311,0,0.9149,0.0539
IL,2023-07,0.0311,0,0.9149,0.0539
IL,2023-08,0.0311,0,0.9149,0.0539
IL,2023-09,0.0311,0,0.9149,0.0539
IL,2023-10,0.0311,0,0.9149,0.0539
IL,2023-11,0.0311,0,0.9149,0.0539
IL,2023-12,0.0311,0,0.9149,0.0539
IL,2024-01,0.0311,0,0.9149,0.0539
IL,2024-02,0.0311,0,0.9149,0.0539
IL,2024-03,0.0311,0,0.9149,0.0539
IL,2024-04,0.0311,0,0.9149,0.0539
IL,2024-05,0.0311,0,0.9149,0.0539
IL,2024-06,0.0311,0,0.9149,0.0539
IL,2024-07,0.0311,0,0.9149,0.0539
IL,2024-08,0.0311,0,0.9149,0.0539
IL,2024-09,0.0311,0,0.9149,0.0539
IL,2024-10,0.0311,0,0.9149,0.0539
IL,2024-11,0.0311,0,0.9149,0.0539
IL,2024-12,0.0311,0,0.9149,0.0539
IL,2025-01,0.0311,0,0.9149,0.0539
IL,2025-02,0.0311,0,0.9149,0.0539
IL,2025-03,0.0311,0,0.9149,0.0539
IL,2025-04,0.0311,0,0.9149,0.0539
IL,2025-05,0.0311,0,0.9149,0.0539
IL,2025-06,0.0311,0,0.9149,0.0539
IL,2025-07,0.0311,0,0.9149,0.0539
IL,2025-08,0.0311,0,0.9149,0.0539
IL,2025-09,0.0311,0,0.9149,0.0539
IL,2025-10,0.0311,0,0.9149,0.0539
IL,2025-11,0.0311,0,0.9149,0.0539
IL,2025-12,0.0311,0,0.9149,0.0539
IL,2026-01,0.0311,0,0.9149,0.0539
IL,2026-02,0.0311,0,0.9149,0.0539
IL,2026-03,0.0311,0,0.9149,0.0539
IL,2026-04,0.0311,0,0.9149,0.0539
IL,2026-05,0.0311,0,0.9149,0.0539
IL,2026-06,0.0311,0,0.9149,0.0539
IL,2026-07,0.0311,0,0.9149,0.0539
IL,2026-08,0.0311,0,0.9149,0.0539
IN,2019-01,0.154,0.4654,0.2107,0.1698
IN,2019-02,0.1332,0.4573,0.221,0.1885
IN,2019-03,0.1118,0.4946,0.2331,0.1605
IN,2019-04,0.0688,0.5543,0.1995,0.1774
IN,2019-05,0.0327,0.5544,0.1635,0.2494
IN,2019-06,0.0184,0.5316,0.139,0.3111
IN,2019-07,0.0159,0.5182,0.1134,0.3525
IN,2019-08,0.0142,0.6012,0.1081,0.2765
IN,2019-09,0.0139,0.6948,0.1191,0.1722
IN,2019-10,0.0222,0.7013,0.1825,0.094
IN,2019-11,0.0565,0.5771,0.222,0.1444
IN,2019-12,0.1058,0.4853,0.21,0.1989
IN,2020-01,0.1109,0.4707,0.249,0.1695
IN,2020-02,0.1026,0.4504,0.2706,0.1764
IN,2020-03,0.0821,0.4655,0.2883,0.1642
IN,2020-04,0.0547,0.5113,0.27,0.1641
IN,2020-05,0.033,0.5295,0.2142,0.2233
IN,2020-06,0.0154,0.5712,0.161,0.2524
IN,2020-07,0.0145,0.6058,0.1585,0.2213
IN,2020-08,0.0128,0.5797,0.1319,0.2757
IN,2020-09,0.0149,0.6649,0.1615,0.1587
IN,2020-10,0.023,0.5931,0.2189,0.165
IN,2020-11,0.0898,0.4797,0.259,0.1714
IN,2020-12,0.1145,0.4387,0.2577,0.189
IN,2021-01,0.118,0.4319,0.2701,0.18
IN,2021-02,0.1133,0.4151,0.3187,0.153
IN,2021-03,0.0861,0.4078,0.3431,0.163
IN,2021-04,0.0576,0.4279,0.3315,0.183
IN,2021-05,0.0266,0.461,0.2473,0.2651
IN,2021-06,0.014,0.4987,0.1975,0.2898
IN,2021-07,0.0262,0.5246,0.1499,0.2993
IN,2021-08,0.0123,0.5785,0.1611,0.2481
IN,2021-09,0.0123,0.5895,0.1852,0.213
IN,2021-10,0.0212,0.614,0.2555,0.1093
IN,2021-11,0.0841,0.4985,0.263,0.1544
IN,2021-12,0.1165,0.4087,0.3068,0.168
IN,2022-01,0.1132,0.3785,0.3481,0.1603
IN,2022-02,0.1028,0.3737,0.3781,0.1454
IN,2022-03,0.091,0.4155,0.3448,0.1487
IN,2022-04,0.0641,0.4458,0.3396,0.1505
IN,2022-05,0.0297,0.3912,0.2851,0.294
IN,2022-06,0.0186,0.4282,0.2696,0.2835
IN,2022-07,0.0118,0.528,0.199,0.2612
IN,2022-08,0.0099,0.5895,0.1953,0.2054
IN,2022-09,0.009,0.5936,0.2296,0.1678
IN,2022-10,0.0181,0.5614,0.3102,0.1103
IN,2022-11,0.0715,0.4543,0.3705,0.1037
IN,2022-12,0.0971,0.3761,0.366,0.1607
IN,2023-01,0.098,0.3287,0.3841,0.1892
IN,2023-02,0.0873,0.3621,0.4234,0.1273
IN,2023-03,0.0759,0.3223,0.442,0.1598
IN,2023-04,0.05,0.3589,0.4274,0.1637
IN,2023-05,0.0259,0.3657,0.3649,0.2435
IN,2023-06,0.0123,0.3967,0.2868,0.3042
IN,2023-07,0.0095,0.4661,0.222,0.3024
IN,2023-08,0.0087,0.5051,0.2164,0.2698
IN,2023-09,0.0111,0.4785,0.2692,0.2413
IN,2023-10,0.0161,0.4375,0.4192,0.1272
IN,2023-11,0.0796,0.3438,0.4119,0.1647
IN,2023-12,0.0935,0.2828,0.4099,0.2139
IN,2024-01,0.0973,0.2938,0.4336,0.1753
IN,2024-02,0.0802,0.2548,0.4682,0.1968
IN,2024-03,0.0618,0.2625,0.5149,0.1608
IN,2024-04,0.0375,0.3065,0.4895,0.1665
IN,2024-05,0.0166,0.3638,0.3947,0.225
IN,2024-06,0.0119,0.3889,0.3366,0.2626
IN,2024-07,0.0094,0.4211,0.2657,0.3038
IN,2024-08,0.0097,0.5101,0.2542,0.226
IN,2024-09,0.0087,0.5056,0.2834,0.2022
IN,2024-10,0.015,0.4723,0.4165,0.0962
IN,2024-11,0.0488,0.3547,0.4802,0.1164
IN,2024-12,0.0783,0.2937,0.4307,0.1973
IN,2025-01,0.0784,0.2621,0.4748,0.1847
IN,2025-02,0.0649,0.257,0.5214,0.1568
IN,2025-03,0.038,0.2672,0.5487,0.1461
IN,2025-04,0.0211,0.2816,0.5246,0.1727
IN,2025-05,0.014,0.3259,0.4127,0.2475
IN,2025-06,0.0092,0.3619,0.3289,0.3
IN,2025-07,0.0232,0.4035,0.2689,0.3044
IN,2025-08,0.008,0.4599,0.2969,0.2352
IN,2025-09,0.0072,0.4545,0.34,0.1983
IN,2025-10,0.0129,0.4226,0.4115,0.153
IN,2025-11,0.0515,0.3117,0.5069,0.1299
IN,2025-12,0.0661,0.2611,0.535,0.1378
IN,2026-01,0.0624,0.2225,0.5327,0.1823
IN,2026-02,0.0505,0.2218,0.5745,0.1531
IN,2026-03,0.0298,0.2481,0.5881,0.134
IN,2026-04,0.0175,0.2589,0.5675,0.1561
IN,2026-05,0.0124,0.2605,0.5037,0.2234
IN,2026-06,0.0124,0.2605,0.5037,0.2234
IN,2026-07,0.0124,0.2605,0.5037,0.2234
IN,2026-08,0.0124,0.2605,0.5037,0.2234
IQ,2019-01,0.0002,0.977,0.021,0.0017
IQ,2019-02,0.0002,0.977,0.021,0.0017
IQ,2019-03,0.0002,0.977,0.021,0.0017
IQ,2019-04,0.0002,0.977,0.021,0.0017
IQ,2019-05,0.0002,0.977,0.021,0.0017
IQ,2019-06,0.0002,0.977,0.021,0.0017
IQ,2019-07,0.0002,0.977,0.021,0.0017
IQ,2019-08,0.0002,0.977,0.021,0.0017
IQ,2019-09,0.0002,0.977,0.021,0.0017
IQ,2019-10,0.0002,0.977,0.021,0.0017
IQ,2019-11,0.0002,0.977,0.021,0.0017
IQ,2019-12,0.0002,0.977,0.021,0.0017
IQ,2020-01,0.0002,0.977,0.021,0.0017
IQ,2020-02,0.0002,0.977,0.021,0.0017
IQ,2020-03,0.0002,0.977,0.021,0.0017
IQ,2020-04,0.0002,0.977,0.021,0.0017
IQ,2020-05,0.0002,0.977,0.021,0.0017
IQ,2020-06,0.0002,0.977,0.021,0.0017
IQ,2020-07,0.0002,0.977,0.021,0.0017
IQ,2020-08,0.0002,0.977,0.021,0.0017
IQ,2020-09,0.0002,0.977,0.021,0.0017
IQ,2020-10,0.0002,0.977,0.021,0.0017
IQ,2020-11,0.0002,0.977,0.021,0.0017
IQ,2020-12,0.0002,0.977,0.021,0.0017
IQ,2021-01,0.0002,0.977,0.021,0.0017
IQ,2021-02,0.0002,0.977,0.021,0.0017
IQ,2021-03,0.0002,0.977,0.021,0.0017
IQ,2021-04,0.0002,0.977,0.021,0.0017
IQ,2021-05,0.0002,0.977,0.021,0.0017
IQ,2021-06,0.0002,0.977,0.021,0.0017
IQ,2021-07,0.0002,0.977,0.021,0.0017
IQ,2021-08,0.0002,0.977,0.021,0.0017
IQ,2021-09,0.0002,0.977,0.021,0.0017
IQ,2021-10,0.0002,0.977,0.021,0.0017
IQ,2021-11,0.0002,0.977,0.021,0.0017
IQ,2021-12,0.0002,0.977,0.021,0.0017
IQ,2022-01,0.0002,0.977,0.021,0.0017
IQ,2022-02,0.0002,0.977,0.021,0.0017
IQ,2022-03,0.0002,0.977,0.021,0.0017
IQ,2022-04,0.0002,0.977,0.021,0.0017
IQ,2022-05,0.0002,0.977,0.021,0.0017
IQ,2022-06,0.0002,0.977,0.021,0.0017
IQ,2022-07,0.0002,0.977,0.021,0.0017
IQ,2022-08,0.0002,0.977,0.021,0.0017
IQ,2022-09,0.0002,0.977,0.021,0.0017
IQ,2022-10,0.0002,0.977,0.021,0.0017
IQ,2022-11,0.0002,0.977,0.021,0.0017
IQ,2022-12,0.0002,0.977,0.021,0.0017
IQ,2023-01,0.0002,0.977,0.021,0.0017
IQ,2023-02,0.0002,0.977,0.021,0.0017
IQ,2023-03,0.0002,0.977,0.021,0.0017
IQ,2023-04,0.0002,0.977,0.021,0.0017
IQ,2023-05,0.0002,0.977,0.021,0.0017
IQ,2023-06,0.0002,0.977,0.021,0.0017
IQ,2023-07,0.0002,0.977,0.021,0.0017
IQ,2023-08,0.0002,0.977,0.021,0.0017
IQ,2023-09,0.0002,0.977,0.021,0.0017
IQ,2023-10,0.0002,0.977,0.021,0.0017
IQ,2023-11,0.0002,0.977,0.021,0.0017
IQ,2023-12,0.0002,0.977,0.021,0.0017
IQ,2024-01,0.0002,0.977,0.021,0.0017
IQ,2024-02,0.0002,0.977,0.021,0.0017
IQ,2024-03,0.0002,0.977,0.021,0.0017
IQ,2024-04,0.0002,0.977,0.021,0.0017
IQ,2024-05,0.0002,0.977,0.021,0.0017
IQ,2024-06,0.0002,0.977,0.021,0.0017
IQ,2024-07,0.0002,0.977,0.021,0.0017
IQ,2024-08,0.0002,0.977,0.021,0.0017
IQ,2024-09,0.0002,0.977,0.021,0.0017
IQ,2024-10,0.0002,0.977,0.021,0.0017
IQ,2024-11,0.0002,0.977,0.021,0.0017
IQ,2024-12,0.0002,0.977,0.021,0.0017
IQ,2025-01,0.0002,0.977,0.021,0.0017
IQ,2025-02,0.0002,0.977,0.021,0.0017
IQ,2025-03,0.0002,0.977,0.021,0.0017
IQ,2025-04,0.0002,0.977,0.021,0.0017
IQ,2025-05,0.0002,0.977,0.021,0.0017
IQ,2025-06,0.0002,0.977,0.021,0.0017
IQ,2025-07,0.0002,0.977,0.021,0.0017
IQ,2025-08,0.0002,0.977,0.021,0.0017
IQ,2025-09,0.0002,0.977,0.021,0.0017
IQ,2025-10,0.0002,0.977,0.021,0.0017
IQ,2025-11,0.0002,0.977,0.021,0.0017
IQ,2025-12,0.0002,0.977,0.021,0.0017
IQ,2026-01,0.0002,0.977,0.021,0.0017
IQ,2026-02,0.0002,0.977,0.021,0.0017
IQ,2026-03,0.0002,0.977,0.021,0.0017
IQ,2026-04,0.0002,0.977,0.021,0.0017
IQ,2026-05,0.0002,0.977,0.021,0.0017
IQ,2026-06,0.0002,0.977,0.021,0.0017
IQ,2026-07,0.0002,0.977,0.021,0.0017
IQ,2026-08,0.0002,0.977,0.021,0.0017
IR,2019-01,0,1,0,0
IR,2019-02,0,1,0,0
IR,2019-03,0,1,0,0
IR,2019-04,0,1,0,0
IR,2019-05,0,1,0,0
IR,2019-06,0,1,0,0
IR,2019-07,0,1,0,0
IR,2019-08,0,1,0,0
IR,2019-09,0,1,0,0
IR,2019-10,0,1,0,0
IR,2019-11,0,1,0,0
IR,2019-12,0,1,0,0
IR,2020-01,0,1,0,0
IR,2020-02,0,1,0,0
IR,2020-03,0,1,0,0
IR,2020-04,0,1,0,0
IR,2020-05,0,1,0,0
IR,2020-06,0,1,0,0
IR,2020-07,0,1,0,0
IR,2020-08,0,1,0,0
IR,2020-09,0,1,0,0
IR,2020-10,0,1,0,0
IR,2020-11,0,1,0,0
IR,2020-12,0,1,0,0
IR,2021-01,0,1,0,0
IR,2021-02,0,1,0,0
IR,2021-03,0,1,0,0
IR,2021-04,0,1,0,0
IR,2021-05,0,1,0,0
IR,2021-06,0,1,0,0
IR,2021-07,0,0.9991,0.0007,0.0001
IR,2021-08,0,0.9987,0.0011,0.0002
IR,2021-09,0,0.9977,0.0019,0.0003
IR,2021-10,0,1,0,0
IR,2021-11,0,1,0,0
IR,2021-12,0,1,0,0
IR,2022-01,0,1,0,0
IR,2022-02,0,1,0,0
IR,2022-03,0,1,0,0
IR,2022-04,0,0.999,0.0008,0.0001
IR,2022-05,0,0.9986,0.0011,0.0002
IR,2022-06,0,0.999,0.0008,0.0001
IR,2022-07,0,1,0,0
IR,2022-08,0,1,0,0
IR,2022-09,0,1,0,0
IR,2022-10,0,1,0,0
IR,2022-11,0,0.9996,0.0003,0.0001
IR,2022-12,0,1,0,0
IR,2023-01,0,0.9991,0.0007,0.0001
IR,2023-02,0,0.9999,0.0001,0
IR,2023-03,0,1,0,0
IR,2023-04,0,1,0,0
IR,2023-05,0,1,0,0
IR,2023-06,0,1,0,0
IR,2023-07,0,1,0,0
IR,2023-08,0,1,0,0
IR,2023-09,0,1,0,0
IR,2023-10,0,1,0,0
IR,2023-11,0,0.9998,0.0001,0
IR,2023-12,0,1,0,0
IR,2024-01,0,1,0,0
IR,2024-02,0,1,0,0
IR,2024-03,0,1,0,0
IR,2024-04,0,1,0,0
IR,2024-05,0,1,0,0
IR,2024-06,0,1,0,0
IR,2024-07,0,1,0,0
IR,2024-08,0,0.9999,0.0001,0
IR,2024-09,0,1,0,0
IR,2024-10,0,1,0,0
IR,2024-11,0,1,0,0
IR,2024-12,0,1,0,0
IR,2025-01,0,1,0,0
IR,2025-02,0,1,0,0
IR,2025-03,0,0.9994,0.0005,0.0001
IR,2025-04,0,0.9992,0.0007,0.0001
IR,2025-05,0,0.9992,0.0007,0.0001
IR,2025-06,0,0.9992,0.0007,0.0001
IR,2025-07,0,0.9992,0.0007,0.0001
IR,2025-08,0,0.9992,0.0007,0.0001
IR,2025-09,0,0.9992,0.0007,0.0001
IR,2025-10,0,0.9992,0.0007,0.0001
IR,2025-11,0,0.9992,0.0007,0.0001
IR,2025-12,0,0.9992,0.0007,0.0001
IR,2026-01,0,0.9992,0.0007,0.0001
IR,2026-02,0,0.9992,0.0007,0.0001
IR,2026-03,0,0.9992,0.0007,0.0001
IR,2026-04,0,0.9992,0.0007,0.0001
IR,2026-05,0,0.9992,0.0007,0.0001
IR,2026-06,0,0.9992,0.0007,0.0001
IR,2026-07,0,0.9992,0.0007,0.0001
IR,2026-08,0,0.9992,0.0007,0.0001
IS,2019-01,0,0.9993,0,0.0007
IS,2019-02,0,0.9993,0,0.0007
IS,2019-03,0,0.9993,0,0.0007
IS,2019-04,0,0.9993,0,0.0007
IS,2019-05,0,0.9993,0,0.0007
IS,2019-06,0,0.9993,0,0.0007
IS,2019-07,0,0.9993,0,0.0007
IS,2019-08,0,0.9993,0,0.0007
IS,2019-09,0,0.9993,0,0.0007
IS,2019-10,0,0.9993,0,0.0007
IS,2019-11,0,0.9993,0,0.0007
IS,2019-12,0,0.9993,0,0.0007
IS,2020-01,0,0.9993,0,0.0007
IS,2020-02,0,0.9993,0,0.0007
IS,2020-03,0,0.9993,0,0.0007
IS,2020-04,0,0.9993,0,0.0007
IS,2020-05,0,0.9993,0,0.0007
IS,2020-06,0,0.9993,0,0.0007
IS,2020-07,0,0.9993,0,0.0007
IS,2020-08,0,0.9993,0,0.0007
IS,2020-09,0,0.9993,0,0.0007
IS,2020-10,0,0.9993,0,0.0007
IS,2020-11,0,0.9993,0,0.0007
IS,2020-12,0,0.9993,0,0.0007
IS,2021-01,0,0.9993,0,0.0007
IS,2021-02,0,0.9993,0,0.0007
IS,2021-03,0,0.9993,0,0.0007
IS,2021-04,0,0.9993,0,0.0007
IS,2021-05,0,0.9993,0,0.0007
IS,2021-06,0,0.9993,0,0.0007
IS,2021-07,0,0.9993,0,0.0007
IS,2021-08,0,0.9993,0,0.0007
IS,2021-09,0,0.9993,0,0.0007
IS,2021-10,0,0.9993,0,0.0007
IS,2021-11,0,0.9993,0,0.0007
IS,2021-12,0,0.9993,0,0.0007
IS,2022-01,0,0.9993,0,0.0007
IS,2022-02,0,0.9993,0,0.0007
IS,2022-03,0,0.9993,0,0.0007
IS,2022-04,0,0.9993,0,0.0007
IS,2022-05,0,0.9993,0,0.0007
IS,2022-06,0,0.9993,0,0.0007
IS,2022-07,0,0.9993,0,0.0007
IS,2022-08,0,0.9993,0,0.0007
IS,2022-09,0,0.9993,0,0.0007
IS,2022-10,0,0.9993,0,0.0007
IS,2022-11,0,0.9993,0,0.0007
IS,2022-12,0,0.9993,0,0.0007
IS,2023-01,0,0.9993,0,0.0007
IS,2023-02,0,0.9993,0,0.0007
IS,2023-03,0,0.9993,0,0.0007
IS,2023-04,0,0.9993,0,0.0007
IS,2023-05,0,0.9993,0,0.0007
IS,2023-06,0,0.9993,0,0.0007
IS,2023-07,0,0.9993,0,0.0007
IS,2023-08,0,0.9993,0,0.0007
IS,2023-09,0,0.9993,0,0.0007
IS,2023-10,0,0.9993,0,0.0007
IS,2023-11,0,0.9993,0,0.0007
IS,2023-12,0,0.9993,0,0.0007
IS,2024-01,0,0.9993,0,0.0007
IS,2024-02,0,0.9993,0,0.0007
IS,2024-03,0,0.9993,0,0.0007
IS,2024-04,0,0.9993,0,0.0007
IS,2024-05,0,0.9993,0,0.0007
IS,2024-06,0,0.9993,0,0.0007
IS,2024-07,0,0.9993,0,0.0007
IS,2024-08,0,0.9993,0,0.0007
IS,2024-09,0,0.9993,0,0.0007
IS,2024-10,0,0.9993,0,0.0007
IS,2024-11,0,0.9993,0,0.0007
IS,2024-12,0,0.9993,0,0.0007
IS,2025-01,0,0.9993,0,0.0007
IS,2025-02,0,0.9993,0,0.0007
IS,2025-03,0,0.9993,0,0.0007
IS,2025-04,0,0.9993,0,0.0007
IS,2025-05,0,0.9993,0,0.0007
IS,2025-06,0,0.9993,0,0.0007
IS,2025-07,0,0.9993,0,0.0007
IS,2025-08,0,0.9993,0,0.0007
IS,2025-09,0,0.9993,0,0.0007
IS,2025-10,0,0.9993,0,0.0007
IS,2025-11,0,0.9993,0,0.0007
IS,2025-12,0,0.9993,0,0.0007
IS,2026-01,0,0.9993,0,0.0007
IS,2026-02,0,0.9993,0,0.0007
IS,2026-03,0,0.9993,0,0.0007
IS,2026-04,0,0.9993,0,0.0007
IS,2026-05,0,0.9993,0,0.0007
IS,2026-06,0,0.9993,0,0.0007
IS,2026-07,0,0.9993,0,0.0007
IS,2026-08,0,0.9993,0,0.0007
IT,2019-01,0.1935,0.3688,0.126,0.3117
IT,2019-02,0.1679,0.3461,0.183,0.303
IT,2019-03,0.1749,0.2688,0.2489,0.3073
IT,2019-04,0.1735,0.393,0.2456,0.1879
IT,2019-05,0.1423,0.466,0.2199,0.1719
IT,2019-06,0.1197,0.5285,0.2513,0.1005
IT,2019-07,0.1323,0.4959,0.2503,0.1216
IT,2019-08,0.1576,0.48,0.2761,0.0863
IT,2019-09,0.1671,0.4316,0.2449,0.1565
IT,2019-10,0.2047,0.4104,0.2165,0.1683
IT,2019-11,0.1567,0.5049,0.0905,0.2479
IT,2019-12,0.1603,0.476,0.0888,0.2748
IT,2020-01,0.1861,0.4356,0.1428,0.2355
IT,2020-02,0.1634,0.3414,0.1824,0.3128
IT,2020-03,0.1765,0.3651,0.2209,0.2375
IT,2020-04,0.1684,0.3962,0.2883,0.1471
IT,2020-05,0.1356,0.459,0.2442,0.1612
IT,2020-06,0.1282,0.4815,0.2475,0.1428
IT,2020-07,0.1391,0.4671,0.2849,0.1089
IT,2020-08,0.1512,0.4436,0.2747,0.1306
IT,2020-09,0.1539,0.4454,0.2416,0.1592
IT,2020-10,0.1551,0.4807,0.1637,0.2005
IT,2020-11,0.1913,0.479,0.1507,0.179
IT,2020-12,0.1888,0.4543,0.0874,0.2694
IT,2021-01,0.1712,0.4302,0.0957,0.3029
IT,2021-02,0.1637,0.4421,0.1601,0.2341
IT,2021-03,0.1656,0.3683,0.2414,0.2247
IT,2021-04,0.1663,0.3765,0.265,0.1922
IT,2021-05,0.1277,0.4262,0.2551,0.1909
IT,2021-06,0.1238,0.5154,0.2641,0.0966
IT,2021-07,0.1263,0.4803,0.2552,0.1382
IT,2021-08,0.1309,0.4599,0.2596,0.1496
IT,2021-09,0.1692,0.4069,0.2783,0.1456
IT,2021-10,0.1689,0.3883,0.2026,0.2403
IT,2021-11,0.1931,0.4126,0.1305,0.2639
IT,2021-12,0.1731,0.3629,0.1143,0.3496
IT,2022-01,0.1751,0.3262,0.1595,0.3392
IT,2022-02,0.1694,0.2593,0.2199,0.3515
IT,2022-03,0.1811,0.2415,0.2928,0.2846
IT,2022-04,0.1459,0.2464,0.3156,0.2921
IT,2022-05,0.1349,0.3854,0.3303,0.1494
IT,2022-06,0.1253,0.3896,0.3351,0.1499
IT,2022-07,0.1339,0.3767,0.3573,0.1322
IT,2022-08,0.1556,0.3333,0.3562,0.1548
IT,2022-09,0.1603,0.2984,0.3032,0.2381
IT,2022-10,0.1985,0.3029,0.2963,0.2023
IT,2022-11,0.1843,0.3494,0.1576,0.3087
IT,2022-12,0.2123,0.3791,0.1238,0.2847
IT,2023-01,0.1767,0.3301,0.1385,0.3547
IT,2023-02,0.17,0.2835,0.2392,0.3074
IT,2023-03,0.1507,0.2358,0.2905,0.323
IT,2023-04,0.129,0.2447,0.3509,0.2754
IT,2023-05,0.1121,0.4317,0.2851,0.1711
IT,2023-06,0.1086,0.4633,0.3206,0.1075
IT,2023-07,0.114,0.4038,0.3388,0.1435
IT,2023-08,0.1167,0.3757,0.3361,0.1714
IT,2023-09,0.1257,0.3851,0.3037,0.1856
IT,2023-10,0.1325,0.3876,0.2386,0.2414
IT,2023-11,0.1147,0.4277,0.142,0.3157
IT,2023-12,0.1353,0.4174,0.1287,0.3186
IT,2024-01,0.1375,0.3829,0.1374,0.3422
IT,2024-02,0.1347,0.3643,0.1863,0.3146
IT,2024-03,0.1169,0.4056,0.2351,0.2425
IT,2024-04,0.1001,0.4163,0.2942,0.1893
IT,2024-05,0.0942,0.4671,0.3002,0.1384
IT,2024-06,0.0916,0.49,0.308,0.1104
IT,2024-07,0.0968,0.4566,0.343,0.1036
IT,2024-08,0.1088,0.3962,0.3894,0.1056
IT,2024-09,0.1146,0.396,0.309,0.1804
IT,2024-10,0.1081,0.5168,0.2131,0.162
IT,2024-11,0.1346,0.3993,0.2275,0.2386
IT,2024-12,0.1439,0.3081,0.1906,0.3573
IT,2025-01,0.1238,0.3779,0.1698,0.3285
IT,2025-02,0.1343,0.3818,0.2737,0.2101
IT,2025-03,0.1148,0.3046,0.3364,0.2442
IT,2025-04,0.0959,0.3359,0.3824,0.1858
IT,2025-05,0.0829,0.3923,0.372,0.1529
IT,2025-06,0.0761,0.3876,0.4205,0.1158
IT,2025-07,0.0786,0.3461,0.4214,0.1539
IT,2025-08,0.0906,0.3302,0.4351,0.1441
IT,2025-09,0.0965,0.3675,0.3872,0.1488
IT,2025-10,0.114,0.2991,0.3232,0.2637
IT,2025-11,0.1383,0.3384,0.2656,0.2576
IT,2025-12,0.1904,0.3287,0.2325,0.2484
IT,2026-01,0.1255,0.3226,0.1874,0.3644
IT,2026-02,0.1223,0.309,0.2547,0.3139
IT,2026-03,0.1145,0.3388,0.3425,0.2042
IT,2026-04,0.0973,0.277,0.441,0.1847
IT,2026-05,0.094,0.281,0.4506,0.1744
IT,2026-06,0.0845,0.3424,0.4677,0.1055
IT,2026-07,0.0845,0.3424,0.4677,0.1055
IT,2026-08,0.0845,0.3424,0.4677,0.1055
JM,2019-01,0.1187,0.2712,0.1525,0.4575
JM,2019-02,0.1187,0.2712,0.1525,0.4575
JM,2019-03,0.1187,0.2712,0.1525,0.4575
JM,2019-04,0.1187,0.2712,0.1525,0.4575
JM,2019-05,0.1187,0.2712,0.1525,0.4575
JM,2019-06,0.1187,0.2712,0.1525,0.4575
JM,2019-07,0.1187,0.2712,0.1525,0.4575
JM,2019-08,0.1187,0.2712,0.1525,0.4575
JM,2019-09,0.1187,0.2712,0.1525,0.4575
JM,2019-10,0.1187,0.2712,0.1525,0.4575
JM,2019-11,0.1187,0.2712,0.1525,0.4575
JM,2019-12,0.1187,0.2712,0.1525,0.4575
JM,2020-01,0.1187,0.2712,0.1525,0.4575
JM,2020-02,0.1187,0.2712,0.1525,0.4575
JM,2020-03,0.1187,0.2712,0.1525,0.4575
JM,2020-04,0.1187,0.2712,0.1525,0.4575
JM,2020-05,0.1187,0.2712,0.1525,0.4575
JM,2020-06,0.1187,0.2712,0.1525,0.4575
JM,2020-07,0.1187,0.2712,0.1525,0.4575
JM,2020-08,0.1187,0.2712,0.1525,0.4575
JM,2020-09,0.1187,0.2712,0.1525,0.4575
JM,2020-10,0.1187,0.2712,0.1525,0.4575
JM,2020-11,0.1187,0.2712,0.1525,0.4575
JM,2020-12,0.1187,0.2712,0.1525,0.4575
JM,2021-01,0.1187,0.2712,0.1525,0.4575
JM,2021-02,0.1187,0.2712,0.1525,0.4575
JM,2021-03,0.1187,0.2712,0.1525,0.4575
JM,2021-04,0.1187,0.2712,0.1525,0.4575
JM,2021-05,0.1187,0.2712,0.1525,0.4575
JM,2021-06,0.1187,0.2712,0.1525,0.4575
JM,2021-07,0.1187,0.2712,0.1525,0.4575
JM,2021-08,0.1187,0.2712,0.1525,0.4575
JM,2021-09,0.1187,0.2712,0.1525,0.4575
JM,2021-10,0.1187,0.2712,0.1525,0.4575
JM,2021-11,0.1187,0.2712,0.1525,0.4575
JM,2021-12,0.1187,0.2712,0.1525,0.4575
JM,2022-01,0.1187,0.2712,0.1525,0.4575
JM,2022-02,0.1187,0.2712,0.1525,0.4575
JM,2022-03,0.1187,0.2712,0.1525,0.4575
JM,2022-04,0.1187,0.2712,0.1525,0.4575
JM,2022-05,0.1187,0.2712,0.1525,0.4575
JM,2022-06,0.1187,0.2712,0.1525,0.4575
JM,2022-07,0.1187,0.2712,0.1525,0.4575
JM,2022-08,0.1187,0.2712,0.1525,0.4575
JM,2022-09,0.1187,0.2712,0.1525,0.4575
JM,2022-10,0.1187,0.2712,0.1525,0.4575
JM,2022-11,0.1187,0.2712,0.1525,0.4575
JM,2022-12,0.1187,0.2712,0.1525,0.4575
JM,2023-01,0.1187,0.2712,0.1525,0.4575
JM,2023-02,0.1187,0.2712,0.1525,0.4575
JM,2023-03,0.1187,0.2712,0.1525,0.4575
JM,2023-04,0.1187,0.2712,0.1525,0.4575
JM,2023-05,0.1187,0.2712,0.1525,0.4575
JM,2023-06,0.1187,0.2712,0.1525,0.4575
JM,2023-07,0.1187,0.2712,0.1525,0.4575
JM,2023-08,0.1187,0.2712,0.1525,0.4575
JM,2023-09,0.1187,0.2712,0.1525,0.4575
JM,2023-10,0.1187,0.2712,0.1525,0.4575
JM,2023-11,0.1187,0.2712,0.1525,0.4575
JM,2023-12,0.1187,0.2712,0.1525,0.4575
JM,2024-01,0.1187,0.2712,0.1525,0.4575
JM,2024-02,0.1187,0.2712,0.1525,0.4575
JM,2024-03,0.1187,0.2712,0.1525,0.4575
JM,2024-04,0.1187,0.2712,0.1525,0.4575
JM,2024-05,0.1187,0.2712,0.1525,0.4575
JM,2024-06,0.1187,0.2712,0.1525,0.4575
JM,2024-07,0.1187,0.2712,0.1525,0.4575
JM,2024-08,0.1187,0.2712,0.1525,0.4575
JM,2024-09,0.1187,0.2712,0.1525,0.4575
JM,2024-10,0.1187,0.2712,0.1525,0.4575
JM,2024-11,0.1187,0.2712,0.1525,0.4575
JM,2024-12,0.1187,0.2712,0.1525,0.4575
JM,2025-01,0.1187,0.2712,0.1525,0.4575
JM,2025-02,0.1187,0.2712,0.1525,0.4575
JM,2025-03,0.1187,0.2712,0.1525,0.4575
JM,2025-04,0.1187,0.2712,0.1525,0.4575
JM,2025-05,0.1187,0.2712,0.1525,0.4575
JM,2025-06,0.1187,0.2712,0.1525,0.4575
JM,2025-07,0.1187,0.2712,0.1525,0.4575
JM,2025-08,0.1187,0.2712,0.1525,0.4575
JM,2025-09,0.1187,0.2712,0.1525,0.4575
JM,2025-10,0.1187,0.2712,0.1525,0.4575
JM,2025-11,0.1187,0.2712,0.1525,0.4575
JM,2025-12,0.1187,0.2712,0.1525,0.4575
JM,2026-01,0.1187,0.2712,0.1525,0.4575
JM,2026-02,0.1187,0.2712,0.1525,0.4575
JM,2026-03,0.1187,0.2712,0.1525,0.4575
JM,2026-04,0.1187,0.2712,0.1525,0.4575
JM,2026-05,0.1187,0.2712,0.1525,0.4575
JM,2026-06,0.1187,0.2712,0.1525,0.4575
JM,2026-07,0.1187,0.2712,0.1525,0.4575
JM,2026-08,0.1187,0.2712,0.1525,0.4575
JO,2019-01,0,0.0084,0.6946,0.297
JO,2019-02,0,0.0084,0.6946,0.297
JO,2019-03,0,0.0084,0.6946,0.297
JO,2019-04,0,0.0084,0.6946,0.297
JO,2019-05,0,0.0084,0.6946,0.297
JO,2019-06,0,0.0084,0.6946,0.297
JO,2019-07,0,0.0084,0.6946,0.297
JO,2019-08,0,0.0084,0.6946,0.297
JO,2019-09,0,0.0084,0.6946,0.297
JO,2019-10,0,0.0084,0.6946,0.297
JO,2019-11,0,0.0084,0.6946,0.297
JO,2019-12,0,0.0084,0.6946,0.297
JO,2020-01,0,0.0084,0.6946,0.297
JO,2020-02,0,0.0084,0.6946,0.297
JO,2020-03,0,0.0084,0.6946,0.297
JO,2020-04,0,0.0084,0.6946,0.297
JO,2020-05,0,0.0084,0.6946,0.297
JO,2020-06,0,0.0084,0.6946,0.297
JO,2020-07,0,0.0084,0.6946,0.297
JO,2020-08,0,0.0084,0.6946,0.297
JO,2020-09,0,0.0084,0.6946,0.297
JO,2020-10,0,0.0084,0.6946,0.297
JO,2020-11,0,0.0084,0.6946,0.297
JO,2020-12,0,0.0084,0.6946,0.297
JO,2021-01,0,0.0084,0.6946,0.297
JO,2021-02,0,0.0084,0.6946,0.297
JO,2021-03,0,0.0084,0.6946,0.297
JO,2021-04,0,0.0084,0.6946,0.297
JO,2021-05,0,0.0084,0.6946,0.297
JO,2021-06,0,0.0084,0.6946,0.297
JO,2021-07,0,0.0084,0.6946,0.297
JO,2021-08,0,0.0084,0.6946,0.297
JO,2021-09,0,0.0084,0.6946,0.297
JO,2021-10,0,0.0084,0.6946,0.297
JO,2021-11,0,0.0084,0.6946,0.297
JO,2021-12,0,0.0084,0.6946,0.297
JO,2022-01,0,0.0084,0.6946,0.297
JO,2022-02,0,0.0084,0.6946,0.297
JO,2022-03,0,0.0084,0.6946,0.297
JO,2022-04,0,0.0084,0.6946,0.297
JO,2022-05,0,0.0084,0.6946,0.297
JO,2022-06,0,0.0084,0.6946,0.297
JO,2022-07,0,0.0084,0.6946,0.297
JO,2022-08,0,0.0084,0.6946,0.297
JO,2022-09,0,0.0084,0.6946,0.297
JO,2022-10,0,0.0084,0.6946,0.297
JO,2022-11,0,0.0084,0.6946,0.297
JO,2022-12,0,0.0084,0.6946,0.297
JO,2023-01,0,0.0084,0.6946,0.297
JO,2023-02,0,0.0084,0.6946,0.297
JO,2023-03,0,0.0084,0.6946,0.297
JO,2023-04,0,0.0084,0.6946,0.297
JO,2023-05,0,0.0084,0.6946,0.297
JO,2023-06,0,0.0084,0.6946,0.297
JO,2023-07,0,0.0084,0.6946,0.297
JO,2023-08,0,0.0084,0.6946,0.297
JO,2023-09,0,0.0084,0.6946,0.297
JO,2023-10,0,0.0084,0.6946,0.297
JO,2023-11,0,0.0084,0.6946,0.297
JO,2023-12,0,0.0084,0.6946,0.297
JO,2024-01,0,0.0084,0.6946,0.297
JO,2024-02,0,0.0084,0.6946,0.297
JO,2024-03,0,0.0084,0.6946,0.297
JO,2024-04,0,0.0084,0.6946,0.297
JO,2024-05,0,0.0084,0.6946,0.297
JO,2024-06,0,0.0084,0.6946,0.297
JO,2024-07,0,0.0084,0.6946,0.297
JO,2024-08,0,0.0084,0.6946,0.297
JO,2024-09,0,0.0084,0.6946,0.297
JO,2024-10,0,0.0084,0.6946,0.297
JO,2024-11,0,0.0084,0.6946,0.297
JO,2024-12,0,0.0084,0.6946,0.297
JO,2025-01,0,0.0084,0.6946,0.297
JO,2025-02,0,0.0084,0.6946,0.297
JO,2025-03,0,0.0084,0.6946,0.297
JO,2025-04,0,0.0084,0.6946,0.297
JO,2025-05,0,0.0084,0.6946,0.297
JO,2025-06,0,0.0084,0.6946,0.297
JO,2025-07,0,0.0084,0.6946,0.297
JO,2025-08,0,0.0084,0.6946,0.297
JO,2025-09,0,0.0084,0.6946,0.297
JO,2025-10,0,0.0084,0.6946,0.297
JO,2025-11,0,0.0084,0.6946,0.297
JO,2025-12,0,0.0084,0.6946,0.297
JO,2026-01,0,0.0084,0.6946,0.297
JO,2026-02,0,0.0084,0.6946,0.297
JO,2026-03,0,0.0084,0.6946,0.297
JO,2026-04,0,0.0084,0.6946,0.297
JO,2026-05,0,0.0084,0.6946,0.297
JO,2026-06,0,0.0084,0.6946,0.297
JO,2026-07,0,0.0084,0.6946,0.297
JO,2026-08,0,0.0084,0.6946,0.297
JP,2019-01,0.1632,0.383,0.3622,0.0916
JP,2019-02,0.1575,0.4021,0.3685,0.0719
JP,2019-03,0.1378,0.3916,0.413,0.0576
JP,2019-04,0.116,0.389,0.4526,0.0424
JP,2019-05,0.1041,0.4187,0.4476,0.0297
JP,2019-06,0.1123,0.4661,0.3937,0.028
JP,2019-07,0.1227,0.5304,0.3226,0.0242
JP,2019-08,0.1262,0.4741,0.3727,0.027
JP,2019-09,0.1374,0.4407,0.3924,0.0295
JP,2019-10,0.1525,0.4538,0.3469,0.0467
JP,2019-11,0.1651,0.3866,0.3812,0.0672
JP,2019-12,0.188,0.4206,0.312,0.0794
JP,2020-01,0.1895,0.4294,0.3108,0.0702
JP,2020-02,0.1681,0.4086,0.3616,0.0618
JP,2020-03,0.154,0.3971,0.3927,0.0561
JP,2020-04,0.1165,0.4128,0.4228,0.0479
JP,2020-05,0.1187,0.4274,0.4193,0.0346
JP,2020-06,0.1165,0.4577,0.3965,0.0293
JP,2020-07,0.1375,0.5564,0.2801,0.026
JP,2020-08,0.1346,0.4057,0.4374,0.0223
JP,2020-09,0.1705,0.4096,0.381,0.039
JP,2020-10,0.1815,0.3645,0.4057,0.0483
JP,2020-11,0.1886,0.331,0.4095,0.0709
JP,2020-12,0.2245,0.3197,0.369,0.0869
JP,2021-01,0.221,0.3223,0.3708,0.0859
JP,2021-02,0.18,0.3052,0.4366,0.0783
JP,2021-03,0.1586,0.3817,0.4107,0.049
JP,2021-04,0.1523,0.3808,0.426,0.0409
JP,2021-05,0.1455,0.4606,0.3577,0.0362
JP,2021-06,0.159,0.4071,0.4128,0.0211
JP,2021-07,0.1769,0.4019,0.401,0.0202
JP,2021-08,0.1853,0.432,0.3529,0.0299
JP,2021-09,0.2005,0.418,0.3531,0.0284
JP,2021-10,0.2323,0.2853,0.4418,0.0406
JP,2021-11,0.2114,0.2855,0.4365,0.0667
JP,2021-12,0.2414,0.3615,0.3219,0.0752
JP,2022-01,0.254,0.3042,0.3631,0.0787
JP,2022-02,0.2411,0.248,0.431,0.08
JP,2022-03,0.2066,0.3045,0.4374,0.0514
JP,2022-04,0.1757,0.3741,0.4179,0.0323
JP,2022-05,0.1572,0.3873,0.4283,0.0272
JP,2022-06,0.1729,0.3592,0.4358,0.032
JP,2022-07,0.1894,0.3693,0.419,0.0223
JP,2022-08,0.2068,0.371,0.3968,0.0254
JP,2022-09,0.2062,0.3927,0.3737,0.0274
JP,2022-10,0.2399,0.3055,0.4154,0.0392
JP,2022-11,0.2695,0.2466,0.4264,0.0576
JP,2022-12,0.2826,0.2948,0.3355,0.0871
JP,2023-01,0.2708,0.295,0.3528,0.0814
JP,2023-02,0.2501,0.2844,0.4017,0.0638
JP,2023-03,0.22,0.3158,0.4245,0.0397
JP,2023-04,0.1862,0.357,0.4072,0.0496
JP,2023-05,0.1782,0.3719,0.42,0.0299
JP,2023-06,0.1991,0.391,0.3824,0.0276
JP,2023-07,0.2078,0.3427,0.4256,0.0239
JP,2023-08,0.2275,0.2934,0.4508,0.0284
JP,2023-09,0.2705,0.2529,0.452,0.0246
JP,2023-10,0.2649,0.2199,0.4686,0.0466
JP,2023-11,0.2736,0.2407,0.4026,0.0831
JP,2023-12,0.2993,0.2938,0.331,0.0758
JP,2024-01,0.2994,0.2835,0.3386,0.0785
JP,2024-02,0.2694,0.3169,0.3476,0.0661
JP,2024-03,0.2418,0.3033,0.3962,0.0587
JP,2024-04,0.19,0.3985,0.3745,0.037
JP,2024-05,0.1846,0.3406,0.4323,0.0424
JP,2024-06,0.1992,0.3334,0.4385,0.0289
JP,2024-07,0.2033,0.366,0.3987,0.032
JP,2024-08,0.2259,0.2861,0.4658,0.0222
JP,2024-09,0.2406,0.2927,0.438,0.0287
JP,2024-10,0.302,0.2826,0.3678,0.0476
JP,2024-11,0.2821,0.2868,0.3645,0.0666
JP,2024-12,0.3074,0.2583,0.3403,0.0939
JP,2025-01,0.3222,0.2418,0.3647,0.0713
JP,2025-02,0.2908,0.2065,0.412,0.0907
JP,2025-03,0.2678,0.2654,0.3982,0.0686
JP,2025-04,0.2222,0.3155,0.413,0.0493
JP,2025-05,0.2089,0.3745,0.3765,0.0401
JP,2025-06,0.2146,0.3561,0.3979,0.0314
JP,2025-07,0.2388,0.2691,0.4658,0.0262
JP,2025-08,0.261,0.2699,0.445,0.0241
JP,2025-09,0.2861,0.277,0.4029,0.0339
JP,2025-10,0.3306,0.2491,0.3716,0.0487
JP,2025-11,0.3209,0.2249,0.3767,0.0776
JP,2025-12,0.3495,0.2491,0.3084,0.0931
JP,2026-01,0.3242,0.2309,0.3464,0.0985
JP,2026-02,0.315,0.2153,0.3886,0.0812
JP,2026-03,0.2649,0.2042,0.4454,0.0854
JP,2026-04,0.2649,0.2042,0.4454,0.0854
JP,2026-05,0.2649,0.2042,0.4454,0.0854
JP,2026-06,0.2649,0.2042,0.4454,0.0854
JP,2026-07,0.2649,0.2042,0.4454,0.0854
JP,2026-08,0.2649,0.2042,0.4454,0.0854
KE,2019-01,0.0222,0.6231,0.0224,0.3323
KE,2019-02,0.0238,0.5961,0.0241,0.356
KE,2019-03,0.0227,0.6378,0.0231,0.3164
KE,2019-04,0.0548,0.5323,0.0285,0.3844
KE,2019-05,0.0237,0.5737,0.0242,0.3785
KE,2019-06,0.0509,0.6933,0.0262,0.2296
KE,2019-07,0.0243,0.66,0.0248,0.2909
KE,2019-08,0.0237,0.5973,0.0242,0.3548
KE,2019-09,0.0249,0.5762,0.0251,0.3738
KE,2019-10,0.0232,0.6287,0.0234,0.3247
KE,2019-11,0.0232,0.6987,0.0236,0.2545
KE,2019-12,0.0232,0.8372,0.0234,0.1162
KE,2020-01,0.0213,0.7661,0.0215,0.1912
KE,2020-02,0.0216,0.7395,0.0219,0.217
KE,2020-03,0.0213,0.7662,0.0215,0.1911
KE,2020-04,0.0001,0.7503,0.0252,0.2244
KE,2020-05,0.0221,0.7117,0.0223,0.2439
KE,2020-06,0.0227,0.7502,0.0229,0.2041
KE,2020-07,0.0204,0.735,0.0206,0.2241
KE,2020-08,0.02,0.7204,0.0202,0.2394
KE,2020-09,0.0192,0.6927,0.0194,0.2687
KE,2020-10,0.0196,0.7259,0.0198,0.2348
KE,2020-11,0.0179,0.6968,0.018,0.2673
KE,2020-12,0.0182,0.7276,0.0184,0.2359
KE,2021-01,0.0204,0.6745,0.0208,0.2843
KE,2021-02,0.0244,0.6839,0.0249,0.2668
KE,2021-03,0.0188,0.5866,0.0192,0.3754
KE,2021-04,0.0204,0.6333,0.0206,0.3257
KE,2021-05,0.0376,0.6988,0.0192,0.2444
KE,2021-06,0.0192,0.6168,0.0196,0.3444
KE,2021-07,0.0422,0.6195,0.0218,0.3166
KE,2021-08,0.0204,0.5541,0.0411,0.3845
KE,2021-09,0.0208,0.5449,0.042,0.3923
KE,2021-10,0.0361,0.5663,0.0366,0.3609
KE,2021-11,0.0375,0.5501,0.038,0.3744
KE,2021-12,0.0382,0.6556,0.0578,0.2484
KE,2022-01,0.0551,0.595,0.0556,0.2942
KE,2022-02,0.0707,0.5746,0.0714,0.2833
KE,2022-03,0.0398,0.4838,0.0798,0.3966
KE,2022-04,0.0431,0.5039,0.0652,0.3877
KE,2022-05,0.0212,0.5976,0.0638,0.3174
KE,2022-06,0.0208,0.5439,0.0624,0.3729
KE,2022-07,0.0204,0.5126,0.0411,0.4259
KE,2022-08,0.0408,0.5318,0.041,0.3865
KE,2022-09,0.0406,0.4923,0.0613,0.4058
KE,2022-10,0.0185,0.4654,0.0741,0.442
KE,2022-11,0.0422,0.4934,0.0849,0.3795
KE,2022-12,0.0472,0.5279,0.0948,0.3302
KE,2023-01,0.0427,0.4247,0.1074,0.4252
KE,2023-02,0.054,0.3268,0.1092,0.51
KE,2023-03,0.0559,0.4124,0.114,0.4178
KE,2023-04,0.0474,0.4778,0.0962,0.3785
KE,2023-05,0.0211,0.518,0.0846,0.3763
KE,2023-06,0.0207,0.547,0.0831,0.3493
KE,2023-07,0.0368,0.5226,0.0739,0.3666
KE,2023-08,0.02,0.5256,0.0798,0.3746
KE,2023-09,0.0439,0.561,0.0884,0.3067
KE,2023-10,0.0437,0.4754,0.0882,0.3927
KE,2023-11,0.0199,0.5863,0.0796,0.3143
KE,2023-12,0.0239,0.6674,0.0956,0.2131
KE,2024-01,0.0428,0.5702,0.0875,0.2994
KE,2024-02,0.0404,0.5552,0.0824,0.322
KE,2024-03,0.0355,0.5389,0.0725,0.3532
KE,2024-04,0.0389,0.7242,0.0793,0.1576
KE,2024-05,0.0382,0.6917,0.0778,0.1923
KE,2024-06,0.0362,0.6009,0.0737,0.2891
KE,2024-07,0.0362,0.6717,0.0559,0.2362
KE,2024-08,0.0367,0.6133,0.057,0.293
KE,2024-09,0.0374,0.5318,0.0765,0.3543
KE,2024-10,0.0548,0.5412,0.0751,0.3289
KE,2024-11,0.0396,0.5638,0.0809,0.3157
KE,2024-12,0.0389,0.5903,0.0794,0.2915
KE,2025-01,0.0567,0.5625,0.0777,0.3031
KE,2025-02,0.058,0.4949,0.0794,0.3677
KE,2025-03,0.0745,0.5309,0.0765,0.3182
KE,2025-04,0.058,0.5904,0.0794,0.2723
KE,2025-05,0.0559,0.6606,0.0764,0.2071
KE,2025-06,0.039,0.5904,0.0602,0.3105
KE,2025-07,0.0529,0.5918,0.0551,0.3002
KE,2025-08,0.0566,0.5996,0.0592,0.2847
KE,2025-09,0.0588,0.5454,0.0808,0.315
KE,2025-10,0.0555,0.5712,0.0764,0.2969
KE,2025-11,0.0511,0.5048,0.07,0.374
KE,2025-12,0.056,0.5862,0.0765,0.2813
KE,2026-01,0.0532,0.5019,0.0901,0.3548
KE,2026-02,0.0643,0.5672,0.0878,0.2807
KE,2026-03,0.0555,0.6616,0.0764,0.2064
KE,2026-04,0.0388,0.592,0.0793,0.29
KE,2026-05,0.0388,0.592,0.0793,0.29
KE,2026-06,0.0388,0.592,0.0793,0.29
KE,2026-07,0.0388,0.592,0.0793,0.29
KE,2026-08,0.0388,0.592,0.0793,0.29
KG,2019-01,0,1,0,0
KG,2019-02,0,1,0,0
KG,2019-03,0,1,0,0
KG,2019-04,0,1,0,0
KG,2019-05,0,1,0,0
KG,2019-06,0,1,0,0
KG,2019-07,0,1,0,0
KG,2019-08,0,1,0,0
KG,2019-09,0,1,0,0
KG,2019-10,0.0009,0.995,0.0019,0.0023
KG,2019-11,0.0009,0.9949,0.0016,0.0026
KG,2019-12,0.0009,0.9953,0.0013,0.0024
KG,2020-01,0,1,0,0
KG,2020-02,0,1,0,0
KG,2020-03,0,1,0,0
KG,2020-04,0,1,0,0
KG,2020-05,0,1,0,0
KG,2020-06,0,1,0,0
KG,2020-07,0,1,0,0
KG,2020-08,0,1,0,0
KG,2020-09,0,1,0,0
KG,2020-10,0.001,0.9937,0.0024,0.0029
KG,2020-11,0.0012,0.9935,0.002,0.0032
KG,2020-12,0.0013,0.9937,0.0018,0.0032
KG,2021-01,0.0013,0.9927,0.0022,0.0038
KG,2021-02,0.0014,0.9921,0.0025,0.004
KG,2021-03,0.0013,0.9919,0.0028,0.0039
KG,2021-04,0.0017,0.9892,0.0039,0.0053
KG,2021-05,0.0018,0.9872,0.0046,0.0064
KG,2021-06,0.0016,0.9897,0.0041,0.0047
KG,2021-07,0,1,0,0
KG,2021-08,0,1,0,0
KG,2021-09,0,1,0,0
KG,2021-10,0,1,0,0
KG,2021-11,0,1,0,0
KG,2021-12,0,1,0,0
KG,2022-01,0,1,0,0
KG,2022-02,0,1,0,0
KG,2022-03,0,1,0,0
KG,2022-04,0.0041,0.9686,0.0117,0.0155
KG,2022-05,0.0037,0.9695,0.0117,0.0151
KG,2022-06,0.0035,0.9744,0.0104,0.0118
KG,2022-07,0,1,0,0
KG,2022-08,0,1,0,0
KG,2022-09,0,1,0,0
KG,2022-10,0.0038,0.973,0.0105,0.0127
KG,2022-11,0.0041,0.9747,0.0088,0.0124
KG,2022-12,0.0042,0.9748,0.0076,0.0134
KG,2023-01,0.0053,0.9669,0.0111,0.0167
KG,2023-02,0.0053,0.9661,0.012,0.0166
KG,2023-03,0.0052,0.9642,0.0139,0.0167
KG,2023-04,0,1,0,0
KG,2023-05,0,1,0,0
KG,2023-06,0,1,0,0
KG,2023-07,0,1,0,0
KG,2023-08,0,1,0,0
KG,2023-09,0,1,0,0
KG,2023-10,0,1,0,0
KG,2023-11,0,1,0,0
KG,2023-12,0,1,0,0
KG,2024-01,0.0037,0.9756,0.009,0.0117
KG,2024-02,0.0037,0.9753,0.0094,0.0116
KG,2024-03,0.0035,0.9714,0.0119,0.0132
KG,2024-04,0.0016,0.9858,0.0065,0.0062
KG,2024-05,0.0015,0.9851,0.0073,0.0061
KG,2024-06,0.0017,0.9849,0.0076,0.0059
KG,2024-07,0.0017,0.986,0.0069,0.0054
KG,2024-08,0.0018,0.987,0.0072,0.0041
KG,2024-09,0.0018,0.9855,0.0069,0.0058
KG,2024-10,0.0018,0.9843,0.0072,0.0068
KG,2024-11,0.0019,0.9844,0.0065,0.0071
KG,2024-12,0.0021,0.9845,0.006,0.0074
KG,2025-01,0.002,0.9831,0.0073,0.0076
KG,2025-02,0.002,0.983,0.0075,0.0075
KG,2025-03,0.0018,0.9813,0.0086,0.0083
KG,2025-04,0.0017,0.9799,0.0102,0.0083
KG,2025-05,0.0017,0.9804,0.0102,0.0078
KG,2025-06,0.0016,0.982,0.01,0.0064
KG,2025-07,0.0018,0.9827,0.0097,0.0059
KG,2025-08,0.0018,0.984,0.0093,0.005
KG,2025-09,0.0017,0.9837,0.009,0.0056
KG,2025-10,0.0018,0.984,0.008,0.0062
KG,2025-11,0.0019,0.9809,0.0083,0.0089
KG,2025-12,0.002,0.9823,0.0076,0.008
KG,2026-01,0.002,0.9816,0.0085,0.0079
KG,2026-02,0.002,0.9815,0.0087,0.0079
KG,2026-03,0.0019,0.9812,0.0099,0.0071
KG,2026-04,0.0017,0.9791,0.0113,0.0078
KG,2026-05,0.0016,0.9788,0.0119,0.0077
KG,2026-06,0.0016,0.9788,0.0119,0.0077
KG,2026-07,0.0016,0.9788,0.0119,0.0077
KG,2026-08,0.0016,0.9788,0.0119,0.0077
KH,2019-01,0.0313,0.9103,0.0331,0.0253
KH,2019-02,0.0298,0.911,0.0338,0.0254
KH,2019-03,0.029,0.9039,0.0386,0.0284
KH,2019-04,0.0279,0.9029,0.0401,0.029
KH,2019-05,0.0267,0.902,0.0407,0.0306
KH,2019-06,0.0266,0.9098,0.0388,0.0248
KH,2019-07,0.0267,0.9154,0.0367,0.0212
KH,2019-08,0.0269,0.9154,0.0373,0.0204
KH,2019-09,0.0269,0.9145,0.0384,0.0202
KH,2019-10,0.0271,0.9111,0.038,0.0238
KH,2019-11,0.0283,0.9069,0.0363,0.0285
KH,2019-12,0.03,0.9067,0.0347,0.0286
KH,2020-01,0.031,0.9046,0.0378,0.0267
KH,2020-02,0.0309,0.9033,0.0389,0.0269
KH,2020-03,0.0296,0.8921,0.043,0.0354
KH,2020-04,0.0294,0.8927,0.0459,0.0321
KH,2020-05,0.0286,0.8939,0.0441,0.0334
KH,2020-06,0.0274,0.9048,0.0409,0.027
KH,2020-07,0.0273,0.912,0.0391,0.0217
KH,2020-08,0.0278,0.9099,0.0403,0.0221
KH,2020-09,0.0273,0.9113,0.0405,0.0209
KH,2020-10,0.0272,0.9052,0.04,0.0277
KH,2020-11,0.0298,0.902,0.0378,0.0304
KH,2020-12,0.0314,0.9019,0.0363,0.0305
KH,2021-01,0.0317,0.8902,0.0404,0.0377
KH,2021-02,0.0316,0.8881,0.0421,0.0382
KH,2021-03,0.0312,0.886,0.0456,0.0372
KH,2021-04,0.0302,0.8853,0.0462,0.0383
KH,2021-05,0.0292,0.8825,0.0472,0.0411
KH,2021-06,0.0289,0.8932,0.0459,0.032
KH,2021-07,0.0291,0.8989,0.043,0.029
KH,2021-08,0.029,0.9026,0.0435,0.0249
KH,2021-09,0.0286,0.9018,0.0427,0.0269
KH,2021-10,0.0287,0.8937,0.0435,0.034
KH,2021-11,0.0301,0.8883,0.0428,0.0388
KH,2021-12,0.0321,0.8871,0.0416,0.0392
KH,2022-01,0.0332,0.8887,0.044,0.0342
KH,2022-02,0.0331,0.8875,0.0449,0.0345
KH,2022-03,0.0316,0.8746,0.0485,0.0453
KH,2022-04,0.0299,0.8705,0.0529,0.0466
KH,2022-05,0.0286,0.8737,0.0524,0.0453
KH,2022-06,0.0284,0.8845,0.0501,0.037
KH,2022-07,0.0296,0.8925,0.0488,0.0291
KH,2022-08,0.0307,0.8925,0.0488,0.028
KH,2022-09,0.0302,0.885,0.0528,0.032
KH,2022-10,0.0301,0.8774,0.0517,0.0408
KH,2022-11,0.0317,0.8795,0.0473,0.0414
KH,2022-12,0.0327,0.8779,0.044,0.0455
KH,2023-01,0.0329,0.8726,0.0487,0.0458
KH,2023-02,0.0325,0.8723,0.0504,0.0448
KH,2023-03,0.0325,0.8652,0.0564,0.0459
KH,2023-04,0.0308,0.857,0.0582,0.0539
KH,2023-05,0.0302,0.8617,0.0598,0.0483
KH,2023-06,0.0304,0.8735,0.0592,0.0369
KH,2023-07,0.0305,0.8786,0.0551,0.0357
KH,2023-08,0.0301,0.8866,0.0557,0.0276
KH,2023-09,0.0297,0.8829,0.0556,0.0318
KH,2023-10,0.0297,0.8751,0.0589,0.0364
KH,2023-11,0.0312,0.8615,0.0545,0.0528
KH,2023-12,0.0329,0.8683,0.0495,0.0493
KH,2024-01,0.0331,0.8659,0.0542,0.0468
KH,2024-02,0.0329,0.8651,0.0557,0.0463
KH,2024-03,0.0317,0.8509,0.0652,0.0522
KH,2024-04,0.03,0.8529,0.0687,0.0484
KH,2024-05,0.0285,0.8537,0.0723,0.0456
KH,2024-06,0.0284,0.8641,0.0683,0.0392
KH,2024-07,0.0288,0.8713,0.0634,0.0365
KH,2024-08,0.0295,0.8768,0.0661,0.0276
KH,2024-09,0.0296,0.8665,0.0644,0.0395
KH,2024-10,0.0297,0.8584,0.0661,0.0458
KH,2024-11,0.031,0.8573,0.0627,0.049
KH,2024-12,0.0322,0.8572,0.0597,0.0508
KH,2025-01,0.0318,0.8478,0.0682,0.0522
KH,2025-02,0.0313,0.8478,0.0691,0.0518
KH,2025-03,0.03,0.8375,0.076,0.0565
KH,2025-04,0.0289,0.8303,0.0855,0.0554
KH,2025-05,0.0283,0.8352,0.085,0.0516
KH,2025-06,0.0278,0.847,0.0833,0.042
KH,2025-07,0.0289,0.8507,0.0814,0.039
KH,2025-08,0.0292,0.8578,0.0797,0.0333
KH,2025-09,0.0283,0.8581,0.0767,0.0369
KH,2025-10,0.0292,0.8583,0.071,0.0416
KH,2025-11,0.0297,0.8378,0.0731,0.0593
KH,2025-12,0.0313,0.8442,0.0696,0.0549
KH,2026-01,0.0312,0.8392,0.0754,0.0542
KH,2026-02,0.0309,0.8387,0.0768,0.0536
KH,2026-03,0.0302,0.8374,0.0844,0.048
KH,2026-04,0.0286,0.8263,0.0927,0.0523
KH,2026-05,0.0276,0.8262,0.0956,0.0506
KH,2026-06,0.0276,0.8262,0.0956,0.0506
KH,2026-07,0.0276,0.8262,0.0956,0.0506
KH,2026-08,0.0276,0.8262,0.0956,0.0506
KI,2019-01,0,0,1,0
KI,2019-02,0,0,1,0
KI,2019-03,0,0,1,0
KI,2019-04,0,0,1,0
KI,2019-05,0,0,1,0
KI,2019-06,0,0,1,0
KI,2019-07,0,0,1,0
KI,2019-08,0,0,1,0
KI,2019-09,0,0,1,0
KI,2019-10,0,0,1,0
KI,2019-11,0,0,1,0
KI,2019-12,0,0,1,0
KI,2020-01,0,0,1,0
KI,2020-02,0,0,1,0
KI,2020-03,0,0,1,0
KI,2020-04,0,0,1,0
KI,2020-05,0,0,1,0
KI,2020-06,0,0,1,0
KI,2020-07,0,0,1,0
KI,2020-08,0,0,1,0
KI,2020-09,0,0,1,0
KI,2020-10,0,0,1,0
KI,2020-11,0,0,1,0
KI,2020-12,0,0,1,0
KI,2021-01,0,0,1,0
KI,2021-02,0,0,1,0
KI,2021-03,0,0,1,0
KI,2021-04,0,0,1,0
KI,2021-05,0,0,1,0
KI,2021-06,0,0,1,0
KI,2021-07,0,0,1,0
KI,2021-08,0,0,1,0
KI,2021-09,0,0,1,0
KI,2021-10,0,0,1,0
KI,2021-11,0,0,1,0
KI,2021-12,0,0,1,0
KI,2022-01,0,0,1,0
KI,2022-02,0,0,1,0
KI,2022-03,0,0,1,0
KI,2022-04,0,0,1,0
KI,2022-05,0,0,1,0
KI,2022-06,0,0,1,0
KI,2022-07,0,0,1,0
KI,2022-08,0,0,1,0
KI,2022-09,0,0,1,0
KI,2022-10,0,0,1,0
KI,2022-11,0,0,1,0
KI,2022-12,0,0,1,0
KI,2023-01,0,0,1,0
KI,2023-02,0,0,1,0
KI,2023-03,0,0,1,0
KI,2023-04,0,0,1,0
KI,2023-05,0,0,1,0
KI,2023-06,0,0,1,0
KI,2023-07,0,0,1,0
KI,2023-08,0,0,1,0
KI,2023-09,0,0,1,0
KI,2023-10,0,0,1,0
KI,2023-11,0,0,1,0
KI,2023-12,0,0,1,0
KI,2024-01,0,0,1,0
KI,2024-02,0,0,1,0
KI,2024-03,0,0,1,0
KI,2024-04,0,0,1,0
KI,2024-05,0,0,1,0
KI,2024-06,0,0,1,0
KI,2024-07,0,0,1,0
KI,2024-08,0,0,1,0
KI,2024-09,0,0,1,0
KI,2024-10,0,0,1,0
KI,2024-11,0,0,1,0
KI,2024-12,0,0,1,0
KI,2025-01,0,0,1,0
KI,2025-02,0,0,1,0
KI,2025-03,0,0,1,0
KI,2025-04,0,0,1,0
KI,2025-05,0,0,1,0
KI,2025-06,0,0,1,0
KI,2025-07,0,0,1,0
KI,2025-08,0,0,1,0
KI,2025-09,0,0,1,0
KI,2025-10,0,0,1,0
KI,2025-11,0,0,1,0
KI,2025-12,0,0,1,0
KI,2026-01,0,0,1,0
KI,2026-02,0,0,1,0
KI,2026-03,0,0,1,0
KI,2026-04,0,0,1,0
KI,2026-05,0,0,1,0
KI,2026-06,0,0,1,0
KI,2026-07,0,0,1,0
KI,2026-08,0,0,1,0
KM,2019-01,,,,
KM,2019-02,,,,
KM,2019-03,,,,
KM,2019-04,,,,
KM,2019-05,,,,
KM,2019-06,,,,
KM,2019-07,,,,
KM,2019-08,,,,
KM,2019-09,,,,
KM,2019-10,,,,
KM,2019-11,,,,
KM,2019-12,,,,
KM,2020-01,,,,
KM,2020-02,,,,
KM,2020-03,,,,
KM,2020-04,,,,
KM,2020-05,,,,
KM,2020-06,,,,
KM,2020-07,,,,
KM,2020-08,,,,
KM,2020-09,,,,
KM,2020-10,,,,
KM,2020-11,,,,
KM,2020-12,,,,
KM,2021-01,,,,
KM,2021-02,,,,
KM,2021-03,,,,
KM,2021-04,,,,
KM,2021-05,,,,
KM,2021-06,,,,
KM,2021-07,,,,
KM,2021-08,,,,
KM,2021-09,,,,
KM,2021-10,,,,
KM,2021-11,,,,
KM,2021-12,,,,
KM,2022-01,,,,
KM,2022-02,,,,
KM,2022-03,,,,
KM,2022-04,,,,
KM,2022-05,,,,
KM,2022-06,,,,
KM,2022-07,,,,
KM,2022-08,,,,
KM,2022-09,,,,
KM,2022-10,,,,
KM,2022-11,,,,
KM,2022-12,,,,
KM,2023-01,,,,
KM,2023-02,,,,
KM,2023-03,,,,
KM,2023-04,,,,
KM,2023-05,,,,
KM,2023-06,,,,
KM,2023-07,,,,
KM,2023-08,,,,
KM,2023-09,,,,
KM,2023-10,,,,
KM,2023-11,,,,
KM,2023-12,,,,
KM,2024-01,,,,
KM,2024-02,,,,
KM,2024-03,,,,
KM,2024-04,,,,
KM,2024-05,,,,
KM,2024-06,,,,
KM,2024-07,,,,
KM,2024-08,,,,
KM,2024-09,,,,
KM,2024-10,,,,
KM,2024-11,,,,
KM,2024-12,,,,
KM,2025-01,,,,
KM,2025-02,,,,
KM,2025-03,,,,
KM,2025-04,,,,
KM,2025-05,,,,
KM,2025-06,,,,
KM,2025-07,,,,
KM,2025-08,,,,
KM,2025-09,,,,
KM,2025-10,,,,
KM,2025-11,,,,
KM,2025-12,,,,
KM,2026-01,,,,
KM,2026-02,,,,
KM,2026-03,,,,
KM,2026-04,,,,
KM,2026-05,,,,
KM,2026-06,,,,
KM,2026-07,,,,
KM,2026-08,,,,
KN,2019-01,0,0,0,1
KN,2019-02,0,0,0,1
KN,2019-03,0,0,0,1
KN,2019-04,0,0,0,1
KN,2019-05,0,0,0,1
KN,2019-06,0,0,0,1
KN,2019-07,0,0,0,1
KN,2019-08,0,0,0,1
KN,2019-09,0,0,0,1
KN,2019-10,0,0,0,1
KN,2019-11,0,0,0,1
KN,2019-12,0,0,0,1
KN,2020-01,0,0,0,1
KN,2020-02,0,0,0,1
KN,2020-03,0,0,0,1
KN,2020-04,0,0,0,1
KN,2020-05,0,0,0,1
KN,2020-06,0,0,0,1
KN,2020-07,0,0,0,1
KN,2020-08,0,0,0,1
KN,2020-09,0,0,0,1
KN,2020-10,0,0,0,1
KN,2020-11,0,0,0,1
KN,2020-12,0,0,0,1
KN,2021-01,0,0,0,1
KN,2021-02,0,0,0,1
KN,2021-03,0,0,0,1
KN,2021-04,0,0,0,1
KN,2021-05,0,0,0,1
KN,2021-06,0,0,0,1
KN,2021-07,0,0,0,1
KN,2021-08,0,0,0,1
KN,2021-09,0,0,0,1
KN,2021-10,0,0,0,1
KN,2021-11,0,0,0,1
KN,2021-12,0,0,0,1
KN,2022-01,0,0,0,1
KN,2022-02,0,0,0,1
KN,2022-03,0,0,0,1
KN,2022-04,0,0,0,1
KN,2022-05,0,0,0,1
KN,2022-06,0,0,0,1
KN,2022-07,0,0,0,1
KN,2022-08,0,0,0,1
KN,2022-09,0,0,0,1
KN,2022-10,0,0,0,1
KN,2022-11,0,0,0,1
KN,2022-12,0,0,0,1
KN,2023-01,0,0,0,1
KN,2023-02,0,0,0,1
KN,2023-03,0,0,0,1
KN,2023-04,0,0,0,1
KN,2023-05,0,0,0,1
KN,2023-06,0,0,0,1
KN,2023-07,0,0,0,1
KN,2023-08,0,0,0,1
KN,2023-09,0,0,0,1
KN,2023-10,0,0,0,1
KN,2023-11,0,0,0,1
KN,2023-12,0,0,0,1
KN,2024-01,0,0,0,1
KN,2024-02,0,0,0,1
KN,2024-03,0,0,0,1
KN,2024-04,0,0,0,1
KN,2024-05,0,0,0,1
KN,2024-06,0,0,0,1
KN,2024-07,0,0,0,1
KN,2024-08,0,0,0,1
KN,2024-09,0,0,0,1
KN,2024-10,0,0,0,1
KN,2024-11,0,0,0,1
KN,2024-12,0,0,0,1
KN,2025-01,0,0,0,1
KN,2025-02,0,0,0,1
KN,2025-03,0,0,0,1
KN,2025-04,0,0,0,1
KN,2025-05,0,0,0,1
KN,2025-06,0,0,0,1
KN,2025-07,0,0,0,1
KN,2025-08,0,0,0,1
KN,2025-09,0,0,0,1
KN,2025-10,0,0,0,1
KN,2025-11,0,0,0,1
KN,2025-12,0,0,0,1
KN,2026-01,0,0,0,1
KN,2026-02,0,0,0,1
KN,2026-03,0,0,0,1
KN,2026-04,0,0,0,1
KN,2026-05,0,0,0,1
KN,2026-06,0,0,0,1
KN,2026-07,0,0,0,1
KN,2026-08,0,0,0,1
KP,2019-01,0,0.9927,0.0073,0
KP,2019-02,0,0.9927,0.0073,0
KP,2019-03,0,0.9927,0.0073,0
KP,2019-04,0,0.9927,0.0073,0
KP,2019-05,0,0.9927,0.0073,0
KP,2019-06,0,0.9927,0.0073,0
KP,2019-07,0,0.9927,0.0073,0
KP,2019-08,0,0.9927,0.0073,0
KP,2019-09,0,0.9927,0.0073,0
KP,2019-10,0,0.9927,0.0073,0
KP,2019-11,0,0.9927,0.0073,0
KP,2019-12,0,0.9927,0.0073,0
KP,2020-01,0,0.9927,0.0073,0
KP,2020-02,0,0.9927,0.0073,0
KP,2020-03,0,0.9927,0.0073,0
KP,2020-04,0,0.9927,0.0073,0
KP,2020-05,0,0.9927,0.0073,0
KP,2020-06,0,0.9927,0.0073,0
KP,2020-07,0,0.9927,0.0073,0
KP,2020-08,0,0.9927,0.0073,0
KP,2020-09,0,0.9927,0.0073,0
KP,2020-10,0,0.9927,0.0073,0
KP,2020-11,0,0.9927,0.0073,0
KP,2020-12,0,0.9927,0.0073,0
KP,2021-01,0,0.9927,0.0073,0
KP,2021-02,0,0.9927,0.0073,0
KP,2021-03,0,0.9927,0.0073,0
KP,2021-04,0,0.9927,0.0073,0
KP,2021-05,0,0.9927,0.0073,0
KP,2021-06,0,0.9927,0.0073,0
KP,2021-07,0,0.9927,0.0073,0
KP,2021-08,0,0.9927,0.0073,0
KP,2021-09,0,0.9927,0.0073,0
KP,2021-10,0,0.9927,0.0073,0
KP,2021-11,0,0.9927,0.0073,0
KP,2021-12,0,0.9927,0.0073,0
KP,2022-01,0,0.9927,0.0073,0
KP,2022-02,0,0.9927,0.0073,0
KP,2022-03,0,0.9927,0.0073,0
KP,2022-04,0,0.9927,0.0073,0
KP,2022-05,0,0.9927,0.0073,0
KP,2022-06,0,0.9927,0.0073,0
KP,2022-07,0,0.9927,0.0073,0
KP,2022-08,0,0.9927,0.0073,0
KP,2022-09,0,0.9927,0.0073,0
KP,2022-10,0,0.9927,0.0073,0
KP,2022-11,0,0.9927,0.0073,0
KP,2022-12,0,0.9927,0.0073,0
KP,2023-01,0,0.9927,0.0073,0
KP,2023-02,0,0.9927,0.0073,0
KP,2023-03,0,0.9927,0.0073,0
KP,2023-04,0,0.9927,0.0073,0
KP,2023-05,0,0.9927,0.0073,0
KP,2023-06,0,0.9927,0.0073,0
KP,2023-07,0,0.9927,0.0073,0
KP,2023-08,0,0.9927,0.0073,0
KP,2023-09,0,0.9927,0.0073,0
KP,2023-10,0,0.9927,0.0073,0
KP,2023-11,0,0.9927,0.0073,0
KP,2023-12,0,0.9927,0.0073,0
KP,2024-01,0,0.9927,0.0073,0
KP,2024-02,0,0.9927,0.0073,0
KP,2024-03,0,0.9927,0.0073,0
KP,2024-04,0,0.9927,0.0073,0
KP,2024-05,0,0.9927,0.0073,0
KP,2024-06,0,0.9927,0.0073,0
KP,2024-07,0,0.9927,0.0073,0
KP,2024-08,0,0.9927,0.0073,0
KP,2024-09,0,0.9927,0.0073,0
KP,2024-10,0,0.9927,0.0073,0
KP,2024-11,0,0.9927,0.0073,0
KP,2024-12,0,0.9927,0.0073,0
KP,2025-01,0,0.9927,0.0073,0
KP,2025-02,0,0.9927,0.0073,0
KP,2025-03,0,0.9927,0.0073,0
KP,2025-04,0,0.9927,0.0073,0
KP,2025-05,0,0.9927,0.0073,0
KP,2025-06,0,0.9927,0.0073,0
KP,2025-07,0,0.9927,0.0073,0
KP,2025-08,0,0.9927,0.0073,0
KP,2025-09,0,0.9927,0.0073,0
KP,2025-10,0,0.9927,0.0073,0
KP,2025-11,0,0.9927,0.0073,0
KP,2025-12,0,0.9927,0.0073,0
KP,2026-01,0,0.9927,0.0073,0
KP,2026-02,0,0.9927,0.0073,0
KP,2026-03,0,0.9927,0.0073,0
KP,2026-04,0,0.9927,0.0073,0
KP,2026-05,0,0.9927,0.0073,0
KP,2026-06,0,0.9927,0.0073,0
KP,2026-07,0,0.9927,0.0073,0
KP,2026-08,0,0.9927,0.0073,0
KR,2019-01,0.6372,0.057,0.2054,0.1004
KR,2019-02,0.2617,0.1074,0.4738,0.157
KR,2019-03,0.27,0.0845,0.5,0.1455
KR,2019-04,0.2401,0.1282,0.5361,0.0956
KR,2019-05,0.1962,0.1231,0.5846,0.0962
KR,2019-06,0.2407,0.1313,0.5777,0.0503
KR,2019-07,0.2601,0.1338,0.5076,0.0985
KR,2019-08,0.2554,0.1325,0.547,0.0651
KR,2019-09,0.2948,0.145,0.4865,0.0737
KR,2019-10,0.2664,0.1205,0.5074,0.1057
KR,2019-11,0.2768,0.0998,0.4838,0.1397
KR,2019-12,0.2872,0.1064,0.4255,0.1809
KR,2020-01,0.2507,0.1268,0.4451,0.1775
KR,2020-02,0.2292,0.1034,0.5258,0.1416
KR,2020-03,0.1963,0.1265,0.5691,0.1082
KR,2020-04,0.185,0.0734,0.6329,0.1087
KR,2020-05,0.1686,0.1102,0.6353,0.0859
KR,2020-06,0.1743,0.118,0.6426,0.0651
KR,2020-07,0.2211,0.1726,0.5347,0.0716
KR,2020-08,0.203,0.2629,0.4526,0.0815
KR,2020-09,0.2791,0.2064,0.452,0.0625
KR,2020-10,0.1922,0.0911,0.6256,0.0911
KR,2020-11,0.2231,0.0896,0.5438,0.1434
KR,2020-12,0.3027,0.0757,0.4622,0.1595
KR,2021-01,0.2656,0.0804,0.4933,0.1607
KR,2021-02,0.2067,0.0639,0.5832,0.1462
KR,2021-03,0.2112,0.0653,0.6353,0.0881
KR,2021-04,0.1836,0.0706,0.6662,0.0796
KR,2021-05,0.2387,0.0918,0.5949,0.0747
KR,2021-06,0.1924,0.1173,0.6508,0.0396
KR,2021-07,0.212,0.1092,0.644,0.0348
KR,2021-08,0.2361,0.0972,0.6163,0.0503
KR,2021-09,0.2121,0.1053,0.6077,0.075
KR,2021-10,0.2112,0.0714,0.6491,0.0683
KR,2021-11,0.2037,0.0716,0.5908,0.1339
KR,2021-12,0.2698,0.0642,0.5132,0.1528
KR,2022-01,0.2924,0.0581,0.5465,0.103
KR,2022-02,0.25,0.0478,0.5861,0.1161
KR,2022-03,0.2289,0.0604,0.625,0.0857
KR,2022-04,0.1867,0.0513,0.6987,0.0633
KR,2022-05,0.2068,0.0502,0.6928,0.0502
KR,2022-06,0.208,0.0762,0.6473,0.0685
KR,2022-07,0.2423,0.1028,0.6183,0.0366
KR,2022-08,0.2751,0.1708,0.498,0.0561
KR,2022-09,0.2503,0.1234,0.5686,0.0577
KR,2022-10,0.2689,0.0621,0.6068,0.0621
KR,2022-11,0.3128,0.0628,0.5505,0.0738
KR,2022-12,0.3504,0.0634,0.4437,0.1426
KR,2023-01,0.3201,0.0546,0.5103,0.115
KR,2023-02,0.2503,0.0492,0.6252,0.0752
KR,2023-03,0.2463,0.0402,0.649,0.0645
KR,2023-04,0.2414,0.0436,0.6359,0.0791
KR,2023-05,0.2106,0.0675,0.6677,0.0542
KR,2023-06,0.2158,0.0716,0.6695,0.0432
KR,2023-07,0.2491,0.1578,0.5351,0.058
KR,2023-08,0.2515,0.0923,0.6209,0.0352
KR,2023-09,0.2702,0.1109,0.5855,0.0335
KR,2023-10,0.2275,0.0667,0.6508,0.055
KR,2023-11,0.2662,0.06,0.55,0.1237
KR,2023-12,0.3622,0.0865,0.4247,0.1266
KR,2024-01,0.3018,0.0607,0.5281,0.1095
KR,2024-02,0.3161,0.0761,0.5187,0.0891
KR,2024-03,0.2308,0.0605,0.6267,0.0821
KR,2024-04,0.2018,0.1209,0.6336,0.0436
KR,2024-05,0.1564,0.0926,0.6959,0.0551
KR,2024-06,0.1924,0.0921,0.686,0.0295
KR,2024-07,0.2358,0.1344,0.5604,0.0695
KR,2024-08,0.2241,0.0755,0.6768,0.0236
KR,2024-09,0.2402,0.0693,0.6582,0.0323
KR,2024-10,0.2742,0.0591,0.6099,0.0567
KR,2024-11,0.2675,0.055,0.595,0.0825
KR,2024-12,0.2759,0.0544,0.5371,0.1326
KR,2025-01,0.2815,0.0568,0.5548,0.1069
KR,2025-02,0.2184,0.0418,0.6274,0.1124
KR,2025-03,0.1922,0.0418,0.6952,0.0707
KR,2025-04,0.1653,0.0455,0.7332,0.0559
KR,2025-05,0.1856,0.0803,0.6823,0.0518
KR,2025-06,0.1734,0.0819,0.7033,0.0414
KR,2025-07,0.1914,0.0522,0.7206,0.0358
KR,2025-08,0.2141,0.0589,0.697,0.03
KR,2025-09,0.2179,0.0952,0.644,0.0429
KR,2025-10,0.2092,0.1405,0.5969,0.0534
KR,2025-11,0.2183,0.0618,0.6385,0.0814
KR,2025-12,0.2627,0.0546,0.5673,0.1155
KR,2026-01,0.2288,0.0465,0.5993,0.1254
KR,2026-02,0.2108,0.0422,0.6616,0.0853
KR,2026-03,0.1708,0.0394,0.7487,0.0411
KR,2026-04,0.1679,0.043,0.7391,0.0501
KR,2026-05,0.1679,0.043,0.7391,0.0501
KR,2026-06,0.1679,0.043,0.7391,0.0501
KR,2026-07,0.1679,0.043,0.7391,0.0501
KR,2026-08,0.1679,0.043,0.7391,0.0501
KW,2019-01,,,,
KW,2019-02,,,,
KW,2019-03,,,,
KW,2019-04,,,,
KW,2019-05,,,,
KW,2019-06,,,,
KW,2019-07,,,,
KW,2019-08,,,,
KW,2019-09,,,,
KW,2019-10,,,,
KW,2019-11,,,,
KW,2019-12,,,,
KW,2020-01,,,,
KW,2020-02,,,,
KW,2020-03,,,,
KW,2020-04,,,,
KW,2020-05,,,,
KW,2020-06,,,,
KW,2020-07,,,,
KW,2020-08,,,,
KW,2020-09,,,,
KW,2020-10,,,,
KW,2020-11,,,,
KW,2020-12,,,,
KW,2021-01,,,,
KW,2021-02,,,,
KW,2021-03,,,,
KW,2021-04,,,,
KW,2021-05,,,,
KW,2021-06,,,,
KW,2021-07,,,,
KW,2021-08,,,,
KW,2021-09,,,,
KW,2021-10,,,,
KW,2021-11,,,,
KW,2021-12,,,,
KW,2022-01,,,,
KW,2022-02,,,,
KW,2022-03,,,,
KW,2022-04,,,,
KW,2022-05,,,,
KW,2022-06,,,,
KW,2022-07,,,,
KW,2022-08,,,,
KW,2022-09,,,,
KW,2022-10,,,,
KW,2022-11,,,,
KW,2022-12,,,,
KW,2023-01,,,,
KW,2023-02,,,,
KW,2023-03,,,,
KW,2023-04,,,,
KW,2023-05,,,,
KW,2023-06,,,,
KW,2023-07,,,,
KW,2023-08,,,,
KW,2023-09,,,,
KW,2023-10,,,,
KW,2023-11,,,,
KW,2023-12,,,,
KW,2024-01,,,,
KW,2024-02,,,,
KW,2024-03,,,,
KW,2024-04,,,,
KW,2024-05,,,,
KW,2024-06,,,,
KW,2024-07,,,,
KW,2024-08,,,,
KW,2024-09,,,,
KW,2024-10,,,,
KW,2024-11,,,,
KW,2024-12,,,,
KW,2025-01,,,,
KW,2025-02,,,,
KW,2025-03,,,,
KW,2025-04,,,,
KW,2025-05,,,,
KW,2025-06,,,,
KW,2025-07,,,,
KW,2025-08,,,,
KW,2025-09,,,,
KW,2025-10,,,,
KW,2025-11,,,,
KW,2025-12,,,,
KW,2026-01,,,,
KW,2026-02,,,,
KW,2026-03,,,,
KW,2026-04,,,,
KW,2026-05,,,,
KW,2026-06,,,,
KW,2026-07,,,,
KW,2026-08,,,,
KY,2019-01,0,0,1,0
KY,2019-02,0,0,1,0
KY,2019-03,0,0,1,0
KY,2019-04,0,0,1,0
KY,2019-05,0,0,1,0
KY,2019-06,0,0,1,0
KY,2019-07,0,0,1,0
KY,2019-08,0,0,1,0
KY,2019-09,0,0,1,0
KY,2019-10,0,0,1,0
KY,2019-11,0,0,1,0
KY,2019-12,0,0,1,0
KY,2020-01,0,0,1,0
KY,2020-02,0,0,1,0
KY,2020-03,0,0,1,0
KY,2020-04,0,0,1,0
KY,2020-05,0,0,1,0
KY,2020-06,0,0,1,0
KY,2020-07,0,0,1,0
KY,2020-08,0,0,1,0
KY,2020-09,0,0,1,0
KY,2020-10,0,0,1,0
KY,2020-11,0,0,1,0
KY,2020-12,0,0,1,0
KY,2021-01,0,0,1,0
KY,2021-02,0,0,1,0
KY,2021-03,0,0,1,0
KY,2021-04,0,0,1,0
KY,2021-05,0,0,1,0
KY,2021-06,0,0,1,0
KY,2021-07,0,0,1,0
KY,2021-08,0,0,1,0
KY,2021-09,0,0,1,0
KY,2021-10,0,0,1,0
KY,2021-11,0,0,1,0
KY,2021-12,0,0,1,0
KY,2022-01,0,0,1,0
KY,2022-02,0,0,1,0
KY,2022-03,0,0,1,0
KY,2022-04,0,0,1,0
KY,2022-05,0,0,1,0
KY,2022-06,0,0,1,0
KY,2022-07,0,0,1,0
KY,2022-08,0,0,1,0
KY,2022-09,0,0,1,0
KY,2022-10,0,0,1,0
KY,2022-11,0,0,1,0
KY,2022-12,0,0,1,0
KY,2023-01,0,0,1,0
KY,2023-02,0,0,1,0
KY,2023-03,0,0,1,0
KY,2023-04,0,0,1,0
KY,2023-05,0,0,1,0
KY,2023-06,0,0,1,0
KY,2023-07,0,0,1,0
KY,2023-08,0,0,1,0
KY,2023-09,0,0,1,0
KY,2023-10,0,0,1,0
KY,2023-11,0,0,1,0
KY,2023-12,0,0,1,0
KY,2024-01,0,0,1,0
KY,2024-02,0,0,1,0
KY,2024-03,0,0,1,0
KY,2024-04,0,0,1,0
KY,2024-05,0,0,1,0
KY,2024-06,0,0,1,0
KY,2024-07,0,0,1,0
KY,2024-08,0,0,1,0
KY,2024-09,0,0,1,0
KY,2024-10,0,0,1,0
KY,2024-11,0,0,1,0
KY,2024-12,0,0,1,0
KY,2025-01,0,0,1,0
KY,2025-02,0,0,1,0
KY,2025-03,0,0,1,0
KY,2025-04,0,0,1,0
KY,2025-05,0,0,1,0
KY,2025-06,0,0,1,0
KY,2025-07,0,0,1,0
KY,2025-08,0,0,1,0
KY,2025-09,0,0,1,0
KY,2025-10,0,0,1,0
KY,2025-11,0,0,1,0
KY,2025-12,0,0,1,0
KY,2026-01,0,0,1,0
KY,2026-02,0,0,1,0
KY,2026-03,0,0,1,0
KY,2026-04,0,0,1,0
KY,2026-05,0,0,1,0
KY,2026-06,0,0,1,0
KY,2026-07,0,0,1,0
KY,2026-08,0,0,1,0
KZ,2019-01,0,0.9243,0.0126,0.0631
KZ,2019-02,0,0.917,0.0136,0.0694
KZ,2019-03,0,0.8778,0.0407,0.0815
KZ,2019-04,0,0.9327,0.0254,0.0419
KZ,2019-05,0,0.9138,0.0381,0.0481
KZ,2019-06,0,0.9318,0.0291,0.0391
KZ,2019-07,0,0.9144,0.0379,0.0476
KZ,2019-08,0,0.8925,0.0489,0.0586
KZ,2019-09,0,0.8586,0.0654,0.0759
KZ,2019-10,0,0.8486,0.0586,0.0928
KZ,2019-11,0,0.8869,0.034,0.079
KZ,2019-12,0,0.8832,0.0231,0.0937
KZ,2020-01,0,0.8737,0.0342,0.0921
KZ,2020-02,0,0.8315,0.0649,0.1036
KZ,2020-03,0,0.775,0.1238,0.1012
KZ,2020-04,0,0.8228,0.1063,0.0709
KZ,2020-05,0,0.8159,0.1121,0.072
KZ,2020-06,0,0.7941,0.1311,0.0748
KZ,2020-07,0,0.796,0.1418,0.0621
KZ,2020-08,0,0.7865,0.1391,0.0744
KZ,2020-09,0,0.7555,0.1447,0.0998
KZ,2020-10,0,0.7649,0.1127,0.1224
KZ,2020-11,0,0.8131,0.055,0.1319
KZ,2020-12,0,0.8131,0.055,0.1319
KZ,2021-01,0,0.741,0.0947,0.1643
KZ,2021-02,0,0.741,0.0947,0.1643
KZ,2021-03,0,0.6921,0.1323,0.1756
KZ,2021-04,0,0.7391,0.1481,0.1127
KZ,2021-05,0,0.7644,0.1429,0.0927
KZ,2021-06,0,0.7185,0.1707,0.1109
KZ,2021-07,0,0.7498,0.1536,0.0966
KZ,2021-08,0,0.7217,0.1668,0.1115
KZ,2021-09,0,0.7217,0.1668,0.1115
KZ,2021-10,0,0.7003,0.1296,0.1701
KZ,2021-11,0,0.7094,0.0757,0.2149
KZ,2021-12,0,0.7094,0.0757,0.2149
KZ,2022-01,0,0.7465,0.0663,0.1872
KZ,2022-02,0,0.6705,0.1295,0.2
KZ,2022-03,0,0.6793,0.1319,0.1888
KZ,2022-04,0,0.6793,0.1319,0.1888
KZ,2022-05,0,0.7006,0.1497,0.1497
KZ,2022-06,0,0.7178,0.1694,0.1127
KZ,2022-07,0,0.6803,0.1599,0.1599
KZ,2022-08,0,0.6803,0.1599,0.1599
KZ,2022-09,0,0.6803,0.1599,0.1599
KZ,2022-10,0,0.6803,0.1599,0.1599
KZ,2022-11,0,0.679,0.064,0.257
KZ,2022-12,0,0.679,0.064,0.257
KZ,2023-01,0,0.6254,0.0803,0.2943
KZ,2023-02,0,0.573,0.1039,0.323
KZ,2023-03,0,0.5447,0.1429,0.3124
KZ,2023-04,0,0.5749,0.1577,0.2674
KZ,2023-05,0,0.6119,0.1716,0.2166
KZ,2023-06,0,0.6212,0.1743,0.2045
KZ,2023-07,0,0.6671,0.1665,0.1665
KZ,2023-08,0,0.6665,0.1551,0.1785
KZ,2023-09,0,0.6127,0.1354,0.252
KZ,2023-10,0,0.6127,0.1354,0.252
KZ,2023-11,0,0.5747,0.0585,0.3668
KZ,2023-12,0,0.5747,0.0585,0.3668
KZ,2024-01,0,0.5728,0.0599,0.3673
KZ,2024-02,0,0.5604,0.0949,0.3447
KZ,2024-03,0,0.5439,0.1277,0.3284
KZ,2024-04,0,0.642,0.1233,0.2347
KZ,2024-05,0,0.6478,0.1192,0.233
KZ,2024-06,0,0.7036,0.1396,0.1569
KZ,2024-07,0,0.6837,0.1456,0.1708
KZ,2024-08,0,0.6837,0.1456,0.1708
KZ,2024-09,0,0.6422,0.126,0.2318
KZ,2024-10,0,0.6335,0.0918,0.2747
KZ,2024-11,0,0.6515,0.0581,0.2904
KZ,2024-12,0,0.6137,0.0456,0.3407
KZ,2025-01,0,0.5774,0.0635,0.3591
KZ,2025-02,0,0.5675,0.1021,0.3304
KZ,2025-03,0,0.5179,0.1274,0.3547
KZ,2025-04,0,0.6377,0.1153,0.2471
KZ,2025-05,0,0.6336,0.1368,0.2296
KZ,2025-06,0,0.6505,0.1408,0.2087
KZ,2025-07,0,0.6484,0.1516,0.2
KZ,2025-08,0,0.5978,0.1508,0.2515
KZ,2025-09,0,0.5509,0.1377,0.3113
KZ,2025-10,0,0.5075,0.1248,0.3677
KZ,2025-11,0,0.5072,0.0733,0.4195
KZ,2025-12,0,0.5442,0.0442,0.4117
KZ,2026-01,0,0.5387,0.0557,0.4057
KZ,2026-02,0,0.4362,0.0797,0.4841
KZ,2026-03,0,0.426,0.142,0.4321
KZ,2026-04,0,0.426,0.142,0.4321
KZ,2026-05,0,0.426,0.142,0.4321
KZ,2026-06,0,0.426,0.142,0.4321
KZ,2026-07,0,0.426,0.142,0.4321
KZ,2026-08,0,0.426,0.142,0.4321
LA,2019-01,0.0025,0.9954,0.002,0
LA,2019-02,0.0025,0.9954,0.002,0
LA,2019-03,0.0025,0.9954,0.002,0
LA,2019-04,0.0025,0.9954,0.002,0
LA,2019-05,0.0025,0.9954,0.002,0
LA,2019-06,0.0025,0.9954,0.002,0
LA,2019-07,0.0025,0.9954,0.002,0
LA,2019-08,0.0025,0.9954,0.002,0
LA,2019-09,0.0025,0.9954,0.002,0
LA,2019-10,0.0025,0.9954,0.002,0
LA,2019-11,0.0025,0.9954,0.002,0
LA,2019-12,0.0025,0.9954,0.002,0
LA,2020-01,0.0025,0.9954,0.002,0
LA,2020-02,0.0025,0.9954,0.002,0
LA,2020-03,0.0025,0.9954,0.002,0
LA,2020-04,0.0025,0.9954,0.002,0
LA,2020-05,0.0025,0.9954,0.002,0
LA,2020-06,0.0025,0.9954,0.002,0
LA,2020-07,0.0025,0.9954,0.002,0
LA,2020-08,0.0025,0.9954,0.002,0
LA,2020-09,0.0025,0.9954,0.002,0
LA,2020-10,0.0025,0.9954,0.002,0
LA,2020-11,0.0025,0.9954,0.002,0
LA,2020-12,0.0025,0.9954,0.002,0
LA,2021-01,0.0025,0.9954,0.002,0
LA,2021-02,0.0025,0.9954,0.002,0
LA,2021-03,0.0025,0.9954,0.002,0
LA,2021-04,0.0025,0.9954,0.002,0
LA,2021-05,0.0025,0.9954,0.002,0
LA,2021-06,0.0025,0.9954,0.002,0
LA,2021-07,0.0025,0.9954,0.002,0
LA,2021-08,0.0025,0.9954,0.002,0
LA,2021-09,0.0025,0.9954,0.002,0
LA,2021-10,0.0025,0.9954,0.002,0
LA,2021-11,0.0025,0.9954,0.002,0
LA,2021-12,0.0025,0.9954,0.002,0
LA,2022-01,0.0025,0.9954,0.002,0
LA,2022-02,0.0025,0.9954,0.002,0
LA,2022-03,0.0025,0.9954,0.002,0
LA,2022-04,0.0025,0.9954,0.002,0
LA,2022-05,0.0025,0.9954,0.002,0
LA,2022-06,0.0025,0.9954,0.002,0
LA,2022-07,0.0025,0.9954,0.002,0
LA,2022-08,0.0025,0.9954,0.002,0
LA,2022-09,0.0025,0.9954,0.002,0
LA,2022-10,0.0025,0.9954,0.002,0
LA,2022-11,0.0025,0.9954,0.002,0
LA,2022-12,0.0025,0.9954,0.002,0
LA,2023-01,0.0025,0.9954,0.002,0
LA,2023-02,0.0025,0.9954,0.002,0
LA,2023-03,0.0025,0.9954,0.002,0
LA,2023-04,0.0025,0.9954,0.002,0
LA,2023-05,0.0025,0.9954,0.002,0
LA,2023-06,0.0025,0.9954,0.002,0
LA,2023-07,0.0025,0.9954,0.002,0
LA,2023-08,0.0025,0.9954,0.002,0
LA,2023-09,0.0025,0.9954,0.002,0
LA,2023-10,0.0025,0.9954,0.002,0
LA,2023-11,0.0025,0.9954,0.002,0
LA,2023-12,0.0025,0.9954,0.002,0
LA,2024-01,0.0025,0.9954,0.002,0
LA,2024-02,0.0025,0.9954,0.002,0
LA,2024-03,0.0025,0.9954,0.002,0
LA,2024-04,0.0025,0.9954,0.002,0
LA,2024-05,0.0025,0.9954,0.002,0
LA,2024-06,0.0025,0.9954,0.002,0
LA,2024-07,0.0025,0.9954,0.002,0
LA,2024-08,0.0025,0.9954,0.002,0
LA,2024-09,0.0025,0.9954,0.002,0
LA,2024-10,0.0025,0.9954,0.002,0
LA,2024-11,0.0025,0.9954,0.002,0
LA,2024-12,0.0025,0.9954,0.002,0
LA,2025-01,0.0025,0.9954,0.002,0
LA,2025-02,0.0025,0.9954,0.002,0
LA,2025-03,0.0025,0.9954,0.002,0
LA,2025-04,0.0025,0.9954,0.002,0
LA,2025-05,0.0025,0.9954,0.002,0
LA,2025-06,0.0025,0.9954,0.002,0
LA,2025-07,0.0025,0.9954,0.002,0
LA,2025-08,0.0025,0.9954,0.002,0
LA,2025-09,0.0025,0.9954,0.002,0
LA,2025-10,0.0025,0.9954,0.002,0
LA,2025-11,0.0025,0.9954,0.002,0
LA,2025-12,0.0025,0.9954,0.002,0
LA,2026-01,0.0025,0.9954,0.002,0
LA,2026-02,0.0025,0.9954,0.002,0
LA,2026-03,0.0025,0.9954,0.002,0
LA,2026-04,0.0025,0.9954,0.002,0
LA,2026-05,0.0025,0.9954,0.002,0
LA,2026-06,0.0025,0.9954,0.002,0
LA,2026-07,0.0025,0.9954,0.002,0
LA,2026-08,0.0025,0.9954,0.002,0
LB,2019-01,0.0269,0.8555,0.108,0.0097
LB,2019-02,0.0269,0.8555,0.108,0.0097
LB,2019-03,0.0269,0.8555,0.108,0.0097
LB,2019-04,0.0269,0.8555,0.108,0.0097
LB,2019-05,0.0269,0.8555,0.108,0.0097
LB,2019-06,0.0269,0.8555,0.108,0.0097
LB,2019-07,0.0269,0.8555,0.108,0.0097
LB,2019-08,0.0269,0.8555,0.108,0.0097
LB,2019-09,0.0269,0.8555,0.108,0.0097
LB,2019-10,0.0269,0.8555,0.108,0.0097
LB,2019-11,0.0269,0.8555,0.108,0.0097
LB,2019-12,0.0269,0.8555,0.108,0.0097
LB,2020-01,0.0269,0.8555,0.108,0.0097
LB,2020-02,0.0269,0.8555,0.108,0.0097
LB,2020-03,0.0269,0.8555,0.108,0.0097
LB,2020-04,0.0269,0.8555,0.108,0.0097
LB,2020-05,0.0269,0.8555,0.108,0.0097
LB,2020-06,0.0269,0.8555,0.108,0.0097
LB,2020-07,0.0269,0.8555,0.108,0.0097
LB,2020-08,0.0269,0.8555,0.108,0.0097
LB,2020-09,0.0269,0.8555,0.108,0.0097
LB,2020-10,0.0269,0.8555,0.108,0.0097
LB,2020-11,0.0269,0.8555,0.108,0.0097
LB,2020-12,0.0269,0.8555,0.108,0.0097
LB,2021-01,0.0269,0.8555,0.108,0.0097
LB,2021-02,0.0269,0.8555,0.108,0.0097
LB,2021-03,0.0269,0.8555,0.108,0.0097
LB,2021-04,0.0269,0.8555,0.108,0.0097
LB,2021-05,0.0269,0.8555,0.108,0.0097
LB,2021-06,0.0269,0.8555,0.108,0.0097
LB,2021-07,0.0269,0.8555,0.108,0.0097
LB,2021-08,0.0269,0.8555,0.108,0.0097
LB,2021-09,0.0269,0.8555,0.108,0.0097
LB,2021-10,0.0269,0.8555,0.108,0.0097
LB,2021-11,0.0269,0.8555,0.108,0.0097
LB,2021-12,0.0269,0.8555,0.108,0.0097
LB,2022-01,0.0269,0.8555,0.108,0.0097
LB,2022-02,0.0269,0.8555,0.108,0.0097
LB,2022-03,0.0269,0.8555,0.108,0.0097
LB,2022-04,0.0269,0.8555,0.108,0.0097
LB,2022-05,0.0269,0.8555,0.108,0.0097
LB,2022-06,0.0269,0.8555,0.108,0.0097
LB,2022-07,0.0269,0.8555,0.108,0.0097
LB,2022-08,0.0269,0.8555,0.108,0.0097
LB,2022-09,0.0269,0.8555,0.108,0.0097
LB,2022-10,0.0269,0.8555,0.108,0.0097
LB,2022-11,0.0269,0.8555,0.108,0.0097
LB,2022-12,0.0269,0.8555,0.108,0.0097
LB,2023-01,0.0269,0.8555,0.108,0.0097
LB,2023-02,0.0269,0.8555,0.108,0.0097
LB,2023-03,0.0269,0.8555,0.108,0.0097
LB,2023-04,0.0269,0.8555,0.108,0.0097
LB,2023-05,0.0269,0.8555,0.108,0.0097
LB,2023-06,0.0269,0.8555,0.108,0.0097
LB,2023-07,0.0269,0.8555,0.108,0.0097
LB,2023-08,0.0269,0.8555,0.108,0.0097
LB,2023-09,0.0269,0.8555,0.108,0.0097
LB,2023-10,0.0269,0.8555,0.108,0.0097
LB,2023-11,0.0269,0.8555,0.108,0.0097
LB,2023-12,0.0269,0.8555,0.108,0.0097
LB,2024-01,0.0269,0.8555,0.108,0.0097
LB,2024-02,0.0269,0.8555,0.108,0.0097
LB,2024-03,0.0269,0.8555,0.108,0.0097
LB,2024-04,0.0269,0.8555,0.108,0.0097
LB,2024-05,0.0269,0.8555,0.108,0.0097
LB,2024-06,0.0269,0.8555,0.108,0.0097
LB,2024-07,0.0269,0.8555,0.108,0.0097
LB,2024-08,0.0269,0.8555,0.108,0.0097
LB,2024-09,0.0269,0.8555,0.108,0.0097
LB,2024-10,0.0269,0.8555,0.108,0.0097
LB,2024-11,0.0269,0.8555,0.108,0.0097
LB,2024-12,0.0269,0.8555,0.108,0.0097
LB,2025-01,0.0269,0.8555,0.108,0.0097
LB,2025-02,0.0269,0.8555,0.108,0.0097
LB,2025-03,0.0269,0.8555,0.108,0.0097
LB,2025-04,0.0269,0.8555,0.108,0.0097
LB,2025-05,0.0269,0.8555,0.108,0.0097
LB,2025-06,0.0269,0.8555,0.108,0.0097
LB,2025-07,0.0269,0.8555,0.108,0.0097
LB,2025-08,0.0269,0.8555,0.108,0.0097
LB,2025-09,0.0269,0.8555,0.108,0.0097
LB,2025-10,0.0269,0.8555,0.108,0.0097
LB,2025-11,0.0269,0.8555,0.108,0.0097
LB,2025-12,0.0269,0.8555,0.108,0.0097
LB,2026-01,0.0269,0.8555,0.108,0.0097
LB,2026-02,0.0269,0.8555,0.108,0.0097
LB,2026-03,0.0269,0.8555,0.108,0.0097
LB,2026-04,0.0269,0.8555,0.108,0.0097
LB,2026-05,0.0269,0.8555,0.108,0.0097
LB,2026-06,0.0269,0.8555,0.108,0.0097
LB,2026-07,0.0269,0.8555,0.108,0.0097
LB,2026-08,0.0269,0.8555,0.108,0.0097
LC,2019-01,0,0,1,0
LC,2019-02,0,0,1,0
LC,2019-03,0,0,1,0
LC,2019-04,0,0,1,0
LC,2019-05,0,0,1,0
LC,2019-06,0,0,1,0
LC,2019-07,0,0,1,0
LC,2019-08,0,0,1,0
LC,2019-09,0,0,1,0
LC,2019-10,0,0,1,0
LC,2019-11,0,0,1,0
LC,2019-12,0,0,1,0
LC,2020-01,0,0,1,0
LC,2020-02,0,0,1,0
LC,2020-03,0,0,1,0
LC,2020-04,0,0,1,0
LC,2020-05,0,0,1,0
LC,2020-06,0,0,1,0
LC,2020-07,0,0,1,0
LC,2020-08,0,0,1,0
LC,2020-09,0,0,1,0
LC,2020-10,0,0,1,0
LC,2020-11,0,0,1,0
LC,2020-12,0,0,1,0
LC,2021-01,0,0,1,0
LC,2021-02,0,0,1,0
LC,2021-03,0,0,1,0
LC,2021-04,0,0,1,0
LC,2021-05,0,0,1,0
LC,2021-06,0,0,1,0
LC,2021-07,0,0,1,0
LC,2021-08,0,0,1,0
LC,2021-09,0,0,1,0
LC,2021-10,0,0,1,0
LC,2021-11,0,0,1,0
LC,2021-12,0,0,1,0
LC,2022-01,0,0,1,0
LC,2022-02,0,0,1,0
LC,2022-03,0,0,1,0
LC,2022-04,0,0,1,0
LC,2022-05,0,0,1,0
LC,2022-06,0,0,1,0
LC,2022-07,0,0,1,0
LC,2022-08,0,0,1,0
LC,2022-09,0,0,1,0
LC,2022-10,0,0,1,0
LC,2022-11,0,0,1,0
LC,2022-12,0,0,1,0
LC,2023-01,0,0,1,0
LC,2023-02,0,0,1,0
LC,2023-03,0,0,1,0
LC,2023-04,0,0,1,0
LC,2023-05,0,0,1,0
LC,2023-06,0,0,1,0
LC,2023-07,0,0,1,0
LC,2023-08,0,0,1,0
LC,2023-09,0,0,1,0
LC,2023-10,0,0,1,0
LC,2023-11,0,0,1,0
LC,2023-12,0,0,1,0
LC,2024-01,0,0,1,0
LC,2024-02,0,0,1,0
LC,2024-03,0,0,1,0
LC,2024-04,0,0,1,0
LC,2024-05,0,0,1,0
LC,2024-06,0,0,1,0
LC,2024-07,0,0,1,0
LC,2024-08,0,0,1,0
LC,2024-09,0,0,1,0
LC,2024-10,0,0,1,0
LC,2024-11,0,0,1,0
LC,2024-12,0,0,1,0
LC,2025-01,0,0,1,0
LC,2025-02,0,0,1,0
LC,2025-03,0,0,1,0
LC,2025-04,0,0,1,0
LC,2025-05,0,0,1,0
LC,2025-06,0,0,1,0
LC,2025-07,0,0,1,0
LC,2025-08,0,0,1,0
LC,2025-09,0,0,1,0
LC,2025-10,0,0,1,0
LC,2025-11,0,0,1,0
LC,2025-12,0,0,1,0
LC,2026-01,0,0,1,0
LC,2026-02,0,0,1,0
LC,2026-03,0,0,1,0
LC,2026-04,0,0,1,0
LC,2026-05,0,0,1,0
LC,2026-06,0,0,1,0
LC,2026-07,0,0,1,0
LC,2026-08,0,0,1,0
LK,2019-01,0,0.7725,0.1137,0.1137
LK,2019-02,0,0.7631,0.1316,0.1053
LK,2019-03,0,0.7856,0.1072,0.1072
LK,2019-04,0,0.6817,0.182,0.1363
LK,2019-05,0,0.6332,0.2002,0.1666
LK,2019-06,0,0.5,0.2648,0.2352
LK,2019-07,0,0.5453,0.2425,0.2122
LK,2019-08,0,0.6381,0.1916,0.1703
LK,2019-09,0,0.6458,0.1875,0.1667
LK,2019-10,0,0.7564,0.1282,0.1154
LK,2019-11,0,0.7581,0.129,0.1129
LK,2019-12,0,0.7945,0.1096,0.0959
LK,2020-01,0.02,0.76,0.12,0.1
LK,2020-02,0.0302,0.6969,0.1516,0.1213
LK,2020-03,0.0402,0.7194,0.1202,0.1202
LK,2020-04,0.0384,0.6924,0.154,0.1152
LK,2020-05,0.0408,0.6123,0.1836,0.1633
LK,2020-06,0.0376,0.6414,0.1699,0.1511
LK,2020-07,0.0477,0.5953,0.1903,0.1667
LK,2020-08,0.0303,0.7121,0.1364,0.1212
LK,2020-09,0.0307,0.6922,0.1539,0.1232
LK,2020-10,0.0294,0.7206,0.1324,0.1176
LK,2020-11,0.0369,0.6853,0.1482,0.1296
LK,2020-12,0.0434,0.6305,0.174,0.1521
LK,2021-01,0.0475,0.5715,0.1666,0.2144
LK,2021-02,0.057,0.6001,0.143,0.1999
LK,2021-03,0.054,0.6488,0.1351,0.1621
LK,2021-04,0.0409,0.6531,0.1429,0.1631
LK,2021-05,0.04,0.64,0.1467,0.1733
LK,2021-06,0.0413,0.6803,0.1238,0.1546
LK,2021-07,0.0449,0.6516,0.1349,0.1686
LK,2021-08,0.0507,0.6203,0.1518,0.1772
LK,2021-09,0.0526,0.6053,0.1579,0.1842
LK,2021-10,0.045,0.6742,0.1236,0.1573
LK,2021-11,0.0389,0.7087,0.1166,0.1359
LK,2021-12,0.0348,0.7326,0.1047,0.1279
LK,2022-01,0.0166,0.6835,0.15,0.15
LK,2022-02,0.0276,0.5833,0.1945,0.1945
LK,2022-03,0.0248,0.6251,0.175,0.175
LK,2022-04,0.025,0.55,0.2,0.225
LK,2022-05,0.0257,0.5897,0.1923,0.1923
LK,2022-06,0.0279,0.611,0.1806,0.1806
LK,2022-07,0.0277,0.6251,0.1667,0.1805
LK,2022-08,0.0215,0.6774,0.1506,0.1506
LK,2022-09,0.0228,0.6477,0.1591,0.1704
LK,2022-10,0.022,0.6923,0.1429,0.1429
LK,2022-11,0.0223,0.7222,0.1222,0.1333
LK,2022-12,0.0327,0.6395,0.1639,0.1639
LK,2023-01,0.0188,0.6227,0.1699,0.1887
LK,2023-02,0.0227,0.6136,0.1819,0.1819
LK,2023-03,0.0197,0.6273,0.1765,0.1765
LK,2023-04,0.0217,0.6087,0.1739,0.1957
LK,2023-05,0.0357,0.5,0.2322,0.2322
LK,2023-06,0.0344,0.4483,0.2586,0.2586
LK,2023-07,0.0317,0.492,0.2381,0.2381
LK,2023-08,0.0393,0.4902,0.2353,0.2353
LK,2023-09,0.0476,0.4286,0.254,0.2699
LK,2023-10,0.0228,0.625,0.1704,0.1818
LK,2023-11,0.0196,0.706,0.1372,0.1372
LK,2023-12,0.0188,0.7171,0.1321,0.1321
LK,2024-01,0.0223,0.7,0.1333,0.1444
LK,2024-02,0.0372,0.5739,0.1853,0.2036
LK,2024-03,0.0207,0.6669,0.1457,0.1667
LK,2024-04,0.0183,0.6909,0.1454,0.1454
LK,2024-05,0.0294,0.5882,0.1912,0.1912
LK,2024-06,0.0361,0.5663,0.1928,0.2048
LK,2024-07,0.0361,0.5663,0.1928,0.2048
LK,2024-08,0.0361,0.5663,0.1928,0.2048
LK,2024-09,0.0361,0.5663,0.1928,0.2048
LK,2024-10,0.0361,0.5663,0.1928,0.2048
LK,2024-11,0.0361,0.5663,0.1928,0.2048
LK,2024-12,0.0361,0.5663,0.1928,0.2048
LK,2025-01,0.0361,0.5663,0.1928,0.2048
LK,2025-02,0.0361,0.5663,0.1928,0.2048
LK,2025-03,0.0361,0.5663,0.1928,0.2048
LK,2025-04,0.0361,0.5663,0.1928,0.2048
LK,2025-05,0.0361,0.5663,0.1928,0.2048
LK,2025-06,0.0361,0.5663,0.1928,0.2048
LK,2025-07,0.0361,0.5663,0.1928,0.2048
LK,2025-08,0.0361,0.5663,0.1928,0.2048
LK,2025-09,0.0361,0.5663,0.1928,0.2048
LK,2025-10,0.0361,0.5663,0.1928,0.2048
LK,2025-11,0.0361,0.5663,0.1928,0.2048
LK,2025-12,0.0361,0.5663,0.1928,0.2048
LK,2026-01,0.0361,0.5663,0.1928,0.2048
LK,2026-02,0.0361,0.5663,0.1928,0.2048
LK,2026-03,0.0361,0.5663,0.1928,0.2048
LK,2026-04,0.0361,0.5663,0.1928,0.2048
LK,2026-05,0.0361,0.5663,0.1928,0.2048
LK,2026-06,0.0361,0.5663,0.1928,0.2048
LK,2026-07,0.0361,0.5663,0.1928,0.2048
LK,2026-08,0.0361,0.5663,0.1928,0.2048
LR,2019-01,0,1,0,0
LR,2019-02,0,1,0,0
LR,2019-03,0,1,0,0
LR,2019-04,0,1,0,0
LR,2019-05,0,1,0,0
LR,2019-06,0,1,0,0
LR,2019-07,0,1,0,0
LR,2019-08,0,1,0,0
LR,2019-09,0,1,0,0
LR,2019-10,0,1,0,0
LR,2019-11,0,1,0,0
LR,2019-12,0,1,0,0
LR,2020-01,0,1,0,0
LR,2020-02,0,1,0,0
LR,2020-03,0,1,0,0
LR,2020-04,0,1,0,0
LR,2020-05,0,1,0,0
LR,2020-06,0,1,0,0
LR,2020-07,0,1,0,0
LR,2020-08,0,1,0,0
LR,2020-09,0,1,0,0
LR,2020-10,0,1,0,0
LR,2020-11,0,1,0,0
LR,2020-12,0,1,0,0
LR,2021-01,0,1,0,0
LR,2021-02,0,1,0,0
LR,2021-03,0,1,0,0
LR,2021-04,0,1,0,0
LR,2021-05,0,1,0,0
LR,2021-06,0,1,0,0
LR,2021-07,0,1,0,0
LR,2021-08,0,1,0,0
LR,2021-09,0,1,0,0
LR,2021-10,0,1,0,0
LR,2021-11,0,1,0,0
LR,2021-12,0,1,0,0
LR,2022-01,0,1,0,0
LR,2022-02,0,1,0,0
LR,2022-03,0,1,0,0
LR,2022-04,0,1,0,0
LR,2022-05,0,1,0,0
LR,2022-06,0,1,0,0
LR,2022-07,0,1,0,0
LR,2022-08,0,1,0,0
LR,2022-09,0,1,0,0
LR,2022-10,0,1,0,0
LR,2022-11,0,1,0,0
LR,2022-12,0,1,0,0
LR,2023-01,0,1,0,0
LR,2023-02,0,1,0,0
LR,2023-03,0,1,0,0
LR,2023-04,0,1,0,0
LR,2023-05,0,1,0,0
LR,2023-06,0,1,0,0
LR,2023-07,0,1,0,0
LR,2023-08,0,1,0,0
LR,2023-09,0,1,0,0
LR,2023-10,0,1,0,0
LR,2023-11,0,1,0,0
LR,2023-12,0,1,0,0
LR,2024-01,0,1,0,0
LR,2024-02,0,1,0,0
LR,2024-03,0,1,0,0
LR,2024-04,0,1,0,0
LR,2024-05,0,1,0,0
LR,2024-06,0,1,0,0
LR,2024-07,0,1,0,0
LR,2024-08,0,1,0,0
LR,2024-09,0,1,0,0
LR,2024-10,0,1,0,0
LR,2024-11,0,1,0,0
LR,2024-12,0,1,0,0
LR,2025-01,0,1,0,0
LR,2025-02,0,1,0,0
LR,2025-03,0,1,0,0
LR,2025-04,0,1,0,0
LR,2025-05,0,1,0,0
LR,2025-06,0,1,0,0
LR,2025-07,0,1,0,0
LR,2025-08,0,1,0,0
LR,2025-09,0,1,0,0
LR,2025-10,0,1,0,0
LR,2025-11,0,1,0,0
LR,2025-12,0,1,0,0
LR,2026-01,0,1,0,0
LR,2026-02,0,1,0,0
LR,2026-03,0,1,0,0
LR,2026-04,0,1,0,0
LR,2026-05,0,1,0,0
LR,2026-06,0,1,0,0
LR,2026-07,0,1,0,0
LR,2026-08,0,1,0,0
LS,2019-01,0.0037,0.9578,0.0143,0.0242
LS,2019-02,0.0037,0.9578,0.0143,0.0242
LS,2019-03,0.0037,0.9578,0.0143,0.0242
LS,2019-04,0.0037,0.9578,0.0143,0.0242
LS,2019-05,0.0037,0.9578,0.0143,0.0242
LS,2019-06,0.0037,0.9578,0.0143,0.0242
LS,2019-07,0.0037,0.9578,0.0143,0.0242
LS,2019-08,0.0037,0.9578,0.0143,0.0242
LS,2019-09,0.0037,0.9578,0.0143,0.0242
LS,2019-10,0.0037,0.9578,0.0143,0.0242
LS,2019-11,0.0037,0.9578,0.0143,0.0242
LS,2019-12,0.0037,0.9578,0.0143,0.0242
LS,2020-01,0.0037,0.9578,0.0143,0.0242
LS,2020-02,0.0037,0.9578,0.0143,0.0242
LS,2020-03,0.0037,0.9578,0.0143,0.0242
LS,2020-04,0.0037,0.9578,0.0143,0.0242
LS,2020-05,0.0037,0.9578,0.0143,0.0242
LS,2020-06,0.0037,0.9578,0.0143,0.0242
LS,2020-07,0.0037,0.9578,0.0143,0.0242
LS,2020-08,0.0037,0.9578,0.0143,0.0242
LS,2020-09,0.0037,0.9578,0.0143,0.0242
LS,2020-10,0.0037,0.9578,0.0143,0.0242
LS,2020-11,0.0037,0.9578,0.0143,0.0242
LS,2020-12,0.0037,0.9578,0.0143,0.0242
LS,2021-01,0.0037,0.9578,0.0143,0.0242
LS,2021-02,0.0037,0.9578,0.0143,0.0242
LS,2021-03,0.0037,0.9578,0.0143,0.0242
LS,2021-04,0.0037,0.9578,0.0143,0.0242
LS,2021-05,0.0037,0.9578,0.0143,0.0242
LS,2021-06,0.0037,0.9578,0.0143,0.0242
LS,2021-07,0.0037,0.9578,0.0143,0.0242
LS,2021-08,0.0037,0.9578,0.0143,0.0242
LS,2021-09,0.0037,0.9578,0.0143,0.0242
LS,2021-10,0.0037,0.9578,0.0143,0.0242
LS,2021-11,0.0037,0.9578,0.0143,0.0242
LS,2021-12,0.0037,0.9578,0.0143,0.0242
LS,2022-01,0.0037,0.9578,0.0143,0.0242
LS,2022-02,0.0037,0.9578,0.0143,0.0242
LS,2022-03,0.0037,0.9578,0.0143,0.0242
LS,2022-04,0.0037,0.9578,0.0143,0.0242
LS,2022-05,0.0037,0.9578,0.0143,0.0242
LS,2022-06,0.0037,0.9578,0.0143,0.0242
LS,2022-07,0.0037,0.9578,0.0143,0.0242
LS,2022-08,0.0037,0.9578,0.0143,0.0242
LS,2022-09,0.0037,0.9578,0.0143,0.0242
LS,2022-10,0.0037,0.9578,0.0143,0.0242
LS,2022-11,0.0037,0.9578,0.0143,0.0242
LS,2022-12,0.0037,0.9578,0.0143,0.0242
LS,2023-01,0.0037,0.9578,0.0143,0.0242
LS,2023-02,0.0037,0.9578,0.0143,0.0242
LS,2023-03,0.0037,0.9578,0.0143,0.0242
LS,2023-04,0.0037,0.9578,0.0143,0.0242
LS,2023-05,0.0037,0.9578,0.0143,0.0242
LS,2023-06,0.0037,0.9578,0.0143,0.0242
LS,2023-07,0.0037,0.9578,0.0143,0.0242
LS,2023-08,0.0037,0.9578,0.0143,0.0242
LS,2023-09,0.0037,0.9578,0.0143,0.0242
LS,2023-10,0.0037,0.9578,0.0143,0.0242
LS,2023-11,0.0037,0.9578,0.0143,0.0242
LS,2023-12,0.0037,0.9578,0.0143,0.0242
LS,2024-01,0.0037,0.9578,0.0143,0.0242
LS,2024-02,0.0037,0.9578,0.0143,0.0242
LS,2024-03,0.0037,0.9578,0.0143,0.0242
LS,2024-04,0.0037,0.9578,0.0143,0.0242
LS,2024-05,0.0037,0.9578,0.0143,0.0242
LS,2024-06,0.0037,0.9578,0.0143,0.0242
LS,2024-07,0.0037,0.9578,0.0143,0.0242
LS,2024-08,0.0037,0.9578,0.0143,0.0242
LS,2024-09,0.0037,0.9578,0.0143,0.0242
LS,2024-10,0.0037,0.9578,0.0143,0.0242
LS,2024-11,0.0037,0.9578,0.0143,0.0242
LS,2024-12,0.0037,0.9578,0.0143,0.0242
LS,2025-01,0.0037,0.9578,0.0143,0.0242
LS,2025-02,0.0037,0.9578,0.0143,0.0242
LS,2025-03,0.0037,0.9578,0.0143,0.0242
LS,2025-04,0.0037,0.9578,0.0143,0.0242
LS,2025-05,0.0037,0.9578,0.0143,0.0242
LS,2025-06,0.0037,0.9578,0.0143,0.0242
LS,2025-07,0.0037,0.9578,0.0143,0.0242
LS,2025-08,0.0037,0.9578,0.0143,0.0242
LS,2025-09,0.0037,0.9578,0.0143,0.0242
LS,2025-10,0.0037,0.9578,0.0143,0.0242
LS,2025-11,0.0037,0.9578,0.0143,0.0242
LS,2025-12,0.0037,0.9578,0.0143,0.0242
LS,2026-01,0.0037,0.9578,0.0143,0.0242
LS,2026-02,0.0037,0.9578,0.0143,0.0242
LS,2026-03,0.0037,0.9578,0.0143,0.0242
LS,2026-04,0.0037,0.9578,0.0143,0.0242
LS,2026-05,0.0037,0.9578,0.0143,0.0242
LS,2026-06,0.0037,0.9578,0.0143,0.0242
LS,2026-07,0.0037,0.9578,0.0143,0.0242
LS,2026-08,0.0037,0.9578,0.0143,0.0242
LT,2019-01,0.1396,0.3678,0.0182,0.4744
LT,2019-02,0.1324,0.3482,0.0321,0.4873
LT,2019-03,0.1188,0.3159,0.0602,0.5051
LT,2019-04,0.1351,0.367,0.0856,0.4123
LT,2019-05,0.1147,0.4252,0.0977,0.3624
LT,2019-06,0.1218,0.4506,0.1246,0.303
LT,2019-07,0.127,0.3714,0.1217,0.3799
LT,2019-08,0.1394,0.4374,0.1324,0.2908
LT,2019-09,0.1227,0.3429,0.0937,0.4406
LT,2019-10,0.1275,0.3463,0.0475,0.4787
LT,2019-11,0.1438,0.3566,0.0222,0.4773
LT,2019-12,0.1287,0.3172,0.0165,0.5377
LT,2020-01,0.1213,0.3038,0.0197,0.5552
LT,2020-02,0.114,0.2867,0.0272,0.572
LT,2020-03,0.1267,0.3455,0.0717,0.4561
LT,2020-04,0.1124,0.332,0.1023,0.4533
LT,2020-05,0.1146,0.3674,0.1133,0.4047
LT,2020-06,0.1378,0.4211,0.1311,0.31
LT,2020-07,0.1263,0.3463,0.1215,0.4059
LT,2020-08,0.1543,0.4071,0.1458,0.2929
LT,2020-09,0.1261,0.3019,0.1003,0.4718
LT,2020-10,0.1193,0.3452,0.0439,0.4916
LT,2020-11,0.1453,0.3296,0.0305,0.4946
LT,2020-12,0.1355,0.3117,0.0165,0.5363
LT,2021-01,0.153,0.3991,0.0232,0.4247
LT,2021-02,0.1283,0.3907,0.0423,0.4387
LT,2021-03,0.1395,0.37,0.0634,0.4271
LT,2021-04,0.1216,0.3551,0.1061,0.4172
LT,2021-05,0.1121,0.3809,0.1359,0.3711
LT,2021-06,0.1139,0.4533,0.1922,0.2406
LT,2021-07,0.129,0.4033,0.1727,0.295
LT,2021-08,0.1217,0.3606,0.1506,0.3671
LT,2021-09,0.1321,0.3469,0.1149,0.4061
LT,2021-10,0.1286,0.2768,0.0744,0.5203
LT,2021-11,0.1357,0.3126,0.0305,0.5213
LT,2021-12,0.1398,0.3463,0.0229,0.4909
LT,2022-01,0.1157,0.2923,0.0437,0.5483
LT,2022-02,0.1059,0.2602,0.0702,0.5637
LT,2022-03,0.127,0.3413,0.1901,0.3416
LT,2022-04,0.1165,0.3045,0.1395,0.4396
LT,2022-05,0.1018,0.349,0.1725,0.3767
LT,2022-06,0.0951,0.3985,0.2305,0.276
LT,2022-07,0.1092,0.3013,0.2344,0.3551
LT,2022-08,0.1252,0.3108,0.2589,0.3051
LT,2022-09,0.1072,0.2991,0.1826,0.411
LT,2022-10,0.1093,0.2494,0.11,0.5312
LT,2022-11,0.1067,0.3195,0.0688,0.5049
LT,2022-12,0.1277,0.318,0.0255,0.5287
LT,2023-01,0.0922,0.2981,0.026,0.5836
LT,2023-02,0.0822,0.3041,0.07,0.5436
LT,2023-03,0.0823,0.2565,0.1051,0.5561
LT,2023-04,0.0717,0.2945,0.1806,0.4531
LT,2023-05,0.0683,0.2859,0.2968,0.3491
LT,2023-06,0.0697,0.2795,0.3522,0.2986
LT,2023-07,0.0622,0.2097,0.3051,0.423
LT,2023-08,0.0689,0.2408,0.2836,0.4068
LT,2023-09,0.0667,0.2126,0.2642,0.4564
LT,2023-10,0.0525,0.1538,0.1023,0.6914
LT,2023-11,0.0723,0.2871,0.0722,0.5685
LT,2023-12,0.0767,0.2311,0.0369,0.6554
LT,2024-01,0.0539,0.2194,0.0378,0.6889
LT,2024-02,0.0585,0.2565,0.0511,0.6339
LT,2024-03,0.051,0.2311,0.1787,0.5391
LT,2024-04,0.0494,0.1932,0.2415,0.5159
LT,2024-05,0.0475,0.1755,0.4167,0.3602
LT,2024-06,0.0501,0.173,0.4689,0.3079
LT,2024-07,0.0509,0.1706,0.4245,0.354
LT,2024-08,0.0536,0.1613,0.425,0.3601
LT,2024-09,0.0528,0.151,0.3291,0.4671
LT,2024-10,0.0572,0.1817,0.1843,0.5768
LT,2024-11,0.0411,0.1613,0.0636,0.7339
LT,2024-12,0.0499,0.1325,0.0339,0.7837
LT,2025-01,0.0487,0.1454,0.0506,0.7553
LT,2025-02,0.0532,0.214,0.1429,0.5899
LT,2025-03,0.0426,0.11,0.2059,0.6415
LT,2025-04,0.0199,0.0518,0.3642,0.5641
LT,2025-05,0.0238,0.0809,0.4587,0.4365
LT,2025-06,0.0181,0.0597,0.385,0.5371
LT,2025-07,0.031,0.1277,0.491,0.3502
LT,2025-08,0.0307,0.13,0.4281,0.4112
LT,2025-09,0.0315,0.1006,0.3262,0.5416
LT,2025-10,0.0294,0.1039,0.1766,0.6901
LT,2025-11,0.0472,0.205,0.0949,0.6529
LT,2025-12,0.0325,0.1399,0.0329,0.7947
LT,2026-01,0.0449,0.1317,0.0456,0.7778
LT,2026-02,0.0357,0.1497,0.1031,0.7115
LT,2026-03,0.0243,0.1172,0.2551,0.6034
LT,2026-04,0.0137,0.0421,0.2668,0.6774
LT,2026-05,0.0155,0.0578,0.4052,0.5214
LT,2026-06,0.0182,0.0643,0.5744,0.3432
LT,2026-07,0.0182,0.0643,0.5744,0.3432
LT,2026-08,0.0182,0.0643,0.5744,0.3432
LU,2019-01,0.1307,0.4128,0.0225,0.4341
LU,2019-02,0.1293,0.4043,0.114,0.3524
LU,2019-03,0.1079,0.3396,0.108,0.4445
LU,2019-04,0.1219,0.4218,0.1451,0.3112
LU,2019-05,0.1091,0.4286,0.1953,0.267
LU,2019-06,0.1199,0.4248,0.2378,0.2176
LU,2019-07,0.1814,0.3818,0.2304,0.2064
LU,2019-08,0.1869,0.3662,0.2295,0.2173
LU,2019-09,0.185,0.3428,0.1445,0.3277
LU,2019-10,0.1709,0.3599,0.1059,0.3634
LU,2019-11,0.1793,0.41,0.0249,0.3858
LU,2019-12,0.1665,0.3696,0.0187,0.4452
LU,2020-01,0.164,0.3583,0.0243,0.4533
LU,2020-02,0.1472,0.3207,0.0319,0.5002
LU,2020-03,0.1475,0.349,0.1043,0.3991
LU,2020-04,0.1651,0.3665,0.2024,0.2661
LU,2020-05,0.1638,0.361,0.2125,0.2626
LU,2020-06,0.1656,0.3658,0.2166,0.252
LU,2020-07,0.1657,0.3412,0.2239,0.2692
LU,2020-08,0.1718,0.3382,0.222,0.2679
LU,2020-09,0.1835,0.3483,0.1562,0.312
LU,2020-10,0.1495,0.3471,0.0946,0.4089
LU,2020-11,0.1793,0.3268,0.0954,0.3985
LU,2020-12,0.1796,0.3879,0.0201,0.4125
LU,2021-01,0.1775,0.4082,0.0229,0.3913
LU,2021-02,0.1544,0.3512,0.0891,0.4053
LU,2021-03,0.1949,0.3221,0.1582,0.3248
LU,2021-04,0.1981,0.3238,0.1794,0.2987
LU,2021-05,0.1776,0.329,0.1732,0.3201
LU,2021-06,0.1556,0.4031,0.2781,0.1632
LU,2021-07,0.1585,0.3784,0.2214,0.2418
LU,2021-08,0.1647,0.3568,0.2147,0.2638
LU,2021-09,0.193,0.3329,0.2387,0.2354
LU,2021-10,0.176,0.275,0.1268,0.4223
LU,2021-11,0.241,0.3095,0.096,0.3535
LU,2021-12,0.2278,0.3476,0.0234,0.4013
LU,2022-01,0.1822,0.3794,0.0377,0.4007
LU,2022-02,0.1461,0.2614,0.0939,0.4985
LU,2022-03,0.1975,0.3061,0.1747,0.3216
LU,2022-04,0.1428,0.3003,0.2372,0.3197
LU,2022-05,0.1829,0.2788,0.3023,0.236
LU,2022-06,0.1962,0.292,0.3311,0.1807
LU,2022-07,0.1998,0.2586,0.34,0.2016
LU,2022-08,0.2277,0.2648,0.3134,0.1941
LU,2022-09,0.2275,0.2536,0.2216,0.2974
LU,2022-10,0.2177,0.245,0.1339,0.4034
LU,2022-11,0.1591,0.2969,0.0935,0.4505
LU,2022-12,0.1746,0.3371,0.0263,0.462
LU,2023-01,0.1494,0.3061,0.0317,0.5128
LU,2023-02,0.1585,0.2952,0.1134,0.4329
LU,2023-03,0.134,0.2705,0.1635,0.432
LU,2023-04,0.0911,0.296,0.2541,0.3588
LU,2023-05,0.0834,0.3106,0.3184,0.2876
LU,2023-06,0.0902,0.3035,0.3773,0.229
LU,2023-07,0.0924,0.2623,0.317,0.3282
LU,2023-08,0.0963,0.2703,0.3132,0.3201
LU,2023-09,0.1041,0.2798,0.3222,0.294
LU,2023-10,0.0986,0.2582,0.1376,0.5055
LU,2023-11,0.0852,0.2966,0.0851,0.5331
LU,2023-12,0.0941,0.3249,0.0315,0.5495
LU,2024-01,0.1317,0.3169,0.0839,0.4675
LU,2024-02,0.0883,0.2917,0.1018,0.5182
LU,2024-03,0.091,0.3322,0.1886,0.3882
LU,2024-04,0.0787,0.2901,0.2417,0.3895
LU,2024-05,0.122,0.315,0.3144,0.2485
LU,2024-06,0.1268,0.3135,0.3413,0.2184
LU,2024-07,0.1213,0.2886,0.3809,0.2092
LU,2024-08,0.1692,0.2429,0.3746,0.2133
LU,2024-09,0.1694,0.2483,0.2489,0.3334
LU,2024-10,0.2189,0.2914,0.1739,0.3158
LU,2024-11,0.191,0.2956,0.1061,0.4072
LU,2024-12,0.1456,0.2943,0.0447,0.5154
LU,2025-01,0.1762,0.2867,0.0924,0.4447
LU,2025-02,0.1103,0.3552,0.151,0.3835
LU,2025-03,0.1614,0.2388,0.2755,0.3242
LU,2025-04,0.13,0.2202,0.378,0.2718
LU,2025-05,0.1116,0.2076,0.3926,0.2883
LU,2025-06,0.1153,0.1952,0.4279,0.2616
LU,2025-07,0.078,0.2143,0.4506,0.2571
LU,2025-08,0.1301,0.1871,0.4594,0.2234
LU,2025-09,0.1327,0.2047,0.2887,0.3738
LU,2025-10,0.1275,0.2489,0.1872,0.4363
LU,2025-11,0.1467,0.298,0.1225,0.4328
LU,2025-12,0.1359,0.2732,0.0903,0.5005
LU,2026-01,0.0999,0.3261,0.0545,0.5195
LU,2026-02,0.1311,0.2778,0.1085,0.4825
LU,2026-03,0.0811,0.2695,0.2945,0.3549
LU,2026-04,0.077,0.2415,0.4107,0.2708
LU,2026-05,0.076,0.2156,0.4646,0.2437
LU,2026-06,0.0709,0.206,0.4798,0.2433
LU,2026-07,0.0709,0.206,0.4798,0.2433
LU,2026-08,0.0709,0.206,0.4798,0.2433
LV,2019-01,0.3489,0.5301,0.0056,0.1154
LV,2019-02,0.2524,0.6398,0.0119,0.0958
LV,2019-03,0.1305,0.826,0,0.0435
LV,2019-04,0.1384,0.8051,0.0093,0.0472
LV,2019-05,0.1611,0.7297,0.0256,0.0837
LV,2019-06,0.2546,0.578,0.0462,0.1212
LV,2019-07,0.2608,0.5481,0.0567,0.1344
LV,2019-08,0.2653,0.6321,0.0153,0.0873
LV,2019-09,0.2924,0.6079,0.008,0.0917
LV,2019-10,0.2171,0.6844,0.0117,0.0868
LV,2019-11,0.1539,0.8026,0.0014,0.042
LV,2019-12,0.142,0.7695,0.0027,0.0857
LV,2020-01,0.1084,0.8407,0.0008,0.0502
LV,2020-02,0.1182,0.8271,0.0009,0.0538
LV,2020-03,0.1112,0.8703,0,0.0185
LV,2020-04,0.1648,0.7271,0.0286,0.0795
LV,2020-05,0.1427,0.7678,0.0228,0.0667
LV,2020-06,0.1735,0.7552,0.0126,0.0587
LV,2020-07,0.1501,0.6446,0.0689,0.1364
LV,2020-08,0.219,0.636,0.0593,0.0858
LV,2020-09,0.1613,0.6596,0.0449,0.1342
LV,2020-10,0.1839,0.6142,0.0287,0.1732
LV,2020-11,0.22,0.664,0.0105,0.1054
LV,2020-12,0.1974,0.7024,0.0051,0.0951
LV,2021-01,0.1924,0.7444,0.0025,0.0607
LV,2021-02,0.1939,0.7472,0.0033,0.0556
LV,2021-03,0.1112,0.8666,0,0.0222
LV,2021-04,0.0893,0.8929,0,0.0179
LV,2021-05,0.0848,0.881,0.0051,0.0291
LV,2021-06,0.1558,0.7526,0.0475,0.044
LV,2021-07,0.178,0.5809,0.0894,0.1518
LV,2021-08,0.1643,0.5607,0.0943,0.1806
LV,2021-09,0.1863,0.5944,0.0666,0.1527
LV,2021-10,0.1918,0.5233,0.0453,0.2396
LV,2021-11,0.2002,0.6735,0.0124,0.1139
LV,2021-12,0.1496,0.8059,0.0014,0.0432
LV,2022-01,0.1604,0.7129,0.008,0.1187
LV,2022-02,0.1047,0.7772,0.0107,0.1074
LV,2022-03,0.099,0.8153,0.0197,0.0661
LV,2022-04,0.05,0.9333,0,0.0166
LV,2022-05,0.084,0.8222,0.0313,0.0625
LV,2022-06,0.0841,0.7862,0.065,0.0646
LV,2022-07,0.0989,0.6393,0.1264,0.1354
LV,2022-08,0.1304,0.5645,0.1536,0.1515
LV,2022-09,0.1533,0.5337,0.097,0.2161
LV,2022-10,0.1035,0.5794,0.0532,0.2639
LV,2022-11,0.1031,0.7298,0.0114,0.1556
LV,2022-12,0.1,0.7805,0.0026,0.117
LV,2023-01,0.0428,0.9143,0,0.0428
LV,2023-02,0.05,0.8999,0,0.05
LV,2023-03,0.0323,0.9193,0,0.0484
LV,2023-04,0.0212,0.9469,0.0106,0.0212
LV,2023-05,0.0609,0.7773,0.0905,0.0713
LV,2023-06,0.0709,0.5719,0.2162,0.1411
LV,2023-07,0.0742,0.4742,0.2206,0.2309
LV,2023-08,0.1112,0.5343,0.1943,0.1602
LV,2023-09,0.0775,0.5177,0.1922,0.2125
LV,2023-10,0.1027,0.537,0.0926,0.2676
LV,2023-11,0.0696,0.8094,0.0095,0.1116
LV,2023-12,0.0536,0.8738,0.0025,0.07
LV,2024-01,0.0526,0.8684,0,0.0789
LV,2024-02,0.0477,0.9047,0,0.0477
LV,2024-03,0.0266,0.9201,0.0266,0.0266
LV,2024-04,0.0526,0.8816,0.0395,0.0263
LV,2024-05,0.0625,0.7769,0.1309,0.0297
LV,2024-06,0.1074,0.5134,0.2706,0.1086
LV,2024-07,0.1141,0.4618,0.2867,0.1373
LV,2024-08,0.1181,0.4517,0.3207,0.1094
LV,2024-09,0.1428,0.3854,0.28,0.1918
LV,2024-10,0.1357,0.4568,0.1763,0.2312
LV,2024-11,0.1635,0.5489,0.0663,0.2212
LV,2024-12,0.1403,0.5899,0.0218,0.248
LV,2025-01,0.0969,0.8158,0.0029,0.0843
LV,2025-02,0.1334,0.7665,0.0667,0.0334
LV,2025-03,0.101,0.7024,0.1325,0.0641
LV,2025-04,0.0812,0.6056,0.2295,0.0837
LV,2025-05,0.0756,0.6147,0.2242,0.0855
LV,2025-06,0.0636,0.7372,0.1733,0.0259
LV,2025-07,0.05,0.6308,0.2743,0.0449
LV,2025-08,0.0786,0.5856,0.2779,0.058
LV,2025-09,0.1071,0.4594,0.3102,0.1234
LV,2025-10,0.1235,0.4648,0.2297,0.182
LV,2025-11,0.128,0.698,0.0494,0.1246
LV,2025-12,0.0977,0.7553,0.0317,0.1153
LV,2026-01,0.1738,0.6956,0.0436,0.0869
LV,2026-02,0.18,0.5878,0.136,0.0962
LV,2026-03,0.0435,0.7247,0.2174,0.0145
LV,2026-04,0.0423,0.6196,0.2958,0.0423
LV,2026-05,0.0398,0.4306,0.4472,0.0824
LV,2026-06,0.047,0.3515,0.5424,0.059
LV,2026-07,0.047,0.3515,0.5424,0.059
LV,2026-08,0.047,0.3515,0.5424,0.059
LY,2019-01,0.016,0.755,0.1244,0.1046
LY,2019-02,0.016,0.755,0.1244,0.1046
LY,2019-03,0.016,0.755,0.1244,0.1046
LY,2019-04,0.016,0.755,0.1244,0.1046
LY,2019-05,0.016,0.755,0.1244,0.1046
LY,2019-06,0.016,0.755,0.1244,0.1046
LY,2019-07,0.016,0.755,0.1244,0.1046
LY,2019-08,0.016,0.755,0.1244,0.1046
LY,2019-09,0.016,0.755,0.1244,0.1046
LY,2019-10,0.016,0.755,0.1244,0.1046
LY,2019-11,0.016,0.755,0.1244,0.1046
LY,2019-12,0.016,0.755,0.1244,0.1046
LY,2020-01,0.016,0.755,0.1244,0.1046
LY,2020-02,0.016,0.755,0.1244,0.1046
LY,2020-03,0.016,0.755,0.1244,0.1046
LY,2020-04,0.016,0.755,0.1244,0.1046
LY,2020-05,0.016,0.755,0.1244,0.1046
LY,2020-06,0.016,0.755,0.1244,0.1046
LY,2020-07,0.016,0.755,0.1244,0.1046
LY,2020-08,0.016,0.755,0.1244,0.1046
LY,2020-09,0.016,0.755,0.1244,0.1046
LY,2020-10,0.016,0.755,0.1244,0.1046
LY,2020-11,0.016,0.755,0.1244,0.1046
LY,2020-12,0.016,0.755,0.1244,0.1046
LY,2021-01,0.016,0.755,0.1244,0.1046
LY,2021-02,0.016,0.755,0.1244,0.1046
LY,2021-03,0.016,0.755,0.1244,0.1046
LY,2021-04,0.016,0.755,0.1244,0.1046
LY,2021-05,0.016,0.755,0.1244,0.1046
LY,2021-06,0.016,0.755,0.1244,0.1046
LY,2021-07,0.016,0.755,0.1244,0.1046
LY,2021-08,0.016,0.755,0.1244,0.1046
LY,2021-09,0.016,0.755,0.1244,0.1046
LY,2021-10,0.016,0.755,0.1244,0.1046
LY,2021-11,0.016,0.755,0.1244,0.1046
LY,2021-12,0.016,0.755,0.1244,0.1046
LY,2022-01,0.016,0.755,0.1244,0.1046
LY,2022-02,0.016,0.755,0.1244,0.1046
LY,2022-03,0.016,0.755,0.1244,0.1046
LY,2022-04,0.016,0.755,0.1244,0.1046
LY,2022-05,0.016,0.755,0.1244,0.1046
LY,2022-06,0.016,0.755,0.1244,0.1046
LY,2022-07,0.016,0.755,0.1244,0.1046
LY,2022-08,0.016,0.755,0.1244,0.1046
LY,2022-09,0.016,0.755,0.1244,0.1046
LY,2022-10,0.016,0.755,0.1244,0.1046
LY,2022-11,0.016,0.755,0.1244,0.1046
LY,2022-12,0.016,0.755,0.1244,0.1046
LY,2023-01,0.016,0.755,0.1244,0.1046
LY,2023-02,0.016,0.755,0.1244,0.1046
LY,2023-03,0.016,0.755,0.1244,0.1046
LY,2023-04,0.016,0.755,0.1244,0.1046
LY,2023-05,0.016,0.755,0.1244,0.1046
LY,2023-06,0.016,0.755,0.1244,0.1046
LY,2023-07,0.016,0.755,0.1244,0.1046
LY,2023-08,0.016,0.755,0.1244,0.1046
LY,2023-09,0.016,0.755,0.1244,0.1046
LY,2023-10,0.016,0.755,0.1244,0.1046
LY,2023-11,0.016,0.755,0.1244,0.1046
LY,2023-12,0.016,0.755,0.1244,0.1046
LY,2024-01,0.016,0.755,0.1244,0.1046
LY,2024-02,0.016,0.755,0.1244,0.1046
LY,2024-03,0.016,0.755,0.1244,0.1046
LY,2024-04,0.016,0.755,0.1244,0.1046
LY,2024-05,0.016,0.755,0.1244,0.1046
LY,2024-06,0.016,0.755,0.1244,0.1046
LY,2024-07,0.016,0.755,0.1244,0.1046
LY,2024-08,0.016,0.755,0.1244,0.1046
LY,2024-09,0.016,0.755,0.1244,0.1046
LY,2024-10,0.016,0.755,0.1244,0.1046
LY,2024-11,0.016,0.755,0.1244,0.1046
LY,2024-12,0.016,0.755,0.1244,0.1046
LY,2025-01,0.016,0.755,0.1244,0.1046
LY,2025-02,0.016,0.755,0.1244,0.1046
LY,2025-03,0.016,0.755,0.1244,0.1046
LY,2025-04,0.016,0.755,0.1244,0.1046
LY,2025-05,0.016,0.755,0.1244,0.1046
LY,2025-06,0.016,0.755,0.1244,0.1046
LY,2025-07,0.016,0.755,0.1244,0.1046
LY,2025-08,0.016,0.755,0.1244,0.1046
LY,2025-09,0.016,0.755,0.1244,0.1046
LY,2025-10,0.016,0.755,0.1244,0.1046
LY,2025-11,0.016,0.755,0.1244,0.1046
LY,2025-12,0.016,0.755,0.1244,0.1046
LY,2026-01,0.016,0.755,0.1244,0.1046
LY,2026-02,0.016,0.755,0.1244,0.1046
LY,2026-03,0.016,0.755,0.1244,0.1046
LY,2026-04,0.016,0.755,0.1244,0.1046
LY,2026-05,0.016,0.755,0.1244,0.1046
LY,2026-06,0.016,0.755,0.1244,0.1046
LY,2026-07,0.016,0.755,0.1244,0.1046
LY,2026-08,0.016,0.755,0.1244,0.1046
MA,2019-01,0,0.224,0.2068,0.5693
MA,2019-02,0,0.2203,0.2544,0.5253
MA,2019-03,0,0.2463,0.2463,0.5074
MA,2019-04,0,0.1846,0.2618,0.5537
MA,2019-05,0,0.218,0.2437,0.5384
MA,2019-06,0,0.2351,0.2502,0.5146
MA,2019-07,0,0.1883,0.1766,0.6352
MA,2019-08,0.0001,0.2135,0.1313,0.6552
MA,2019-09,0.0005,0.2306,0.158,0.6109
MA,2019-10,0,0.2362,0.1636,0.6002
MA,2019-11,0,0.1695,0.1526,0.6779
MA,2019-12,0,0.1873,0.1873,0.6253
MA,2020-01,0,0.2291,0.1669,0.604
MA,2020-02,0,0.2183,0.1273,0.6544
MA,2020-03,0.0002,0.1951,0.2323,0.5724
MA,2020-04,0.0002,0.1993,0.2563,0.5443
MA,2020-05,0.0001,0.2125,0.2525,0.5349
MA,2020-06,0.0001,0.2034,0.2561,0.5405
MA,2020-07,0.0001,0.1716,0.1532,0.675
MA,2020-08,0.0004,0.167,0.1509,0.6817
MA,2020-09,0,0.1289,0.2258,0.6453
MA,2020-10,0.0001,0.1521,0.2494,0.5985
MA,2020-11,0.0001,0.1694,0.1901,0.6405
MA,2020-12,0.0005,0.1547,0.1883,0.6565
MA,2021-01,0,0.1405,0.2033,0.6562
MA,2021-02,0,0.1272,0.2545,0.6183
MA,2021-03,0,0.1647,0.1897,0.6455
MA,2021-04,0,0.1817,0.2879,0.5304
MA,2021-05,0,0.1501,0.2249,0.6249
MA,2021-06,0,0.1529,0.2471,0.5999
MA,2021-07,0.0002,0.1518,0.1566,0.6914
MA,2021-08,0.0002,0.1601,0.2383,0.6014
MA,2021-09,0.0002,0.147,0.2561,0.5966
MA,2021-10,0,0.1406,0.2342,0.6251
MA,2021-11,0,0.132,0.2076,0.6605
MA,2021-12,0,0.1347,0.1733,0.692
MA,2022-01,0,0.1071,0.1609,0.7321
MA,2022-02,0.0003,0.1422,0.1312,0.7264
MA,2022-03,0,0.1094,0.1564,0.7343
MA,2022-04,0.0001,0.1181,0.2418,0.64
MA,2022-05,0.0002,0.1095,0.2588,0.6315
MA,2022-06,0.0009,0.1182,0.1957,0.6853
MA,2022-07,0.0006,0.1024,0.1855,0.7114
MA,2022-08,0.0013,0.1227,0.1572,0.7188
MA,2022-09,0.0013,0.123,0.2087,0.6669
MA,2022-10,0.0015,0.1679,0.1956,0.6349
MA,2022-11,0.0007,0.1127,0.2179,0.6687
MA,2022-12,0.0011,0.1177,0.2,0.6812
MA,2023-01,0.0007,0.0812,0.2105,0.7076
MA,2023-02,0.0011,0.1081,0.2059,0.6849
MA,2023-03,0.0006,0.0775,0.2949,0.627
MA,2023-04,0.0005,0.0887,0.2643,0.6465
MA,2023-05,0.0005,0.0721,0.2885,0.6389
MA,2023-06,0.0002,0.089,0.3214,0.5894
MA,2023-07,0.0006,0.0755,0.2073,0.7166
MA,2023-08,0.0013,0.1026,0.1673,0.7288
MA,2023-09,0.0007,0.0905,0.2018,0.707
MA,2023-10,0.0006,0.079,0.2,0.7203
MA,2023-11,0.0007,0.1042,0.1972,0.698
MA,2023-12,0.0005,0.0767,0.2074,0.7154
MA,2024-01,0.0002,0.059,0.1657,0.7751
MA,2024-02,0.0003,0.054,0.1446,0.801
MA,2024-03,0.0009,0.1069,0.1612,0.731
MA,2024-04,0.0009,0.1031,0.1728,0.7232
MA,2024-05,0.0008,0.0966,0.1482,0.7544
MA,2024-06,0.0006,0.0684,0.1605,0.7706
MA,2024-07,0.0008,0.0913,0.1097,0.7982
MA,2024-08,0.0008,0.0731,0.1043,0.8218
MA,2024-09,0.0011,0.0995,0.1337,0.7657
MA,2024-10,0.001,0.1033,0.1366,0.7591
MA,2024-11,0.0012,0.1725,0.121,0.7054
MA,2024-12,0,0.0874,0.1002,0.8124
MA,2025-01,0.0003,0.104,0.1335,0.7622
MA,2025-02,0.0006,0.0989,0.1082,0.7923
MA,2025-03,0.0006,0.13,0.1241,0.7453
MA,2025-04,0.0007,0.1178,0.1438,0.7377
MA,2025-05,0.0014,0.1397,0.1798,0.679
MA,2025-06,0.0011,0.109,0.1357,0.7543
MA,2025-07,0.0011,0.1013,0.1533,0.7442
MA,2025-08,0.0012,0.1069,0.142,0.7499
MA,2025-09,0.0011,0.1055,0.1603,0.7332
MA,2025-10,0.0014,0.1215,0.2102,0.6669
MA,2025-11,0.0012,0.1056,0.1808,0.7123
MA,2025-12,0.0015,0.1346,0.1433,0.7206
MA,2026-01,0.0006,0.1247,0.125,0.7496
MA,2026-02,0.0009,0.2939,0.1221,0.5831
MA,2026-03,0.0012,0.1721,0.127,0.6997
MA,2026-04,0.0012,0.1721,0.127,0.6997
MA,2026-05,0.0012,0.1721,0.127,0.6997
MA,2026-06,0.0012,0.1721,0.127,0.6997
MA,2026-07,0.0012,0.1721,0.127,0.6997
MA,2026-08,0.0012,0.1721,0.127,0.6997
MD,2019-01,0.0868,0.7142,0.0108,0.1882
MD,2019-02,0.0853,0.7101,0.0232,0.1814
MD,2019-03,0.0831,0.6844,0.0313,0.2011
MD,2019-04,0.083,0.7076,0.0431,0.1662
MD,2019-05,0.081,0.7163,0.0475,0.1552
MD,2019-06,0.0797,0.7178,0.0572,0.1453
MD,2019-07,0.0823,0.7189,0.055,0.1438
MD,2019-08,0.0832,0.714,0.0531,0.1497
MD,2019-09,0.0826,0.7023,0.0418,0.1734
MD,2019-10,0.0854,0.7079,0.0274,0.1792
MD,2019-11,0.0859,0.7179,0.0135,0.1827
MD,2019-12,0.0845,0.7037,0.0111,0.2007
MD,2020-01,0.0496,0.7162,0.022,0.2122
MD,2020-02,0.0436,0.681,0.0323,0.243
MD,2020-03,0.0334,0.7856,0.0388,0.1422
MD,2020-04,0,1,0,0
MD,2020-05,0,1,0,0
MD,2020-06,0,1,0,0
MD,2020-07,0,1,0,0
MD,2020-08,0,1,0,0
MD,2020-09,0,1,0,0
MD,2020-10,0.0121,0.925,0.011,0.0519
MD,2020-11,0.0125,0.9337,0.0075,0.0463
MD,2020-12,0.0128,0.9334,0.0043,0.0496
MD,2021-01,0,1,0,0
MD,2021-02,0,1,0,0
MD,2021-03,0,1,0,0
MD,2021-04,0.0093,0.9468,0.0153,0.0287
MD,2021-05,0.0226,0.8596,0.0439,0.0739
MD,2021-06,0.0155,0.9126,0.0373,0.0346
MD,2021-07,0.0257,0.8469,0.0584,0.069
MD,2021-08,0.0339,0.7943,0.0688,0.103
MD,2021-09,0,1,0,0
MD,2021-10,0.0306,0.8079,0.035,0.1264
MD,2021-11,0,1,0,0
MD,2021-12,0,1,0,0
MD,2022-01,0,1,0,0
MD,2022-02,0,1,0,0
MD,2022-03,0,1,0,0
MD,2022-04,0,1,0,0
MD,2022-05,0.0303,0.7898,0.0808,0.0991
MD,2022-06,0.0493,0.6728,0.1394,0.1385
MD,2022-07,0.0524,0.6332,0.15,0.1644
MD,2022-08,0.056,0.6528,0.147,0.1442
MD,2022-09,0.0567,0.6533,0.1073,0.1827
MD,2022-10,0.0483,0.6532,0.0742,0.2242
MD,2022-11,0.0766,0.5195,0.0585,0.3454
MD,2022-12,0.0606,0.6759,0.0269,0.2366
MD,2023-01,0.0211,0.8509,0.014,0.1141
MD,2023-02,0.0353,0.7699,0.0419,0.1529
MD,2023-03,0,1,0,0
MD,2023-04,0.0126,0.9068,0.0319,0.0486
MD,2023-05,0,1,0,0
MD,2023-06,0,1,0,0
MD,2023-07,0,1,0,0
MD,2023-08,0.0186,0.8441,0.067,0.0703
MD,2023-09,0,1,0,0
MD,2023-10,0,0.6672,0,0.3328
MD,2023-11,0.0085,0.6424,0.0084,0.3407
MD,2023-12,0.0318,0.5768,0.0228,0.3686
MD,2024-01,0.0336,0.5667,0.031,0.3686
MD,2024-02,0.0149,0.6169,0.02,0.3482
MD,2024-03,0.0085,0.6417,0.0183,0.3315
MD,2024-04,0,0.6672,0,0.3328
MD,2024-05,0,0.6662,0,0.3338
MD,2024-06,0.011,0.8981,0.0503,0.0406
MD,2024-07,0.0181,0.597,0.3199,0.0651
MD,2024-08,0.0077,0.634,0.3284,0.0298
MD,2024-09,0,0.5,0.25,0.25
MD,2024-10,0,0.5006,0.2497,0.2497
MD,2024-11,0.0371,0.5633,0.0459,0.3537
MD,2024-12,0.0525,0.4357,0.0506,0.4613
MD,2025-01,0.0585,0.4929,0.0648,0.3838
MD,2025-02,0.0653,0.5622,0.1138,0.2586
MD,2025-03,0.0493,0.4286,0.2275,0.2946
MD,2025-04,0.0489,0.4375,0.2655,0.2481
MD,2025-05,0.0388,0.4956,0.2476,0.218
MD,2025-06,0.0362,0.4499,0.2799,0.2339
MD,2025-07,0.0391,0.3712,0.3873,0.2025
MD,2025-08,0.0406,0.3547,0.387,0.2177
MD,2025-09,0.0438,0.3108,0.3635,0.2819
MD,2025-10,0.0487,0.3777,0.2438,0.3298
MD,2025-11,0.0581,0.434,0.1571,0.3507
MD,2025-12,0.0585,0.4446,0.1274,0.3696
MD,2026-01,0.0612,0.3982,0.1373,0.4033
MD,2026-02,0.0543,0.4435,0.153,0.3492
MD,2026-03,0.0381,0.3682,0.3392,0.2545
MD,2026-04,0.0391,0.363,0.3686,0.2293
MD,2026-05,0.0391,0.3763,0.3859,0.1988
MD,2026-06,0.0331,0.3655,0.4032,0.1982
MD,2026-07,0.0331,0.3655,0.4032,0.1982
MD,2026-08,0.0331,0.3655,0.4032,0.1982
ME,2019-01,0.0031,0.8136,0.001,0.1822
ME,2019-02,0,0.8421,0,0.1579
ME,2019-03,0,0.75,0,0.25
ME,2019-04,0.0316,0.6982,0.0442,0.2259
ME,2019-05,0.0152,0.8267,0.0238,0.1343
ME,2019-06,0.0076,0.8442,0.015,0.1332
ME,2019-07,0.0254,0.7377,0.0468,0.1901
ME,2019-08,0.0366,0.747,0.0632,0.1532
ME,2019-09,0.0254,0.7236,0.0356,0.2154
ME,2019-10,0.0456,0.6309,0.0396,0.2839
ME,2019-11,0.0044,0.8261,0.0018,0.1677
ME,2019-12,0.0055,0.8628,0.0019,0.1298
ME,2020-01,0.0236,0.7914,0.0105,0.1745
ME,2020-02,0.0263,0.6788,0.0195,0.2753
ME,2020-03,0,0.8422,0,0.1578
ME,2020-04,0.0375,0.5096,0.0663,0.3866
ME,2020-05,0.0391,0.5201,0.075,0.3658
ME,2020-06,0.0318,0.6712,0.063,0.2339
ME,2020-07,0.0059,0.7585,0.0125,0.2232
ME,2020-08,0.0065,0.7322,0.0127,0.2486
ME,2020-09,0,0.75,0,0.25
ME,2020-10,0,0.8948,0,0.1052
ME,2020-11,0,0.8889,0,0.1111
ME,2020-12,0,0.8333,0,0.1667
ME,2021-01,0,0.8857,0,0.1143
ME,2021-02,0,0.9118,0,0.0882
ME,2021-03,0,0.8667,0,0.1333
ME,2021-04,0.0139,0.8215,0.0229,0.1418
ME,2021-05,0.0099,0.8136,0.0193,0.1572
ME,2021-06,0.0259,0.7795,0.0624,0.1322
ME,2021-07,0.0153,0.819,0.0348,0.1309
ME,2021-08,0.0244,0.7118,0.0494,0.2145
ME,2021-09,0.0111,0.6882,0.019,0.2818
ME,2021-10,0,0.7,0,0.3
ME,2021-11,0,0.7143,0,0.2857
ME,2021-12,0,0.8461,0,0.1539
ME,2022-01,0,0.8,0,0.2
ME,2022-02,0,0.8126,0,0.1874
ME,2022-03,0,0.7778,0,0.2222
ME,2022-04,0,0.8,0,0.2
ME,2022-05,0,0.8889,0,0.1111
ME,2022-06,0,0.8001,0,0.1999
ME,2022-07,0,0.75,0,0.25
ME,2022-08,0,0.6668,0,0.3332
ME,2022-09,0,0.4,0,0.6
ME,2022-10,0.034,0.3607,0.0523,0.553
ME,2022-11,0,0.8,0,0.2
ME,2022-12,0,0.9394,0,0.0606
ME,2023-01,0,0.9143,0,0.0857
ME,2023-02,0,0.8929,0,0.1071
ME,2023-03,0,0.8928,0,0.1072
ME,2023-04,0,0.8,0,0.2
ME,2023-05,0,0.8889,0,0.1111
ME,2023-06,0,0.9091,0,0.0909
ME,2023-07,0.0088,0.7464,0.0353,0.2095
ME,2023-08,0.013,0.6903,0.0469,0.2498
ME,2023-09,0,0.6667,0,0.3333
ME,2023-10,0,0.6667,0,0.3333
ME,2023-11,0,0.8518,0,0.1482
ME,2023-12,0,0.8965,0,0.1035
ME,2024-01,0,0.8182,0,0.1818
ME,2024-02,0,0.8637,0,0.1363
ME,2024-03,0,0.8847,0,0.1153
ME,2024-04,0,0.7692,0.077,0.1538
ME,2024-05,0.011,0.6338,0.1352,0.22
ME,2024-06,0.0184,0.692,0.153,0.1366
ME,2024-07,0.0181,0.6202,0.1567,0.205
ME,2024-08,0.0211,0.5996,0.1642,0.2151
ME,2024-09,0.0117,0.5868,0.1424,0.2592
ME,2024-10,0,0.857,0.0477,0.0953
ME,2024-11,0.0039,0.8372,0.0048,0.154
ME,2024-12,0.0055,0.8362,0.0053,0.1529
ME,2025-01,0.0088,0.7797,0.0097,0.2018
ME,2025-02,0.0039,0.8375,0.0069,0.1517
ME,2025-03,0.0012,0.7853,0.0445,0.1691
ME,2025-04,0.0275,0.5937,0.1513,0.2275
ME,2025-05,0.0294,0.4527,0.2449,0.2731
ME,2025-06,0.0325,0.4471,0.2809,0.2395
ME,2025-07,0.0387,0.4495,0.29,0.2218
ME,2025-08,0.0383,0.4409,0.2842,0.2366
ME,2025-09,0.0297,0.5574,0.2156,0.1973
ME,2025-10,0.0317,0.5305,0.1261,0.3117
ME,2025-11,0.0119,0.7578,0.0566,0.1737
ME,2025-12,0.0066,0.8149,0.0527,0.1259
ME,2026-01,0,0.8889,0,0.1111
ME,2026-02,0,0.8824,0.0294,0.0882
ME,2026-03,0,0.8635,0.0455,0.091
ME,2026-04,0.0108,0.599,0.1668,0.2235
ME,2026-05,0.01,0.4522,0.2442,0.2936
ME,2026-06,0.0147,0.5088,0.2555,0.221
ME,2026-07,0.0147,0.5088,0.2555,0.221
ME,2026-08,0.0147,0.5088,0.2555,0.221
MG,2019-01,0.0211,0.9368,0.0421,0
MG,2019-02,0.0211,0.9368,0.0421,0
MG,2019-03,0.0211,0.9368,0.0421,0
MG,2019-04,0.0211,0.9368,0.0421,0
MG,2019-05,0.0211,0.9368,0.0421,0
MG,2019-06,0.0211,0.9368,0.0421,0
MG,2019-07,0.0211,0.9368,0.0421,0
MG,2019-08,0.0211,0.9368,0.0421,0
MG,2019-09,0.0211,0.9368,0.0421,0
MG,2019-10,0.0211,0.9368,0.0421,0
MG,2019-11,0.0211,0.9368,0.0421,0
MG,2019-12,0.0211,0.9368,0.0421,0
MG,2020-01,0.0211,0.9368,0.0421,0
MG,2020-02,0.0211,0.9368,0.0421,0
MG,2020-03,0.0211,0.9368,0.0421,0
MG,2020-04,0.0211,0.9368,0.0421,0
MG,2020-05,0.0211,0.9368,0.0421,0
MG,2020-06,0.0211,0.9368,0.0421,0
MG,2020-07,0.0211,0.9368,0.0421,0
MG,2020-08,0.0211,0.9368,0.0421,0
MG,2020-09,0.0211,0.9368,0.0421,0
MG,2020-10,0.0211,0.9368,0.0421,0
MG,2020-11,0.0211,0.9368,0.0421,0
MG,2020-12,0.0211,0.9368,0.0421,0
MG,2021-01,0.0211,0.9368,0.0421,0
MG,2021-02,0.0211,0.9368,0.0421,0
MG,2021-03,0.0211,0.9368,0.0421,0
MG,2021-04,0.0211,0.9368,0.0421,0
MG,2021-05,0.0211,0.9368,0.0421,0
MG,2021-06,0.0211,0.9368,0.0421,0
MG,2021-07,0.0211,0.9368,0.0421,0
MG,2021-08,0.0211,0.9368,0.0421,0
MG,2021-09,0.0211,0.9368,0.0421,0
MG,2021-10,0.0211,0.9368,0.0421,0
MG,2021-11,0.0211,0.9368,0.0421,0
MG,2021-12,0.0211,0.9368,0.0421,0
MG,2022-01,0.0211,0.9368,0.0421,0
MG,2022-02,0.0211,0.9368,0.0421,0
MG,2022-03,0.0211,0.9368,0.0421,0
MG,2022-04,0.0211,0.9368,0.0421,0
MG,2022-05,0.0211,0.9368,0.0421,0
MG,2022-06,0.0211,0.9368,0.0421,0
MG,2022-07,0.0211,0.9368,0.0421,0
MG,2022-08,0.0211,0.9368,0.0421,0
MG,2022-09,0.0211,0.9368,0.0421,0
MG,2022-10,0.0211,0.9368,0.0421,0
MG,2022-11,0.0211,0.9368,0.0421,0
MG,2022-12,0.0211,0.9368,0.0421,0
MG,2023-01,0.0211,0.9368,0.0421,0
MG,2023-02,0.0211,0.9368,0.0421,0
MG,2023-03,0.0211,0.9368,0.0421,0
MG,2023-04,0.0211,0.9368,0.0421,0
MG,2023-05,0.0211,0.9368,0.0421,0
MG,2023-06,0.0211,0.9368,0.0421,0
MG,2023-07,0.0211,0.9368,0.0421,0
MG,2023-08,0.0211,0.9368,0.0421,0
MG,2023-09,0.0211,0.9368,0.0421,0
MG,2023-10,0.0211,0.9368,0.0421,0
MG,2023-11,0.0211,0.9368,0.0421,0
MG,2023-12,0.0211,0.9368,0.0421,0
MG,2024-01,0.0211,0.9368,0.0421,0
MG,2024-02,0.0211,0.9368,0.0421,0
MG,2024-03,0.0211,0.9368,0.0421,0
MG,2024-04,0.0211,0.9368,0.0421,0
MG,2024-05,0.0211,0.9368,0.0421,0
MG,2024-06,0.0211,0.9368,0.0421,0
MG,2024-07,0.0211,0.9368,0.0421,0
MG,2024-08,0.0211,0.9368,0.0421,0
MG,2024-09,0.0211,0.9368,0.0421,0
MG,2024-10,0.0211,0.9368,0.0421,0
MG,2024-11,0.0211,0.9368,0.0421,0
MG,2024-12,0.0211,0.9368,0.0421,0
MG,2025-01,0.0211,0.9368,0.0421,0
MG,2025-02,0.0211,0.9368,0.0421,0
MG,2025-03,0.0211,0.9368,0.0421,0
MG,2025-04,0.0211,0.9368,0.0421,0
MG,2025-05,0.0211,0.9368,0.0421,0
MG,2025-06,0.0211,0.9368,0.0421,0
MG,2025-07,0.0211,0.9368,0.0421,0
MG,2025-08,0.0211,0.9368,0.0421,0
MG,2025-09,0.0211,0.9368,0.0421,0
MG,2025-10,0.0211,0.9368,0.0421,0
MG,2025-11,0.0211,0.9368,0.0421,0
MG,2025-12,0.0211,0.9368,0.0421,0
MG,2026-01,0.0211,0.9368,0.0421,0
MG,2026-02,0.0211,0.9368,0.0421,0
MG,2026-03,0.0211,0.9368,0.0421,0
MG,2026-04,0.0211,0.9368,0.0421,0
MG,2026-05,0.0211,0.9368,0.0421,0
MG,2026-06,0.0211,0.9368,0.0421,0
MG,2026-07,0.0211,0.9368,0.0421,0
MG,2026-08,0.0211,0.9368,0.0421,0
MK,2019-01,0.024,0.7969,0.0081,0.1711
MK,2019-02,0.074,0.719,0.0194,0.1876
MK,2019-03,0.0842,0.7021,0.0306,0.1831
MK,2019-04,0.0694,0.7701,0.0359,0.1247
MK,2019-05,0.0638,0.8064,0.0297,0.1001
MK,2019-06,0.0768,0.8069,0.0211,0.0951
MK,2019-07,0.0723,0.8374,0.0099,0.0804
MK,2019-08,0,0.9168,0,0.0832
MK,2019-09,0.1077,0.7444,0.0146,0.1334
MK,2019-10,0.0917,0.7166,0.0264,0.1654
MK,2019-11,0.0829,0.7395,0.0137,0.1639
MK,2019-12,0.0723,0.7439,0.0112,0.1726
MK,2020-01,0.069,0.71,0.0134,0.2075
MK,2020-02,0.0868,0.629,0.0275,0.2567
MK,2020-03,0.0597,0.7591,0.0319,0.1492
MK,2020-04,0.0585,0.7976,0.0392,0.1047
MK,2020-05,0.0623,0.7908,0.0429,0.104
MK,2020-06,0.0632,0.812,0.0335,0.0913
MK,2020-07,0.0523,0.8685,0.0139,0.0653
MK,2020-08,0.0427,0.9059,0.0045,0.0469
MK,2020-09,0.0894,0.7574,0.0267,0.1264
MK,2020-10,0.0968,0.6491,0.0341,0.2199
MK,2020-11,0.1226,0.5742,0.0328,0.2704
MK,2020-12,0.0965,0.6353,0.0179,0.2504
MK,2021-01,0.0576,0.8064,0.0101,0.1259
MK,2021-02,0.0529,0.813,0.0163,0.1178
MK,2021-03,0.0529,0.8129,0.0261,0.108
MK,2021-04,0.0729,0.7182,0.06,0.1489
MK,2021-05,0.0605,0.7768,0.0471,0.1156
MK,2021-06,0.0671,0.7853,0.0533,0.0943
MK,2021-07,0.0653,0.8167,0.0303,0.0877
MK,2021-08,0.0613,0.8406,0.0184,0.0797
MK,2021-09,0.0198,0.7802,0.034,0.166
MK,2021-10,0.0966,0.6322,0.0468,0.2245
MK,2021-11,0.0956,0.6642,0.0261,0.2141
MK,2021-12,0.0677,0.7245,0.0124,0.1954
MK,2022-01,0.0293,0.7585,0.0168,0.1953
MK,2022-02,0.042,0.6269,0.0404,0.2907
MK,2022-03,0.0838,0.6767,0.06,0.1794
MK,2022-04,0.0493,0.8407,0.0253,0.0848
MK,2022-05,0.0076,0.8973,0.0203,0.0749
MK,2022-06,0.0271,0.7701,0.0766,0.1262
MK,2022-07,0.0335,0.7204,0.0959,0.1501
MK,2022-08,0.0315,0.7054,0.1324,0.1308
MK,2022-09,0.005,0.8906,0.0094,0.0951
MK,2022-10,0.0721,0.8356,0.006,0.0863
MK,2022-11,0.0695,0.8144,0.0083,0.1078
MK,2022-12,0.0508,0.8933,0.0007,0.0553
MK,2023-01,0.0399,0.8402,0.0399,0.08
MK,2023-02,0.0455,0.8181,0.0455,0.091
MK,2023-03,0.0401,0.8398,0.0799,0.0401
MK,2023-04,0.0435,0.7392,0.1304,0.0869
MK,2023-05,0.0476,0.7619,0.1429,0.0476
MK,2023-06,0.0554,0.7225,0.1666,0.0554
MK,2023-07,0.0416,0.6668,0.2083,0.0834
MK,2023-08,0.0477,0.6191,0.238,0.0951
MK,2023-09,0.0635,0.5461,0.3015,0.0889
MK,2023-10,0.0505,0.5966,0.2477,0.1052
MK,2023-11,0.0454,0.7272,0.1364,0.091
MK,2023-12,0.0447,0.7507,0.0762,0.1284
MK,2024-01,0.0482,0.7278,0.0834,0.1406
MK,2024-02,0.0587,0.7647,0.1179,0.0587
MK,2024-03,0.0454,0.7273,0.1365,0.0908
MK,2024-04,0.054,0.6516,0.163,0.1314
MK,2024-05,0.0454,0.7729,0.1363,0.0454
MK,2024-06,0.0556,0.7222,0.1667,0.0556
MK,2024-07,0.0416,0.7083,0.1667,0.0834
MK,2024-08,0.0528,0.6841,0.2104,0.0528
MK,2024-09,0.0666,0.5335,0.2666,0.1333
MK,2024-10,0.0635,0.6054,0.1836,0.1475
MK,2024-11,0.0706,0.61,0.1258,0.1936
MK,2024-12,0.0562,0.6586,0.0554,0.2299
MK,2025-01,0.0499,0.5872,0.2005,0.1624
MK,2025-02,0.0128,0.472,0.384,0.1312
MK,2025-03,0.0398,0.3932,0.4364,0.1307
MK,2025-04,0.0351,0.4621,0.4167,0.0861
MK,2025-05,0.0306,0.3736,0.4997,0.0961
MK,2025-06,0.0298,0.2662,0.6425,0.0616
MK,2025-07,0,0.2727,0.6363,0.091
MK,2025-08,0.0027,0.2468,0.6739,0.0766
MK,2025-09,0.0384,0.1923,0.6539,0.1154
MK,2025-10,0.0389,0.4402,0.3594,0.1614
MK,2025-11,0.0083,0.5804,0.2517,0.1596
MK,2025-12,0.0353,0.6364,0.1724,0.1558
MK,2026-01,0.0129,0.6557,0.1715,0.1599
MK,2026-02,0.0079,0.5971,0.249,0.146
MK,2026-03,0.008,0.5504,0.3404,0.1012
MK,2026-04,0.0035,0.5051,0.3845,0.1069
MK,2026-05,0.0035,0.506,0.386,0.1044
MK,2026-06,0.003,0.5051,0.3876,0.1043
MK,2026-07,0.003,0.5051,0.3876,0.1043
MK,2026-08,0.003,0.5051,0.3876,0.1043
ML,2019-01,0.0408,0.9375,0.0209,0.0008
ML,2019-02,0.0408,0.9375,0.0209,0.0008
ML,2019-03,0.0408,0.9375,0.0209,0.0008
ML,2019-04,0.0408,0.9375,0.0209,0.0008
ML,2019-05,0.0408,0.9375,0.0209,0.0008
ML,2019-06,0.0408,0.9375,0.0209,0.0008
ML,2019-07,0.0408,0.9375,0.0209,0.0008
ML,2019-08,0.0408,0.9375,0.0209,0.0008
ML,2019-09,0.0408,0.9375,0.0209,0.0008
ML,2019-10,0.0408,0.9375,0.0209,0.0008
ML,2019-11,0.0408,0.9375,0.0209,0.0008
ML,2019-12,0.0408,0.9375,0.0209,0.0008
ML,2020-01,0.0408,0.9375,0.0209,0.0008
ML,2020-02,0.0408,0.9375,0.0209,0.0008
ML,2020-03,0.0408,0.9375,0.0209,0.0008
ML,2020-04,0.0408,0.9375,0.0209,0.0008
ML,2020-05,0.0408,0.9375,0.0209,0.0008
ML,2020-06,0.0408,0.9375,0.0209,0.0008
ML,2020-07,0.0408,0.9375,0.0209,0.0008
ML,2020-08,0.0408,0.9375,0.0209,0.0008
ML,2020-09,0.0408,0.9375,0.0209,0.0008
ML,2020-10,0.0408,0.9375,0.0209,0.0008
ML,2020-11,0.0408,0.9375,0.0209,0.0008
ML,2020-12,0.0408,0.9375,0.0209,0.0008
ML,2021-01,0.0408,0.9375,0.0209,0.0008
ML,2021-02,0.0408,0.9375,0.0209,0.0008
ML,2021-03,0.0408,0.9375,0.0209,0.0008
ML,2021-04,0.0408,0.9375,0.0209,0.0008
ML,2021-05,0.0408,0.9375,0.0209,0.0008
ML,2021-06,0.0408,0.9375,0.0209,0.0008
ML,2021-07,0.0408,0.9375,0.0209,0.0008
ML,2021-08,0.0408,0.9375,0.0209,0.0008
ML,2021-09,0.0408,0.9375,0.0209,0.0008
ML,2021-10,0.0408,0.9375,0.0209,0.0008
ML,2021-11,0.0408,0.9375,0.0209,0.0008
ML,2021-12,0.0408,0.9375,0.0209,0.0008
ML,2022-01,0.0408,0.9375,0.0209,0.0008
ML,2022-02,0.0408,0.9375,0.0209,0.0008
ML,2022-03,0.0408,0.9375,0.0209,0.0008
ML,2022-04,0.0408,0.9375,0.0209,0.0008
ML,2022-05,0.0408,0.9375,0.0209,0.0008
ML,2022-06,0.0408,0.9375,0.0209,0.0008
ML,2022-07,0.0408,0.9375,0.0209,0.0008
ML,2022-08,0.0408,0.9375,0.0209,0.0008
ML,2022-09,0.0408,0.9375,0.0209,0.0008
ML,2022-10,0.0408,0.9375,0.0209,0.0008
ML,2022-11,0.0408,0.9375,0.0209,0.0008
ML,2022-12,0.0408,0.9375,0.0209,0.0008
ML,2023-01,0.0408,0.9375,0.0209,0.0008
ML,2023-02,0.0408,0.9375,0.0209,0.0008
ML,2023-03,0.0408,0.9375,0.0209,0.0008
ML,2023-04,0.0408,0.9375,0.0209,0.0008
ML,2023-05,0.0408,0.9375,0.0209,0.0008
ML,2023-06,0.0408,0.9375,0.0209,0.0008
ML,2023-07,0.0408,0.9375,0.0209,0.0008
ML,2023-08,0.0408,0.9375,0.0209,0.0008
ML,2023-09,0.0408,0.9375,0.0209,0.0008
ML,2023-10,0.0408,0.9375,0.0209,0.0008
ML,2023-11,0.0408,0.9375,0.0209,0.0008
ML,2023-12,0.0408,0.9375,0.0209,0.0008
ML,2024-01,0.0408,0.9375,0.0209,0.0008
ML,2024-02,0.0408,0.9375,0.0209,0.0008
ML,2024-03,0.0408,0.9375,0.0209,0.0008
ML,2024-04,0.0408,0.9375,0.0209,0.0008
ML,2024-05,0.0408,0.9375,0.0209,0.0008
ML,2024-06,0.0408,0.9375,0.0209,0.0008
ML,2024-07,0.0408,0.9375,0.0209,0.0008
ML,2024-08,0.0408,0.9375,0.0209,0.0008
ML,2024-09,0.0408,0.9375,0.0209,0.0008
ML,2024-10,0.0408,0.9375,0.0209,0.0008
ML,2024-11,0.0408,0.9375,0.0209,0.0008
ML,2024-12,0.0408,0.9375,0.0209,0.0008
ML,2025-01,0.0408,0.9375,0.0209,0.0008
ML,2025-02,0.0408,0.9375,0.0209,0.0008
ML,2025-03,0.0408,0.9375,0.0209,0.0008
ML,2025-04,0.0408,0.9375,0.0209,0.0008
ML,2025-05,0.0408,0.9375,0.0209,0.0008
ML,2025-06,0.0408,0.9375,0.0209,0.0008
ML,2025-07,0.0408,0.9375,0.0209,0.0008
ML,2025-08,0.0408,0.9375,0.0209,0.0008
ML,2025-09,0.0408,0.9375,0.0209,0.0008
ML,2025-10,0.0408,0.9375,0.0209,0.0008
ML,2025-11,0.0408,0.9375,0.0209,0.0008
ML,2025-12,0.0408,0.9375,0.0209,0.0008
ML,2026-01,0.0408,0.9375,0.0209,0.0008
ML,2026-02,0.0408,0.9375,0.0209,0.0008
ML,2026-03,0.0408,0.9375,0.0209,0.0008
ML,2026-04,0.0408,0.9375,0.0209,0.0008
ML,2026-05,0.0408,0.9375,0.0209,0.0008
ML,2026-06,0.0408,0.9375,0.0209,0.0008
ML,2026-07,0.0408,0.9375,0.0209,0.0008
ML,2026-08,0.0408,0.9375,0.0209,0.0008
MM,2019-01,0.024,0.9677,0.0084,0
MM,2019-02,0.024,0.9677,0.0084,0
MM,2019-03,0.024,0.9677,0.0084,0
MM,2019-04,0.024,0.9677,0.0084,0
MM,2019-05,0.024,0.9677,0.0084,0
MM,2019-06,0.024,0.9677,0.0084,0
MM,2019-07,0.024,0.9677,0.0084,0
MM,2019-08,0.024,0.9677,0.0084,0
MM,2019-09,0.024,0.9677,0.0084,0
MM,2019-10,0.024,0.9677,0.0084,0
MM,2019-11,0.024,0.9677,0.0084,0
MM,2019-12,0.024,0.9677,0.0084,0
MM,2020-01,0.024,0.9677,0.0084,0
MM,2020-02,0.024,0.9677,0.0084,0
MM,2020-03,0.024,0.9677,0.0084,0
MM,2020-04,0.024,0.9677,0.0084,0
MM,2020-05,0.024,0.9677,0.0084,0
MM,2020-06,0.024,0.9677,0.0084,0
MM,2020-07,0.024,0.9677,0.0084,0
MM,2020-08,0.024,0.9677,0.0084,0
MM,2020-09,0.024,0.9677,0.0084,0
MM,2020-10,0.024,0.9677,0.0084,0
MM,2020-11,0.024,0.9677,0.0084,0
MM,2020-12,0.024,0.9677,0.0084,0
MM,2021-01,0.024,0.9677,0.0084,0
MM,2021-02,0.024,0.9677,0.0084,0
MM,2021-03,0.024,0.9677,0.0084,0
MM,2021-04,0.024,0.9677,0.0084,0
MM,2021-05,0.024,0.9677,0.0084,0
MM,2021-06,0.024,0.9677,0.0084,0
MM,2021-07,0.024,0.9677,0.0084,0
MM,2021-08,0.024,0.9677,0.0084,0
MM,2021-09,0.024,0.9677,0.0084,0
MM,2021-10,0.024,0.9677,0.0084,0
MM,2021-11,0.024,0.9677,0.0084,0
MM,2021-12,0.024,0.9677,0.0084,0
MM,2022-01,0.024,0.9677,0.0084,0
MM,2022-02,0.024,0.9677,0.0084,0
MM,2022-03,0.024,0.9677,0.0084,0
MM,2022-04,0.024,0.9677,0.0084,0
MM,2022-05,0.024,0.9677,0.0084,0
MM,2022-06,0.024,0.9677,0.0084,0
MM,2022-07,0.024,0.9677,0.0084,0
MM,2022-08,0.024,0.9677,0.0084,0
MM,2022-09,0.024,0.9677,0.0084,0
MM,2022-10,0.024,0.9677,0.0084,0
MM,2022-11,0.024,0.9677,0.0084,0
MM,2022-12,0.024,0.9677,0.0084,0
MM,2023-01,0.024,0.9677,0.0084,0
MM,2023-02,0.024,0.9677,0.0084,0
MM,2023-03,0.024,0.9677,0.0084,0
MM,2023-04,0.024,0.9677,0.0084,0
MM,2023-05,0.024,0.9677,0.0084,0
MM,2023-06,0.024,0.9677,0.0084,0
MM,2023-07,0.024,0.9677,0.0084,0
MM,2023-08,0.024,0.9677,0.0084,0
MM,2023-09,0.024,0.9677,0.0084,0
MM,2023-10,0.024,0.9677,0.0084,0
MM,2023-11,0.024,0.9677,0.0084,0
MM,2023-12,0.024,0.9677,0.0084,0
MM,2024-01,0.024,0.9677,0.0084,0
MM,2024-02,0.024,0.9677,0.0084,0
MM,2024-03,0.024,0.9677,0.0084,0
MM,2024-04,0.024,0.9677,0.0084,0
MM,2024-05,0.024,0.9677,0.0084,0
MM,2024-06,0.024,0.9677,0.0084,0
MM,2024-07,0.024,0.9677,0.0084,0
MM,2024-08,0.024,0.9677,0.0084,0
MM,2024-09,0.024,0.9677,0.0084,0
MM,2024-10,0.024,0.9677,0.0084,0
MM,2024-11,0.024,0.9677,0.0084,0
MM,2024-12,0.024,0.9677,0.0084,0
MM,2025-01,0.024,0.9677,0.0084,0
MM,2025-02,0.024,0.9677,0.0084,0
MM,2025-03,0.024,0.9677,0.0084,0
MM,2025-04,0.024,0.9677,0.0084,0
MM,2025-05,0.024,0.9677,0.0084,0
MM,2025-06,0.024,0.9677,0.0084,0
MM,2025-07,0.024,0.9677,0.0084,0
MM,2025-08,0.024,0.9677,0.0084,0
MM,2025-09,0.024,0.9677,0.0084,0
MM,2025-10,0.024,0.9677,0.0084,0
MM,2025-11,0.024,0.9677,0.0084,0
MM,2025-12,0.024,0.9677,0.0084,0
MM,2026-01,0.024,0.9677,0.0084,0
MM,2026-02,0.024,0.9677,0.0084,0
MM,2026-03,0.024,0.9677,0.0084,0
MM,2026-04,0.024,0.9677,0.0084,0
MM,2026-05,0.024,0.9677,0.0084,0
MM,2026-06,0.024,0.9677,0.0084,0
MM,2026-07,0.024,0.9677,0.0084,0
MM,2026-08,0.024,0.9677,0.0084,0
MN,2019-01,0,0,0,1
MN,2019-02,0,0,0,1
MN,2019-03,0,0,0,1
MN,2019-04,0,0,0,1
MN,2019-05,0,0,0,1
MN,2019-06,0,0,0,1
MN,2019-07,0,0,0,1
MN,2019-08,0,0,0,1
MN,2019-09,0,0,0,1
MN,2019-10,0,0,0,1
MN,2019-11,0,0,0,1
MN,2019-12,0,0,0,1
MN,2020-01,0,0,0,1
MN,2020-02,0,0,0,1
MN,2020-03,0,0,0,1
MN,2020-04,0,0,0,1
MN,2020-05,0,0,0,1
MN,2020-06,0,0,0,1
MN,2020-07,0,0,0,1
MN,2020-08,0,0,0,1
MN,2020-09,0,0,0,1
MN,2020-10,0,0,0,1
MN,2020-11,0,0,0,1
MN,2020-12,0,0,0,1
MN,2021-01,0,0,0,1
MN,2021-02,0,0,0,1
MN,2021-03,0,0,0,1
MN,2021-04,0,0,0,1
MN,2021-05,0,0,0,1
MN,2021-06,0,0,0,1
MN,2021-07,0,0,0,1
MN,2021-08,0,0,0,1
MN,2021-09,0,0,0,1
MN,2021-10,0,0,0,1
MN,2021-11,0,0,0,1
MN,2021-12,0,0,0,1
MN,2022-01,0,0,0,1
MN,2022-02,0,0,0,1
MN,2022-03,0,0,0,1
MN,2022-04,0,0,0,1
MN,2022-05,0,0,0,1
MN,2022-06,0,0,0,1
MN,2022-07,0,0,0,1
MN,2022-08,0,0,0,1
MN,2022-09,0,0,0,1
MN,2022-10,0,0,0,1
MN,2022-11,0,0,0,1
MN,2022-12,0,0,0,1
MN,2023-01,0,0,0,1
MN,2023-02,0,0,0,1
MN,2023-03,0,0,0,1
MN,2023-04,0,0,0,1
MN,2023-05,0,0,0,1
MN,2023-06,0,0,0,1
MN,2023-07,0,0,0,1
MN,2023-08,0,0,0,1
MN,2023-09,0,0,0,1
MN,2023-10,0,0,0,1
MN,2023-11,0,0,0,1
MN,2023-12,0,0,0,1
MN,2024-01,0,0,0,1
MN,2024-02,0,0,0,1
MN,2024-03,0,0,0,1
MN,2024-04,0,0,0,1
MN,2024-05,0,0,0,1
MN,2024-06,0,0,0,1
MN,2024-07,0,0,0,1
MN,2024-08,0,0,0,1
MN,2024-09,0,0,0,1
MN,2024-10,0,0,0,1
MN,2024-11,0,0,0,1
MN,2024-12,0,0,0,1
MN,2025-01,0,0,0,1
MN,2025-02,0,0,0,1
MN,2025-03,0,0,0,1
MN,2025-04,0,0,0,1
MN,2025-05,0,0,0,1
MN,2025-06,0,0,0,1
MN,2025-07,0,0,0,1
MN,2025-08,0,0,0,1
MN,2025-09,0,0,0,1
MN,2025-10,0,0,0,1
MN,2025-11,0,0,0,1
MN,2025-12,0,0,0,1
MN,2026-01,0,0,0,1
MN,2026-02,0,0,0,1
MN,2026-03,0,0,0,1
MN,2026-04,0,0,0,1
MN,2026-05,0,0,0,1
MN,2026-06,0,0,0,1
MN,2026-07,0,0,0,1
MN,2026-08,0,0,0,1
MO,2019-01,0.28,0.4487,0.0975,0.1738
MO,2019-02,0.2642,0.4641,0.1007,0.1709
MO,2019-03,0.2386,0.459,0.1251,0.1774
MO,2019-04,0.2202,0.4784,0.129,0.1724
MO,2019-05,0.1955,0.5131,0.124,0.1674
MO,2019-06,0.1971,0.5516,0.1143,0.137
MO,2019-07,0.1951,0.5872,0.102,0.1157
MO,2019-08,0.199,0.5814,0.1064,0.1132
MO,2019-09,0.1993,0.5762,0.1126,0.112
MO,2019-10,0.2042,0.5501,0.1115,0.1342
MO,2019-11,0.2322,0.4818,0.1097,0.1763
MO,2019-12,0.2682,0.4299,0.1076,0.1943
MO,2020-01,0.2719,0.4213,0.1274,0.1795
MO,2020-02,0.264,0.4267,0.1325,0.1768
MO,2020-03,0.2273,0.4207,0.1444,0.2076
MO,2020-04,0.2209,0.4367,0.1584,0.184
MO,2020-05,0.2097,0.4603,0.1443,0.1858
MO,2020-06,0.1925,0.5433,0.1213,0.1429
MO,2020-07,0.1876,0.5899,0.11,0.1125
MO,2020-08,0.1954,0.5686,0.1186,0.1174
MO,2020-09,0.1865,0.5895,0.1165,0.1075
MO,2020-10,0.1839,0.5615,0.1131,0.1415
MO,2020-11,0.2327,0.4704,0.1156,0.1813
MO,2020-12,0.2679,0.4163,0.1152,0.2006
MO,2021-01,0.2595,0.364,0.1376,0.2388
MO,2021-02,0.2509,0.3695,0.1448,0.2348
MO,2021-03,0.2473,0.3592,0.1656,0.2278
MO,2021-04,0.2256,0.3948,0.1599,0.2196
MO,2021-05,0.2006,0.429,0.154,0.2164
MO,2021-06,0.1998,0.4836,0.1475,0.169
MO,2021-07,0.1972,0.5216,0.1306,0.1507
MO,2021-08,0.1996,0.5349,0.1347,0.1308
MO,2021-09,0.1879,0.551,0.1257,0.1354
MO,2021-10,0.1936,0.4991,0.1323,0.175
MO,2021-11,0.2183,0.4283,0.1374,0.216
MO,2021-12,0.2536,0.3643,0.1419,0.2402
MO,2022-01,0.2638,0.3661,0.1578,0.2122
MO,2022-02,0.2581,0.3704,0.1613,0.2103
MO,2022-03,0.2235,0.3596,0.1675,0.2493
MO,2022-04,0.1954,0.3925,0.1773,0.2349
MO,2022-05,0.1756,0.4463,0.1648,0.2133
MO,2022-06,0.1759,0.4941,0.1546,0.1754
MO,2022-07,0.1944,0.5019,0.1567,0.147
MO,2022-08,0.2104,0.4772,0.1636,0.1487
MO,2022-09,0.2024,0.4511,0.1809,0.1655
MO,2022-10,0.1955,0.4284,0.1708,0.2053
MO,2022-11,0.2263,0.3814,0.1621,0.2302
MO,2022-12,0.242,0.3467,0.1484,0.263
MO,2023-01,0.2399,0.3255,0.1735,0.2612
MO,2023-02,0.2354,0.3289,0.1823,0.2533
MO,2023-03,0.2295,0.305,0.2115,0.254
MO,2023-04,0.2054,0.3069,0.2089,0.2788
MO,2023-05,0.1985,0.3423,0.2136,0.2455
MO,2023-06,0.2047,0.388,0.2152,0.1921
MO,2023-07,0.2034,0.4201,0.1923,0.1842
MO,2023-08,0.1945,0.4772,0.1901,0.1381
MO,2023-09,0.1883,0.4701,0.186,0.1556
MO,2023-10,0.1902,0.4267,0.2036,0.1796
MO,2023-11,0.2092,0.3245,0.1909,0.2754
MO,2023-12,0.2357,0.312,0.1756,0.2767
MO,2024-01,0.2382,0.2942,0.2031,0.2645
MO,2024-02,0.2357,0.2934,0.2108,0.2601
MO,2024-03,0.2115,0.2695,0.2467,0.2723
MO,2024-04,0.1925,0.3144,0.2532,0.2398
MO,2024-05,0.1717,0.3634,0.254,0.211
MO,2024-06,0.1679,0.4224,0.2315,0.1781
MO,2024-07,0.1722,0.4482,0.2119,0.1677
MO,2024-08,0.1816,0.4562,0.2312,0.131
MO,2024-09,0.1835,0.4033,0.2242,0.189
MO,2024-10,0.1832,0.367,0.2316,0.2183
MO,2024-11,0.2023,0.3208,0.2281,0.2489
MO,2024-12,0.2154,0.3,0.2186,0.266
MO,2025-01,0.2089,0.2645,0.2586,0.2679
MO,2025-02,0.205,0.2683,0.2621,0.2646
MO,2025-03,0.1883,0.2538,0.2836,0.2743
MO,2025-04,0.1715,0.2629,0.3121,0.2535
MO,2025-05,0.1621,0.3114,0.2991,0.2274
MO,2025-06,0.1558,0.3786,0.285,0.1806
MO,2025-07,0.1652,0.3791,0.2836,0.1721
MO,2025-08,0.1726,0.3905,0.2848,0.152
MO,2025-09,0.1598,0.4201,0.2594,0.1606
MO,2025-10,0.1714,0.3965,0.2436,0.1884
MO,2025-11,0.1738,0.3037,0.2535,0.2689
MO,2025-12,0.1969,0.2786,0.2551,0.2695
MO,2026-01,0.1969,0.2512,0.2848,0.2671
MO,2026-02,0.1939,0.2552,0.2893,0.2616
MO,2026-03,0.1861,0.2648,0.3196,0.2294
MO,2026-04,0.1656,0.265,0.3363,0.2331
MO,2026-05,0.1536,0.2957,0.3351,0.2156
MO,2026-06,0.1536,0.2957,0.3351,0.2156
MO,2026-07,0.1536,0.2957,0.3351,0.2156
MO,2026-08,0.1536,0.2957,0.3351,0.2156
MQ,2019-01,0.6313,0,0.2369,0.1317
MQ,2019-02,0.6313,0,0.2369,0.1317
MQ,2019-03,0.6313,0,0.2369,0.1317
MQ,2019-04,0.6313,0,0.2369,0.1317
MQ,2019-05,0.6313,0,0.2369,0.1317
MQ,2019-06,0.6313,0,0.2369,0.1317
MQ,2019-07,0.6313,0,0.2369,0.1317
MQ,2019-08,0.6313,0,0.2369,0.1317
MQ,2019-09,0.6313,0,0.2369,0.1317
MQ,2019-10,0.6313,0,0.2369,0.1317
MQ,2019-11,0.6313,0,0.2369,0.1317
MQ,2019-12,0.6313,0,0.2369,0.1317
MQ,2020-01,0.6313,0,0.2369,0.1317
MQ,2020-02,0.6313,0,0.2369,0.1317
MQ,2020-03,0.6313,0,0.2369,0.1317
MQ,2020-04,0.6313,0,0.2369,0.1317
MQ,2020-05,0.6313,0,0.2369,0.1317
MQ,2020-06,0.6313,0,0.2369,0.1317
MQ,2020-07,0.6313,0,0.2369,0.1317
MQ,2020-08,0.6313,0,0.2369,0.1317
MQ,2020-09,0.6313,0,0.2369,0.1317
MQ,2020-10,0.6313,0,0.2369,0.1317
MQ,2020-11,0.6313,0,0.2369,0.1317
MQ,2020-12,0.6313,0,0.2369,0.1317
MQ,2021-01,0.6313,0,0.2369,0.1317
MQ,2021-02,0.6313,0,0.2369,0.1317
MQ,2021-03,0.6313,0,0.2369,0.1317
MQ,2021-04,0.6313,0,0.2369,0.1317
MQ,2021-05,0.6313,0,0.2369,0.1317
MQ,2021-06,0.6313,0,0.2369,0.1317
MQ,2021-07,0.6313,0,0.2369,0.1317
MQ,2021-08,0.6313,0,0.2369,0.1317
MQ,2021-09,0.6313,0,0.2369,0.1317
MQ,2021-10,0.6313,0,0.2369,0.1317
MQ,2021-11,0.6313,0,0.2369,0.1317
MQ,2021-12,0.6313,0,0.2369,0.1317
MQ,2022-01,0.6313,0,0.2369,0.1317
MQ,2022-02,0.6313,0,0.2369,0.1317
MQ,2022-03,0.6313,0,0.2369,0.1317
MQ,2022-04,0.6313,0,0.2369,0.1317
MQ,2022-05,0.6313,0,0.2369,0.1317
MQ,2022-06,0.6313,0,0.2369,0.1317
MQ,2022-07,0.6313,0,0.2369,0.1317
MQ,2022-08,0.6313,0,0.2369,0.1317
MQ,2022-09,0.6313,0,0.2369,0.1317
MQ,2022-10,0.6313,0,0.2369,0.1317
MQ,2022-11,0.6313,0,0.2369,0.1317
MQ,2022-12,0.6313,0,0.2369,0.1317
MQ,2023-01,0.6313,0,0.2369,0.1317
MQ,2023-02,0.6313,0,0.2369,0.1317
MQ,2023-03,0.6313,0,0.2369,0.1317
MQ,2023-04,0.6313,0,0.2369,0.1317
MQ,2023-05,0.6313,0,0.2369,0.1317
MQ,2023-06,0.6313,0,0.2369,0.1317
MQ,2023-07,0.6313,0,0.2369,0.1317
MQ,2023-08,0.6313,0,0.2369,0.1317
MQ,2023-09,0.6313,0,0.2369,0.1317
MQ,2023-10,0.6313,0,0.2369,0.1317
MQ,2023-11,0.6313,0,0.2369,0.1317
MQ,2023-12,0.6313,0,0.2369,0.1317
MQ,2024-01,0.6313,0,0.2369,0.1317
MQ,2024-02,0.6313,0,0.2369,0.1317
MQ,2024-03,0.6313,0,0.2369,0.1317
MQ,2024-04,0.6313,0,0.2369,0.1317
MQ,2024-05,0.6313,0,0.2369,0.1317
MQ,2024-06,0.6313,0,0.2369,0.1317
MQ,2024-07,0.6313,0,0.2369,0.1317
MQ,2024-08,0.6313,0,0.2369,0.1317
MQ,2024-09,0.6313,0,0.2369,0.1317
MQ,2024-10,0.6313,0,0.2369,0.1317
MQ,2024-11,0.6313,0,0.2369,0.1317
MQ,2024-12,0.6313,0,0.2369,0.1317
MQ,2025-01,0.6313,0,0.2369,0.1317
MQ,2025-02,0.6313,0,0.2369,0.1317
MQ,2025-03,0.6313,0,0.2369,0.1317
MQ,2025-04,0.6313,0,0.2369,0.1317
MQ,2025-05,0.6313,0,0.2369,0.1317
MQ,2025-06,0.6313,0,0.2369,0.1317
MQ,2025-07,0.6313,0,0.2369,0.1317
MQ,2025-08,0.6313,0,0.2369,0.1317
MQ,2025-09,0.6313,0,0.2369,0.1317
MQ,2025-10,0.6313,0,0.2369,0.1317
MQ,2025-11,0.6313,0,0.2369,0.1317
MQ,2025-12,0.6313,0,0.2369,0.1317
MQ,2026-01,0.6313,0,0.2369,0.1317
MQ,2026-02,0.6313,0,0.2369,0.1317
MQ,2026-03,0.6313,0,0.2369,0.1317
MQ,2026-04,0.6313,0,0.2369,0.1317
MQ,2026-05,0.6313,0,0.2369,0.1317
MQ,2026-06,0.6313,0,0.2369,0.1317
MQ,2026-07,0.6313,0,0.2369,0.1317
MQ,2026-08,0.6313,0,0.2369,0.1317
MR,2019-01,0.0013,0.4554,0.2992,0.244
MR,2019-02,0.0013,0.4554,0.2992,0.244
MR,2019-03,0.0013,0.4554,0.2992,0.244
MR,2019-04,0.0013,0.4554,0.2992,0.244
MR,2019-05,0.0013,0.4554,0.2992,0.244
MR,2019-06,0.0013,0.4554,0.2992,0.244
MR,2019-07,0.0013,0.4554,0.2992,0.244
MR,2019-08,0.0013,0.4554,0.2992,0.244
MR,2019-09,0.0013,0.4554,0.2992,0.244
MR,2019-10,0.0013,0.4554,0.2992,0.244
MR,2019-11,0.0013,0.4554,0.2992,0.244
MR,2019-12,0.0013,0.4554,0.2992,0.244
MR,2020-01,0.0013,0.4554,0.2992,0.244
MR,2020-02,0.0013,0.4554,0.2992,0.244
MR,2020-03,0.0013,0.4554,0.2992,0.244
MR,2020-04,0.0013,0.4554,0.2992,0.244
MR,2020-05,0.0013,0.4554,0.2992,0.244
MR,2020-06,0.0013,0.4554,0.2992,0.244
MR,2020-07,0.0013,0.4554,0.2992,0.244
MR,2020-08,0.0013,0.4554,0.2992,0.244
MR,2020-09,0.0013,0.4554,0.2992,0.244
MR,2020-10,0.0013,0.4554,0.2992,0.244
MR,2020-11,0.0013,0.4554,0.2992,0.244
MR,2020-12,0.0013,0.4554,0.2992,0.244
MR,2021-01,0.0013,0.4554,0.2992,0.244
MR,2021-02,0.0013,0.4554,0.2992,0.244
MR,2021-03,0.0013,0.4554,0.2992,0.244
MR,2021-04,0.0013,0.4554,0.2992,0.244
MR,2021-05,0.0013,0.4554,0.2992,0.244
MR,2021-06,0.0013,0.4554,0.2992,0.244
MR,2021-07,0.0013,0.4554,0.2992,0.244
MR,2021-08,0.0013,0.4554,0.2992,0.244
MR,2021-09,0.0013,0.4554,0.2992,0.244
MR,2021-10,0.0013,0.4554,0.2992,0.244
MR,2021-11,0.0013,0.4554,0.2992,0.244
MR,2021-12,0.0013,0.4554,0.2992,0.244
MR,2022-01,0.0013,0.4554,0.2992,0.244
MR,2022-02,0.0013,0.4554,0.2992,0.244
MR,2022-03,0.0013,0.4554,0.2992,0.244
MR,2022-04,0.0013,0.4554,0.2992,0.244
MR,2022-05,0.0013,0.4554,0.2992,0.244
MR,2022-06,0.0013,0.4554,0.2992,0.244
MR,2022-07,0.0013,0.4554,0.2992,0.244
MR,2022-08,0.0013,0.4554,0.2992,0.244
MR,2022-09,0.0013,0.4554,0.2992,0.244
MR,2022-10,0.0013,0.4554,0.2992,0.244
MR,2022-11,0.0013,0.4554,0.2992,0.244
MR,2022-12,0.0013,0.4554,0.2992,0.244
MR,2023-01,0.0013,0.4554,0.2992,0.244
MR,2023-02,0.0013,0.4554,0.2992,0.244
MR,2023-03,0.0013,0.4554,0.2992,0.244
MR,2023-04,0.0013,0.4554,0.2992,0.244
MR,2023-05,0.0013,0.4554,0.2992,0.244
MR,2023-06,0.0013,0.4554,0.2992,0.244
MR,2023-07,0.0013,0.4554,0.2992,0.244
MR,2023-08,0.0013,0.4554,0.2992,0.244
MR,2023-09,0.0013,0.4554,0.2992,0.244
MR,2023-10,0.0013,0.4554,0.2992,0.244
MR,2023-11,0.0013,0.4554,0.2992,0.244
MR,2023-12,0.0013,0.4554,0.2992,0.244
MR,2024-01,0.0013,0.4554,0.2992,0.244
MR,2024-02,0.0013,0.4554,0.2992,0.244
MR,2024-03,0.0013,0.4554,0.2992,0.244
MR,2024-04,0.0013,0.4554,0.2992,0.244
MR,2024-05,0.0013,0.4554,0.2992,0.244
MR,2024-06,0.0013,0.4554,0.2992,0.244
MR,2024-07,0.0013,0.4554,0.2992,0.244
MR,2024-08,0.0013,0.4554,0.2992,0.244
MR,2024-09,0.0013,0.4554,0.2992,0.244
MR,2024-10,0.0013,0.4554,0.2992,0.244
MR,2024-11,0.0013,0.4554,0.2992,0.244
MR,2024-12,0.0013,0.4554,0.2992,0.244
MR,2025-01,0.0013,0.4554,0.2992,0.244
MR,2025-02,0.0013,0.4554,0.2992,0.244
MR,2025-03,0.0013,0.4554,0.2992,0.244
MR,2025-04,0.0013,0.4554,0.2992,0.244
MR,2025-05,0.0013,0.4554,0.2992,0.244
MR,2025-06,0.0013,0.4554,0.2992,0.244
MR,2025-07,0.0013,0.4554,0.2992,0.244
MR,2025-08,0.0013,0.4554,0.2992,0.244
MR,2025-09,0.0013,0.4554,0.2992,0.244
MR,2025-10,0.0013,0.4554,0.2992,0.244
MR,2025-11,0.0013,0.4554,0.2992,0.244
MR,2025-12,0.0013,0.4554,0.2992,0.244
MR,2026-01,0.0013,0.4554,0.2992,0.244
MR,2026-02,0.0013,0.4554,0.2992,0.244
MR,2026-03,0.0013,0.4554,0.2992,0.244
MR,2026-04,0.0013,0.4554,0.2992,0.244
MR,2026-05,0.0013,0.4554,0.2992,0.244
MR,2026-06,0.0013,0.4554,0.2992,0.244
MR,2026-07,0.0013,0.4554,0.2992,0.244
MR,2026-08,0.0013,0.4554,0.2992,0.244
MS,2019-01,,,,
MS,2019-02,,,,
MS,2019-03,,,,
MS,2019-04,,,,
MS,2019-05,,,,
MS,2019-06,,,,
MS,2019-07,,,,
MS,2019-08,,,,
MS,2019-09,,,,
MS,2019-10,,,,
MS,2019-11,,,,
MS,2019-12,,,,
MS,2020-01,,,,
MS,2020-02,,,,
MS,2020-03,,,,
MS,2020-04,,,,
MS,2020-05,,,,
MS,2020-06,,,,
MS,2020-07,,,,
MS,2020-08,,,,
MS,2020-09,,,,
MS,2020-10,,,,
MS,2020-11,,,,
MS,2020-12,,,,
MS,2021-01,,,,
MS,2021-02,,,,
MS,2021-03,,,,
MS,2021-04,,,,
MS,2021-05,,,,
MS,2021-06,,,,
MS,2021-07,,,,
MS,2021-08,,,,
MS,2021-09,,,,
MS,2021-10,,,,
MS,2021-11,,,,
MS,2021-12,,,,
MS,2022-01,,,,
MS,2022-02,,,,
MS,2022-03,,,,
MS,2022-04,,,,
MS,2022-05,,,,
MS,2022-06,,,,
MS,2022-07,,,,
MS,2022-08,,,,
MS,2022-09,,,,
MS,2022-10,,,,
MS,2022-11,,,,
MS,2022-12,,,,
MS,2023-01,,,,
MS,2023-02,,,,
MS,2023-03,,,,
MS,2023-04,,,,
MS,2023-05,,,,
MS,2023-06,,,,
MS,2023-07,,,,
MS,2023-08,,,,
MS,2023-09,,,,
MS,2023-10,,,,
MS,2023-11,,,,
MS,2023-12,,,,
MS,2024-01,,,,
MS,2024-02,,,,
MS,2024-03,,,,
MS,2024-04,,,,
MS,2024-05,,,,
MS,2024-06,,,,
MS,2024-07,,,,
MS,2024-08,,,,
MS,2024-09,,,,
MS,2024-10,,,,
MS,2024-11,,,,
MS,2024-12,,,,
MS,2025-01,,,,
MS,2025-02,,,,
MS,2025-03,,,,
MS,2025-04,,,,
MS,2025-05,,,,
MS,2025-06,,,,
MS,2025-07,,,,
MS,2025-08,,,,
MS,2025-09,,,,
MS,2025-10,,,,
MS,2025-11,,,,
MS,2025-12,,,,
MS,2026-01,,,,
MS,2026-02,,,,
MS,2026-03,,,,
MS,2026-04,,,,
MS,2026-05,,,,
MS,2026-06,,,,
MS,2026-07,,,,
MS,2026-08,,,,
MT,2019-01,0.0979,0.5135,0.0331,0.3555
MT,2019-02,0.0926,0.5105,0.0693,0.3276
MT,2019-03,0.086,0.4626,0.0863,0.3651
MT,2019-04,0.0856,0.5248,0.1196,0.2699
MT,2019-05,0.0801,0.5605,0.1258,0.2336
MT,2019-06,0.0766,0.566,0.1506,0.2068
MT,2019-07,0.0836,0.5526,0.1544,0.2093
MT,2019-08,0.0862,0.5395,0.1489,0.2254
MT,2019-09,0.0845,0.503,0.1185,0.2939
MT,2019-10,0.0931,0.5068,0.0809,0.3192
MT,2019-11,0.094,0.5447,0.0387,0.3226
MT,2019-12,0.0896,0.5158,0.0307,0.3639
MT,2020-01,,,,
MT,2020-02,,,,
MT,2020-03,0.0775,0.502,0.0902,0.3302
MT,2020-04,0.0818,0.5209,0.1448,0.2525
MT,2020-05,0.0794,0.5408,0.1523,0.2274
MT,2020-06,,,,
MT,2020-07,0.0789,0.5178,0.1673,0.236
MT,2020-08,0.0817,0.5271,0.1598,0.2314
MT,2020-09,0.0829,0.5101,0.1359,0.2711
MT,2020-10,0.0805,0.4996,0.0737,0.3463
MT,2020-11,0.0925,0.5108,0.0552,0.3414
MT,2020-12,0.0937,0.5114,0.0313,0.3636
MT,2021-01,0.0931,0.539,0.0354,0.3325
MT,2021-02,0.0855,0.514,0.0633,0.3372
MT,2021-03,0.0886,0.4843,0.1089,0.3182
MT,2021-04,,,,
MT,2021-05,,,,
MT,2021-06,0.0785,0.5573,0.189,0.1752
MT,2021-07,0.08,0.5235,0.1817,0.2147
MT,2021-08,0.0819,0.5031,0.1661,0.2489
MT,2021-09,0.0946,0.491,0.1621,0.2523
MT,2021-10,0.0923,0.4213,0.1055,0.3809
MT,2021-11,0.1014,0.4764,0.0578,0.3644
MT,2021-12,0.0994,0.4784,0.0384,0.3838
MT,2022-01,0.0926,0.4532,0.0532,0.401
MT,2022-02,0.0826,0.3869,0.0796,0.4509
MT,2022-03,0.0927,0.4566,0.138,0.3126
MT,2022-04,0.0326,0.1803,0.6626,0.1245
MT,2022-05,0.075,0.4786,0.2004,0.2459
MT,2022-06,0.0775,0.4858,0.219,0.2177
MT,2022-07,0.0809,0.4342,0.2313,0.2536
MT,2022-08,0.0359,0.1805,0.6909,0.0926
MT,2022-09,0.0947,0.4209,0.1792,0.3051
MT,2022-10,0.0314,0.1506,0.6725,0.1456
MT,2022-11,0.0917,0.4245,0.0701,0.4138
MT,2022-12,0.0994,0.4687,0.0441,0.3879
MT,2023-01,0.0334,0.1783,0.6077,0.1807
MT,2023-02,0.0316,0.1528,0.6791,0.1366
MT,2023-03,0.0123,0.0661,0.8621,0.0594
MT,2023-04,0.0056,0.033,0.9397,0.0216
MT,2023-05,0.0112,0.0832,0.8601,0.0455
MT,2023-06,0.015,0.1222,0.8133,0.0495
MT,2023-07,0.028,0.1904,0.6608,0.1208
MT,2023-08,0.0234,0.1594,0.7288,0.0884
MT,2023-09,0.0226,0.1393,0.7501,0.088
MT,2023-10,0.0312,0.1803,0.6239,0.1646
MT,2023-11,0.035,0.2192,0.5559,0.1899
MT,2023-12,0.0464,0.2909,0.4001,0.2625
MT,2024-01,0.0336,0.2149,0.5584,0.1931
MT,2024-02,0.0315,0.1921,0.5965,0.1798
MT,2024-03,0.0204,0.1351,0.7511,0.0933
MT,2024-04,0.0249,0.1727,0.6805,0.1218
MT,2024-05,0.0203,0.1533,0.7591,0.0673
MT,2024-06,0.0248,0.1955,0.6878,0.0918
MT,2024-07,0.0306,0.2208,0.6388,0.1099
MT,2024-08,0.0317,0.1985,0.6473,0.1224
MT,2024-09,0.0339,0.201,0.6135,0.1516
MT,2024-10,0.0339,0.211,0.6001,0.1551
MT,2024-11,0.034,0.1789,0.6317,0.1555
MT,2024-12,0.0453,0.2387,0.4552,0.2608
MT,2025-01,0.0405,0.2258,0.5256,0.2081
MT,2025-02,0.0371,0.203,0.613,0.1469
MT,2025-03,0.0299,0.1648,0.6741,0.1311
MT,2025-04,0.0264,0.1574,0.7217,0.0945
MT,2025-05,0.0216,0.1465,0.7429,0.089
MT,2025-06,0.0245,0.1664,0.6968,0.1123
MT,2025-07,0.029,0.1893,0.6746,0.1072
MT,2025-08,0.0308,0.1791,0.67,0.1201
MT,2025-09,0.0313,0.1768,0.6357,0.1562
MT,2025-10,0.031,0.1643,0.6327,0.1719
MT,2025-11,0.0431,0.2175,0.5317,0.2077
MT,2025-12,0.0447,0.2362,0.4885,0.2306
MT,2026-01,0.0466,0.2468,0.4559,0.2507
MT,2026-02,0.0282,0.1578,0.6691,0.1449
MT,2026-03,0.0313,0.184,0.6348,0.1499
MT,2026-04,0.0265,0.1583,0.7036,0.1115
MT,2026-05,0.0226,0.1441,0.7551,0.0782
MT,2026-06,0.0191,0.1376,0.7656,0.0777
MT,2026-07,0.0191,0.1376,0.7656,0.0777
MT,2026-08,0.0191,0.1376,0.7656,0.0777
MU,2019-01,0.6571,0.1431,0.1855,0.0143
MU,2019-02,0.6571,0.1431,0.1855,0.0143
MU,2019-03,0.6571,0.1431,0.1855,0.0143
MU,2019-04,0.6571,0.1431,0.1855,0.0143
MU,2019-05,0.6571,0.1431,0.1855,0.0143
MU,2019-06,0.6571,0.1431,0.1855,0.0143
MU,2019-07,0.6571,0.1431,0.1855,0.0143
MU,2019-08,0.6571,0.1431,0.1855,0.0143
MU,2019-09,0.6571,0.1431,0.1855,0.0143
MU,2019-10,0.6571,0.1431,0.1855,0.0143
MU,2019-11,0.6571,0.1431,0.1855,0.0143
MU,2019-12,0.6571,0.1431,0.1855,0.0143
MU,2020-01,0.6571,0.1431,0.1855,0.0143
MU,2020-02,0.6571,0.1431,0.1855,0.0143
MU,2020-03,0.6571,0.1431,0.1855,0.0143
MU,2020-04,0.6571,0.1431,0.1855,0.0143
MU,2020-05,0.6571,0.1431,0.1855,0.0143
MU,2020-06,0.6571,0.1431,0.1855,0.0143
MU,2020-07,0.6571,0.1431,0.1855,0.0143
MU,2020-08,0.6571,0.1431,0.1855,0.0143
MU,2020-09,0.6571,0.1431,0.1855,0.0143
MU,2020-10,0.6571,0.1431,0.1855,0.0143
MU,2020-11,0.6571,0.1431,0.1855,0.0143
MU,2020-12,0.6571,0.1431,0.1855,0.0143
MU,2021-01,0.6571,0.1431,0.1855,0.0143
MU,2021-02,0.6571,0.1431,0.1855,0.0143
MU,2021-03,0.6571,0.1431,0.1855,0.0143
MU,2021-04,0.6571,0.1431,0.1855,0.0143
MU,2021-05,0.6571,0.1431,0.1855,0.0143
MU,2021-06,0.6571,0.1431,0.1855,0.0143
MU,2021-07,0.6571,0.1431,0.1855,0.0143
MU,2021-08,0.6571,0.1431,0.1855,0.0143
MU,2021-09,0.6571,0.1431,0.1855,0.0143
MU,2021-10,0.6571,0.1431,0.1855,0.0143
MU,2021-11,0.6571,0.1431,0.1855,0.0143
MU,2021-12,0.6571,0.1431,0.1855,0.0143
MU,2022-01,0.6571,0.1431,0.1855,0.0143
MU,2022-02,0.6571,0.1431,0.1855,0.0143
MU,2022-03,0.6571,0.1431,0.1855,0.0143
MU,2022-04,0.6571,0.1431,0.1855,0.0143
MU,2022-05,0.6571,0.1431,0.1855,0.0143
MU,2022-06,0.6571,0.1431,0.1855,0.0143
MU,2022-07,0.6571,0.1431,0.1855,0.0143
MU,2022-08,0.6571,0.1431,0.1855,0.0143
MU,2022-09,0.6571,0.1431,0.1855,0.0143
MU,2022-10,0.6571,0.1431,0.1855,0.0143
MU,2022-11,0.6571,0.1431,0.1855,0.0143
MU,2022-12,0.6571,0.1431,0.1855,0.0143
MU,2023-01,0.6571,0.1431,0.1855,0.0143
MU,2023-02,0.6571,0.1431,0.1855,0.0143
MU,2023-03,0.6571,0.1431,0.1855,0.0143
MU,2023-04,0.6571,0.1431,0.1855,0.0143
MU,2023-05,0.6571,0.1431,0.1855,0.0143
MU,2023-06,0.6571,0.1431,0.1855,0.0143
MU,2023-07,0.6571,0.1431,0.1855,0.0143
MU,2023-08,0.6571,0.1431,0.1855,0.0143
MU,2023-09,0.6571,0.1431,0.1855,0.0143
MU,2023-10,0.6571,0.1431,0.1855,0.0143
MU,2023-11,0.6571,0.1431,0.1855,0.0143
MU,2023-12,0.6571,0.1431,0.1855,0.0143
MU,2024-01,0.6571,0.1431,0.1855,0.0143
MU,2024-02,0.6571,0.1431,0.1855,0.0143
MU,2024-03,0.6571,0.1431,0.1855,0.0143
MU,2024-04,0.6571,0.1431,0.1855,0.0143
MU,2024-05,0.6571,0.1431,0.1855,0.0143
MU,2024-06,0.6571,0.1431,0.1855,0.0143
MU,2024-07,0.6571,0.1431,0.1855,0.0143
MU,2024-08,0.6571,0.1431,0.1855,0.0143
MU,2024-09,0.6571,0.1431,0.1855,0.0143
MU,2024-10,0.6571,0.1431,0.1855,0.0143
MU,2024-11,0.6571,0.1431,0.1855,0.0143
MU,2024-12,0.6571,0.1431,0.1855,0.0143
MU,2025-01,0.6571,0.1431,0.1855,0.0143
MU,2025-02,0.6571,0.1431,0.1855,0.0143
MU,2025-03,0.6571,0.1431,0.1855,0.0143
MU,2025-04,0.6571,0.1431,0.1855,0.0143
MU,2025-05,0.6571,0.1431,0.1855,0.0143
MU,2025-06,0.6571,0.1431,0.1855,0.0143
MU,2025-07,0.6571,0.1431,0.1855,0.0143
MU,2025-08,0.6571,0.1431,0.1855,0.0143
MU,2025-09,0.6571,0.1431,0.1855,0.0143
MU,2025-10,0.6571,0.1431,0.1855,0.0143
MU,2025-11,0.6571,0.1431,0.1855,0.0143
MU,2025-12,0.6571,0.1431,0.1855,0.0143
MU,2026-01,0.6571,0.1431,0.1855,0.0143
MU,2026-02,0.6571,0.1431,0.1855,0.0143
MU,2026-03,0.6571,0.1431,0.1855,0.0143
MU,2026-04,0.6571,0.1431,0.1855,0.0143
MU,2026-05,0.6571,0.1431,0.1855,0.0143
MU,2026-06,0.6571,0.1431,0.1855,0.0143
MU,2026-07,0.6571,0.1431,0.1855,0.0143
MU,2026-08,0.6571,0.1431,0.1855,0.0143
MV,2019-01,0,0,1,0
MV,2019-02,0,0,1,0
MV,2019-03,0,0,1,0
MV,2019-04,0,0,1,0
MV,2019-05,0,0,1,0
MV,2019-06,0,0,1,0
MV,2019-07,0,0,1,0
MV,2019-08,0,0,1,0
MV,2019-09,0,0,1,0
MV,2019-10,0,0,1,0
MV,2019-11,0,0,1,0
MV,2019-12,0,0,1,0
MV,2020-01,0,0,1,0
MV,2020-02,0,0,1,0
MV,2020-03,0,0,1,0
MV,2020-04,0,0,1,0
MV,2020-05,0,0,1,0
MV,2020-06,0,0,1,0
MV,2020-07,0,0,1,0
MV,2020-08,0,0,1,0
MV,2020-09,0,0,1,0
MV,2020-10,0,0,1,0
MV,2020-11,0,0,1,0
MV,2020-12,0,0,1,0
MV,2021-01,0,0,1,0
MV,2021-02,0,0,1,0
MV,2021-03,0,0,1,0
MV,2021-04,0,0,1,0
MV,2021-05,0,0,1,0
MV,2021-06,0,0,1,0
MV,2021-07,0,0,1,0
MV,2021-08,0,0,1,0
MV,2021-09,0,0,1,0
MV,2021-10,0,0,1,0
MV,2021-11,0,0,1,0
MV,2021-12,0,0,1,0
MV,2022-01,0,0,1,0
MV,2022-02,0,0,1,0
MV,2022-03,0,0,1,0
MV,2022-04,0,0,1,0
MV,2022-05,0,0,1,0
MV,2022-06,0,0,1,0
MV,2022-07,0,0,1,0
MV,2022-08,0,0,1,0
MV,2022-09,0,0,1,0
MV,2022-10,0,0,1,0
MV,2022-11,0,0,1,0
MV,2022-12,0,0,1,0
MV,2023-01,0,0,1,0
MV,2023-02,0,0,1,0
MV,2023-03,0,0,1,0
MV,2023-04,0,0,1,0
MV,2023-05,0,0,1,0
MV,2023-06,0,0,1,0
MV,2023-07,0,0,1,0
MV,2023-08,0,0,1,0
MV,2023-09,0,0,1,0
MV,2023-10,0,0,1,0
MV,2023-11,0,0,1,0
MV,2023-12,0,0,1,0
MV,2024-01,0,0,1,0
MV,2024-02,0,0,1,0
MV,2024-03,0,0,1,0
MV,2024-04,0,0,1,0
MV,2024-05,0,0,1,0
MV,2024-06,0,0,1,0
MV,2024-07,0,0,1,0
MV,2024-08,0,0,1,0
MV,2024-09,0,0,1,0
MV,2024-10,0,0,1,0
MV,2024-11,0,0,1,0
MV,2024-12,0,0,1,0
MV,2025-01,0,0,1,0
MV,2025-02,0,0,1,0
MV,2025-03,0,0,1,0
MV,2025-04,0,0,1,0
MV,2025-05,0,0,1,0
MV,2025-06,0,0,1,0
MV,2025-07,0,0,1,0
MV,2025-08,0,0,1,0
MV,2025-09,0,0,1,0
MV,2025-10,0,0,1,0
MV,2025-11,0,0,1,0
MV,2025-12,0,0,1,0
MV,2026-01,0,0,1,0
MV,2026-02,0,0,1,0
MV,2026-03,0,0,1,0
MV,2026-04,0,0,1,0
MV,2026-05,0,0,1,0
MV,2026-06,0,0,1,0
MV,2026-07,0,0,1,0
MV,2026-08,0,0,1,0
MW,2019-01,0.0289,0.9653,0.0058,0
MW,2019-02,0.0289,0.9653,0.0058,0
MW,2019-03,0.0289,0.9653,0.0058,0
MW,2019-04,0.0289,0.9653,0.0058,0
MW,2019-05,0.0289,0.9653,0.0058,0
MW,2019-06,0.0289,0.9653,0.0058,0
MW,2019-07,0.0289,0.9653,0.0058,0
MW,2019-08,0.0289,0.9653,0.0058,0
MW,2019-09,0.0289,0.9653,0.0058,0
MW,2019-10,0.0289,0.9653,0.0058,0
MW,2019-11,0.0289,0.9653,0.0058,0
MW,2019-12,0.0289,0.9653,0.0058,0
MW,2020-01,0.0289,0.9653,0.0058,0
MW,2020-02,0.0289,0.9653,0.0058,0
MW,2020-03,0.0289,0.9653,0.0058,0
MW,2020-04,0.0289,0.9653,0.0058,0
MW,2020-05,0.0289,0.9653,0.0058,0
MW,2020-06,0.0289,0.9653,0.0058,0
MW,2020-07,0.0289,0.9653,0.0058,0
MW,2020-08,0.0289,0.9653,0.0058,0
MW,2020-09,0.0289,0.9653,0.0058,0
MW,2020-10,0.0289,0.9653,0.0058,0
MW,2020-11,0.0289,0.9653,0.0058,0
MW,2020-12,0.0289,0.9653,0.0058,0
MW,2021-01,0.0289,0.9653,0.0058,0
MW,2021-02,0.0289,0.9653,0.0058,0
MW,2021-03,0.0289,0.9653,0.0058,0
MW,2021-04,0.0289,0.9653,0.0058,0
MW,2021-05,0.0289,0.9653,0.0058,0
MW,2021-06,0.0289,0.9653,0.0058,0
MW,2021-07,0.0289,0.9653,0.0058,0
MW,2021-08,0.0289,0.9653,0.0058,0
MW,2021-09,0.0289,0.9653,0.0058,0
MW,2021-10,0.0289,0.9653,0.0058,0
MW,2021-11,0.0289,0.9653,0.0058,0
MW,2021-12,0.0289,0.9653,0.0058,0
MW,2022-01,0.0289,0.9653,0.0058,0
MW,2022-02,0.0289,0.9653,0.0058,0
MW,2022-03,0.0289,0.9653,0.0058,0
MW,2022-04,0.0289,0.9653,0.0058,0
MW,2022-05,0.0289,0.9653,0.0058,0
MW,2022-06,0.0289,0.9653,0.0058,0
MW,2022-07,0.0289,0.9653,0.0058,0
MW,2022-08,0.0289,0.9653,0.0058,0
MW,2022-09,0.0289,0.9653,0.0058,0
MW,2022-10,0.0289,0.9653,0.0058,0
MW,2022-11,0.0289,0.9653,0.0058,0
MW,2022-12,0.0289,0.9653,0.0058,0
MW,2023-01,0.0289,0.9653,0.0058,0
MW,2023-02,0.0289,0.9653,0.0058,0
MW,2023-03,0.0289,0.9653,0.0058,0
MW,2023-04,0.0289,0.9653,0.0058,0
MW,2023-05,0.0289,0.9653,0.0058,0
MW,2023-06,0.0289,0.9653,0.0058,0
MW,2023-07,0.0289,0.9653,0.0058,0
MW,2023-08,0.0289,0.9653,0.0058,0
MW,2023-09,0.0289,0.9653,0.0058,0
MW,2023-10,0.0289,0.9653,0.0058,0
MW,2023-11,0.0289,0.9653,0.0058,0
MW,2023-12,0.0289,0.9653,0.0058,0
MW,2024-01,0.0289,0.9653,0.0058,0
MW,2024-02,0.0289,0.9653,0.0058,0
MW,2024-03,0.0289,0.9653,0.0058,0
MW,2024-04,0.0289,0.9653,0.0058,0
MW,2024-05,0.0289,0.9653,0.0058,0
MW,2024-06,0.0289,0.9653,0.0058,0
MW,2024-07,0.0289,0.9653,0.0058,0
MW,2024-08,0.0289,0.9653,0.0058,0
MW,2024-09,0.0289,0.9653,0.0058,0
MW,2024-10,0.0289,0.9653,0.0058,0
MW,2024-11,0.0289,0.9653,0.0058,0
MW,2024-12,0.0289,0.9653,0.0058,0
MW,2025-01,0.0289,0.9653,0.0058,0
MW,2025-02,0.0289,0.9653,0.0058,0
MW,2025-03,0.0289,0.9653,0.0058,0
MW,2025-04,0.0289,0.9653,0.0058,0
MW,2025-05,0.0289,0.9653,0.0058,0
MW,2025-06,0.0289,0.9653,0.0058,0
MW,2025-07,0.0289,0.9653,0.0058,0
MW,2025-08,0.0289,0.9653,0.0058,0
MW,2025-09,0.0289,0.9653,0.0058,0
MW,2025-10,0.0289,0.9653,0.0058,0
MW,2025-11,0.0289,0.9653,0.0058,0
MW,2025-12,0.0289,0.9653,0.0058,0
MW,2026-01,0.0289,0.9653,0.0058,0
MW,2026-02,0.0289,0.9653,0.0058,0
MW,2026-03,0.0289,0.9653,0.0058,0
MW,2026-04,0.0289,0.9653,0.0058,0
MW,2026-05,0.0289,0.9653,0.0058,0
MW,2026-06,0.0289,0.9653,0.0058,0
MW,2026-07,0.0289,0.9653,0.0058,0
MW,2026-08,0.0289,0.9653,0.0058,0
MX,2019-01,0.0052,0.426,0.1155,0.4534
MX,2019-02,0.0028,0.5232,0.1396,0.3345
MX,2019-03,0.0024,0.4434,0.1396,0.4146
MX,2019-04,0.0023,0.5258,0.1439,0.328
MX,2019-05,0.0018,0.5849,0.1603,0.2531
MX,2019-06,0.0019,0.5614,0.1946,0.242
MX,2019-07,0,0.495,0.1752,0.3298
MX,2019-08,0,0.5321,0.1876,0.2803
MX,2019-09,0,0.4702,0.2065,0.3233
MX,2019-10,0,0.4422,0.2343,0.3235
MX,2019-11,0,0.3914,0.1705,0.4381
MX,2019-12,0.0057,0.3495,0.199,0.4458
MX,2020-01,0.0025,0.3055,0.1985,0.4935
MX,2020-02,0.0024,0.2868,0.2314,0.4793
MX,2020-03,0.0023,0.3724,0.2444,0.3809
MX,2020-04,0.002,0.4885,0.2609,0.2487
MX,2020-05,0.0019,0.5202,0.2125,0.2655
MX,2020-06,0,0.5,0.2433,0.2567
MX,2020-07,0,0.5106,0.2156,0.2738
MX,2020-08,0,0.5187,0.2125,0.2688
MX,2020-09,0,0.5591,0.2101,0.2308
MX,2020-10,0,0.4499,0.2375,0.3126
MX,2020-11,0,0.3722,0.2285,0.3993
MX,2020-12,0.0037,0.3575,0.207,0.4318
MX,2021-01,0.0019,0.3726,0.2305,0.3949
MX,2021-02,0.0022,0.3955,0.2595,0.3427
MX,2021-03,0.0035,0.3688,0.2689,0.3588
MX,2021-04,0.0017,0.4545,0.2541,0.2896
MX,2021-05,0.0013,0.4664,0.261,0.2713
MX,2021-06,0,0.5083,0.2768,0.2149
MX,2021-07,0,0.4681,0.2369,0.295
MX,2021-08,0,0.5484,0.2133,0.2383
MX,2021-09,0,0.6409,0.1859,0.1732
MX,2021-10,0,0.5962,0.1924,0.2114
MX,2021-11,0,0.3983,0.2243,0.3774
MX,2021-12,0.0041,0.373,0.229,0.3939
MX,2022-01,0.0044,0.3666,0.2426,0.3864
MX,2022-02,0.0046,0.3573,0.2518,0.3863
MX,2022-03,0.0037,0.361,0.2757,0.3596
MX,2022-04,0.0019,0.444,0.2708,0.2833
MX,2022-05,0.0014,0.5133,0.2543,0.231
MX,2022-06,0,0.5333,0.2252,0.2415
MX,2022-07,0,0.4612,0.2215,0.3173
MX,2022-08,0,0.5943,0.1843,0.2215
MX,2022-09,0,0.655,0.1863,0.1587
MX,2022-10,0,0.5863,0.191,0.2228
MX,2022-11,0,0.4983,0.2095,0.2922
MX,2022-12,0.002,0.3801,0.2215,0.3963
MX,2023-01,0.0044,0.3366,0.2582,0.4009
MX,2023-02,0.0042,0.3002,0.2822,0.4134
MX,2023-03,0.0038,0.316,0.3257,0.3545
MX,2023-04,0.0021,0.3678,0.3237,0.3064
MX,2023-05,0.0017,0.4059,0.3398,0.2526
MX,2023-06,0,0.4008,0.338,0.2612
MX,2023-07,0,0.3028,0.3134,0.3838
MX,2023-08,0,0.3696,0.3124,0.318
MX,2023-09,0,0.4051,0.3157,0.2792
MX,2023-10,0,0.3493,0.2884,0.3622
MX,2023-11,0.0025,0.2776,0.2726,0.4472
MX,2023-12,0.0026,0.2688,0.2637,0.465
MX,2024-01,0.0025,0.2743,0.2786,0.4447
MX,2024-02,0.0047,0.2281,0.3132,0.4539
MX,2024-03,0.0042,0.2702,0.3464,0.3792
MX,2024-04,0.0016,0.3014,0.3243,0.3727
MX,2024-05,0.0018,0.4057,0.3408,0.2518
MX,2024-06,0,0.3891,0.3396,0.2713
MX,2024-07,0,0.3844,0.3038,0.3118
MX,2024-08,0,0.4381,0.2913,0.2706
MX,2024-09,0,0.5802,0.2557,0.164
MX,2024-10,0,0.445,0.2609,0.2941
MX,2024-11,0,0.4157,0.2547,0.3296
MX,2024-12,0.0045,0.3021,0.2798,0.4136
MX,2025-01,0.0023,0.283,0.2674,0.4473
MX,2025-02,0.0021,0.2982,0.2893,0.4104
MX,2025-03,0.0035,0.3453,0.2988,0.3524
MX,2025-04,0.0014,0.3201,0.3148,0.3636
MX,2025-05,0.0017,0.4008,0.3328,0.2648
MX,2025-06,0,0.4552,0.2811,0.2637
MX,2025-07,0,0.4362,0.261,0.3028
MX,2025-08,0,0.4139,0.3072,0.2789
MX,2025-09,0,0.5817,0.2485,0.1698
MX,2025-10,0,0.5549,0.2253,0.2197
MX,2025-11,0,0.4193,0.2375,0.3432
MX,2025-12,0,0.3575,0.2469,0.3956
MX,2026-01,0.0021,0.3654,0.239,0.3935
MX,2026-02,0.0037,0.3688,0.2606,0.367
MX,2026-03,0.003,0.3729,0.2602,0.3639
MX,2026-04,0.0014,0.3864,0.2928,0.3194
MX,2026-05,0.0016,0.4295,0.3113,0.2576
MX,2026-06,0.0016,0.4295,0.3113,0.2576
MX,2026-07,0.0016,0.4295,0.3113,0.2576
MX,2026-08,0.0016,0.4295,0.3113,0.2576
MY,2019-01,0.1366,0.8514,0.0119,0.0002
MY,2019-02,0.1397,0.8423,0.0178,0.0002
MY,2019-03,0.1343,0.846,0.0195,0.0002
MY,2019-04,0.144,0.8396,0.0164,0
MY,2019-05,0.1412,0.8394,0.0194,0
MY,2019-06,0.1376,0.8423,0.0201,0
MY,2019-07,0.1379,0.8384,0.0237,0
MY,2019-08,0.1407,0.8357,0.0235,0.0001
MY,2019-09,0.1389,0.837,0.0239,0.0003
MY,2019-10,0.1317,0.8455,0.0227,0.0001
MY,2019-11,0.1288,0.8485,0.0227,0
MY,2019-12,0.1215,0.8569,0.0211,0.0005
MY,2020-01,0.1144,0.8588,0.0267,0
MY,2020-02,0.1145,0.8571,0.0284,0
MY,2020-03,0.1176,0.8511,0.0313,0
MY,2020-04,0.1171,0.8535,0.0294,0
MY,2020-05,0.1124,0.8592,0.0284,0
MY,2020-06,0.1091,0.8656,0.0253,0
MY,2020-07,0.1066,0.8669,0.0265,0
MY,2020-08,0.0995,0.8763,0.0242,0
MY,2020-09,0.1013,0.8765,0.022,0.0001
MY,2020-10,0.1,0.8723,0.0277,0
MY,2020-11,0.106,0.8674,0.0266,0
MY,2020-12,0.0996,0.8717,0.0287,0
MY,2021-01,0.0989,0.8763,0.0247,0
MY,2021-02,0.105,0.8589,0.0361,0
MY,2021-03,0.1151,0.8514,0.0336,0
MY,2021-04,0.1078,0.8607,0.0306,0.0008
MY,2021-05,0.1116,0.8544,0.0338,0.0002
MY,2021-06,0.1161,0.8488,0.035,0.0002
MY,2021-07,0.1144,0.8541,0.0313,0.0002
MY,2021-08,0.1137,0.8527,0.0336,0
MY,2021-09,0.1135,0.8557,0.0308,0
MY,2021-10,0.1099,0.8589,0.0313,0
MY,2021-11,0.1091,0.8633,0.0274,0.0002
MY,2021-12,0.1158,0.8577,0.0265,0
MY,2022-01,0.1209,0.847,0.0319,0.0002
MY,2022-02,0.1293,0.8368,0.0339,0
MY,2022-03,0.1275,0.8289,0.0437,0
MY,2022-04,0.1303,0.8285,0.0411,0
MY,2022-05,0.13,0.8253,0.0445,0.0003
MY,2022-06,0.13,0.8255,0.0445,0
MY,2022-07,0.1186,0.8343,0.0471,0
MY,2022-08,0.1153,0.8328,0.0519,0
MY,2022-09,0.1179,0.8325,0.0497,0
MY,2022-10,0.116,0.8352,0.0488,0
MY,2022-11,0.1214,0.8309,0.0477,0
MY,2022-12,0.1187,0.8406,0.0407,0
MY,2023-01,0.1219,0.8288,0.0493,0
MY,2023-02,0.1191,0.8248,0.0561,0
MY,2023-03,0.127,0.8061,0.0669,0
MY,2023-04,0.1283,0.8055,0.0661,0
MY,2023-05,0.1231,0.8167,0.06,0.0003
MY,2023-06,0.1302,0.8083,0.0616,0
MY,2023-07,0.1288,0.8117,0.0595,0
MY,2023-08,0.125,0.8136,0.0612,0.0001
MY,2023-09,0.1211,0.8206,0.0578,0.0005
MY,2023-10,0.1253,0.8161,0.0583,0.0004
MY,2023-11,0.129,0.8214,0.0496,0
MY,2023-12,0.1196,0.8296,0.0505,0.0003
MY,2024-01,0.1133,0.8351,0.0515,0.0002
MY,2024-02,0.1174,0.8123,0.0702,0
MY,2024-03,0.1237,0.8017,0.0739,0.0007
MY,2024-04,0.128,0.7963,0.0757,0
MY,2024-05,0.1309,0.7906,0.0785,0
MY,2024-06,0.1268,0.7884,0.0847,0
MY,2024-07,0.1268,0.7928,0.0804,0
MY,2024-08,0.1294,0.793,0.0776,0
MY,2024-09,0.1285,0.7877,0.0836,0.0002
MY,2024-10,0.1231,0.7968,0.0801,0
MY,2024-11,0.1206,0.8148,0.0645,0
MY,2024-12,0.1125,0.8247,0.0629,0
MY,2025-01,0.1141,0.8179,0.068,0
MY,2025-02,0.1214,0.7934,0.0852,0
MY,2025-03,0.1256,0.7859,0.0884,0
MY,2025-04,0.1264,0.7853,0.0883,0
MY,2025-05,0.1213,0.7989,0.0798,0
MY,2025-06,0.123,0.7949,0.0821,0
MY,2025-07,0.1183,0.7965,0.0851,0
MY,2025-08,0.1214,0.7979,0.0808,0
MY,2025-09,0.1195,0.7939,0.0866,0
MY,2025-10,0.1228,0.7925,0.0837,0.001
MY,2025-11,0.1215,0.8109,0.0661,0.0014
MY,2025-12,0.1223,0.8038,0.0739,0
MY,2026-01,0.1294,0.7773,0.0933,0
MY,2026-02,0.1307,0.7825,0.0868,0
MY,2026-03,0.129,0.7649,0.1061,0
MY,2026-04,0.1297,0.7699,0.1004,0
MY,2026-05,0.133,0.7774,0.0895,0
MY,2026-06,0.133,0.7774,0.0895,0
MY,2026-07,0.133,0.7774,0.0895,0
MY,2026-08,0.133,0.7774,0.0895,0
MZ,2019-01,0.0073,0.9907,0.002,0
MZ,2019-02,0.0073,0.9907,0.002,0
MZ,2019-03,0.0073,0.9907,0.002,0
MZ,2019-04,0.0073,0.9907,0.002,0
MZ,2019-05,0.0073,0.9907,0.002,0
MZ,2019-06,0.0073,0.9907,0.002,0
MZ,2019-07,0.0073,0.9907,0.002,0
MZ,2019-08,0.0073,0.9907,0.002,0
MZ,2019-09,0.0073,0.9907,0.002,0
MZ,2019-10,0.0073,0.9907,0.002,0
MZ,2019-11,0.0073,0.9907,0.002,0
MZ,2019-12,0.0073,0.9907,0.002,0
MZ,2020-01,0.0073,0.9907,0.002,0
MZ,2020-02,0.0073,0.9907,0.002,0
MZ,2020-03,0.0073,0.9907,0.002,0
MZ,2020-04,0.0073,0.9907,0.002,0
MZ,2020-05,0.0073,0.9907,0.002,0
MZ,2020-06,0.0073,0.9907,0.002,0
MZ,2020-07,0.0073,0.9907,0.002,0
MZ,2020-08,0.0073,0.9907,0.002,0
MZ,2020-09,0.0073,0.9907,0.002,0
MZ,2020-10,0.0073,0.9907,0.002,0
MZ,2020-11,0.0073,0.9907,0.002,0
MZ,2020-12,0.0073,0.9907,0.002,0
MZ,2021-01,0.0073,0.9907,0.002,0
MZ,2021-02,0.0073,0.9907,0.002,0
MZ,2021-03,0.0073,0.9907,0.002,0
MZ,2021-04,0.0073,0.9907,0.002,0
MZ,2021-05,0.0073,0.9907,0.002,0
MZ,2021-06,0.0073,0.9907,0.002,0
MZ,2021-07,0.0073,0.9907,0.002,0
MZ,2021-08,0.0073,0.9907,0.002,0
MZ,2021-09,0.0073,0.9907,0.002,0
MZ,2021-10,0.0073,0.9907,0.002,0
MZ,2021-11,0.0073,0.9907,0.002,0
MZ,2021-12,0.0073,0.9907,0.002,0
MZ,2022-01,0.0073,0.9907,0.002,0
MZ,2022-02,0.0073,0.9907,0.002,0
MZ,2022-03,0.0073,0.9907,0.002,0
MZ,2022-04,0.0073,0.9907,0.002,0
MZ,2022-05,0.0073,0.9907,0.002,0
MZ,2022-06,0.0073,0.9907,0.002,0
MZ,2022-07,0.0073,0.9907,0.002,0
MZ,2022-08,0.0073,0.9907,0.002,0
MZ,2022-09,0.0073,0.9907,0.002,0
MZ,2022-10,0.0073,0.9907,0.002,0
MZ,2022-11,0.0073,0.9907,0.002,0
MZ,2022-12,0.0073,0.9907,0.002,0
MZ,2023-01,0.0073,0.9907,0.002,0
MZ,2023-02,0.0073,0.9907,0.002,0
MZ,2023-03,0.0073,0.9907,0.002,0
MZ,2023-04,0.0073,0.9907,0.002,0
MZ,2023-05,0.0073,0.9907,0.002,0
MZ,2023-06,0.0073,0.9907,0.002,0
MZ,2023-07,0.0073,0.9907,0.002,0
MZ,2023-08,0.0073,0.9907,0.002,0
MZ,2023-09,0.0073,0.9907,0.002,0
MZ,2023-10,0.0073,0.9907,0.002,0
MZ,2023-11,0.0073,0.9907,0.002,0
MZ,2023-12,0.0073,0.9907,0.002,0
MZ,2024-01,0.0073,0.9907,0.002,0
MZ,2024-02,0.0073,0.9907,0.002,0
MZ,2024-03,0.0073,0.9907,0.002,0
MZ,2024-04,0.0073,0.9907,0.002,0
MZ,2024-05,0.0073,0.9907,0.002,0
MZ,2024-06,0.0073,0.9907,0.002,0
MZ,2024-07,0.0073,0.9907,0.002,0
MZ,2024-08,0.0073,0.9907,0.002,0
MZ,2024-09,0.0073,0.9907,0.002,0
MZ,2024-10,0.0073,0.9907,0.002,0
MZ,2024-11,0.0073,0.9907,0.002,0
MZ,2024-12,0.0073,0.9907,0.002,0
MZ,2025-01,0.0073,0.9907,0.002,0
MZ,2025-02,0.0073,0.9907,0.002,0
MZ,2025-03,0.0073,0.9907,0.002,0
MZ,2025-04,0.0073,0.9907,0.002,0
MZ,2025-05,0.0073,0.9907,0.002,0
MZ,2025-06,0.0073,0.9907,0.002,0
MZ,2025-07,0.0073,0.9907,0.002,0
MZ,2025-08,0.0073,0.9907,0.002,0
MZ,2025-09,0.0073,0.9907,0.002,0
MZ,2025-10,0.0073,0.9907,0.002,0
MZ,2025-11,0.0073,0.9907,0.002,0
MZ,2025-12,0.0073,0.9907,0.002,0
MZ,2026-01,0.0073,0.9907,0.002,0
MZ,2026-02,0.0073,0.9907,0.002,0
MZ,2026-03,0.0073,0.9907,0.002,0
MZ,2026-04,0.0073,0.9907,0.002,0
MZ,2026-05,0.0073,0.9907,0.002,0
MZ,2026-06,0.0073,0.9907,0.002,0
MZ,2026-07,0.0073,0.9907,0.002,0
MZ,2026-08,0.0073,0.9907,0.002,0
NA,2019-01,0.0053,0.7428,0.2065,0.0453
NA,2019-02,0.0053,0.7428,0.2065,0.0453
NA,2019-03,0.0053,0.7428,0.2065,0.0453
NA,2019-04,0.0053,0.7428,0.2065,0.0453
NA,2019-05,0.0053,0.7428,0.2065,0.0453
NA,2019-06,0.0053,0.7428,0.2065,0.0453
NA,2019-07,0.0053,0.7428,0.2065,0.0453
NA,2019-08,0.0053,0.7428,0.2065,0.0453
NA,2019-09,0.0053,0.7428,0.2065,0.0453
NA,2019-10,0.0053,0.7428,0.2065,0.0453
NA,2019-11,0.0053,0.7428,0.2065,0.0453
NA,2019-12,0.0053,0.7428,0.2065,0.0453
NA,2020-01,0.0053,0.7428,0.2065,0.0453
NA,2020-02,0.0053,0.7428,0.2065,0.0453
NA,2020-03,0.0053,0.7428,0.2065,0.0453
NA,2020-04,0.0053,0.7428,0.2065,0.0453
NA,2020-05,0.0053,0.7428,0.2065,0.0453
NA,2020-06,0.0053,0.7428,0.2065,0.0453
NA,2020-07,0.0053,0.7428,0.2065,0.0453
NA,2020-08,0.0053,0.7428,0.2065,0.0453
NA,2020-09,0.0053,0.7428,0.2065,0.0453
NA,2020-10,0.0053,0.7428,0.2065,0.0453
NA,2020-11,0.0053,0.7428,0.2065,0.0453
NA,2020-12,0.0053,0.7428,0.2065,0.0453
NA,2021-01,0.0053,0.7428,0.2065,0.0453
NA,2021-02,0.0053,0.7428,0.2065,0.0453
NA,2021-03,0.0053,0.7428,0.2065,0.0453
NA,2021-04,0.0053,0.7428,0.2065,0.0453
NA,2021-05,0.0053,0.7428,0.2065,0.0453
NA,2021-06,0.0053,0.7428,0.2065,0.0453
NA,2021-07,0.0053,0.7428,0.2065,0.0453
NA,2021-08,0.0053,0.7428,0.2065,0.0453
NA,2021-09,0.0053,0.7428,0.2065,0.0453
NA,2021-10,0.0053,0.7428,0.2065,0.0453
NA,2021-11,0.0053,0.7428,0.2065,0.0453
NA,2021-12,0.0053,0.7428,0.2065,0.0453
NA,2022-01,0.0053,0.7428,0.2065,0.0453
NA,2022-02,0.0053,0.7428,0.2065,0.0453
NA,2022-03,0.0053,0.7428,0.2065,0.0453
NA,2022-04,0.0053,0.7428,0.2065,0.0453
NA,2022-05,0.0053,0.7428,0.2065,0.0453
NA,2022-06,0.0053,0.7428,0.2065,0.0453
NA,2022-07,0.0053,0.7428,0.2065,0.0453
NA,2022-08,0.0053,0.7428,0.2065,0.0453
NA,2022-09,0.0053,0.7428,0.2065,0.0453
NA,2022-10,0.0053,0.7428,0.2065,0.0453
NA,2022-11,0.0053,0.7428,0.2065,0.0453
NA,2022-12,0.0053,0.7428,0.2065,0.0453
NA,2023-01,0.0053,0.7428,0.2065,0.0453
NA,2023-02,0.0053,0.7428,0.2065,0.0453
NA,2023-03,0.0053,0.7428,0.2065,0.0453
NA,2023-04,0.0053,0.7428,0.2065,0.0453
NA,2023-05,0.0053,0.7428,0.2065,0.0453
NA,2023-06,0.0053,0.7428,0.2065,0.0453
NA,2023-07,0.0053,0.7428,0.2065,0.0453
NA,2023-08,0.0053,0.7428,0.2065,0.0453
NA,2023-09,0.0053,0.7428,0.2065,0.0453
NA,2023-10,0.0053,0.7428,0.2065,0.0453
NA,2023-11,0.0053,0.7428,0.2065,0.0453
NA,2023-12,0.0053,0.7428,0.2065,0.0453
NA,2024-01,0.0053,0.7428,0.2065,0.0453
NA,2024-02,0.0053,0.7428,0.2065,0.0453
NA,2024-03,0.0053,0.7428,0.2065,0.0453
NA,2024-04,0.0053,0.7428,0.2065,0.0453
NA,2024-05,0.0053,0.7428,0.2065,0.0453
NA,2024-06,0.0053,0.7428,0.2065,0.0453
NA,2024-07,0.0053,0.7428,0.2065,0.0453
NA,2024-08,0.0053,0.7428,0.2065,0.0453
NA,2024-09,0.0053,0.7428,0.2065,0.0453
NA,2024-10,0.0053,0.7428,0.2065,0.0453
NA,2024-11,0.0053,0.7428,0.2065,0.0453
NA,2024-12,0.0053,0.7428,0.2065,0.0453
NA,2025-01,0.0053,0.7428,0.2065,0.0453
NA,2025-02,0.0053,0.7428,0.2065,0.0453
NA,2025-03,0.0053,0.7428,0.2065,0.0453
NA,2025-04,0.0053,0.7428,0.2065,0.0453
NA,2025-05,0.0053,0.7428,0.2065,0.0453
NA,2025-06,0.0053,0.7428,0.2065,0.0453
NA,2025-07,0.0053,0.7428,0.2065,0.0453
NA,2025-08,0.0053,0.7428,0.2065,0.0453
NA,2025-09,0.0053,0.7428,0.2065,0.0453
NA,2025-10,0.0053,0.7428,0.2065,0.0453
NA,2025-11,0.0053,0.7428,0.2065,0.0453
NA,2025-12,0.0053,0.7428,0.2065,0.0453
NA,2026-01,0.0053,0.7428,0.2065,0.0453
NA,2026-02,0.0053,0.7428,0.2065,0.0453
NA,2026-03,0.0053,0.7428,0.2065,0.0453
NA,2026-04,0.0053,0.7428,0.2065,0.0453
NA,2026-05,0.0053,0.7428,0.2065,0.0453
NA,2026-06,0.0053,0.7428,0.2065,0.0453
NA,2026-07,0.0053,0.7428,0.2065,0.0453
NA,2026-08,0.0053,0.7428,0.2065,0.0453
NC,2019-01,0,0.609,0.2607,0.1303
NC,2019-02,0,0.609,0.2607,0.1303
NC,2019-03,0,0.609,0.2607,0.1303
NC,2019-04,0,0.609,0.2607,0.1303
NC,2019-05,0,0.609,0.2607,0.1303
NC,2019-06,0,0.609,0.2607,0.1303
NC,2019-07,0,0.609,0.2607,0.1303
NC,2019-08,0,0.609,0.2607,0.1303
NC,2019-09,0,0.609,0.2607,0.1303
NC,2019-10,0,0.609,0.2607,0.1303
NC,2019-11,0,0.609,0.2607,0.1303
NC,2019-12,0,0.609,0.2607,0.1303
NC,2020-01,0,0.609,0.2607,0.1303
NC,2020-02,0,0.609,0.2607,0.1303
NC,2020-03,0,0.609,0.2607,0.1303
NC,2020-04,0,0.609,0.2607,0.1303
NC,2020-05,0,0.609,0.2607,0.1303
NC,2020-06,0,0.609,0.2607,0.1303
NC,2020-07,0,0.609,0.2607,0.1303
NC,2020-08,0,0.609,0.2607,0.1303
NC,2020-09,0,0.609,0.2607,0.1303
NC,2020-10,0,0.609,0.2607,0.1303
NC,2020-11,0,0.609,0.2607,0.1303
NC,2020-12,0,0.609,0.2607,0.1303
NC,2021-01,0,0.609,0.2607,0.1303
NC,2021-02,0,0.609,0.2607,0.1303
NC,2021-03,0,0.609,0.2607,0.1303
NC,2021-04,0,0.609,0.2607,0.1303
NC,2021-05,0,0.609,0.2607,0.1303
NC,2021-06,0,0.609,0.2607,0.1303
NC,2021-07,0,0.609,0.2607,0.1303
NC,2021-08,0,0.609,0.2607,0.1303
NC,2021-09,0,0.609,0.2607,0.1303
NC,2021-10,0,0.609,0.2607,0.1303
NC,2021-11,0,0.609,0.2607,0.1303
NC,2021-12,0,0.609,0.2607,0.1303
NC,2022-01,0,0.609,0.2607,0.1303
NC,2022-02,0,0.609,0.2607,0.1303
NC,2022-03,0,0.609,0.2607,0.1303
NC,2022-04,0,0.609,0.2607,0.1303
NC,2022-05,0,0.609,0.2607,0.1303
NC,2022-06,0,0.609,0.2607,0.1303
NC,2022-07,0,0.609,0.2607,0.1303
NC,2022-08,0,0.609,0.2607,0.1303
NC,2022-09,0,0.609,0.2607,0.1303
NC,2022-10,0,0.609,0.2607,0.1303
NC,2022-11,0,0.609,0.2607,0.1303
NC,2022-12,0,0.609,0.2607,0.1303
NC,2023-01,0,0.609,0.2607,0.1303
NC,2023-02,0,0.609,0.2607,0.1303
NC,2023-03,0,0.609,0.2607,0.1303
NC,2023-04,0,0.609,0.2607,0.1303
NC,2023-05,0,0.609,0.2607,0.1303
NC,2023-06,0,0.609,0.2607,0.1303
NC,2023-07,0,0.609,0.2607,0.1303
NC,2023-08,0,0.609,0.2607,0.1303
NC,2023-09,0,0.609,0.2607,0.1303
NC,2023-10,0,0.609,0.2607,0.1303
NC,2023-11,0,0.609,0.2607,0.1303
NC,2023-12,0,0.609,0.2607,0.1303
NC,2024-01,0,0.609,0.2607,0.1303
NC,2024-02,0,0.609,0.2607,0.1303
NC,2024-03,0,0.609,0.2607,0.1303
NC,2024-04,0,0.609,0.2607,0.1303
NC,2024-05,0,0.609,0.2607,0.1303
NC,2024-06,0,0.609,0.2607,0.1303
NC,2024-07,0,0.609,0.2607,0.1303
NC,2024-08,0,0.609,0.2607,0.1303
NC,2024-09,0,0.609,0.2607,0.1303
NC,2024-10,0,0.609,0.2607,0.1303
NC,2024-11,0,0.609,0.2607,0.1303
NC,2024-12,0,0.609,0.2607,0.1303
NC,2025-01,0,0.609,0.2607,0.1303
NC,2025-02,0,0.609,0.2607,0.1303
NC,2025-03,0,0.609,0.2607,0.1303
NC,2025-04,0,0.609,0.2607,0.1303
NC,2025-05,0,0.609,0.2607,0.1303
NC,2025-06,0,0.609,0.2607,0.1303
NC,2025-07,0,0.609,0.2607,0.1303
NC,2025-08,0,0.609,0.2607,0.1303
NC,2025-09,0,0.609,0.2607,0.1303
NC,2025-10,0,0.609,0.2607,0.1303
NC,2025-11,0,0.609,0.2607,0.1303
NC,2025-12,0,0.609,0.2607,0.1303
NC,2026-01,0,0.609,0.2607,0.1303
NC,2026-02,0,0.609,0.2607,0.1303
NC,2026-03,0,0.609,0.2607,0.1303
NC,2026-04,0,0.609,0.2607,0.1303
NC,2026-05,0,0.609,0.2607,0.1303
NC,2026-06,0,0.609,0.2607,0.1303
NC,2026-07,0,0.609,0.2607,0.1303
NC,2026-08,0,0.609,0.2607,0.1303
NE,2019-01,0.0155,0.7357,0.1468,0.102
NE,2019-02,0.0155,0.7357,0.1468,0.102
NE,2019-03,0.0155,0.7357,0.1468,0.102
NE,2019-04,0.0155,0.7357,0.1468,0.102
NE,2019-05,0.0155,0.7357,0.1468,0.102
NE,2019-06,0.0155,0.7357,0.1468,0.102
NE,2019-07,0.0155,0.7357,0.1468,0.102
NE,2019-08,0.0155,0.7357,0.1468,0.102
NE,2019-09,0.0155,0.7357,0.1468,0.102
NE,2019-10,0.0155,0.7357,0.1468,0.102
NE,2019-11,0.0155,0.7357,0.1468,0.102
NE,2019-12,0.0155,0.7357,0.1468,0.102
NE,2020-01,0.0155,0.7357,0.1468,0.102
NE,2020-02,0.0155,0.7357,0.1468,0.102
NE,2020-03,0.0155,0.7357,0.1468,0.102
NE,2020-04,0.0155,0.7357,0.1468,0.102
NE,2020-05,0.0155,0.7357,0.1468,0.102
NE,2020-06,0.0155,0.7357,0.1468,0.102
NE,2020-07,0.0155,0.7357,0.1468,0.102
NE,2020-08,0.0155,0.7357,0.1468,0.102
NE,2020-09,0.0155,0.7357,0.1468,0.102
NE,2020-10,0.0155,0.7357,0.1468,0.102
NE,2020-11,0.0155,0.7357,0.1468,0.102
NE,2020-12,0.0155,0.7357,0.1468,0.102
NE,2021-01,0.0155,0.7357,0.1468,0.102
NE,2021-02,0.0155,0.7357,0.1468,0.102
NE,2021-03,0.0155,0.7357,0.1468,0.102
NE,2021-04,0.0155,0.7357,0.1468,0.102
NE,2021-05,0.0155,0.7357,0.1468,0.102
NE,2021-06,0.0155,0.7357,0.1468,0.102
NE,2021-07,0.0155,0.7357,0.1468,0.102
NE,2021-08,0.0155,0.7357,0.1468,0.102
NE,2021-09,0.0155,0.7357,0.1468,0.102
NE,2021-10,0.0155,0.7357,0.1468,0.102
NE,2021-11,0.0155,0.7357,0.1468,0.102
NE,2021-12,0.0155,0.7357,0.1468,0.102
NE,2022-01,0.0155,0.7357,0.1468,0.102
NE,2022-02,0.0155,0.7357,0.1468,0.102
NE,2022-03,0.0155,0.7357,0.1468,0.102
NE,2022-04,0.0155,0.7357,0.1468,0.102
NE,2022-05,0.0155,0.7357,0.1468,0.102
NE,2022-06,0.0155,0.7357,0.1468,0.102
NE,2022-07,0.0155,0.7357,0.1468,0.102
NE,2022-08,0.0155,0.7357,0.1468,0.102
NE,2022-09,0.0155,0.7357,0.1468,0.102
NE,2022-10,0.0155,0.7357,0.1468,0.102
NE,2022-11,0.0155,0.7357,0.1468,0.102
NE,2022-12,0.0155,0.7357,0.1468,0.102
NE,2023-01,0.0155,0.7357,0.1468,0.102
NE,2023-02,0.0155,0.7357,0.1468,0.102
NE,2023-03,0.0155,0.7357,0.1468,0.102
NE,2023-04,0.0155,0.7357,0.1468,0.102
NE,2023-05,0.0155,0.7357,0.1468,0.102
NE,2023-06,0.0155,0.7357,0.1468,0.102
NE,2023-07,0.0155,0.7357,0.1468,0.102
NE,2023-08,0.0155,0.7357,0.1468,0.102
NE,2023-09,0.0155,0.7357,0.1468,0.102
NE,2023-10,0.0155,0.7357,0.1468,0.102
NE,2023-11,0.0155,0.7357,0.1468,0.102
NE,2023-12,0.0155,0.7357,0.1468,0.102
NE,2024-01,0.0155,0.7357,0.1468,0.102
NE,2024-02,0.0155,0.7357,0.1468,0.102
NE,2024-03,0.0155,0.7357,0.1468,0.102
NE,2024-04,0.0155,0.7357,0.1468,0.102
NE,2024-05,0.0155,0.7357,0.1468,0.102
NE,2024-06,0.0155,0.7357,0.1468,0.102
NE,2024-07,0.0155,0.7357,0.1468,0.102
NE,2024-08,0.0155,0.7357,0.1468,0.102
NE,2024-09,0.0155,0.7357,0.1468,0.102
NE,2024-10,0.0155,0.7357,0.1468,0.102
NE,2024-11,0.0155,0.7357,0.1468,0.102
NE,2024-12,0.0155,0.7357,0.1468,0.102
NE,2025-01,0.0155,0.7357,0.1468,0.102
NE,2025-02,0.0155,0.7357,0.1468,0.102
NE,2025-03,0.0155,0.7357,0.1468,0.102
NE,2025-04,0.0155,0.7357,0.1468,0.102
NE,2025-05,0.0155,0.7357,0.1468,0.102
NE,2025-06,0.0155,0.7357,0.1468,0.102
NE,2025-07,0.0155,0.7357,0.1468,0.102
NE,2025-08,0.0155,0.7357,0.1468,0.102
NE,2025-09,0.0155,0.7357,0.1468,0.102
NE,2025-10,0.0155,0.7357,0.1468,0.102
NE,2025-11,0.0155,0.7357,0.1468,0.102
NE,2025-12,0.0155,0.7357,0.1468,0.102
NE,2026-01,0.0155,0.7357,0.1468,0.102
NE,2026-02,0.0155,0.7357,0.1468,0.102
NE,2026-03,0.0155,0.7357,0.1468,0.102
NE,2026-04,0.0155,0.7357,0.1468,0.102
NE,2026-05,0.0155,0.7357,0.1468,0.102
NE,2026-06,0.0155,0.7357,0.1468,0.102
NE,2026-07,0.0155,0.7357,0.1468,0.102
NE,2026-08,0.0155,0.7357,0.1468,0.102
NG,2019-01,0,1,0,0
NG,2019-02,0,1,0,0
NG,2019-03,0,1,0,0
NG,2019-04,0,1,0,0
NG,2019-05,0,1,0,0
NG,2019-06,0,1,0,0
NG,2019-07,0,1,0,0
NG,2019-08,0,1,0,0
NG,2019-09,0,1,0,0
NG,2019-10,0,1,0,0
NG,2019-11,0,1,0,0
NG,2019-12,0,1,0,0
NG,2020-01,0,1,0,0
NG,2020-02,0,1,0,0
NG,2020-03,0,1,0,0
NG,2020-04,0,1,0,0
NG,2020-05,0,1,0,0
NG,2020-06,0,1,0,0
NG,2020-07,0,1,0,0
NG,2020-08,0,1,0,0
NG,2020-09,0,1,0,0
NG,2020-10,0,1,0,0
NG,2020-11,0,1,0,0
NG,2020-12,0,1,0,0
NG,2021-01,0,1,0,0
NG,2021-02,0,1,0,0
NG,2021-03,0,1,0,0
NG,2021-04,0,1,0,0
NG,2021-05,0,1,0,0
NG,2021-06,0,1,0,0
NG,2021-07,0,1,0,0
NG,2021-08,0,1,0,0
NG,2021-09,0,1,0,0
NG,2021-10,0,1,0,0
NG,2021-11,0,1,0,0
NG,2021-12,0,1,0,0
NG,2022-01,0,1,0,0
NG,2022-02,0,1,0,0
NG,2022-03,0,1,0,0
NG,2022-04,0,1,0,0
NG,2022-05,0,1,0,0
NG,2022-06,0,1,0,0
NG,2022-07,0,1,0,0
NG,2022-08,0,1,0,0
NG,2022-09,0,1,0,0
NG,2022-10,0,1,0,0
NG,2022-11,0,1,0,0
NG,2022-12,0,1,0,0
NG,2023-01,0,1,0,0
NG,2023-02,0,1,0,0
NG,2023-03,0,1,0,0
NG,2023-04,0,1,0,0
NG,2023-05,0,1,0,0
NG,2023-06,0,1,0,0
NG,2023-07,0,1,0,0
NG,2023-08,0,1,0,0
NG,2023-09,0,1,0,0
NG,2023-10,0,1,0,0
NG,2023-11,0,1,0,0
NG,2023-12,0,1,0,0
NG,2024-01,0,1,0,0
NG,2024-02,0,1,0,0
NG,2024-03,0,1,0,0
NG,2024-04,0,1,0,0
NG,2024-05,0,1,0,0
NG,2024-06,0,1,0,0
NG,2024-07,0,1,0,0
NG,2024-08,0,1,0,0
NG,2024-09,0,1,0,0
NG,2024-10,0,1,0,0
NG,2024-11,0,1,0,0
NG,2024-12,0,1,0,0
NG,2025-01,0,1,0,0
NG,2025-02,0,1,0,0
NG,2025-03,0,1,0,0
NG,2025-04,0,1,0,0
NG,2025-05,0,1,0,0
NG,2025-06,0,1,0,0
NG,2025-07,0,1,0,0
NG,2025-08,0,1,0,0
NG,2025-09,0,1,0,0
NG,2025-10,0,1,0,0
NG,2025-11,0,1,0,0
NG,2025-12,0,1,0,0
NG,2026-01,0,1,0,0
NG,2026-02,0,1,0,0
NG,2026-03,0,1,0,0
NG,2026-04,0,1,0,0
NG,2026-05,0,1,0,0
NG,2026-06,0,1,0,0
NG,2026-07,0,1,0,0
NG,2026-08,0,1,0,0
NI,2019-01,0.4072,0.2157,0.0172,0.3598
NI,2019-02,0.4116,0.2123,0.0174,0.3587
NI,2019-03,0.41,0.213,0.0176,0.3594
NI,2019-04,0.4102,0.2136,0.0175,0.3587
NI,2019-05,0.4116,0.2102,0.0175,0.3607
NI,2019-06,0.4137,0.2032,0.0179,0.3651
NI,2019-07,0.4168,0.1979,0.018,0.3673
NI,2019-08,0.4181,0.1945,0.0182,0.3691
NI,2019-09,0.4173,0.1964,0.0185,0.3677
NI,2019-10,0.4158,0.1988,0.0186,0.3668
NI,2019-11,0.4139,0.2021,0.0185,0.3655
NI,2019-12,0.4118,0.2047,0.0187,0.3648
NI,2020-01,0.411,0.2101,0.0185,0.3604
NI,2020-02,0.41,0.2116,0.0187,0.3597
NI,2020-03,0.4102,0.2118,0.0191,0.3589
NI,2020-04,0.4115,0.2082,0.02,0.3604
NI,2020-05,0.4127,0.2054,0.0195,0.3624
NI,2020-06,0.4141,0.2013,0.0194,0.3652
NI,2020-07,0.4115,0.2048,0.0192,0.3645
NI,2020-08,0.4119,0.2018,0.0195,0.3668
NI,2020-09,0.4105,0.2052,0.0197,0.3646
NI,2020-10,0.4132,0.2017,0.0201,0.3651
NI,2020-11,0.4156,0.1977,0.0201,0.3667
NI,2020-12,0.4126,0.2014,0.0199,0.3661
NI,2021-01,0.4101,0.2048,0.02,0.3651
NI,2021-02,0.4082,0.2118,0.0201,0.36
NI,2021-03,0.407,0.2119,0.0206,0.3605
NI,2021-04,0.4094,0.2077,0.0208,0.3621
NI,2021-05,0.412,0.2027,0.0209,0.3644
NI,2021-06,0.4168,0.1943,0.0207,0.3681
NI,2021-07,0.4182,0.1887,0.0209,0.3722
NI,2021-08,0.4184,0.1871,0.0213,0.3732
NI,2021-09,0.4155,0.1926,0.0218,0.3701
NI,2021-10,0.4136,0.1946,0.0224,0.3695
NI,2021-11,0.4121,0.198,0.0223,0.3676
NI,2021-12,0.4097,0.2029,0.0216,0.3659
NI,2022-01,0.4083,0.2064,0.0221,0.3632
NI,2022-02,0.4068,0.2088,0.0224,0.362
NI,2022-03,0.4046,0.2114,0.0228,0.3613
NI,2022-04,0.4054,0.2115,0.0227,0.3603
NI,2022-05,0.4088,0.2064,0.0225,0.3623
NI,2022-06,0.4105,0.2045,0.022,0.3631
NI,2022-07,0.4105,0.1998,0.0222,0.3675
NI,2022-08,0.4091,0.201,0.023,0.3669
NI,2022-09,0.4081,0.2022,0.024,0.3657
NI,2022-10,0.4059,0.2039,0.0244,0.3658
NI,2022-11,0.4058,0.2095,0.0238,0.3609
NI,2022-12,0.4059,0.2067,0.024,0.3634
NI,2023-01,0.4047,0.2086,0.0243,0.3625
NI,2023-02,0.4038,0.2091,0.0247,0.3625
NI,2023-03,0.4039,0.2115,0.0244,0.3602
NI,2023-04,0.4058,0.2097,0.0249,0.3597
NI,2023-05,0.4095,0.2012,0.0251,0.3642
NI,2023-06,0.4122,0.1936,0.025,0.3693
NI,2023-07,0.4109,0.1935,0.0254,0.3702
NI,2023-08,0.4101,0.1963,0.0259,0.3677
NI,2023-09,0.4092,0.1971,0.0269,0.3669
NI,2023-10,0.407,0.1998,0.0271,0.366
NI,2023-11,0.4056,0.2029,0.0279,0.3636
NI,2023-12,0.4044,0.2045,0.028,0.363
NI,2024-01,0.4037,0.2085,0.0279,0.3599
NI,2024-02,0.4039,0.2074,0.0278,0.3609
NI,2024-03,0.4042,0.2081,0.0282,0.3595
NI,2024-04,0.4062,0.2037,0.028,0.362
NI,2024-05,0.4081,0.2001,0.0271,0.3647
NI,2024-06,0.4098,0.1953,0.0268,0.3681
NI,2024-07,0.4097,0.193,0.0273,0.37
NI,2024-08,0.41,0.1894,0.0289,0.3716
NI,2024-09,0.4109,0.1872,0.03,0.3719
NI,2024-10,0.4104,0.188,0.0311,0.3705
NI,2024-11,0.4061,0.1958,0.0308,0.3673
NI,2024-12,0.4037,0.1992,0.0318,0.3653
NI,2025-01,0.4028,0.2068,0.0304,0.36
NI,2025-02,0.4024,0.2059,0.0301,0.3616
NI,2025-03,0.4023,0.2045,0.0309,0.3623
NI,2025-04,0.4039,0.2017,0.0314,0.363
NI,2025-05,0.4067,0.1957,0.0301,0.3675
NI,2025-06,0.4081,0.1935,0.0293,0.3691
NI,2025-07,0.4096,0.1883,0.0305,0.3715
NI,2025-08,0.4109,0.1845,0.0321,0.3725
NI,2025-09,0.4083,0.1882,0.0326,0.371
NI,2025-10,0.406,0.1911,0.0334,0.3695
NI,2025-11,0.4062,0.1927,0.0338,0.3672
NI,2025-12,0.4052,0.1954,0.034,0.3654
NI,2026-01,0.4035,0.1985,0.0338,0.3642
NI,2026-02,0.4024,0.2044,0.0339,0.3593
NI,2026-03,0.4034,0.2014,0.0338,0.3615
NI,2026-04,0.4038,0.1991,0.0336,0.3635
NI,2026-05,0.4061,0.1947,0.0328,0.3664
NI,2026-06,0.4061,0.1947,0.0328,0.3664
NI,2026-07,0.4061,0.1947,0.0328,0.3664
NI,2026-08,0.4061,0.1947,0.0328,0.3664
NL,2019-01,0.223,0.0054,0.0455,0.726
NL,2019-02,0.2267,0.007,0.1266,0.6398
NL,2019-03,0.1925,0.0044,0.1423,0.6608
NL,2019-04,0.1913,0.0496,0.3222,0.437
NL,2019-05,0.2058,0.0053,0.4057,0.3833
NL,2019-06,0.1835,0.0936,0.4219,0.301
NL,2019-07,0.2115,0.0355,0.4487,0.3043
NL,2019-08,0.2078,0.0358,0.3757,0.3808
NL,2019-09,0.1476,0.0219,0.2873,0.5432
NL,2019-10,0.2146,0,0.1584,0.627
NL,2019-11,0.3787,0.0056,0.0846,0.5311
NL,2019-12,0.3,0.0218,0.0469,0.6313
NL,2020-01,0.236,0.0047,0.0511,0.7081
NL,2020-02,0.2154,0.0097,0.081,0.6939
NL,2020-03,0.2434,0.0203,0.2266,0.5096
NL,2020-04,0.2119,0.0439,0.4183,0.3259
NL,2020-05,0.2349,0,0.484,0.2811
NL,2020-06,0.2088,0,0.4859,0.3052
NL,2020-07,0.2555,0,0.4371,0.3074
NL,2020-08,0.2529,0,0.4274,0.3197
NL,2020-09,0.2672,0,0.3403,0.3926
NL,2020-10,0.2435,0,0.1216,0.6349
NL,2020-11,0.2819,0,0.0976,0.6205
NL,2020-12,0.2955,0.0109,0.0466,0.647
NL,2021-01,0.3202,0.003,0.0907,0.586
NL,2021-02,0.2734,0,0.1802,0.5464
NL,2021-03,0.2626,0.0026,0.2626,0.4722
NL,2021-04,0.2303,0.0027,0.3692,0.3978
NL,2021-05,0.2039,0.0233,0.3973,0.3755
NL,2021-06,0.1647,0.0522,0.5515,0.2316
NL,2021-07,0.2494,0.0062,0.4424,0.3019
NL,2021-08,0.2556,0.0363,0.3501,0.358
NL,2021-09,0.2864,0.0319,0.3881,0.2936
NL,2021-10,0.2468,0.0138,0.1989,0.5405
NL,2021-11,0.346,0,0.135,0.519
NL,2021-12,0.2938,0,0.0829,0.6233
NL,2022-01,0.2932,0.0029,0.0919,0.612
NL,2022-02,0.1735,0.0067,0.1455,0.6743
NL,2022-03,0.2532,0.0025,0.4136,0.3308
NL,2022-04,0.1416,0.004,0.4136,0.4408
NL,2022-05,0.1445,0.0107,0.5296,0.3153
NL,2022-06,0.2075,0,0.5445,0.248
NL,2022-07,0.1966,0,0.5572,0.2461
NL,2022-08,0.2133,0,0.5734,0.2133
NL,2022-09,0.2196,0,0.4391,0.3413
NL,2022-10,0.1862,0,0.3221,0.4917
NL,2022-11,0.2211,0.0094,0.1524,0.6171
NL,2022-12,0.2665,0,0.1088,0.6247
NL,2023-01,0.1803,0.0048,0.1088,0.7061
NL,2023-02,0.2221,0.0028,0.2507,0.5243
NL,2023-03,0.1407,0.002,0.294,0.5632
NL,2023-04,0.146,0.002,0.446,0.406
NL,2023-05,0.1154,0.0018,0.5658,0.3171
NL,2023-06,0.053,0,0.6479,0.2991
NL,2023-07,0.0621,0,0.5,0.4379
NL,2023-08,0.1066,0,0.546,0.3473
NL,2023-09,0.1377,0,0.5345,0.3278
NL,2023-10,0.1208,0.002,0.2521,0.6251
NL,2023-11,0.1261,0.0141,0.1342,0.7257
NL,2023-12,0.1205,0,0.0751,0.8044
NL,2024-01,0.1221,0.0021,0.1397,0.7361
NL,2024-02,0.1327,0,0.1486,0.7187
NL,2024-03,0.1419,0.0018,0.3241,0.5322
NL,2024-04,0.0603,0.0016,0.3934,0.5448
NL,2024-05,0.0792,0.0127,0.5833,0.3248
NL,2024-06,0.0517,0.0047,0.6002,0.3434
NL,2024-07,0.052,0.0032,0.5985,0.3463
NL,2024-08,0.0643,0,0.5871,0.3486
NL,2024-09,0.0823,0,0.4532,0.4644
NL,2024-10,0.1394,0.0099,0.3427,0.508
NL,2024-11,0.1769,0,0.1794,0.6437
NL,2024-12,0.1345,0.002,0.073,0.7905
NL,2025-01,0.1799,0.0022,0.1504,0.6675
NL,2025-02,0.1624,0.002,0.2714,0.5642
NL,2025-03,0.1335,0.0017,0.5338,0.331
NL,2025-04,0.0883,0,0.6122,0.2995
NL,2025-05,0.0408,0,0.5791,0.3801
NL,2025-06,0.0448,0,0.5973,0.3578
NL,2025-07,0.0686,0,0.6417,0.2897
NL,2025-08,0.0796,0,0.6019,0.3186
NL,2025-09,0.0684,0,0.4255,0.5061
NL,2025-10,0.0948,0,0.2701,0.6351
NL,2025-11,0.1213,0,0.1735,0.7052
NL,2025-12,0.0935,0.0019,0.109,0.7957
NL,2026-01,0.1369,0.0019,0.1351,0.7262
NL,2026-02,0.1107,0.002,0.1857,0.7015
NL,2026-03,0.1076,0.0016,0.4272,0.4636
NL,2026-04,0.0745,0.0014,0.545,0.3791
NL,2026-05,0.0772,0.0015,0.6045,0.3168
NL,2026-06,0.0604,0,0.5776,0.362
NL,2026-07,0.0604,0,0.5776,0.362
NL,2026-08,0.0604,0,0.5776,0.362
NO,2019-01,0,0.9721,0,0.0279
NO,2019-02,0.0014,0.9524,0.001,0.0452
NO,2019-03,0.0041,0.9293,0.0042,0.0624
NO,2019-04,0.0016,0.9553,0.0023,0.0408
NO,2019-05,0.001,0.9578,0.0015,0.0397
NO,2019-06,0,0.9601,0,0.0399
NO,2019-07,0,0.9702,0,0.0298
NO,2019-08,0,0.9681,0,0.0319
NO,2019-09,0,0.9535,0,0.0465
NO,2019-10,0,0.9608,0,0.0392
NO,2019-11,0.0005,0.9584,0.0002,0.0409
NO,2019-12,0.0028,0.9237,0.001,0.0725
NO,2020-01,0.0003,0.9223,0.0001,0.0773
NO,2020-02,0,0.936,0,0.064
NO,2020-03,0,0.9355,0,0.0645
NO,2020-04,0,0.9471,0,0.0529
NO,2020-05,0,0.9518,0,0.0482
NO,2020-06,0,0.9609,0,0.0391
NO,2020-07,0,0.9526,0,0.0474
NO,2020-08,0,0.9607,0,0.0393
NO,2020-09,0,0.9286,0,0.0714
NO,2020-10,0,0.9372,0,0.0628
NO,2020-11,0,0.9054,0,0.0946
NO,2020-12,0,0.92,0,0.08
NO,2021-01,0,0.9525,0,0.0475
NO,2021-02,0,0.9269,0,0.0731
NO,2021-03,0,0.9151,0,0.0849
NO,2021-04,0,0.9306,0,0.0694
NO,2021-05,0,0.9576,0,0.0424
NO,2021-06,0,0.9476,0,0.0524
NO,2021-07,0,0.9387,0,0.0613
NO,2021-08,0,0.9434,0,0.0566
NO,2021-09,0,0.9161,0,0.0839
NO,2021-10,0,0.8834,0,0.1166
NO,2021-11,0,0.9101,0,0.0899
NO,2021-12,0,0.9089,0,0.0911
NO,2022-01,0,0.8814,0,0.1186
NO,2022-02,0,0.8776,0,0.1224
NO,2022-03,0,0.9019,0,0.0981
NO,2022-04,0,0.9211,0,0.0789
NO,2022-05,0,0.8906,0,0.1094
NO,2022-06,0,0.9347,0,0.0653
NO,2022-07,0,0.9105,0,0.0895
NO,2022-08,0,0.9196,0,0.0804
NO,2022-09,0.0027,0.8618,0.0051,0.1304
NO,2022-10,0,0.8637,0,0.1363
NO,2022-11,0,0.8757,0,0.1243
NO,2022-12,0,0.8977,0,0.1023
NO,2023-01,0,0.8775,0,0.1225
NO,2023-02,0,0.8886,0,0.1114
NO,2023-03,0,0.9112,0,0.0888
NO,2023-04,0,0.9055,0,0.0945
NO,2023-05,0,0.8931,0,0.1069
NO,2023-06,0,0.9377,0,0.0623
NO,2023-07,0,0.9442,0,0.0558
NO,2023-08,0,0.939,0,0.061
NO,2023-09,0,0.9083,0,0.0917
NO,2023-10,0,0.8941,0,0.1059
NO,2023-11,0,0.9022,0,0.0978
NO,2023-12,0.0018,0.8789,0.0013,0.1181
NO,2024-01,0,0.8854,0,0.1146
NO,2024-02,0,0.8887,0,0.1113
NO,2024-03,0,0.9053,0,0.0947
NO,2024-04,0,0.905,0,0.095
NO,2024-05,0,0.9336,0,0.0664
NO,2024-06,0,0.9155,0,0.0845
NO,2024-07,0,0.9406,0,0.0594
NO,2024-08,0,0.8939,0,0.1061
NO,2024-09,0,0.9148,0,0.0852
NO,2024-10,0,0.8886,0,0.1114
NO,2024-11,0,0.9058,0,0.0942
NO,2024-12,0,0.8855,0,0.1145
NO,2025-01,0,0.9154,0,0.0846
NO,2025-02,0,0.9199,0,0.0801
NO,2025-03,0,0.9018,0,0.0982
NO,2025-04,0,0.9245,0,0.0755
NO,2025-05,0,0.9153,0,0.0847
NO,2025-06,0,0.9214,0,0.0786
NO,2025-07,0,0.9607,0,0.0393
NO,2025-08,0,0.9066,0,0.0934
NO,2025-09,0,0.9036,0,0.0964
NO,2025-10,0,0.8875,0,0.1125
NO,2025-11,0,0.9157,0,0.0843
NO,2025-12,0,0.892,0,0.108
NO,2026-01,0,0.91,0,0.09
NO,2026-02,0.0018,0.8964,0.0027,0.0991
NO,2026-03,0.0015,0.8564,0.0047,0.1374
NO,2026-04,0.0027,0.8343,0.0118,0.1512
NO,2026-05,0,0.9152,0,0.0848
NO,2026-06,0,0.92,0,0.08
NO,2026-07,0,0.92,0,0.08
NO,2026-08,0,0.92,0,0.08
NP,2019-01,0.0049,0.9658,0.018,0.0114
NP,2019-02,0.0043,0.9659,0.0183,0.0115
NP,2019-03,0.0041,0.9629,0.0203,0.0128
NP,2019-04,0.0038,0.9622,0.0209,0.0131
NP,2019-05,0.0035,0.9614,0.0213,0.0138
NP,2019-06,0.0034,0.9646,0.0205,0.0115
NP,2019-07,0.0035,0.9668,0.0197,0.01
NP,2019-08,0.0035,0.9669,0.0199,0.0097
NP,2019-09,0.0035,0.9665,0.0204,0.0096
NP,2019-10,0.0036,0.9653,0.0201,0.011
NP,2019-11,0.0039,0.964,0.0193,0.0128
NP,2019-12,0.0044,0.9643,0.0186,0.0127
NP,2020-01,0.0048,0.9634,0.0198,0.012
NP,2020-02,0.0048,0.9628,0.0203,0.0121
NP,2020-03,0.0045,0.9578,0.0221,0.0156
NP,2020-04,0.0044,0.958,0.0233,0.0143
NP,2020-05,0.0042,0.9583,0.0226,0.0149
NP,2020-06,0.0038,0.9624,0.0214,0.0124
NP,2020-07,0.0038,0.9652,0.0207,0.0103
NP,2020-08,0.004,0.9645,0.0212,0.0104
NP,2020-09,0.0039,0.9649,0.0213,0.01
NP,2020-10,0.0038,0.9623,0.0211,0.0127
NP,2020-11,0.0045,0.9619,0.02,0.0136
NP,2020-12,0.005,0.9623,0.0193,0.0135
NP,2021-01,0.0052,0.9575,0.0209,0.0164
NP,2021-02,0.0052,0.9565,0.0217,0.0167
NP,2021-03,0.005,0.9556,0.023,0.0163
NP,2021-04,0.0048,0.955,0.0234,0.0168
NP,2021-05,0.0046,0.9533,0.024,0.0181
NP,2021-06,0.0044,0.9577,0.0234,0.0144
NP,2021-07,0.0045,0.9599,0.0223,0.0133
NP,2021-08,0.0045,0.9615,0.0225,0.0116
NP,2021-09,0.0044,0.9609,0.0223,0.0125
NP,2021-10,0.0044,0.9577,0.0225,0.0153
NP,2021-11,0.0048,0.956,0.0221,0.0171
NP,2021-12,0.0054,0.9561,0.0215,0.017
NP,2022-01,0.0058,0.9568,0.0224,0.015
NP,2022-02,0.0058,0.9562,0.0228,0.0152
NP,2022-03,0.0054,0.9505,0.0244,0.0197
NP,2022-04,0.005,0.9481,0.0264,0.0205
NP,2022-05,0.0046,0.9489,0.0264,0.0201
NP,2022-06,0.0045,0.9534,0.0254,0.0167
NP,2022-07,0.0048,0.9571,0.0247,0.0133
NP,2022-08,0.0051,0.9574,0.0246,0.0128
NP,2022-09,0.005,0.9542,0.0263,0.0145
NP,2022-10,0.005,0.9509,0.0259,0.0181
NP,2022-11,0.0054,0.9525,0.0239,0.0181
NP,2022-12,0.0058,0.9521,0.0225,0.0197
NP,2023-01,0.0059,0.9499,0.0244,0.0198
NP,2023-02,0.0057,0.9497,0.0251,0.0194
NP,2023-03,0.0058,0.9467,0.0276,0.02
NP,2023-04,0.0053,0.9429,0.0285,0.0234
NP,2023-05,0.0051,0.9446,0.0292,0.0211
NP,2023-06,0.0051,0.9496,0.0289,0.0164
NP,2023-07,0.0052,0.9516,0.0272,0.016
NP,2023-08,0.005,0.9546,0.0276,0.0127
NP,2023-09,0.0049,0.953,0.0276,0.0145
NP,2023-10,0.0049,0.9499,0.0289,0.0163
NP,2023-11,0.0054,0.9448,0.027,0.0229
NP,2023-12,0.0059,0.948,0.0248,0.0213
NP,2024-01,0.006,0.9471,0.0266,0.0203
NP,2024-02,0.0059,0.9468,0.0273,0.0201
NP,2024-03,0.0056,0.9405,0.0313,0.0227
NP,2024-04,0.005,0.9408,0.0329,0.0212
NP,2024-05,0.0046,0.9405,0.0346,0.0203
NP,2024-06,0.0046,0.9446,0.0331,0.0177
NP,2024-07,0.0048,0.9477,0.031,0.0165
NP,2024-08,0.0049,0.9503,0.032,0.0128
NP,2024-09,0.005,0.9461,0.0313,0.0177
NP,2024-10,0.005,0.9427,0.032,0.0203
NP,2024-11,0.0054,0.9428,0.0304,0.0214
NP,2024-12,0.0058,0.9431,0.0291,0.0221
NP,2025-01,0.0057,0.9391,0.0326,0.0227
NP,2025-02,0.0055,0.939,0.033,0.0225
NP,2025-03,0.0051,0.9343,0.036,0.0246
NP,2025-04,0.0048,0.9307,0.0401,0.0244
NP,2025-05,0.0046,0.9323,0.0401,0.0229
NP,2025-06,0.0045,0.9369,0.0395,0.019
NP,2025-07,0.0049,0.9388,0.0386,0.0177
NP,2025-08,0.0049,0.9421,0.0378,0.0152
NP,2025-09,0.0047,0.9417,0.0368,0.0169
NP,2025-10,0.0049,0.9422,0.0342,0.0187
NP,2025-11,0.0052,0.9338,0.0351,0.026
NP,2025-12,0.0056,0.9372,0.0333,0.0239
NP,2026-01,0.0055,0.9352,0.0357,0.0236
NP,2026-02,0.0054,0.9349,0.0363,0.0234
NP,2026-03,0.0052,0.9342,0.0395,0.0212
NP,2026-04,0.0048,0.9288,0.0433,0.0232
NP,2026-05,0.0045,0.9281,0.0448,0.0226
NP,2026-06,0.0045,0.9281,0.0448,0.0226
NP,2026-07,0.0045,0.9281,0.0448,0.0226
NP,2026-08,0.0045,0.9281,0.0448,0.0226
NR,2019-01,,,,
NR,2019-02,,,,
NR,2019-03,,,,
NR,2019-04,,,,
NR,2019-05,,,,
NR,2019-06,,,,
NR,2019-07,,,,
NR,2019-08,,,,
NR,2019-09,,,,
NR,2019-10,,,,
NR,2019-11,,,,
NR,2019-12,,,,
NR,2020-01,,,,
NR,2020-02,,,,
NR,2020-03,,,,
NR,2020-04,,,,
NR,2020-05,,,,
NR,2020-06,,,,
NR,2020-07,,,,
NR,2020-08,,,,
NR,2020-09,,,,
NR,2020-10,,,,
NR,2020-11,,,,
NR,2020-12,,,,
NR,2021-01,,,,
NR,2021-02,,,,
NR,2021-03,,,,
NR,2021-04,,,,
NR,2021-05,,,,
NR,2021-06,,,,
NR,2021-07,,,,
NR,2021-08,,,,
NR,2021-09,,,,
NR,2021-10,,,,
NR,2021-11,,,,
NR,2021-12,,,,
NR,2022-01,,,,
NR,2022-02,,,,
NR,2022-03,,,,
NR,2022-04,,,,
NR,2022-05,,,,
NR,2022-06,,,,
NR,2022-07,,,,
NR,2022-08,,,,
NR,2022-09,,,,
NR,2022-10,,,,
NR,2022-11,,,,
NR,2022-12,,,,
NR,2023-01,,,,
NR,2023-02,,,,
NR,2023-03,,,,
NR,2023-04,,,,
NR,2023-05,,,,
NR,2023-06,,,,
NR,2023-07,,,,
NR,2023-08,,,,
NR,2023-09,,,,
NR,2023-10,,,,
NR,2023-11,,,,
NR,2023-12,,,,
NR,2024-01,,,,
NR,2024-02,,,,
NR,2024-03,,,,
NR,2024-04,,,,
NR,2024-05,,,,
NR,2024-06,,,,
NR,2024-07,,,,
NR,2024-08,,,,
NR,2024-09,,,,
NR,2024-10,,,,
NR,2024-11,,,,
NR,2024-12,,,,
NR,2025-01,,,,
NR,2025-02,,,,
NR,2025-03,,,,
NR,2025-04,,,,
NR,2025-05,,,,
NR,2025-06,,,,
NR,2025-07,,,,
NR,2025-08,,,,
NR,2025-09,,,,
NR,2025-10,,,,
NR,2025-11,,,,
NR,2025-12,,,,
NR,2026-01,,,,
NR,2026-02,,,,
NR,2026-03,,,,
NR,2026-04,,,,
NR,2026-05,,,,
NR,2026-06,,,,
NR,2026-07,,,,
NR,2026-08,,,,
NU,2019-01,0.0507,0.4799,0.2172,0.2522
NU,2019-02,0.0507,0.4799,0.2172,0.2522
NU,2019-03,0.0507,0.4799,0.2172,0.2522
NU,2019-04,0.0507,0.4799,0.2172,0.2522
NU,2019-05,0.0507,0.4799,0.2172,0.2522
NU,2019-06,0.0507,0.4799,0.2172,0.2522
NU,2019-07,0.0507,0.4799,0.2172,0.2522
NU,2019-08,0.0507,0.4799,0.2172,0.2522
NU,2019-09,0.0507,0.4799,0.2172,0.2522
NU,2019-10,0.0507,0.4799,0.2172,0.2522
NU,2019-11,0.0507,0.4799,0.2172,0.2522
NU,2019-12,0.0507,0.4799,0.2172,0.2522
NU,2020-01,0.0507,0.4799,0.2172,0.2522
NU,2020-02,0.0507,0.4799,0.2172,0.2522
NU,2020-03,0.0507,0.4799,0.2172,0.2522
NU,2020-04,0.0507,0.4799,0.2172,0.2522
NU,2020-05,0.0507,0.4799,0.2172,0.2522
NU,2020-06,0.0507,0.4799,0.2172,0.2522
NU,2020-07,0.0507,0.4799,0.2172,0.2522
NU,2020-08,0.0507,0.4799,0.2172,0.2522
NU,2020-09,0.0507,0.4799,0.2172,0.2522
NU,2020-10,0.0507,0.4799,0.2172,0.2522
NU,2020-11,0.0507,0.4799,0.2172,0.2522
NU,2020-12,0.0507,0.4799,0.2172,0.2522
NU,2021-01,0.0507,0.4799,0.2172,0.2522
NU,2021-02,0.0507,0.4799,0.2172,0.2522
NU,2021-03,0.0507,0.4799,0.2172,0.2522
NU,2021-04,0.0507,0.4799,0.2172,0.2522
NU,2021-05,0.0507,0.4799,0.2172,0.2522
NU,2021-06,0.0507,0.4799,0.2172,0.2522
NU,2021-07,0.0507,0.4799,0.2172,0.2522
NU,2021-08,0.0507,0.4799,0.2172,0.2522
NU,2021-09,0.0507,0.4799,0.2172,0.2522
NU,2021-10,0.0507,0.4799,0.2172,0.2522
NU,2021-11,0.0507,0.4799,0.2172,0.2522
NU,2021-12,0.0507,0.4799,0.2172,0.2522
NU,2022-01,0.0507,0.4799,0.2172,0.2522
NU,2022-02,0.0507,0.4799,0.2172,0.2522
NU,2022-03,0.0507,0.4799,0.2172,0.2522
NU,2022-04,0.0507,0.4799,0.2172,0.2522
NU,2022-05,0.0507,0.4799,0.2172,0.2522
NU,2022-06,0.0507,0.4799,0.2172,0.2522
NU,2022-07,0.0507,0.4799,0.2172,0.2522
NU,2022-08,0.0507,0.4799,0.2172,0.2522
NU,2022-09,0.0507,0.4799,0.2172,0.2522
NU,2022-10,0.0507,0.4799,0.2172,0.2522
NU,2022-11,0.0507,0.4799,0.2172,0.2522
NU,2022-12,0.0507,0.4799,0.2172,0.2522
NU,2023-01,0.0507,0.4799,0.2172,0.2522
NU,2023-02,0.0507,0.4799,0.2172,0.2522
NU,2023-03,0.0507,0.4799,0.2172,0.2522
NU,2023-04,0.0507,0.4799,0.2172,0.2522
NU,2023-05,0.0507,0.4799,0.2172,0.2522
NU,2023-06,0.0507,0.4799,0.2172,0.2522
NU,2023-07,0.0507,0.4799,0.2172,0.2522
NU,2023-08,0.0507,0.4799,0.2172,0.2522
NU,2023-09,0.0507,0.4799,0.2172,0.2522
NU,2023-10,0.0507,0.4799,0.2172,0.2522
NU,2023-11,0.0507,0.4799,0.2172,0.2522
NU,2023-12,0.0507,0.4799,0.2172,0.2522
NU,2024-01,0.0507,0.4799,0.2172,0.2522
NU,2024-02,0.0507,0.4799,0.2172,0.2522
NU,2024-03,0.0507,0.4799,0.2172,0.2522
NU,2024-04,0.0507,0.4799,0.2172,0.2522
NU,2024-05,0.0507,0.4799,0.2172,0.2522
NU,2024-06,0.0507,0.4799,0.2172,0.2522
NU,2024-07,0.0507,0.4799,0.2172,0.2522
NU,2024-08,0.0507,0.4799,0.2172,0.2522
NU,2024-09,0.0507,0.4799,0.2172,0.2522
NU,2024-10,0.0507,0.4799,0.2172,0.2522
NU,2024-11,0.0507,0.4799,0.2172,0.2522
NU,2024-12,0.0507,0.4799,0.2172,0.2522
NU,2025-01,0.0507,0.4799,0.2172,0.2522
NU,2025-02,0.0507,0.4799,0.2172,0.2522
NU,2025-03,0.0507,0.4799,0.2172,0.2522
NU,2025-04,0.0507,0.4799,0.2172,0.2522
NU,2025-05,0.0507,0.4799,0.2172,0.2522
NU,2025-06,0.0507,0.4799,0.2172,0.2522
NU,2025-07,0.0507,0.4799,0.2172,0.2522
NU,2025-08,0.0507,0.4799,0.2172,0.2522
NU,2025-09,0.0507,0.4799,0.2172,0.2522
NU,2025-10,0.0507,0.4799,0.2172,0.2522
NU,2025-11,0.0507,0.4799,0.2172,0.2522
NU,2025-12,0.0507,0.4799,0.2172,0.2522
NU,2026-01,0.0507,0.4799,0.2172,0.2522
NU,2026-02,0.0507,0.4799,0.2172,0.2522
NU,2026-03,0.0507,0.4799,0.2172,0.2522
NU,2026-04,0.0507,0.4799,0.2172,0.2522
NU,2026-05,0.0507,0.4799,0.2172,0.2522
NU,2026-06,0.0507,0.4799,0.2172,0.2522
NU,2026-07,0.0507,0.4799,0.2172,0.2522
NU,2026-08,0.0507,0.4799,0.2172,0.2522
NZ,2019-01,0.0095,0.9154,0,0.0751
NZ,2019-02,0.0102,0.9234,0,0.0664
NZ,2019-03,0.0101,0.9344,0,0.0555
NZ,2019-04,0.0096,0.9324,0,0.058
NZ,2019-05,0.0087,0.9215,0,0.0698
NZ,2019-06,0.0042,0.9421,0,0.0537
NZ,2019-07,0.0082,0.9352,0,0.0566
NZ,2019-08,0.0121,0.9156,0,0.0723
NZ,2019-09,0.0095,0.9099,0,0.0806
NZ,2019-10,0.0094,0.9065,0,0.0841
NZ,2019-11,0.0043,0.9224,0,0.0733
NZ,2019-12,0.0085,0.9192,0,0.0724
NZ,2020-01,0.0094,0.9112,0,0.0794
NZ,2020-02,0.0098,0.9211,0,0.069
NZ,2020-03,0.0098,0.9268,0,0.0634
NZ,2020-04,0.011,0.906,0,0.0829
NZ,2020-05,0.0091,0.9321,0,0.0589
NZ,2020-06,0.0101,0.9094,0,0.0805
NZ,2020-07,0.0086,0.9264,0,0.065
NZ,2020-08,0.009,0.9241,0,0.067
NZ,2020-09,0.0095,0.89,0,0.1004
NZ,2020-10,0.0091,0.9189,0,0.072
NZ,2020-11,0.0045,0.9228,0,0.0727
NZ,2020-12,0.0091,0.9181,0,0.0728
NZ,2021-01,0.0103,0.9125,0,0.0773
NZ,2021-02,0.0113,0.9322,0,0.0565
NZ,2021-03,0.0107,0.9357,0,0.0535
NZ,2021-04,0.0113,0.9044,0,0.0843
NZ,2021-05,0.0104,0.9119,0,0.0777
NZ,2021-06,0.005,0.9246,0,0.0704
NZ,2021-07,0.0085,0.9365,0,0.055
NZ,2021-08,0.0084,0.9198,0,0.0718
NZ,2021-09,0.0084,0.9153,0,0.0763
NZ,2021-10,0.0086,0.9315,0,0.0599
NZ,2021-11,0.0045,0.9283,0,0.0672
NZ,2021-12,0.0089,0.9244,0,0.0667
NZ,2022-01,0.0097,0.9324,0,0.0579
NZ,2022-02,0.011,0.9235,0,0.0656
NZ,2022-03,0.0104,0.9327,0,0.0569
NZ,2022-04,0.0108,0.8919,0,0.0973
NZ,2022-05,0.0096,0.8947,0,0.0957
NZ,2022-06,0.0042,0.8979,0,0.0979
NZ,2022-07,0.0078,0.8914,0,0.1008
NZ,2022-08,0.0072,0.9091,0,0.0837
NZ,2022-09,0.0076,0.9202,0,0.0722
NZ,2022-10,0.0077,0.8915,0,0.1008
NZ,2022-11,0,0.9137,0,0.0863
NZ,2022-12,0.008,0.9236,0,0.0683
NZ,2023-01,0.0087,0.9127,0,0.0786
NZ,2023-02,0.005,0.8995,0,0.0955
NZ,2023-03,0.0093,0.9015,0,0.0892
NZ,2023-04,0.0088,0.9031,0,0.0881
NZ,2023-05,0.0075,0.9246,0,0.0679
NZ,2023-06,0.0037,0.9193,0,0.077
NZ,2023-07,0.0078,0.8789,0,0.1133
NZ,2023-08,0.0078,0.9105,0,0.0818
NZ,2023-09,0.0046,0.8552,0,0.1402
NZ,2023-10,0.0081,0.8629,0,0.129
NZ,2023-11,0,0.8772,0,0.1228
NZ,2023-12,0.0091,0.8545,0,0.1364
NZ,2024-01,0.0087,0.8773,0,0.114
NZ,2024-02,0.009,0.8559,0,0.1351
NZ,2024-03,0.0096,0.8317,0,0.1587
NZ,2024-04,0.0095,0.8721,0,0.1185
NZ,2024-05,0.0086,0.8842,0,0.1072
NZ,2024-06,0.0048,0.8641,0,0.1311
NZ,2024-07,0.0091,0.8711,0,0.1198
NZ,2024-08,0.0098,0.801,0,0.1893
NZ,2024-09,0.0089,0.8126,0,0.1785
NZ,2024-10,0.0085,0.8432,0,0.1483
NZ,2024-11,0.0082,0.8519,0,0.1399
NZ,2024-12,0.0084,0.8404,0,0.1512
NZ,2025-01,0.0048,0.8879,0,0.1073
NZ,2025-02,0,0.883,0,0.117
NZ,2025-03,0,0.8363,0,0.1637
NZ,2025-04,0,0.8426,0,0.1574
NZ,2025-05,0,0.8414,0,0.1586
NZ,2025-06,0,0.8608,0,0.1392
NZ,2025-07,0,0.9091,0,0.0909
NZ,2025-08,0,0.8898,0,0.1102
NZ,2025-09,0,0.8128,0,0.1872
NZ,2025-10,0,0.8287,0,0.1713
NZ,2025-11,0,0.8841,0,0.1159
NZ,2025-12,0.0041,0.8553,0,0.1406
NZ,2026-01,0.0044,0.849,0,0.1466
NZ,2026-02,0.0049,0.8664,0,0.1287
NZ,2026-03,0.0044,0.8796,0,0.116
NZ,2026-04,0.0048,0.8517,0,0.1435
NZ,2026-05,0,0.8898,0,0.1102
NZ,2026-06,0,0.8898,0,0.1102
NZ,2026-07,0,0.8898,0,0.1102
NZ,2026-08,0,0.8898,0,0.1102
OM,2019-01,,,,
OM,2019-02,,,,
OM,2019-03,,,,
OM,2019-04,,,,
OM,2019-05,,,,
OM,2019-06,,,,
OM,2019-07,,,,
OM,2019-08,,,,
OM,2019-09,,,,
OM,2019-10,,,,
OM,2019-11,,,,
OM,2019-12,,,,
OM,2020-01,,,,
OM,2020-02,,,,
OM,2020-03,,,,
OM,2020-04,,,,
OM,2020-05,,,,
OM,2020-06,,,,
OM,2020-07,,,,
OM,2020-08,,,,
OM,2020-09,,,,
OM,2020-10,,,,
OM,2020-11,,,,
OM,2020-12,,,,
OM,2021-01,,,,
OM,2021-02,,,,
OM,2021-03,,,,
OM,2021-04,,,,
OM,2021-05,,,,
OM,2021-06,,,,
OM,2021-07,,,,
OM,2021-08,,,,
OM,2021-09,,,,
OM,2021-10,,,,
OM,2021-11,,,,
OM,2021-12,,,,
OM,2022-01,,,,
OM,2022-02,,,,
OM,2022-03,,,,
OM,2022-04,,,,
OM,2022-05,,,,
OM,2022-06,,,,
OM,2022-07,,,,
OM,2022-08,,,,
OM,2022-09,,,,
OM,2022-10,,,,
OM,2022-11,,,,
OM,2022-12,,,,
OM,2023-01,,,,
OM,2023-02,,,,
OM,2023-03,,,,
OM,2023-04,,,,
OM,2023-05,,,,
OM,2023-06,,,,
OM,2023-07,,,,
OM,2023-08,,,,
OM,2023-09,,,,
OM,2023-10,,,,
OM,2023-11,,,,
OM,2023-12,,,,
OM,2024-01,,,,
OM,2024-02,,,,
OM,2024-03,,,,
OM,2024-04,,,,
OM,2024-05,,,,
OM,2024-06,,,,
OM,2024-07,,,,
OM,2024-08,,,,
OM,2024-09,,,,
OM,2024-10,,,,
OM,2024-11,,,,
OM,2024-12,,,,
OM,2025-01,,,,
OM,2025-02,,,,
OM,2025-03,,,,
OM,2025-04,,,,
OM,2025-05,,,,
OM,2025-06,,,,
OM,2025-07,,,,
OM,2025-08,,,,
OM,2025-09,,,,
OM,2025-10,,,,
OM,2025-11,,,,
OM,2025-12,,,,
OM,2026-01,,,,
OM,2026-02,,,,
OM,2026-03,,,,
OM,2026-04,,,,
OM,2026-05,,,,
OM,2026-06,,,,
OM,2026-07,,,,
OM,2026-08,,,,
PA,2019-01,0.0049,0.8305,0.0472,0.1173
PA,2019-02,0.0049,0.8305,0.0472,0.1173
PA,2019-03,0.0049,0.8305,0.0472,0.1173
PA,2019-04,0.0049,0.8305,0.0472,0.1173
PA,2019-05,0.0049,0.8305,0.0472,0.1173
PA,2019-06,0.0049,0.8305,0.0472,0.1173
PA,2019-07,0.0049,0.8305,0.0472,0.1173
PA,2019-08,0.0049,0.8305,0.0472,0.1173
PA,2019-09,0.0049,0.8305,0.0472,0.1173
PA,2019-10,0.0049,0.8305,0.0472,0.1173
PA,2019-11,0.0049,0.8305,0.0472,0.1173
PA,2019-12,0.0049,0.8305,0.0472,0.1173
PA,2020-01,0.0049,0.8305,0.0472,0.1173
PA,2020-02,0.0049,0.8305,0.0472,0.1173
PA,2020-03,0.0049,0.8305,0.0472,0.1173
PA,2020-04,0.0049,0.8305,0.0472,0.1173
PA,2020-05,0.0049,0.8305,0.0472,0.1173
PA,2020-06,0.0049,0.8305,0.0472,0.1173
PA,2020-07,0.0049,0.8305,0.0472,0.1173
PA,2020-08,0.0049,0.8305,0.0472,0.1173
PA,2020-09,0.0049,0.8305,0.0472,0.1173
PA,2020-10,0.0049,0.8305,0.0472,0.1173
PA,2020-11,0.0049,0.8305,0.0472,0.1173
PA,2020-12,0.0049,0.8305,0.0472,0.1173
PA,2021-01,0.0049,0.8305,0.0472,0.1173
PA,2021-02,0.0049,0.8305,0.0472,0.1173
PA,2021-03,0.0049,0.8305,0.0472,0.1173
PA,2021-04,0.0049,0.8305,0.0472,0.1173
PA,2021-05,0.0049,0.8305,0.0472,0.1173
PA,2021-06,0.0049,0.8305,0.0472,0.1173
PA,2021-07,0.0049,0.8305,0.0472,0.1173
PA,2021-08,0.0049,0.8305,0.0472,0.1173
PA,2021-09,0.0049,0.8305,0.0472,0.1173
PA,2021-10,0.0049,0.8305,0.0472,0.1173
PA,2021-11,0.0049,0.8305,0.0472,0.1173
PA,2021-12,0.0049,0.8305,0.0472,0.1173
PA,2022-01,0.0049,0.8305,0.0472,0.1173
PA,2022-02,0.0049,0.8305,0.0472,0.1173
PA,2022-03,0.0049,0.8305,0.0472,0.1173
PA,2022-04,0.0049,0.8305,0.0472,0.1173
PA,2022-05,0.0049,0.8305,0.0472,0.1173
PA,2022-06,0.0049,0.8305,0.0472,0.1173
PA,2022-07,0.0049,0.8305,0.0472,0.1173
PA,2022-08,0.0049,0.8305,0.0472,0.1173
PA,2022-09,0.0049,0.8305,0.0472,0.1173
PA,2022-10,0.0049,0.8305,0.0472,0.1173
PA,2022-11,0.0049,0.8305,0.0472,0.1173
PA,2022-12,0.0049,0.8305,0.0472,0.1173
PA,2023-01,0.0049,0.8305,0.0472,0.1173
PA,2023-02,0.0049,0.8305,0.0472,0.1173
PA,2023-03,0.0049,0.8305,0.0472,0.1173
PA,2023-04,0.0049,0.8305,0.0472,0.1173
PA,2023-05,0.0049,0.8305,0.0472,0.1173
PA,2023-06,0.0049,0.8305,0.0472,0.1173
PA,2023-07,0.0049,0.8305,0.0472,0.1173
PA,2023-08,0.0049,0.8305,0.0472,0.1173
PA,2023-09,0.0049,0.8305,0.0472,0.1173
PA,2023-10,0.0049,0.8305,0.0472,0.1173
PA,2023-11,0.0049,0.8305,0.0472,0.1173
PA,2023-12,0.0049,0.8305,0.0472,0.1173
PA,2024-01,0.0049,0.8305,0.0472,0.1173
PA,2024-02,0.0049,0.8305,0.0472,0.1173
PA,2024-03,0.0049,0.8305,0.0472,0.1173
PA,2024-04,0.0049,0.8305,0.0472,0.1173
PA,2024-05,0.0049,0.8305,0.0472,0.1173
PA,2024-06,0.0049,0.8305,0.0472,0.1173
PA,2024-07,0.0049,0.8305,0.0472,0.1173
PA,2024-08,0.0049,0.8305,0.0472,0.1173
PA,2024-09,0.0049,0.8305,0.0472,0.1173
PA,2024-10,0.0049,0.8305,0.0472,0.1173
PA,2024-11,0.0049,0.8305,0.0472,0.1173
PA,2024-12,0.0049,0.8305,0.0472,0.1173
PA,2025-01,0.0049,0.8305,0.0472,0.1173
PA,2025-02,0.0049,0.8305,0.0472,0.1173
PA,2025-03,0.0049,0.8305,0.0472,0.1173
PA,2025-04,0.0049,0.8305,0.0472,0.1173
PA,2025-05,0.0049,0.8305,0.0472,0.1173
PA,2025-06,0.0049,0.8305,0.0472,0.1173
PA,2025-07,0.0049,0.8305,0.0472,0.1173
PA,2025-08,0.0049,0.8305,0.0472,0.1173
PA,2025-09,0.0049,0.8305,0.0472,0.1173
PA,2025-10,0.0049,0.8305,0.0472,0.1173
PA,2025-11,0.0049,0.8305,0.0472,0.1173
PA,2025-12,0.0049,0.8305,0.0472,0.1173
PA,2026-01,0.0049,0.8305,0.0472,0.1173
PA,2026-02,0.0049,0.8305,0.0472,0.1173
PA,2026-03,0.0049,0.8305,0.0472,0.1173
PA,2026-04,0.0049,0.8305,0.0472,0.1173
PA,2026-05,0.0049,0.8305,0.0472,0.1173
PA,2026-06,0.0049,0.8305,0.0472,0.1173
PA,2026-07,0.0049,0.8305,0.0472,0.1173
PA,2026-08,0.0049,0.8305,0.0472,0.1173
PE,2019-01,0.0033,0.9393,0.0202,0.0371
PE,2019-02,0.0033,0.9495,0.0168,0.0303
PE,2019-03,0.0062,0.9265,0.0215,0.0459
PE,2019-04,0.0061,0.9301,0.0182,0.0456
PE,2019-05,0.0067,0.9265,0.02,0.0467
PE,2019-06,0.0086,0.9062,0.0214,0.0639
PE,2019-07,0.0129,0.8923,0.0258,0.069
PE,2019-08,0.0096,0.9001,0.0332,0.0571
PE,2019-09,0.0098,0.8834,0.0341,0.0727
PE,2019-10,0.0125,0.8876,0.0333,0.0666
PE,2019-11,0.0109,0.9131,0.0289,0.0471
PE,2019-12,0.006,0.932,0.0236,0.0384
PE,2020-01,0.0059,0.9441,0.0176,0.0323
PE,2020-02,0.0063,0.941,0.0155,0.0372
PE,2020-03,0.006,0.9368,0.018,0.0392
PE,2020-04,0.0068,0.9251,0.0204,0.0477
PE,2020-05,0.0068,0.9285,0.0204,0.0442
PE,2020-06,0.0083,0.8996,0.0251,0.067
PE,2020-07,0.0043,0.8947,0.0263,0.0746
PE,2020-08,0.0093,0.8795,0.0278,0.0834
PE,2020-09,0.0143,0.8714,0.0332,0.081
PE,2020-10,0.017,0.8762,0.0342,0.0726
PE,2020-11,0.0194,0.8635,0.0391,0.078
PE,2020-12,0.0101,0.9165,0.0234,0.0501
PE,2021-01,0.0084,0.9275,0.0196,0.0446
PE,2021-02,0.0096,0.9357,0.0193,0.0354
PE,2021-03,0.0059,0.9347,0.0178,0.0415
PE,2021-04,0.0059,0.9293,0.0177,0.0472
PE,2021-05,0.007,0.9156,0.0211,0.0563
PE,2021-06,0.0127,0.9114,0.0211,0.0548
PE,2021-07,0.0176,0.8898,0.0265,0.0661
PE,2021-08,0.0184,0.8675,0.0319,0.0822
PE,2021-09,0.0096,0.8946,0.0336,0.0622
PE,2021-10,0.0158,0.8857,0.0316,0.067
PE,2021-11,0.0112,0.899,0.0299,0.0599
PE,2021-12,0.0094,0.9245,0.0221,0.044
PE,2022-01,0.0095,0.9206,0.0222,0.0476
PE,2022-02,0.0064,0.9323,0.0194,0.0419
PE,2022-03,0.0058,0.9355,0.0176,0.0411
PE,2022-04,0.0059,0.9224,0.0179,0.0537
PE,2022-05,0.007,0.9128,0.0209,0.0592
PE,2022-06,0.0123,0.8978,0.0246,0.0653
PE,2022-07,0.0134,0.884,0.0268,0.0758
PE,2022-08,0.0179,0.8706,0.0312,0.0803
PE,2022-09,0.0183,0.8533,0.0368,0.0917
PE,2022-10,0.0132,0.8633,0.0397,0.0837
PE,2022-11,0.0197,0.8768,0.0395,0.064
PE,2022-12,0.013,0.8961,0.0304,0.0605
PE,2023-01,0.0098,0.9181,0.0229,0.0492
PE,2023-02,0.0064,0.9422,0.016,0.0354
PE,2023-03,0.0066,0.9341,0.0197,0.0396
PE,2023-04,0.0062,0.912,0.0188,0.0629
PE,2023-05,0.0073,0.8904,0.0219,0.0803
PE,2023-06,0.0148,0.8578,0.0295,0.0979
PE,2023-07,0.0151,0.8528,0.0356,0.0964
PE,2023-08,0.0152,0.847,0.046,0.0917
PE,2023-09,0.0211,0.7948,0.0525,0.1317
PE,2023-10,0.0169,0.836,0.0463,0.1009
PE,2023-11,0.0115,0.85,0.0423,0.0962
PE,2023-12,0.0085,0.8901,0.0309,0.0704
PE,2024-01,0.0082,0.8961,0.03,0.0656
PE,2024-02,0.006,0.9013,0.0239,0.0688
PE,2024-03,0.0056,0.8833,0.0285,0.0826
PE,2024-04,0.0082,0.8852,0.0246,0.082
PE,2024-05,0.0063,0.8512,0.0254,0.1171
PE,2024-06,0.0122,0.8415,0.0324,0.1139
PE,2024-07,0.0123,0.8066,0.0371,0.1441
PE,2024-08,0.0159,0.7769,0.0439,0.1634
PE,2024-09,0.0165,0.772,0.0497,0.1618
PE,2024-10,0.0157,0.7827,0.0554,0.1462
PE,2024-11,0.0138,0.8334,0.0452,0.1076
PE,2024-12,0.0105,0.8556,0.0368,0.0971
PE,2025-01,0.0103,0.876,0.031,0.0827
PE,2025-02,0.009,0.9074,0.0268,0.0567
PE,2025-03,0.0055,0.8723,0.0306,0.0917
PE,2025-04,0.0052,0.8579,0.0368,0.1001
PE,2025-05,0.0055,0.86,0.042,0.0925
PE,2025-06,0.0097,0.8409,0.0455,0.1038
PE,2025-07,0.0111,0.8283,0.0597,0.1008
PE,2025-08,0.0149,0.7872,0.0672,0.1306
PE,2025-09,0.0189,0.7585,0.0868,0.1358
PE,2025-10,0.0143,0.8001,0.08,0.1057
PE,2025-11,0.0151,0.7982,0.0783,0.1084
PE,2025-12,0.0163,0.7766,0.0938,0.1133
PE,2026-01,0.0161,0.8525,0.059,0.0724
PE,2026-02,0.0137,0.8764,0.0522,0.0577
PE,2026-03,0.0154,0.8277,0.072,0.0849
PE,2026-04,0.0079,0.8356,0.0663,0.0902
PE,2026-05,0.0117,0.8347,0.0696,0.084
PE,2026-06,0.0117,0.8347,0.0696,0.084
PE,2026-07,0.0117,0.8347,0.0696,0.084
PE,2026-08,0.0117,0.8347,0.0696,0.084
PF,2019-01,0,0.7999,0.2001,0
PF,2019-02,0,0.7999,0.2001,0
PF,2019-03,0,0.7999,0.2001,0
PF,2019-04,0,0.7999,0.2001,0
PF,2019-05,0,0.7999,0.2001,0
PF,2019-06,0,0.7999,0.2001,0
PF,2019-07,0,0.7999,0.2001,0
PF,2019-08,0,0.7999,0.2001,0
PF,2019-09,0,0.7999,0.2001,0
PF,2019-10,0,0.7999,0.2001,0
PF,2019-11,0,0.7999,0.2001,0
PF,2019-12,0,0.7999,0.2001,0
PF,2020-01,0,0.7999,0.2001,0
PF,2020-02,0,0.7999,0.2001,0
PF,2020-03,0,0.7999,0.2001,0
PF,2020-04,0,0.7999,0.2001,0
PF,2020-05,0,0.7999,0.2001,0
PF,2020-06,0,0.7999,0.2001,0
PF,2020-07,0,0.7999,0.2001,0
PF,2020-08,0,0.7999,0.2001,0
PF,2020-09,0,0.7999,0.2001,0
PF,2020-10,0,0.7999,0.2001,0
PF,2020-11,0,0.7999,0.2001,0
PF,2020-12,0,0.7999,0.2001,0
PF,2021-01,0,0.7999,0.2001,0
PF,2021-02,0,0.7999,0.2001,0
PF,2021-03,0,0.7999,0.2001,0
PF,2021-04,0,0.7999,0.2001,0
PF,2021-05,0,0.7999,0.2001,0
PF,2021-06,0,0.7999,0.2001,0
PF,2021-07,0,0.7999,0.2001,0
PF,2021-08,0,0.7999,0.2001,0
PF,2021-09,0,0.7999,0.2001,0
PF,2021-10,0,0.7999,0.2001,0
PF,2021-11,0,0.7999,0.2001,0
PF,2021-12,0,0.7999,0.2001,0
PF,2022-01,0,0.7999,0.2001,0
PF,2022-02,0,0.7999,0.2001,0
PF,2022-03,0,0.7999,0.2001,0
PF,2022-04,0,0.7999,0.2001,0
PF,2022-05,0,0.7999,0.2001,0
PF,2022-06,0,0.7999,0.2001,0
PF,2022-07,0,0.7999,0.2001,0
PF,2022-08,0,0.7999,0.2001,0
PF,2022-09,0,0.7999,0.2001,0
PF,2022-10,0,0.7999,0.2001,0
PF,2022-11,0,0.7999,0.2001,0
PF,2022-12,0,0.7999,0.2001,0
PF,2023-01,0,0.7999,0.2001,0
PF,2023-02,0,0.7999,0.2001,0
PF,2023-03,0,0.7999,0.2001,0
PF,2023-04,0,0.7999,0.2001,0
PF,2023-05,0,0.7999,0.2001,0
PF,2023-06,0,0.7999,0.2001,0
PF,2023-07,0,0.7999,0.2001,0
PF,2023-08,0,0.7999,0.2001,0
PF,2023-09,0,0.7999,0.2001,0
PF,2023-10,0,0.7999,0.2001,0
PF,2023-11,0,0.7999,0.2001,0
PF,2023-12,0,0.7999,0.2001,0
PF,2024-01,0,0.7999,0.2001,0
PF,2024-02,0,0.7999,0.2001,0
PF,2024-03,0,0.7999,0.2001,0
PF,2024-04,0,0.7999,0.2001,0
PF,2024-05,0,0.7999,0.2001,0
PF,2024-06,0,0.7999,0.2001,0
PF,2024-07,0,0.7999,0.2001,0
PF,2024-08,0,0.7999,0.2001,0
PF,2024-09,0,0.7999,0.2001,0
PF,2024-10,0,0.7999,0.2001,0
PF,2024-11,0,0.7999,0.2001,0
PF,2024-12,0,0.7999,0.2001,0
PF,2025-01,0,0.7999,0.2001,0
PF,2025-02,0,0.7999,0.2001,0
PF,2025-03,0,0.7999,0.2001,0
PF,2025-04,0,0.7999,0.2001,0
PF,2025-05,0,0.7999,0.2001,0
PF,2025-06,0,0.7999,0.2001,0
PF,2025-07,0,0.7999,0.2001,0
PF,2025-08,0,0.7999,0.2001,0
PF,2025-09,0,0.7999,0.2001,0
PF,2025-10,0,0.7999,0.2001,0
PF,2025-11,0,0.7999,0.2001,0
PF,2025-12,0,0.7999,0.2001,0
PF,2026-01,0,0.7999,0.2001,0
PF,2026-02,0,0.7999,0.2001,0
PF,2026-03,0,0.7999,0.2001,0
PF,2026-04,0,0.7999,0.2001,0
PF,2026-05,0,0.7999,0.2001,0
PF,2026-06,0,0.7999,0.2001,0
PF,2026-07,0,0.7999,0.2001,0
PF,2026-08,0,0.7999,0.2001,0
PG,2019-01,0.0195,0.9805,0,0
PG,2019-02,0.0195,0.9805,0,0
PG,2019-03,0.0195,0.9805,0,0
PG,2019-04,0.0195,0.9805,0,0
PG,2019-05,0.0195,0.9805,0,0
PG,2019-06,0.0195,0.9805,0,0
PG,2019-07,0.0195,0.9805,0,0
PG,2019-08,0.0195,0.9805,0,0
PG,2019-09,0.0195,0.9805,0,0
PG,2019-10,0.0195,0.9805,0,0
PG,2019-11,0.0195,0.9805,0,0
PG,2019-12,0.0195,0.9805,0,0
PG,2020-01,0.0195,0.9805,0,0
PG,2020-02,0.0195,0.9805,0,0
PG,2020-03,0.0195,0.9805,0,0
PG,2020-04,0.0195,0.9805,0,0
PG,2020-05,0.0195,0.9805,0,0
PG,2020-06,0.0195,0.9805,0,0
PG,2020-07,0.0195,0.9805,0,0
PG,2020-08,0.0195,0.9805,0,0
PG,2020-09,0.0195,0.9805,0,0
PG,2020-10,0.0195,0.9805,0,0
PG,2020-11,0.0195,0.9805,0,0
PG,2020-12,0.0195,0.9805,0,0
PG,2021-01,0.0195,0.9805,0,0
PG,2021-02,0.0195,0.9805,0,0
PG,2021-03,0.0195,0.9805,0,0
PG,2021-04,0.0195,0.9805,0,0
PG,2021-05,0.0195,0.9805,0,0
PG,2021-06,0.0195,0.9805,0,0
PG,2021-07,0.0195,0.9805,0,0
PG,2021-08,0.0195,0.9805,0,0
PG,2021-09,0.0195,0.9805,0,0
PG,2021-10,0.0195,0.9805,0,0
PG,2021-11,0.0195,0.9805,0,0
PG,2021-12,0.0195,0.9805,0,0
PG,2022-01,0.0195,0.9805,0,0
PG,2022-02,0.0195,0.9805,0,0
PG,2022-03,0.0195,0.9805,0,0
PG,2022-04,0.0195,0.9805,0,0
PG,2022-05,0.0195,0.9805,0,0
PG,2022-06,0.0195,0.9805,0,0
PG,2022-07,0.0195,0.9805,0,0
PG,2022-08,0.0195,0.9805,0,0
PG,2022-09,0.0195,0.9805,0,0
PG,2022-10,0.0195,0.9805,0,0
PG,2022-11,0.0195,0.9805,0,0
PG,2022-12,0.0195,0.9805,0,0
PG,2023-01,0.0195,0.9805,0,0
PG,2023-02,0.0195,0.9805,0,0
PG,2023-03,0.0195,0.9805,0,0
PG,2023-04,0.0195,0.9805,0,0
PG,2023-05,0.0195,0.9805,0,0
PG,2023-06,0.0195,0.9805,0,0
PG,2023-07,0.0195,0.9805,0,0
PG,2023-08,0.0195,0.9805,0,0
PG,2023-09,0.0195,0.9805,0,0
PG,2023-10,0.0195,0.9805,0,0
PG,2023-11,0.0195,0.9805,0,0
PG,2023-12,0.0195,0.9805,0,0
PG,2024-01,0.0195,0.9805,0,0
PG,2024-02,0.0195,0.9805,0,0
PG,2024-03,0.0195,0.9805,0,0
PG,2024-04,0.0195,0.9805,0,0
PG,2024-05,0.0195,0.9805,0,0
PG,2024-06,0.0195,0.9805,0,0
PG,2024-07,0.0195,0.9805,0,0
PG,2024-08,0.0195,0.9805,0,0
PG,2024-09,0.0195,0.9805,0,0
PG,2024-10,0.0195,0.9805,0,0
PG,2024-11,0.0195,0.9805,0,0
PG,2024-12,0.0195,0.9805,0,0
PG,2025-01,0.0195,0.9805,0,0
PG,2025-02,0.0195,0.9805,0,0
PG,2025-03,0.0195,0.9805,0,0
PG,2025-04,0.0195,0.9805,0,0
PG,2025-05,0.0195,0.9805,0,0
PG,2025-06,0.0195,0.9805,0,0
PG,2025-07,0.0195,0.9805,0,0
PG,2025-08,0.0195,0.9805,0,0
PG,2025-09,0.0195,0.9805,0,0
PG,2025-10,0.0195,0.9805,0,0
PG,2025-11,0.0195,0.9805,0,0
PG,2025-12,0.0195,0.9805,0,0
PG,2026-01,0.0195,0.9805,0,0
PG,2026-02,0.0195,0.9805,0,0
PG,2026-03,0.0195,0.9805,0,0
PG,2026-04,0.0195,0.9805,0,0
PG,2026-05,0.0195,0.9805,0,0
PG,2026-06,0.0195,0.9805,0,0
PG,2026-07,0.0195,0.9805,0,0
PG,2026-08,0.0195,0.9805,0,0
PH,2019-01,0.0645,0.6942,0.0929,0.1484
PH,2019-02,0.0871,0.6849,0.1302,0.0978
PH,2019-03,0.101,0.6587,0.1392,0.101
PH,2019-04,0.1055,0.6445,0.1709,0.0791
PH,2019-05,0.0858,0.6724,0.1903,0.0515
PH,2019-06,0.0789,0.7238,0.1578,0.0395
PH,2019-07,0.0686,0.7608,0.1137,0.0569
PH,2019-08,0.0557,0.7763,0.084,0.084
PH,2019-09,0.0495,0.802,0.0825,0.066
PH,2019-10,0.0796,0.7197,0.1103,0.0904
PH,2019-11,0.0876,0.6794,0.0969,0.1361
PH,2019-12,0.0974,0.6503,0.0872,0.1651
PH,2020-01,0.0938,0.6672,0.1039,0.1351
PH,2020-02,0.1231,0.5731,0.1352,0.1685
PH,2020-03,0.1251,0.5832,0.1806,0.111
PH,2020-04,0.1692,0.5065,0.1974,0.1269
PH,2020-05,0.1564,0.5782,0.1879,0.0776
PH,2020-06,0.1253,0.6807,0.1663,0.0277
PH,2020-07,0.0961,0.7472,0.1325,0.0243
PH,2020-08,0.0801,0.7474,0.1263,0.0462
PH,2020-09,0.0908,0.7384,0.1254,0.0454
PH,2020-10,0.1043,0.7082,0.1043,0.0831
PH,2020-11,0.0907,0.7026,0.0907,0.1159
PH,2020-12,0.1038,0.6803,0.0799,0.1359
PH,2021-01,0.097,0.6854,0.0726,0.1451
PH,2021-02,0.1133,0.6415,0.1037,0.1415
PH,2021-03,0.1221,0.6433,0.1221,0.1125
PH,2021-04,0.1149,0.6452,0.1357,0.1041
PH,2021-05,0.1356,0.6294,0.1729,0.0621
PH,2021-06,0.1026,0.6934,0.1474,0.0566
PH,2021-07,0.0887,0.7223,0.1336,0.0553
PH,2021-08,0.0615,0.7689,0.1002,0.0695
PH,2021-09,0.0643,0.7987,0.1048,0.0321
PH,2021-10,0.0798,0.7682,0.0868,0.0652
PH,2021-11,0.0947,0.669,0.1103,0.126
PH,2021-12,0.1024,0.6667,0.0942,0.1368
PH,2022-01,0.0848,0.6949,0.0931,0.1272
PH,2022-02,0.1121,0.6291,0.1121,0.1468
PH,2022-03,0.1119,0.6533,0.1426,0.0922
PH,2022-04,0.0882,0.6474,0.1469,0.1175
PH,2022-05,0.0792,0.7325,0.1584,0.0298
PH,2022-06,0.0792,0.7527,0.1585,0.0097
PH,2022-07,0.0564,0.7925,0.1324,0.0188
PH,2022-08,0.0393,0.8197,0.1173,0.0236
PH,2022-09,0.0665,0.77,0.1187,0.0448
PH,2022-10,0.0832,0.72,0.1289,0.0679
PH,2022-11,0.0868,0.7247,0.1161,0.0724
PH,2022-12,0.0915,0.6669,0.1251,0.1165
PH,2023-01,0.0652,0.6745,0.122,0.1383
PH,2023-02,0.0686,0.6409,0.1711,0.1195
PH,2023-03,0.0841,0.5985,0.1962,0.1212
PH,2023-04,0.0947,0.6038,0.2168,0.0847
PH,2023-05,0.0836,0.6249,0.2393,0.0522
PH,2023-06,0.0645,0.6876,0.1926,0.0553
PH,2023-07,0.0522,0.757,0.165,0.0257
PH,2023-08,0.0326,0.7796,0.1297,0.0581
PH,2023-09,0.0477,0.7886,0.1226,0.0411
PH,2023-10,0.0746,0.724,0.1491,0.0523
PH,2023-11,0.0732,0.6348,0.1605,0.1316
PH,2023-12,0.0882,0.5996,0.1683,0.144
PH,2024-01,0.0732,0.5912,0.1824,0.1531
PH,2024-02,0.0704,0.6056,0.2256,0.0984
PH,2024-03,0.0756,0.5459,0.2606,0.118
PH,2024-04,0.0938,0.514,0.3363,0.0559
PH,2024-05,0.1001,0.4601,0.36,0.0799
PH,2024-06,0.0542,0.6305,0.2887,0.0266
PH,2024-07,0.052,0.6548,0.2411,0.052
PH,2024-08,0.045,0.7164,0.2065,0.032
PH,2024-09,0.0419,0.7714,0.1565,0.0302
PH,2024-10,0.0572,0.7198,0.16,0.063
PH,2024-11,0.0584,0.7144,0.1639,0.0633
PH,2024-12,0.0879,0.6418,0.1698,0.1005
PH,2025-01,0.0715,0.6545,0.1847,0.0893
PH,2025-02,0.0724,0.6083,0.2167,0.1025
PH,2025-03,0.0707,0.6001,0.2644,0.0648
PH,2025-04,0.0757,0.5636,0.3162,0.0445
PH,2025-05,0.0763,0.5924,0.306,0.0252
PH,2025-06,0.074,0.6349,0.2705,0.0205
PH,2025-07,0.0502,0.7171,0.1951,0.0376
PH,2025-08,0.0361,0.7228,0.2051,0.0361
PH,2025-09,0.0372,0.7715,0.1701,0.0212
PH,2025-10,0.0466,0.7202,0.1916,0.0416
PH,2025-11,0.0485,0.6756,0.1893,0.0865
PH,2025-12,0.0779,0.5929,0.2095,0.1197
PH,2026-01,0.0795,0.5668,0.2318,0.1218
PH,2026-02,0.0697,0.5814,0.2441,0.1048
PH,2026-03,0.0708,0.5226,0.3159,0.0906
PH,2026-04,0.0797,0.4928,0.3986,0.0289
PH,2026-05,0.061,0.4793,0.4256,0.0341
PH,2026-06,0.0451,0.5222,0.3951,0.0377
PH,2026-07,0.0451,0.5222,0.3951,0.0377
PH,2026-08,0.0451,0.5222,0.3951,0.0377
PK,2019-01,0.1014,0.5388,0.1799,0.1799
PK,2019-02,0.0501,0.76,0.085,0.1049
PK,2019-03,0.0476,0.7622,0.0999,0.0903
PK,2019-04,0.0251,0.7994,0.0787,0.0968
PK,2019-05,0.0112,0.8447,0.0518,0.0924
PK,2019-06,0.0068,0.8571,0.0491,0.087
PK,2019-07,0.0073,0.8451,0.0382,0.1094
PK,2019-08,0.0032,0.9103,0.0352,0.0513
PK,2019-09,0.0038,0.923,0.0458,0.0274
PK,2019-10,0.0034,0.8534,0.0908,0.0524
PK,2019-11,0.006,0.8814,0.0669,0.0457
PK,2019-12,0.0406,0.7785,0.113,0.0679
PK,2020-01,0.0586,0.6397,0.1839,0.1178
PK,2020-02,0.0362,0.8157,0.1084,0.0396
PK,2020-03,0.0423,0.7419,0.1579,0.058
PK,2020-04,0.0161,0.8027,0.1069,0.0743
PK,2020-05,0.0077,0.8526,0.065,0.0746
PK,2020-06,0.0054,0.8702,0.0577,0.0667
PK,2020-07,0.0049,0.8855,0.054,0.0557
PK,2020-08,0.0033,0.8935,0.0525,0.0507
PK,2020-09,0.0017,0.8952,0.0698,0.0332
PK,2020-10,0.0053,0.8431,0.117,0.0346
PK,2020-11,0.0246,0.8214,0.1045,0.0495
PK,2020-12,0.0399,0.7132,0.1594,0.0876
PK,2021-01,0.0568,0.608,0.2499,0.0854
PK,2021-02,0.0374,0.7603,0.1649,0.0374
PK,2021-03,0.0359,0.696,0.1999,0.0681
PK,2021-04,0.0209,0.7719,0.1471,0.06
PK,2021-05,0.0113,0.7886,0.1092,0.0909
PK,2021-06,0.0115,0.8038,0.0877,0.097
PK,2021-07,0.0087,0.8199,0.0752,0.0962
PK,2021-08,0.003,0.8394,0.0751,0.0825
PK,2021-09,0.0035,0.8745,0.0824,0.0396
PK,2021-10,0.0031,0.7803,0.1631,0.0535
PK,2021-11,0.014,0.7899,0.1457,0.0505
PK,2021-12,0.0348,0.6861,0.1976,0.0816
PK,2022-01,0.086,0.3986,0.367,0.1484
PK,2022-02,0.0432,0.6335,0.2412,0.082
PK,2022-03,0.0397,0.6138,0.2491,0.0973
PK,2022-04,0.0299,0.6558,0.1885,0.1258
PK,2022-05,0.0157,0.6999,0.1324,0.152
PK,2022-06,0.0165,0.6899,0.1273,0.1662
PK,2022-07,0.0065,0.8219,0.0858,0.0858
PK,2022-08,0.0048,0.8397,0.0943,0.0613
PK,2022-09,0.0053,0.7845,0.1265,0.0838
PK,2022-10,0.0095,0.7511,0.1867,0.0527
PK,2022-11,0.0205,0.7294,0.203,0.0471
PK,2022-12,0.0364,0.6255,0.2617,0.0764
PK,2023-01,0.0518,0.4122,0.3864,0.1496
PK,2023-02,0.0327,0.6721,0.2656,0.0296
PK,2023-03,0.0309,0.6192,0.2818,0.0682
PK,2023-04,0.0155,0.5864,0.2979,0.1002
PK,2023-05,0.0143,0.6727,0.1891,0.1239
PK,2023-06,0.0122,0.7285,0.1535,0.1058
PK,2023-07,0.0058,0.7919,0.1233,0.079
PK,2023-08,0.0051,0.7647,0.1285,0.1017
PK,2023-09,0.0046,0.7695,0.1629,0.063
PK,2023-10,0.0067,0.699,0.2518,0.0426
PK,2023-11,0.0075,0.6999,0.2545,0.0381
PK,2023-12,0.0312,0.5813,0.3407,0.0468
PK,2024-01,0.0493,0.4125,0.4797,0.0585
PK,2024-02,0.0315,0.5565,0.3774,0.0346
PK,2024-03,0.0204,0.5663,0.3623,0.051
PK,2024-04,0.0157,0.539,0.3697,0.0756
PK,2024-05,0.0101,0.6539,0.2608,0.0752
PK,2024-06,0.0089,0.6987,0.2156,0.0767
PK,2024-07,0.0068,0.7255,0.2065,0.0611
PK,2024-08,0.0068,0.7333,0.2052,0.0548
PK,2024-09,0.0055,0.6638,0.2757,0.0549
PK,2024-10,0.0087,0.5636,0.3941,0.0336
PK,2024-11,0.01,0.5374,0.4323,0.0202
PK,2024-12,0.0225,0.4,0.5191,0.0584
PK,2025-01,0.0272,0.2425,0.6703,0.0599
PK,2025-02,0.0178,0.4168,0.5277,0.0378
PK,2025-03,0.0106,0.2771,0.6653,0.047
PK,2025-04,0.0068,0.3908,0.5212,0.0812
PK,2025-05,0.0036,0.5889,0.3553,0.0523
PK,2025-06,0.0034,0.6233,0.3134,0.0599
PK,2025-07,0.0045,0.6191,0.2996,0.0769
PK,2025-08,0.0043,0.6114,0.3278,0.0565
PK,2025-09,0.0035,0.5637,0.3927,0.04
PK,2025-10,0.006,0.4012,0.5647,0.0282
PK,2025-11,0.0111,0.4407,0.5287,0.0195
PK,2025-12,0.0194,0.2965,0.6532,0.031
PK,2026-01,0.0211,0.1493,0.7791,0.0505
PK,2026-02,0.0147,0.2903,0.6541,0.0408
PK,2026-03,0.0117,0.3067,0.6366,0.045
PK,2026-04,0.0117,0.3067,0.6366,0.045
PK,2026-05,0.0117,0.3067,0.6366,0.045
PK,2026-06,0.0117,0.3067,0.6366,0.045
PK,2026-07,0.0117,0.3067,0.6366,0.045
PK,2026-08,0.0117,0.3067,0.6366,0.045
PL,2019-01,0.0998,0.0968,0.0061,0.7973
PL,2019-02,0.0719,0.1271,0.0155,0.7855
PL,2019-03,0.0816,0.1353,0.0265,0.7566
PL,2019-04,0.0944,0.1562,0.0564,0.693
PL,2019-05,0.0897,0.2318,0.0676,0.6109
PL,2019-06,0.1249,0.2256,0.1149,0.5347
PL,2019-07,0.1447,0.1619,0.0882,0.6051
PL,2019-08,0.1692,0.1871,0.1169,0.5267
PL,2019-09,0.1195,0.1217,0.0641,0.6947
PL,2019-10,0.1311,0.1425,0.0478,0.6786
PL,2019-11,0.1018,0.137,0.0219,0.7393
PL,2019-12,0.088,0.1037,0.0167,0.7916
PL,2020-01,0.0937,0.092,0.0116,0.8027
PL,2020-02,0.0646,0.1088,0.0237,0.8029
PL,2020-03,0.0991,0.158,0.0895,0.6535
PL,2020-04,0.0958,0.1448,0.1454,0.6141
PL,2020-05,0.1185,0.1833,0.1361,0.5621
PL,2020-06,0.108,0.2663,0.1762,0.4495
PL,2020-07,0.0498,0.23,0.1923,0.5279
PL,2020-08,0.1209,0.1994,0.2161,0.4636
PL,2020-09,0.1198,0.1573,0.1643,0.5586
PL,2020-10,0.1076,0.1701,0.0845,0.6377
PL,2020-11,0.1095,0.1386,0.066,0.6859
PL,2020-12,0.0832,0.0981,0.0446,0.7742
PL,2021-01,0.0953,0.1058,0.0411,0.7578
PL,2021-02,0.0725,0.151,0.0791,0.6974
PL,2021-03,0.0683,0.165,0.1427,0.6239
PL,2021-04,0.0798,0.1185,0.2057,0.596
PL,2021-05,0.077,0.1179,0.2526,0.5525
PL,2021-06,0.0997,0.0971,0.4411,0.3622
PL,2021-07,0.0919,0.0772,0.4214,0.4095
PL,2021-08,0.0951,0.0744,0.2908,0.5396
PL,2021-09,0.093,0.093,0.2567,0.5573
PL,2021-10,0.0733,0.0528,0.1425,0.7314
PL,2021-11,0.0762,0.048,0.0625,0.8133
PL,2021-12,0.0647,0.0555,0.0462,0.8336
PL,2022-01,0.0535,0.06,0.0431,0.8433
PL,2022-02,0.0462,0.0613,0.0859,0.8066
PL,2022-03,0.0606,0.0733,0.3463,0.5198
PL,2022-04,0.0498,0.0634,0.2834,0.6034
PL,2022-05,0.061,0.0473,0.4087,0.483
PL,2022-06,0.0668,0.043,0.5214,0.3688
PL,2022-07,0.053,0.0376,0.4544,0.455
PL,2022-08,0.0198,0.0445,0.577,0.3587
PL,2022-09,0.0189,0.0451,0.4135,0.5225
PL,2022-10,0.0439,0.0437,0.2714,0.641
PL,2022-11,0.0872,0.0494,0.163,0.7004
PL,2022-12,0.0681,0.0514,0.0644,0.8161
PL,2023-01,0.0597,0.0704,0.0657,0.8042
PL,2023-02,0.0565,0.0741,0.1469,0.7226
PL,2023-03,0.0539,0.0776,0.2469,0.6215
PL,2023-04,0.0594,0.0926,0.3861,0.462
PL,2023-05,0.0294,0.0697,0.5113,0.3896
PL,2023-06,0.0589,0.0823,0.5771,0.2817
PL,2023-07,0.0563,0.0645,0.5424,0.3368
PL,2023-08,0.0635,0.0682,0.4913,0.3769
PL,2023-09,0.0521,0.0487,0.5327,0.3666
PL,2023-10,0.0547,0.0274,0.2276,0.6904
PL,2023-11,0.0612,0.061,0.1342,0.7437
PL,2023-12,0.0515,0.0542,0.0569,0.8374
PL,2024-01,0.0493,0.0718,0.0889,0.79
PL,2024-02,0.0408,0.0892,0.1504,0.7196
PL,2024-03,0.0376,0.0847,0.34,0.5378
PL,2024-04,0.0212,0.0604,0.419,0.4995
PL,2024-05,0.0356,0.047,0.5821,0.3352
PL,2024-06,0.0525,0.0552,0.605,0.2873
PL,2024-07,0.0446,0.0475,0.6283,0.2797
PL,2024-08,0.0613,0.0281,0.6072,0.3034
PL,2024-09,0.0541,0.0235,0.4143,0.5082
PL,2024-10,0.0734,0.0469,0.3225,0.5571
PL,2024-11,0.0923,0.0349,0.1371,0.7357
PL,2024-12,0.0796,0.0369,0.0855,0.798
PL,2025-01,0.0651,0.0375,0.1082,0.7892
PL,2025-02,0.0951,0.0455,0.3573,0.5021
PL,2025-03,0.0708,0.0354,0.4379,0.4558
PL,2025-04,0.0645,0.031,0.5203,0.3842
PL,2025-05,0.0606,0.0438,0.5492,0.3464
PL,2025-06,0.0476,0.0257,0.512,0.4147
PL,2025-07,0.0315,0.0369,0.6148,0.3167
PL,2025-08,0.0551,0.0383,0.601,0.3056
PL,2025-09,0.0622,0.0351,0.4649,0.4379
PL,2025-10,0.0653,0.0308,0.2813,0.6226
PL,2025-11,0.0955,0.0691,0.2277,0.6077
PL,2025-12,0.0767,0.0704,0.1332,0.7197
PL,2026-01,0.0861,0.0307,0.1722,0.711
PL,2026-02,0.0828,0.0617,0.278,0.5775
PL,2026-03,0.0429,0.0403,0.5262,0.3905
PL,2026-04,0.042,0.0275,0.5601,0.3705
PL,2026-05,0.0435,0.0216,0.6486,0.2863
PL,2026-06,0.0456,0.0205,0.7089,0.225
PL,2026-07,0.0456,0.0205,0.7089,0.225
PL,2026-08,0.0456,0.0205,0.7089,0.225
PM,2019-01,,,,
PM,2019-02,,,,
PM,2019-03,,,,
PM,2019-04,,,,
PM,2019-05,,,,
PM,2019-06,,,,
PM,2019-07,,,,
PM,2019-08,,,,
PM,2019-09,,,,
PM,2019-10,,,,
PM,2019-11,,,,
PM,2019-12,,,,
PM,2020-01,,,,
PM,2020-02,,,,
PM,2020-03,,,,
PM,2020-04,,,,
PM,2020-05,,,,
PM,2020-06,,,,
PM,2020-07,,,,
PM,2020-08,,,,
PM,2020-09,,,,
PM,2020-10,,,,
PM,2020-11,,,,
PM,2020-12,,,,
PM,2021-01,,,,
PM,2021-02,,,,
PM,2021-03,,,,
PM,2021-04,,,,
PM,2021-05,,,,
PM,2021-06,,,,
PM,2021-07,,,,
PM,2021-08,,,,
PM,2021-09,,,,
PM,2021-10,,,,
PM,2021-11,,,,
PM,2021-12,,,,
PM,2022-01,,,,
PM,2022-02,,,,
PM,2022-03,,,,
PM,2022-04,,,,
PM,2022-05,,,,
PM,2022-06,,,,
PM,2022-07,,,,
PM,2022-08,,,,
PM,2022-09,,,,
PM,2022-10,,,,
PM,2022-11,,,,
PM,2022-12,,,,
PM,2023-01,,,,
PM,2023-02,,,,
PM,2023-03,,,,
PM,2023-04,,,,
PM,2023-05,,,,
PM,2023-06,,,,
PM,2023-07,,,,
PM,2023-08,,,,
PM,2023-09,,,,
PM,2023-10,,,,
PM,2023-11,,,,
PM,2023-12,,,,
PM,2024-01,,,,
PM,2024-02,,,,
PM,2024-03,,,,
PM,2024-04,,,,
PM,2024-05,,,,
PM,2024-06,,,,
PM,2024-07,,,,
PM,2024-08,,,,
PM,2024-09,,,,
PM,2024-10,,,,
PM,2024-11,,,,
PM,2024-12,,,,
PM,2025-01,,,,
PM,2025-02,,,,
PM,2025-03,,,,
PM,2025-04,,,,
PM,2025-05,,,,
PM,2025-06,,,,
PM,2025-07,,,,
PM,2025-08,,,,
PM,2025-09,,,,
PM,2025-10,,,,
PM,2025-11,,,,
PM,2025-12,,,,
PM,2026-01,,,,
PM,2026-02,,,,
PM,2026-03,,,,
PM,2026-04,,,,
PM,2026-05,,,,
PM,2026-06,,,,
PM,2026-07,,,,
PM,2026-08,,,,
PR,2019-01,0,0,0.6667,0.3333
PR,2019-02,0,0,0.668,0.332
PR,2019-03,0,0,0.6682,0.3318
PR,2019-04,0,0,0.5,0.5
PR,2019-05,0,0,0.6667,0.3333
PR,2019-06,0,0,0.6,0.4
PR,2019-07,0,0,0.6007,0.3993
PR,2019-08,0,0,0.5,0.5
PR,2019-09,0,0,0.6649,0.3351
PR,2019-10,0,0,0.6667,0.3333
PR,2019-11,0,0,0.6667,0.3333
PR,2019-12,0,0,0.665,0.335
PR,2020-01,0,0,0.6653,0.3347
PR,2020-02,0,0,0.6652,0.3348
PR,2020-03,0,0,0.6682,0.3318
PR,2020-04,0,0,0.7509,0.2491
PR,2020-05,0,0,0.6,0.4
PR,2020-06,0,0,0.6007,0.3993
PR,2020-07,0,0,0.6,0.4
PR,2020-08,0,0,0.7511,0.2489
PR,2020-09,0,0,0.6667,0.3333
PR,2020-10,0,0,0.6649,0.3351
PR,2020-11,0,0,0.665,0.335
PR,2020-12,0,0,0.6667,0.3333
PR,2021-01,0,0,0.6682,0.3318
PR,2021-02,0,0,0.5,0.5
PR,2021-03,0,0,0.5994,0.4006
PR,2021-04,0,0,0.75,0.25
PR,2021-05,0,0,0.6006,0.3994
PR,2021-06,0,0,0.6,0.4
PR,2021-07,0,0,0.6014,0.3986
PR,2021-08,0,0,0.5986,0.4014
PR,2021-09,0,0,0.75,0.25
PR,2021-10,0,0,0.6667,0.3333
PR,2021-11,0,0,0.6667,0.3333
PR,2021-12,0,0,0.6667,0.3333
PR,2022-01,0,0,0.6667,0.3333
PR,2022-02,0,0,0.6652,0.3348
PR,2022-03,0,0,0.6006,0.3994
PR,2022-04,0,0,0.5,0.5
PR,2022-05,0,0,0.6006,0.3994
PR,2022-06,0,0,0.5986,0.4014
PR,2022-07,0,0,0.5,0.5
PR,2022-08,0,0,0.6667,0.3333
PR,2022-09,0,0,1,0
PR,2022-10,0,0,0.6667,0.3333
PR,2022-11,0,0,0.6683,0.3317
PR,2022-12,0,0,0.6667,0.3333
PR,2023-01,0,0,0.6652,0.3348
PR,2023-02,0,0,0.6667,0.3333
PR,2023-03,0,0,0.6682,0.3318
PR,2023-04,0,0,0.6667,0.3333
PR,2023-05,0,0,0.6685,0.3315
PR,2023-06,0,0,0.6667,0.3333
PR,2023-07,0,0,0.6649,0.3351
PR,2023-08,0,0,0.6648,0.3352
PR,2023-09,0,0,1,0
PR,2023-10,0,0,1,0
PR,2023-11,0,0,1,0
PR,2023-12,0,0,0.6653,0.3347
PR,2024-01,0,0,0.6667,0.3333
PR,2024-02,0,0,0.6678,0.3322
PR,2024-03,0,0,0.668,0.332
PR,2024-04,0,0,0.6681,0.3319
PR,2024-05,0,0.2491,0.5018,0.2491
PR,2024-06,0,0,0.5,0.5
PR,2024-07,0,0,0.5,0.5
PR,2024-08,0,0.2,0.4,0.4
PR,2024-09,0,0.2509,0.4982,0.2509
PR,2024-10,0,0.249,0.5019,0.249
PR,2024-11,0,0,0.6681,0.3319
PR,2024-12,0,0,0.6653,0.3347
PR,2025-01,0,0,0.332,0.668
PR,2025-02,0,0,0.5,0.5
PR,2025-03,0,0,0.6667,0.3333
PR,2025-04,0,0,0.5,0.5
PR,2025-05,0,0,0.5,0.5
PR,2025-06,0,0,0.4006,0.5994
PR,2025-07,0,0,0.5,0.5
PR,2025-08,0,0,0.5,0.5
PR,2025-09,0,0,0.665,0.335
PR,2025-10,0,0,0.6667,0.3333
PR,2025-11,0,0,0.6682,0.3318
PR,2025-12,0,0,0.6667,0.3333
PR,2026-01,0,0,0.6667,0.3333
PR,2026-02,0,0,0.5,0.5
PR,2026-03,0,0,0.5,0.5
PR,2026-04,0,0,0.6681,0.3319
PR,2026-05,0,0,0.6681,0.3319
PR,2026-06,0,0,0.6681,0.3319
PR,2026-07,0,0,0.6681,0.3319
PR,2026-08,0,0,0.6681,0.3319
PS,2019-01,0.0033,0.5207,0.4528,0.0231
PS,2019-02,0.0033,0.5207,0.4528,0.0231
PS,2019-03,0.0033,0.5207,0.4528,0.0231
PS,2019-04,0.0033,0.5207,0.4528,0.0231
PS,2019-05,0.0033,0.5207,0.4528,0.0231
PS,2019-06,0.0033,0.5207,0.4528,0.0231
PS,2019-07,0.0033,0.5207,0.4528,0.0231
PS,2019-08,0.0033,0.5207,0.4528,0.0231
PS,2019-09,0.0033,0.5207,0.4528,0.0231
PS,2019-10,0.0033,0.5207,0.4528,0.0231
PS,2019-11,0.0033,0.5207,0.4528,0.0231
PS,2019-12,0.0033,0.5207,0.4528,0.0231
PS,2020-01,0.0033,0.5207,0.4528,0.0231
PS,2020-02,0.0033,0.5207,0.4528,0.0231
PS,2020-03,0.0033,0.5207,0.4528,0.0231
PS,2020-04,0.0033,0.5207,0.4528,0.0231
PS,2020-05,0.0033,0.5207,0.4528,0.0231
PS,2020-06,0.0033,0.5207,0.4528,0.0231
PS,2020-07,0.0033,0.5207,0.4528,0.0231
PS,2020-08,0.0033,0.5207,0.4528,0.0231
PS,2020-09,0.0033,0.5207,0.4528,0.0231
PS,2020-10,0.0033,0.5207,0.4528,0.0231
PS,2020-11,0.0033,0.5207,0.4528,0.0231
PS,2020-12,0.0033,0.5207,0.4528,0.0231
PS,2021-01,0.0033,0.5207,0.4528,0.0231
PS,2021-02,0.0033,0.5207,0.4528,0.0231
PS,2021-03,0.0033,0.5207,0.4528,0.0231
PS,2021-04,0.0033,0.5207,0.4528,0.0231
PS,2021-05,0.0033,0.5207,0.4528,0.0231
PS,2021-06,0.0033,0.5207,0.4528,0.0231
PS,2021-07,0.0033,0.5207,0.4528,0.0231
PS,2021-08,0.0033,0.5207,0.4528,0.0231
PS,2021-09,0.0033,0.5207,0.4528,0.0231
PS,2021-10,0.0033,0.5207,0.4528,0.0231
PS,2021-11,0.0033,0.5207,0.4528,0.0231
PS,2021-12,0.0033,0.5207,0.4528,0.0231
PS,2022-01,0.0033,0.5207,0.4528,0.0231
PS,2022-02,0.0033,0.5207,0.4528,0.0231
PS,2022-03,0.0033,0.5207,0.4528,0.0231
PS,2022-04,0.0033,0.5207,0.4528,0.0231
PS,2022-05,0.0033,0.5207,0.4528,0.0231
PS,2022-06,0.0033,0.5207,0.4528,0.0231
PS,2022-07,0.0033,0.5207,0.4528,0.0231
PS,2022-08,0.0033,0.5207,0.4528,0.0231
PS,2022-09,0.0033,0.5207,0.4528,0.0231
PS,2022-10,0.0033,0.5207,0.4528,0.0231
PS,2022-11,0.0033,0.5207,0.4528,0.0231
PS,2022-12,0.0033,0.5207,0.4528,0.0231
PS,2023-01,0.0033,0.5207,0.4528,0.0231
PS,2023-02,0.0033,0.5207,0.4528,0.0231
PS,2023-03,0.0033,0.5207,0.4528,0.0231
PS,2023-04,0.0033,0.5207,0.4528,0.0231
PS,2023-05,0.0033,0.5207,0.4528,0.0231
PS,2023-06,0.0033,0.5207,0.4528,0.0231
PS,2023-07,0.0033,0.5207,0.4528,0.0231
PS,2023-08,0.0033,0.5207,0.4528,0.0231
PS,2023-09,0.0033,0.5207,0.4528,0.0231
PS,2023-10,0.0033,0.5207,0.4528,0.0231
PS,2023-11,0.0033,0.5207,0.4528,0.0231
PS,2023-12,0.0033,0.5207,0.4528,0.0231
PS,2024-01,0.0033,0.5207,0.4528,0.0231
PS,2024-02,0.0033,0.5207,0.4528,0.0231
PS,2024-03,0.0033,0.5207,0.4528,0.0231
PS,2024-04,0.0033,0.5207,0.4528,0.0231
PS,2024-05,0.0033,0.5207,0.4528,0.0231
PS,2024-06,0.0033,0.5207,0.4528,0.0231
PS,2024-07,0.0033,0.5207,0.4528,0.0231
PS,2024-08,0.0033,0.5207,0.4528,0.0231
PS,2024-09,0.0033,0.5207,0.4528,0.0231
PS,2024-10,0.0033,0.5207,0.4528,0.0231
PS,2024-11,0.0033,0.5207,0.4528,0.0231
PS,2024-12,0.0033,0.5207,0.4528,0.0231
PS,2025-01,0.0033,0.5207,0.4528,0.0231
PS,2025-02,0.0033,0.5207,0.4528,0.0231
PS,2025-03,0.0033,0.5207,0.4528,0.0231
PS,2025-04,0.0033,0.5207,0.4528,0.0231
PS,2025-05,0.0033,0.5207,0.4528,0.0231
PS,2025-06,0.0033,0.5207,0.4528,0.0231
PS,2025-07,0.0033,0.5207,0.4528,0.0231
PS,2025-08,0.0033,0.5207,0.4528,0.0231
PS,2025-09,0.0033,0.5207,0.4528,0.0231
PS,2025-10,0.0033,0.5207,0.4528,0.0231
PS,2025-11,0.0033,0.5207,0.4528,0.0231
PS,2025-12,0.0033,0.5207,0.4528,0.0231
PS,2026-01,0.0033,0.5207,0.4528,0.0231
PS,2026-02,0.0033,0.5207,0.4528,0.0231
PS,2026-03,0.0033,0.5207,0.4528,0.0231
PS,2026-04,0.0033,0.5207,0.4528,0.0231
PS,2026-05,0.0033,0.5207,0.4528,0.0231
PS,2026-06,0.0033,0.5207,0.4528,0.0231
PS,2026-07,0.0033,0.5207,0.4528,0.0231
PS,2026-08,0.0033,0.5207,0.4528,0.0231
PT,2019-01,0.0962,0.2846,0.0294,0.5897
PT,2019-02,0.0789,0.3895,0.0467,0.4849
PT,2019-03,0.0888,0.3378,0.058,0.5154
PT,2019-04,0.0906,0.3026,0.0557,0.5511
PT,2019-05,0.1079,0.2388,0.077,0.5763
PT,2019-06,0.1655,0.1756,0.1111,0.5479
PT,2019-07,0.165,0.2419,0.1066,0.4865
PT,2019-08,0.1649,0.242,0.1023,0.4908
PT,2019-09,0.1391,0.281,0.0799,0.4999
PT,2019-10,0.145,0.214,0.0587,0.5824
PT,2019-11,0.0801,0.2265,0.0209,0.6725
PT,2019-12,0.0715,0.5,0.0165,0.4121
PT,2020-01,0.0798,0.5089,0.0237,0.3876
PT,2020-02,0.1048,0.5336,0.0433,0.3184
PT,2020-03,0.1022,0.3789,0.0526,0.4663
PT,2020-04,0.1122,0.4527,0.0624,0.3726
PT,2020-05,0.1249,0.4376,0.0963,0.3412
PT,2020-06,0.1365,0.3125,0.1133,0.4377
PT,2020-07,0.1609,0.2453,0.1401,0.4537
PT,2020-08,0.1663,0.2068,0.111,0.5159
PT,2020-09,0.1676,0.2815,0.0958,0.4551
PT,2020-10,0.1196,0.3033,0.0599,0.5171
PT,2020-11,0.1046,0.411,0.0348,0.4496
PT,2020-12,0.0921,0.3823,0.0285,0.4971
PT,2021-01,0.0921,0.4194,0.0319,0.4566
PT,2021-02,0.0644,0.5335,0.0258,0.3763
PT,2021-03,0.0942,0.5,0.0584,0.3474
PT,2021-04,0.1439,0.4537,0.0825,0.32
PT,2021-05,0.1344,0.2861,0.1076,0.4719
PT,2021-06,0.1513,0.3417,0.1023,0.4047
PT,2021-07,0.1292,0.3225,0.1335,0.4148
PT,2021-08,0.1621,0.2746,0.1624,0.4009
PT,2021-09,0.1638,0.2455,0.1345,0.4562
PT,2021-10,0.1461,0.2426,0.1136,0.4977
PT,2021-11,0.1317,0.2364,0.0685,0.5634
PT,2021-12,0.1044,0.2164,0.0417,0.6376
PT,2022-01,0.1219,0.2805,0.0767,0.5209
PT,2022-02,0.1499,0.1885,0.1251,0.5366
PT,2022-03,0.1162,0.2268,0.0867,0.5703
PT,2022-04,0.1272,0.2524,0.1328,0.4876
PT,2022-05,0.139,0.2499,0.1865,0.4246
PT,2022-06,0.1463,0.1685,0.234,0.4513
PT,2022-07,0.1649,0.1729,0.2286,0.4336
PT,2022-08,0.1655,0.1576,0.251,0.4259
PT,2022-09,0.1364,0.2185,0.1667,0.4783
PT,2022-10,0.13,0.1208,0.1319,0.6173
PT,2022-11,0.1017,0.2706,0.0845,0.5432
PT,2022-12,0.0706,0.4538,0.0354,0.4402
PT,2023-01,0.0634,0.5268,0.0634,0.3464
PT,2023-02,0.0867,0.3798,0.1118,0.4218
PT,2023-03,0.0971,0.3137,0.1515,0.4377
PT,2023-04,0.1194,0.2368,0.2437,0.4001
PT,2023-05,0.1007,0.1818,0.2521,0.4653
PT,2023-06,0.1075,0.3025,0.2765,0.3135
PT,2023-07,0.1064,0.1719,0.3079,0.4138
PT,2023-08,0.1125,0.1724,0.2872,0.428
PT,2023-09,0.1158,0.2555,0.2502,0.3785
PT,2023-10,0.0834,0.3017,0.1358,0.479
PT,2023-11,0.0562,0.4719,0.0843,0.3876
PT,2023-12,0.0762,0.4728,0.08,0.3709
PT,2024-01,0.0716,0.5109,0.0795,0.338
PT,2024-02,0.066,0.4068,0.1097,0.4174
PT,2024-03,0.0572,0.4737,0.1075,0.3616
PT,2024-04,0.0733,0.4457,0.1686,0.3125
PT,2024-05,0.0949,0.3088,0.2543,0.342
PT,2024-06,0.1012,0.3122,0.2994,0.2872
PT,2024-07,0.0973,0.2617,0.3534,0.2875
PT,2024-08,0.1067,0.2092,0.3565,0.3276
PT,2024-09,0.0966,0.213,0.2776,0.4128
PT,2024-10,0.0734,0.3061,0.1596,0.4609
PT,2024-11,0.0804,0.2863,0.1329,0.5004
PT,2024-12,0.097,0.2439,0.1802,0.4789
PT,2025-01,0.0675,0.3426,0.1113,0.4785
PT,2025-02,0.0627,0.5222,0.1473,0.2678
PT,2025-03,0.0557,0.4237,0.1551,0.3655
PT,2025-04,0.0631,0.4408,0.1736,0.3226
PT,2025-05,0.066,0.4036,0.3066,0.2237
PT,2025-06,0.0783,0.254,0.3939,0.2738
PT,2025-07,0.077,0.1743,0.4078,0.341
PT,2025-08,0.0916,0.2027,0.3984,0.3073
PT,2025-09,0.0893,0.186,0.3319,0.3928
PT,2025-10,0.0944,0.2266,0.2805,0.3985
PT,2025-11,0.0775,0.2999,0.1572,0.4653
PT,2025-12,0.0721,0.4282,0.1093,0.3904
PT,2026-01,0.0574,0.3861,0.0839,0.4727
PT,2026-02,0.0525,0.3702,0.1166,0.4607
PT,2026-03,0.0609,0.4069,0.1917,0.3405
PT,2026-04,0.0829,0.2979,0.3267,0.2925
PT,2026-05,0.0743,0.2856,0.36,0.28
PT,2026-06,0.0685,0.1987,0.4218,0.311
PT,2026-07,0.0685,0.1987,0.4218,0.311
PT,2026-08,0.0685,0.1987,0.4218,0.311
PY,2019-01,0.0028,0.9972,0,0
PY,2019-02,0.0028,0.9972,0,0
PY,2019-03,0.0028,0.9972,0,0
PY,2019-04,0.0028,0.9972,0,0
PY,2019-05,0.0028,0.9972,0,0
PY,2019-06,0.0028,0.9972,0,0
PY,2019-07,0.0028,0.9972,0,0
PY,2019-08,0.0028,0.9972,0,0
PY,2019-09,0.0028,0.9972,0,0
PY,2019-10,0.0028,0.9972,0,0
PY,2019-11,0.0028,0.9972,0,0
PY,2019-12,0.0028,0.9972,0,0
PY,2020-01,0.0028,0.9972,0,0
PY,2020-02,0.0028,0.9972,0,0
PY,2020-03,0.0028,0.9972,0,0
PY,2020-04,0.0028,0.9972,0,0
PY,2020-05,0.0028,0.9972,0,0
PY,2020-06,0.0028,0.9972,0,0
PY,2020-07,0.0028,0.9972,0,0
PY,2020-08,0.0028,0.9972,0,0
PY,2020-09,0.0028,0.9972,0,0
PY,2020-10,0.0028,0.9972,0,0
PY,2020-11,0.0028,0.9972,0,0
PY,2020-12,0.0028,0.9972,0,0
PY,2021-01,0.0028,0.9972,0,0
PY,2021-02,0.0028,0.9972,0,0
PY,2021-03,0.0028,0.9972,0,0
PY,2021-04,0.0028,0.9972,0,0
PY,2021-05,0.0028,0.9972,0,0
PY,2021-06,0.0028,0.9972,0,0
PY,2021-07,0.0028,0.9972,0,0
PY,2021-08,0.0028,0.9972,0,0
PY,2021-09,0.0028,0.9972,0,0
PY,2021-10,0.0028,0.9972,0,0
PY,2021-11,0.0028,0.9972,0,0
PY,2021-12,0.0028,0.9972,0,0
PY,2022-01,0.0028,0.9972,0,0
PY,2022-02,0.0028,0.9972,0,0
PY,2022-03,0.0028,0.9972,0,0
PY,2022-04,0.0028,0.9972,0,0
PY,2022-05,0.0028,0.9972,0,0
PY,2022-06,0.0028,0.9972,0,0
PY,2022-07,0.0028,0.9972,0,0
PY,2022-08,0.0028,0.9972,0,0
PY,2022-09,0.0028,0.9972,0,0
PY,2022-10,0.0028,0.9972,0,0
PY,2022-11,0.0028,0.9972,0,0
PY,2022-12,0.0028,0.9972,0,0
PY,2023-01,0.0028,0.9972,0,0
PY,2023-02,0.0028,0.9972,0,0
PY,2023-03,0.0028,0.9972,0,0
PY,2023-04,0.0028,0.9972,0,0
PY,2023-05,0.0028,0.9972,0,0
PY,2023-06,0.0028,0.9972,0,0
PY,2023-07,0.0028,0.9972,0,0
PY,2023-08,0.0028,0.9972,0,0
PY,2023-09,0.0028,0.9972,0,0
PY,2023-10,0.0028,0.9972,0,0
PY,2023-11,0.0028,0.9972,0,0
PY,2023-12,0.0028,0.9972,0,0
PY,2024-01,0.0028,0.9972,0,0
PY,2024-02,0.0028,0.9972,0,0
PY,2024-03,0.0028,0.9972,0,0
PY,2024-04,0.0028,0.9972,0,0
PY,2024-05,0.0028,0.9972,0,0
PY,2024-06,0.0028,0.9972,0,0
PY,2024-07,0.0028,0.9972,0,0
PY,2024-08,0.0028,0.9972,0,0
PY,2024-09,0.0028,0.9972,0,0
PY,2024-10,0.0028,0.9972,0,0
PY,2024-11,0.0028,0.9972,0,0
PY,2024-12,0.0028,0.9972,0,0
PY,2025-01,0.0028,0.9972,0,0
PY,2025-02,0.0028,0.9972,0,0
PY,2025-03,0.0028,0.9972,0,0
PY,2025-04,0.0028,0.9972,0,0
PY,2025-05,0.0028,0.9972,0,0
PY,2025-06,0.0028,0.9972,0,0
PY,2025-07,0.0028,0.9972,0,0
PY,2025-08,0.0028,0.9972,0,0
PY,2025-09,0.0028,0.9972,0,0
PY,2025-10,0.0028,0.9972,0,0
PY,2025-11,0.0028,0.9972,0,0
PY,2025-12,0.0028,0.9972,0,0
PY,2026-01,0.0028,0.9972,0,0
PY,2026-02,0.0028,0.9972,0,0
PY,2026-03,0.0028,0.9972,0,0
PY,2026-04,0.0028,0.9972,0,0
PY,2026-05,0.0028,0.9972,0,0
PY,2026-06,0.0028,0.9972,0,0
PY,2026-07,0.0028,0.9972,0,0
PY,2026-08,0.0028,0.9972,0,0
QA,2019-01,,,,
QA,2019-02,,,,
QA,2019-03,,,,
QA,2019-04,,,,
QA,2019-05,,,,
QA,2019-06,,,,
QA,2019-07,,,,
QA,2019-08,,,,
QA,2019-09,,,,
QA,2019-10,,,,
QA,2019-11,,,,
QA,2019-12,,,,
QA,2020-01,,,,
QA,2020-02,,,,
QA,2020-03,,,,
QA,2020-04,,,,
QA,2020-05,,,,
QA,2020-06,,,,
QA,2020-07,,,,
QA,2020-08,,,,
QA,2020-09,,,,
QA,2020-10,,,,
QA,2020-11,,,,
QA,2020-12,,,,
QA,2021-01,,,,
QA,2021-02,,,,
QA,2021-03,,,,
QA,2021-04,,,,
QA,2021-05,,,,
QA,2021-06,,,,
QA,2021-07,,,,
QA,2021-08,,,,
QA,2021-09,,,,
QA,2021-10,,,,
QA,2021-11,,,,
QA,2021-12,,,,
QA,2022-01,,,,
QA,2022-02,,,,
QA,2022-03,,,,
QA,2022-04,,,,
QA,2022-05,,,,
QA,2022-06,,,,
QA,2022-07,,,,
QA,2022-08,,,,
QA,2022-09,,,,
QA,2022-10,,,,
QA,2022-11,,,,
QA,2022-12,,,,
QA,2023-01,,,,
QA,2023-02,,,,
QA,2023-03,,,,
QA,2023-04,,,,
QA,2023-05,,,,
QA,2023-06,,,,
QA,2023-07,,,,
QA,2023-08,,,,
QA,2023-09,,,,
QA,2023-10,,,,
QA,2023-11,,,,
QA,2023-12,,,,
QA,2024-01,,,,
QA,2024-02,,,,
QA,2024-03,,,,
QA,2024-04,,,,
QA,2024-05,,,,
QA,2024-06,,,,
QA,2024-07,,,,
QA,2024-08,,,,
QA,2024-09,,,,
QA,2024-10,,,,
QA,2024-11,,,,
QA,2024-12,,,,
QA,2025-01,,,,
QA,2025-02,,,,
QA,2025-03,,,,
QA,2025-04,,,,
QA,2025-05,,,,
QA,2025-06,,,,
QA,2025-07,,,,
QA,2025-08,,,,
QA,2025-09,,,,
QA,2025-10,,,,
QA,2025-11,,,,
QA,2025-12,,,,
QA,2026-01,,,,
QA,2026-02,,,,
QA,2026-03,,,,
QA,2026-04,,,,
QA,2026-05,,,,
QA,2026-06,,,,
QA,2026-07,,,,
QA,2026-08,,,,
RE,2019-01,0.2736,0.4422,0.2736,0.0106
RE,2019-02,0.2736,0.4422,0.2736,0.0106
RE,2019-03,0.2736,0.4422,0.2736,0.0106
RE,2019-04,0.2736,0.4422,0.2736,0.0106
RE,2019-05,0.2736,0.4422,0.2736,0.0106
RE,2019-06,0.2736,0.4422,0.2736,0.0106
RE,2019-07,0.2736,0.4422,0.2736,0.0106
RE,2019-08,0.2736,0.4422,0.2736,0.0106
RE,2019-09,0.2736,0.4422,0.2736,0.0106
RE,2019-10,0.2736,0.4422,0.2736,0.0106
RE,2019-11,0.2736,0.4422,0.2736,0.0106
RE,2019-12,0.2736,0.4422,0.2736,0.0106
RE,2020-01,0.2736,0.4422,0.2736,0.0106
RE,2020-02,0.2736,0.4422,0.2736,0.0106
RE,2020-03,0.2736,0.4422,0.2736,0.0106
RE,2020-04,0.2736,0.4422,0.2736,0.0106
RE,2020-05,0.2736,0.4422,0.2736,0.0106
RE,2020-06,0.2736,0.4422,0.2736,0.0106
RE,2020-07,0.2736,0.4422,0.2736,0.0106
RE,2020-08,0.2736,0.4422,0.2736,0.0106
RE,2020-09,0.2736,0.4422,0.2736,0.0106
RE,2020-10,0.2736,0.4422,0.2736,0.0106
RE,2020-11,0.2736,0.4422,0.2736,0.0106
RE,2020-12,0.2736,0.4422,0.2736,0.0106
RE,2021-01,0.2736,0.4422,0.2736,0.0106
RE,2021-02,0.2736,0.4422,0.2736,0.0106
RE,2021-03,0.2736,0.4422,0.2736,0.0106
RE,2021-04,0.2736,0.4422,0.2736,0.0106
RE,2021-05,0.2736,0.4422,0.2736,0.0106
RE,2021-06,0.2736,0.4422,0.2736,0.0106
RE,2021-07,0.2736,0.4422,0.2736,0.0106
RE,2021-08,0.2736,0.4422,0.2736,0.0106
RE,2021-09,0.2736,0.4422,0.2736,0.0106
RE,2021-10,0.2736,0.4422,0.2736,0.0106
RE,2021-11,0.2736,0.4422,0.2736,0.0106
RE,2021-12,0.2736,0.4422,0.2736,0.0106
RE,2022-01,0.2736,0.4422,0.2736,0.0106
RE,2022-02,0.2736,0.4422,0.2736,0.0106
RE,2022-03,0.2736,0.4422,0.2736,0.0106
RE,2022-04,0.2736,0.4422,0.2736,0.0106
RE,2022-05,0.2736,0.4422,0.2736,0.0106
RE,2022-06,0.2736,0.4422,0.2736,0.0106
RE,2022-07,0.2736,0.4422,0.2736,0.0106
RE,2022-08,0.2736,0.4422,0.2736,0.0106
RE,2022-09,0.2736,0.4422,0.2736,0.0106
RE,2022-10,0.2736,0.4422,0.2736,0.0106
RE,2022-11,0.2736,0.4422,0.2736,0.0106
RE,2022-12,0.2736,0.4422,0.2736,0.0106
RE,2023-01,0.2736,0.4422,0.2736,0.0106
RE,2023-02,0.2736,0.4422,0.2736,0.0106
RE,2023-03,0.2736,0.4422,0.2736,0.0106
RE,2023-04,0.2736,0.4422,0.2736,0.0106
RE,2023-05,0.2736,0.4422,0.2736,0.0106
RE,2023-06,0.2736,0.4422,0.2736,0.0106
RE,2023-07,0.2736,0.4422,0.2736,0.0106
RE,2023-08,0.2736,0.4422,0.2736,0.0106
RE,2023-09,0.2736,0.4422,0.2736,0.0106
RE,2023-10,0.2736,0.4422,0.2736,0.0106
RE,2023-11,0.2736,0.4422,0.2736,0.0106
RE,2023-12,0.2736,0.4422,0.2736,0.0106
RE,2024-01,0.2736,0.4422,0.2736,0.0106
RE,2024-02,0.2736,0.4422,0.2736,0.0106
RE,2024-03,0.2736,0.4422,0.2736,0.0106
RE,2024-04,0.2736,0.4422,0.2736,0.0106
RE,2024-05,0.2736,0.4422,0.2736,0.0106
RE,2024-06,0.2736,0.4422,0.2736,0.0106
RE,2024-07,0.2736,0.4422,0.2736,0.0106
RE,2024-08,0.2736,0.4422,0.2736,0.0106
RE,2024-09,0.2736,0.4422,0.2736,0.0106
RE,2024-10,0.2736,0.4422,0.2736,0.0106
RE,2024-11,0.2736,0.4422,0.2736,0.0106
RE,2024-12,0.2736,0.4422,0.2736,0.0106
RE,2025-01,0.2736,0.4422,0.2736,0.0106
RE,2025-02,0.2736,0.4422,0.2736,0.0106
RE,2025-03,0.2736,0.4422,0.2736,0.0106
RE,2025-04,0.2736,0.4422,0.2736,0.0106
RE,2025-05,0.2736,0.4422,0.2736,0.0106
RE,2025-06,0.2736,0.4422,0.2736,0.0106
RE,2025-07,0.2736,0.4422,0.2736,0.0106
RE,2025-08,0.2736,0.4422,0.2736,0.0106
RE,2025-09,0.2736,0.4422,0.2736,0.0106
RE,2025-10,0.2736,0.4422,0.2736,0.0106
RE,2025-11,0.2736,0.4422,0.2736,0.0106
RE,2025-12,0.2736,0.4422,0.2736,0.0106
RE,2026-01,0.2736,0.4422,0.2736,0.0106
RE,2026-02,0.2736,0.4422,0.2736,0.0106
RE,2026-03,0.2736,0.4422,0.2736,0.0106
RE,2026-04,0.2736,0.4422,0.2736,0.0106
RE,2026-05,0.2736,0.4422,0.2736,0.0106
RE,2026-06,0.2736,0.4422,0.2736,0.0106
RE,2026-07,0.2736,0.4422,0.2736,0.0106
RE,2026-08,0.2736,0.4422,0.2736,0.0106
RO,2019-01,0.0247,0.5314,0.022,0.4219
RO,2019-02,0.021,0.5968,0.0419,0.3403
RO,2019-03,0.0186,0.6158,0.0648,0.3009
RO,2019-04,0.0136,0.6409,0.0592,0.2864
RO,2019-05,0.0099,0.7657,0.0462,0.1782
RO,2019-06,0.0068,0.8152,0.0547,0.1233
RO,2019-07,0.0179,0.7364,0.0863,0.1595
RO,2019-08,0.0297,0.6075,0.1067,0.2561
RO,2019-09,0.0274,0.5662,0.0938,0.3125
RO,2019-10,0.0351,0.6075,0.081,0.2764
RO,2019-11,0.0235,0.5304,0.0275,0.4185
RO,2019-12,0.0227,0.5613,0.0261,0.3899
RO,2020-01,0.0291,0.5891,0.0328,0.349
RO,2020-02,0.0274,0.532,0.041,0.3996
RO,2020-03,0.022,0.5569,0.0483,0.3728
RO,2020-04,0.0167,0.5754,0.088,0.32
RO,2020-05,0.0249,0.554,0.0835,0.3375
RO,2020-06,0.016,0.7854,0.0674,0.1312
RO,2020-07,0.0157,0.7471,0.0734,0.1637
RO,2020-08,0.017,0.6825,0.0829,0.2176
RO,2020-09,0.0193,0.5916,0.0817,0.3074
RO,2020-10,0.0294,0.6461,0.0474,0.2771
RO,2020-11,0.0325,0.711,0.0298,0.2267
RO,2020-12,0.0292,0.6044,0.0143,0.3521
RO,2021-01,0.0203,0.6485,0.016,0.3152
RO,2021-02,0.0227,0.7196,0.0312,0.2265
RO,2021-03,0.0256,0.6354,0.0504,0.2886
RO,2021-04,0.024,0.7296,0.0604,0.186
RO,2021-05,0.0171,0.7534,0.0549,0.1747
RO,2021-06,0.0182,0.7591,0.0547,0.168
RO,2021-07,0.0213,0.7209,0.0848,0.173
RO,2021-08,0.0348,0.6562,0.0968,0.2122
RO,2021-09,0.0296,0.6102,0.0867,0.2735
RO,2021-10,0.0356,0.5536,0.0641,0.3466
RO,2021-11,0.0385,0.5736,0.0401,0.3479
RO,2021-12,0.026,0.5532,0.015,0.4058
RO,2022-01,0.0209,0.529,0.025,0.425
RO,2022-02,0.0302,0.5389,0.0516,0.3793
RO,2022-03,0.0282,0.5284,0.0669,0.3765
RO,2022-04,0.0221,0.5796,0.0664,0.3318
RO,2022-05,0.0227,0.7227,0.091,0.1636
RO,2022-06,0.0219,0.6856,0.0997,0.1927
RO,2022-07,0.0262,0.618,0.1167,0.2391
RO,2022-08,0.03,0.5761,0.1115,0.2825
RO,2022-09,0.024,0.6025,0.0662,0.3073
RO,2022-10,0.0296,0.6636,0.0768,0.2301
RO,2022-11,0.0304,0.5939,0.0304,0.3453
RO,2022-12,0.0253,0.6514,0.0201,0.3031
RO,2023-01,0.0157,0.6088,0.0157,0.3598
RO,2023-02,0.0175,0.587,0.0391,0.3565
RO,2023-03,0.0159,0.6852,0.0598,0.2391
RO,2023-04,0.0101,0.6984,0.0542,0.2373
RO,2023-05,0.0104,0.7473,0.0727,0.1696
RO,2023-06,0.007,0.7958,0.0796,0.1176
RO,2023-07,0.0087,0.6477,0.1305,0.2131
RO,2023-08,0.012,0.6068,0.1526,0.2286
RO,2023-09,0.0163,0.5026,0.1422,0.3389
RO,2023-10,0.0169,0.5193,0.1118,0.3519
RO,2023-11,0.0144,0.5865,0.0481,0.351
RO,2023-12,0.0174,0.6464,0.0349,0.3013
RO,2024-01,0.0161,0.6169,0.0444,0.3226
RO,2024-02,0.0165,0.5976,0.0747,0.3112
RO,2024-03,0.0168,0.6203,0.1097,0.2531
RO,2024-04,0.0182,0.6051,0.1684,0.2084
RO,2024-05,0.0217,0.5827,0.2035,0.192
RO,2024-06,0.0162,0.59,0.2371,0.1567
RO,2024-07,0.0239,0.5232,0.2823,0.1706
RO,2024-08,0.0274,0.4709,0.3017,0.1999
RO,2024-09,0.018,0.4705,0.223,0.2886
RO,2024-10,0.0247,0.5549,0.1868,0.2336
RO,2024-11,0.0259,0.5224,0.1149,0.3368
RO,2024-12,0.0237,0.503,0.0439,0.4294
RO,2025-01,0.0316,0.5381,0.1064,0.3239
RO,2025-02,0.0311,0.5028,0.1485,0.3176
RO,2025-03,0.0266,0.4885,0.196,0.289
RO,2025-04,0.0179,0.5124,0.2358,0.2339
RO,2025-05,0.0156,0.5177,0.2584,0.2083
RO,2025-06,0.0156,0.4693,0.3454,0.1697
RO,2025-07,0.024,0.4088,0.38,0.1872
RO,2025-08,0.0179,0.4349,0.3651,0.1821
RO,2025-09,0.0201,0.4254,0.3243,0.2302
RO,2025-10,0.0209,0.4706,0.2027,0.3057
RO,2025-11,0.021,0.5949,0.0972,0.2869
RO,2025-12,0.0237,0.6424,0.0424,0.2915
RO,2026-01,0.0242,0.5818,0.0481,0.3459
RO,2026-02,0.0197,0.6084,0.0709,0.3009
RO,2026-03,0.0184,0.5807,0.1613,0.2396
RO,2026-04,0.0137,0.6027,0.169,0.2146
RO,2026-05,0.0153,0.5217,0.2115,0.2515
RO,2026-06,0.0187,0.5469,0.3028,0.1316
RO,2026-07,0.0187,0.5469,0.3028,0.1316
RO,2026-08,0.0187,0.5469,0.3028,0.1316
RS,2019-01,0.0247,0.8575,0.005,0.1129
RS,2019-02,0.0099,0.9206,0.0002,0.0693
RS,2019-03,0.0087,0.9218,0,0.0695
RS,2019-04,0.0099,0.8901,0,0.1001
RS,2019-05,0.0092,0.9363,0.0015,0.053
RS,2019-06,0.0097,0.9607,0,0.0295
RS,2019-07,0.0178,0.9224,0.0085,0.0513
RS,2019-08,0.0193,0.8871,0.0066,0.087
RS,2019-09,0.0222,0.8498,0.0081,0.1199
RS,2019-10,0.0234,0.8455,0.0051,0.126
RS,2019-11,0.0112,0.7866,0,0.2022
RS,2019-12,0.016,0.8246,0.0023,0.157
RS,2020-01,0.0239,0.8606,0.0054,0.1101
RS,2020-02,0.0115,0.8491,0,0.1394
RS,2020-03,0.009,0.8829,0,0.1082
RS,2020-04,0.0143,0.8858,0,0.0999
RS,2020-05,0.0129,0.8703,0,0.1168
RS,2020-06,0.0107,0.9148,0,0.0745
RS,2020-07,0.0117,0.9413,0,0.047
RS,2020-08,0.012,0.9047,0,0.0834
RS,2020-09,0.0144,0.8551,0,0.1305
RS,2020-10,0.0101,0.8981,0,0.0918
RS,2020-11,0.0269,0.9246,0.0017,0.0469
RS,2020-12,0.0288,0.7931,0.0027,0.1754
RS,2021-01,0.0144,0.8986,0,0.0869
RS,2021-02,0.0143,0.9143,0,0.0714
RS,2021-03,0.0158,0.9129,0,0.0713
RS,2021-04,0.016,0.9117,0.0008,0.0714
RS,2021-05,0.0157,0.898,0.0014,0.0849
RS,2021-06,0.0402,0.8978,0.0083,0.0536
RS,2021-07,0.0258,0.878,0.0086,0.0876
RS,2021-08,0.0312,0.877,0.0107,0.0811
RS,2021-09,0.0358,0.8485,0.0104,0.1053
RS,2021-10,0.0401,0.706,0.0171,0.2368
RS,2021-11,0.0364,0.774,0.0088,0.1809
RS,2021-12,0.0277,0.8356,0.005,0.1317
RS,2022-01,0.0298,0.8296,0.0083,0.1322
RS,2022-02,0.0334,0.7593,0.015,0.1922
RS,2022-03,0.03,0.8411,0.0159,0.1129
RS,2022-04,0.0258,0.8555,0.0172,0.1015
RS,2022-05,0.0299,0.8266,0.0329,0.1107
RS,2022-06,0.0348,0.8277,0.0352,0.1022
RS,2022-07,0.0442,0.7848,0.0371,0.134
RS,2022-08,0.0517,0.8169,0.0382,0.0931
RS,2022-09,0.0411,0.7992,0.0192,0.1405
RS,2022-10,0.0344,0.8169,0.0078,0.1409
RS,2022-11,0.0316,0.8371,0.0032,0.1281
RS,2022-12,0.0174,0.8626,0.0003,0.1197
RS,2023-01,0.0166,0.891,0.0006,0.0918
RS,2023-02,0.0183,0.9082,0,0.0735
RS,2023-03,0.014,0.9157,0,0.0703
RS,2023-04,0.0152,0.9313,0,0.0534
RS,2023-05,0.0165,0.8944,0.0089,0.0802
RS,2023-06,0.015,0.9477,0,0.0374
RS,2023-07,0.0243,0.9268,0,0.0489
RS,2023-08,0.025,0.925,0,0.05
RS,2023-09,0.0316,0.8722,0.0013,0.0948
RS,2023-10,0.0377,0.7926,0,0.1697
RS,2023-11,0.0165,0.8851,0,0.0983
RS,2023-12,0.013,0.9416,0,0.0454
RS,2024-01,0.0226,0.9172,0,0.0602
RS,2024-02,0.0161,0.8871,0,0.0968
RS,2024-03,0.0165,0.8677,0,0.1158
RS,2024-04,0.0192,0.8847,0,0.0961
RS,2024-05,0.0257,0.8217,0.0251,0.1275
RS,2024-06,0.0237,0.8845,0.0257,0.066
RS,2024-07,0.0307,0.8167,0.054,0.0986
RS,2024-08,0.0432,0.7701,0.0718,0.115
RS,2024-09,0.0333,0.765,0.0271,0.1747
RS,2024-10,0.0207,0.8658,0,0.1135
RS,2024-11,0.0306,0.8151,0.0034,0.1509
RS,2024-12,0.0288,0.8235,0.0077,0.14
RS,2025-01,0.0213,0.8605,0.0021,0.1161
RS,2025-02,0.0235,0.8022,0.0028,0.1715
RS,2025-03,0.0288,0.8363,0.0008,0.1341
RS,2025-04,0.0186,0.8592,0.0061,0.1161
RS,2025-05,0.0283,0.8184,0.039,0.1144
RS,2025-06,0.0479,0.7817,0.0422,0.1282
RS,2025-07,0.058,0.8007,0.0053,0.1359
RS,2025-08,0.0498,0.7696,0.0133,0.1672
RS,2025-09,0.0525,0.6968,0.0194,0.2313
RS,2025-10,0.0526,0.6753,0.0389,0.2332
RS,2025-11,0.0396,0.7965,0.0105,0.1534
RS,2025-12,0.037,0.7956,0.0091,0.1583
RS,2026-01,0.0284,0.8073,0.0051,0.1592
RS,2026-02,0.0219,0.8175,0,0.1607
RS,2026-03,0.0271,0.798,0.0056,0.1693
RS,2026-04,0.0328,0.7837,0.0421,0.1414
RS,2026-05,0.0462,0.6781,0.0908,0.1848
RS,2026-06,0.0482,0.7431,0.0934,0.1153
RS,2026-07,0.0482,0.7431,0.0934,0.1153
RS,2026-08,0.0482,0.7431,0.0934,0.1153
RU,2019-01,0.0038,0.9924,0.0015,0.0023
RU,2019-02,0.0036,0.9905,0.0036,0.0022
RU,2019-03,0.0034,0.9865,0.0074,0.0027
RU,2019-04,0.003,0.9854,0.0097,0.0018
RU,2019-05,0.0025,0.9868,0.0096,0.001
RU,2019-06,0.0026,0.9856,0.0103,0.0015
RU,2019-07,0.0019,0.9878,0.0094,0.0009
RU,2019-08,0.0022,0.9881,0.0079,0.0018
RU,2019-09,0.0023,0.9902,0.0066,0.0009
RU,2019-10,0.0021,0.9904,0.0059,0.0016
RU,2019-11,0.0027,0.9926,0.0032,0.0016
RU,2019-12,0.0031,0.9926,0.0025,0.0019
RU,2020-01,0.005,0.99,0.0025,0.0025
RU,2020-02,0.0046,0.9855,0.0058,0.0041
RU,2020-03,0.0037,0.98,0.01,0.0063
RU,2020-04,0.0033,0.9776,0.0124,0.0067
RU,2020-05,0.0024,0.9799,0.0114,0.0063
RU,2020-06,0.0027,0.9809,0.0121,0.0043
RU,2020-07,0.0036,0.9782,0.0138,0.0045
RU,2020-08,0.0037,0.9789,0.0133,0.0041
RU,2020-09,0.0027,0.9775,0.0117,0.0081
RU,2020-10,0.0034,0.979,0.0088,0.0088
RU,2020-11,0.0038,0.9826,0.0049,0.0087
RU,2020-12,0.0048,0.9796,0.0036,0.012
RU,2021-01,0.0051,0.9743,0.0039,0.0167
RU,2021-02,0.0044,0.9714,0.0063,0.0178
RU,2021-03,0.0041,0.9627,0.0124,0.0207
RU,2021-04,0.0036,0.9695,0.0135,0.0135
RU,2021-05,0.0023,0.9726,0.0135,0.0116
RU,2021-06,0.0024,0.9742,0.0137,0.0097
RU,2021-07,0.0026,0.9746,0.0151,0.0078
RU,2021-08,0.0031,0.9717,0.0142,0.0111
RU,2021-09,0.0033,0.9723,0.011,0.0134
RU,2021-10,0.0037,0.9588,0.0102,0.0273
RU,2021-11,0.0041,0.9629,0.0052,0.0278
RU,2021-12,0.0045,0.9644,0.0032,0.028
RU,2022-01,0.0045,0.9573,0.0032,0.0351
RU,2022-02,0.0046,0.9574,0.0079,0.0302
RU,2022-03,0.005,0.9497,0.0137,0.0317
RU,2022-04,0.0037,0.9516,0.0152,0.0294
RU,2022-05,0.0026,0.96,0.0153,0.0221
RU,2022-06,0.0024,0.9685,0.017,0.0121
RU,2022-07,0.0028,0.9639,0.0183,0.015
RU,2022-08,0.0036,0.9475,0.0199,0.029
RU,2022-09,0.0039,0.9581,0.0151,0.0229
RU,2022-10,0.0042,0.9593,0.0102,0.0263
RU,2022-11,0.0048,0.9598,0.0068,0.0286
RU,2022-12,0.0058,0.9573,0.0029,0.034
RU,2023-01,0.0057,0.9652,0.0028,0.0263
RU,2023-02,0.0055,0.9654,0.0055,0.0235
RU,2023-03,0.0055,0.9624,0.0089,0.0233
RU,2023-04,0.0037,0.9618,0.0133,0.0212
RU,2023-05,0.0034,0.9685,0.0145,0.0136
RU,2023-06,0.0029,0.968,0.0165,0.0126
RU,2023-07,0.0033,0.9638,0.0155,0.0174
RU,2023-08,0.0034,0.9624,0.0151,0.019
RU,2023-09,0.0035,0.9636,0.0133,0.0196
RU,2023-10,0.0039,0.9597,0.0105,0.0259
RU,2023-11,0.0042,0.9617,0.006,0.0281
RU,2023-12,0.0053,0.9599,0.002,0.0328
RU,2024-01,0.0054,0.9591,0.0013,0.0342
RU,2024-02,0.0053,0.957,0.0046,0.033
RU,2024-03,0.0048,0.9604,0.009,0.0258
RU,2024-04,0.0034,0.9587,0.0123,0.0255
RU,2024-05,0.0029,0.9662,0.0122,0.0187
RU,2024-06,0.0029,0.9653,0.0153,0.0165
RU,2024-07,0.0034,0.9632,0.0169,0.0164
RU,2024-08,0.0034,0.9604,0.0171,0.0191
RU,2024-09,0.0035,0.9508,0.0162,0.0294
RU,2024-10,0.0041,0.9593,0.0128,0.0239
RU,2024-11,0.0052,0.9624,0.0065,0.0259
RU,2024-12,0.005,0.9648,0.0029,0.0273
RU,2025-01,0.0057,0.9629,0.0014,0.03
RU,2025-02,0.0058,0.9674,0.0051,0.0217
RU,2025-03,0.0055,0.957,0.0102,0.0273
RU,2025-04,0.0047,0.9618,0.0147,0.0188
RU,2025-05,0.0027,0.9647,0.014,0.0185
RU,2025-06,0.0027,0.9621,0.0154,0.0199
RU,2025-07,0.0029,0.9637,0.0169,0.0165
RU,2025-08,0.0031,0.9614,0.017,0.0185
RU,2025-09,0.003,0.9615,0.0145,0.021
RU,2025-10,0.0033,0.9654,0.0099,0.0214
RU,2025-11,0.0043,0.9707,0.0073,0.0177
RU,2025-12,0.0047,0.9676,0.0027,0.025
RU,2026-01,0.0049,0.9679,0.0021,0.0251
RU,2026-02,0.0057,0.96,0.0057,0.0286
RU,2026-03,0.0044,0.9575,0.0114,0.0266
RU,2026-04,0.0037,0.9574,0.0142,0.0247
RU,2026-05,0.0027,0.9678,0.0152,0.0143
RU,2026-06,0.0027,0.9678,0.0152,0.0143
RU,2026-07,0.0027,0.9678,0.0152,0.0143
RU,2026-08,0.0027,0.9678,0.0152,0.0143
RW,2019-01,0.0002,0.9285,0.0697,0.0015
RW,2019-02,0.0002,0.9285,0.0697,0.0015
RW,2019-03,0.0002,0.9285,0.0697,0.0015
RW,2019-04,0.0002,0.9285,0.0697,0.0015
RW,2019-05,0.0002,0.9285,0.0697,0.0015
RW,2019-06,0.0002,0.9285,0.0697,0.0015
RW,2019-07,0.0002,0.9285,0.0697,0.0015
RW,2019-08,0.0002,0.9285,0.0697,0.0015
RW,2019-09,0.0002,0.9285,0.0697,0.0015
RW,2019-10,0.0002,0.9285,0.0697,0.0015
RW,2019-11,0.0002,0.9285,0.0697,0.0015
RW,2019-12,0.0002,0.9285,0.0697,0.0015
RW,2020-01,0.0002,0.9285,0.0697,0.0015
RW,2020-02,0.0002,0.9285,0.0697,0.0015
RW,2020-03,0.0002,0.9285,0.0697,0.0015
RW,2020-04,0.0002,0.9285,0.0697,0.0015
RW,2020-05,0.0002,0.9285,0.0697,0.0015
RW,2020-06,0.0002,0.9285,0.0697,0.0015
RW,2020-07,0.0002,0.9285,0.0697,0.0015
RW,2020-08,0.0002,0.9285,0.0697,0.0015
RW,2020-09,0.0002,0.9285,0.0697,0.0015
RW,2020-10,0.0002,0.9285,0.0697,0.0015
RW,2020-11,0.0002,0.9285,0.0697,0.0015
RW,2020-12,0.0002,0.9285,0.0697,0.0015
RW,2021-01,0.0002,0.9285,0.0697,0.0015
RW,2021-02,0.0002,0.9285,0.0697,0.0015
RW,2021-03,0.0002,0.9285,0.0697,0.0015
RW,2021-04,0.0002,0.9285,0.0697,0.0015
RW,2021-05,0.0002,0.9285,0.0697,0.0015
RW,2021-06,0.0002,0.9285,0.0697,0.0015
RW,2021-07,0.0002,0.9285,0.0697,0.0015
RW,2021-08,0.0002,0.9285,0.0697,0.0015
RW,2021-09,0.0002,0.9285,0.0697,0.0015
RW,2021-10,0.0002,0.9285,0.0697,0.0015
RW,2021-11,0.0002,0.9285,0.0697,0.0015
RW,2021-12,0.0002,0.9285,0.0697,0.0015
RW,2022-01,0.0002,0.9285,0.0697,0.0015
RW,2022-02,0.0002,0.9285,0.0697,0.0015
RW,2022-03,0.0002,0.9285,0.0697,0.0015
RW,2022-04,0.0002,0.9285,0.0697,0.0015
RW,2022-05,0.0002,0.9285,0.0697,0.0015
RW,2022-06,0.0002,0.9285,0.0697,0.0015
RW,2022-07,0.0002,0.9285,0.0697,0.0015
RW,2022-08,0.0002,0.9285,0.0697,0.0015
RW,2022-09,0.0002,0.9285,0.0697,0.0015
RW,2022-10,0.0002,0.9285,0.0697,0.0015
RW,2022-11,0.0002,0.9285,0.0697,0.0015
RW,2022-12,0.0002,0.9285,0.0697,0.0015
RW,2023-01,0.0002,0.9285,0.0697,0.0015
RW,2023-02,0.0002,0.9285,0.0697,0.0015
RW,2023-03,0.0002,0.9285,0.0697,0.0015
RW,2023-04,0.0002,0.9285,0.0697,0.0015
RW,2023-05,0.0002,0.9285,0.0697,0.0015
RW,2023-06,0.0002,0.9285,0.0697,0.0015
RW,2023-07,0.0002,0.9285,0.0697,0.0015
RW,2023-08,0.0002,0.9285,0.0697,0.0015
RW,2023-09,0.0002,0.9285,0.0697,0.0015
RW,2023-10,0.0002,0.9285,0.0697,0.0015
RW,2023-11,0.0002,0.9285,0.0697,0.0015
RW,2023-12,0.0002,0.9285,0.0697,0.0015
RW,2024-01,0.0002,0.9285,0.0697,0.0015
RW,2024-02,0.0002,0.9285,0.0697,0.0015
RW,2024-03,0.0002,0.9285,0.0697,0.0015
RW,2024-04,0.0002,0.9285,0.0697,0.0015
RW,2024-05,0.0002,0.9285,0.0697,0.0015
RW,2024-06,0.0002,0.9285,0.0697,0.0015
RW,2024-07,0.0002,0.9285,0.0697,0.0015
RW,2024-08,0.0002,0.9285,0.0697,0.0015
RW,2024-09,0.0002,0.9285,0.0697,0.0015
RW,2024-10,0.0002,0.9285,0.0697,0.0015
RW,2024-11,0.0002,0.9285,0.0697,0.0015
RW,2024-12,0.0002,0.9285,0.0697,0.0015
RW,2025-01,0.0002,0.9285,0.0697,0.0015
RW,2025-02,0.0002,0.9285,0.0697,0.0015
RW,2025-03,0.0002,0.9285,0.0697,0.0015
RW,2025-04,0.0002,0.9285,0.0697,0.0015
RW,2025-05,0.0002,0.9285,0.0697,0.0015
RW,2025-06,0.0002,0.9285,0.0697,0.0015
RW,2025-07,0.0002,0.9285,0.0697,0.0015
RW,2025-08,0.0002,0.9285,0.0697,0.0015
RW,2025-09,0.0002,0.9285,0.0697,0.0015
RW,2025-10,0.0002,0.9285,0.0697,0.0015
RW,2025-11,0.0002,0.9285,0.0697,0.0015
RW,2025-12,0.0002,0.9285,0.0697,0.0015
RW,2026-01,0.0002,0.9285,0.0697,0.0015
RW,2026-02,0.0002,0.9285,0.0697,0.0015
RW,2026-03,0.0002,0.9285,0.0697,0.0015
RW,2026-04,0.0002,0.9285,0.0697,0.0015
RW,2026-05,0.0002,0.9285,0.0697,0.0015
RW,2026-06,0.0002,0.9285,0.0697,0.0015
RW,2026-07,0.0002,0.9285,0.0697,0.0015
RW,2026-08,0.0002,0.9285,0.0697,0.0015
SA,2019-01,0.0003,0.0395,0.9585,0.0018
SA,2019-02,0.0003,0.0395,0.9585,0.0018
SA,2019-03,0.0003,0.0395,0.9585,0.0018
SA,2019-04,0.0003,0.0395,0.9585,0.0018
SA,2019-05,0.0003,0.0395,0.9585,0.0018
SA,2019-06,0.0003,0.0395,0.9585,0.0018
SA,2019-07,0.0003,0.0395,0.9585,0.0018
SA,2019-08,0.0003,0.0395,0.9585,0.0018
SA,2019-09,0.0003,0.0395,0.9585,0.0018
SA,2019-10,0.0003,0.0395,0.9585,0.0018
SA,2019-11,0.0003,0.0395,0.9585,0.0018
SA,2019-12,0.0003,0.0395,0.9585,0.0018
SA,2020-01,0.0003,0.0395,0.9585,0.0018
SA,2020-02,0.0003,0.0395,0.9585,0.0018
SA,2020-03,0.0003,0.0395,0.9585,0.0018
SA,2020-04,0.0003,0.0395,0.9585,0.0018
SA,2020-05,0.0003,0.0395,0.9585,0.0018
SA,2020-06,0.0003,0.0395,0.9585,0.0018
SA,2020-07,0.0003,0.0395,0.9585,0.0018
SA,2020-08,0.0003,0.0395,0.9585,0.0018
SA,2020-09,0.0003,0.0395,0.9585,0.0018
SA,2020-10,0.0003,0.0395,0.9585,0.0018
SA,2020-11,0.0003,0.0395,0.9585,0.0018
SA,2020-12,0.0003,0.0395,0.9585,0.0018
SA,2021-01,0.0003,0.0395,0.9585,0.0018
SA,2021-02,0.0003,0.0395,0.9585,0.0018
SA,2021-03,0.0003,0.0395,0.9585,0.0018
SA,2021-04,0.0003,0.0395,0.9585,0.0018
SA,2021-05,0.0003,0.0395,0.9585,0.0018
SA,2021-06,0.0003,0.0395,0.9585,0.0018
SA,2021-07,0.0003,0.0395,0.9585,0.0018
SA,2021-08,0.0003,0.0395,0.9585,0.0018
SA,2021-09,0.0003,0.0395,0.9585,0.0018
SA,2021-10,0.0003,0.0395,0.9585,0.0018
SA,2021-11,0.0003,0.0395,0.9585,0.0018
SA,2021-12,0.0003,0.0395,0.9585,0.0018
SA,2022-01,0.0003,0.0395,0.9585,0.0018
SA,2022-02,0.0003,0.0395,0.9585,0.0018
SA,2022-03,0.0003,0.0395,0.9585,0.0018
SA,2022-04,0.0003,0.0395,0.9585,0.0018
SA,2022-05,0.0003,0.0395,0.9585,0.0018
SA,2022-06,0.0003,0.0395,0.9585,0.0018
SA,2022-07,0.0003,0.0395,0.9585,0.0018
SA,2022-08,0.0003,0.0395,0.9585,0.0018
SA,2022-09,0.0003,0.0395,0.9585,0.0018
SA,2022-10,0.0003,0.0395,0.9585,0.0018
SA,2022-11,0.0003,0.0395,0.9585,0.0018
SA,2022-12,0.0003,0.0395,0.9585,0.0018
SA,2023-01,0.0003,0.0395,0.9585,0.0018
SA,2023-02,0.0003,0.0395,0.9585,0.0018
SA,2023-03,0.0003,0.0395,0.9585,0.0018
SA,2023-04,0.0003,0.0395,0.9585,0.0018
SA,2023-05,0.0003,0.0395,0.9585,0.0018
SA,2023-06,0.0003,0.0395,0.9585,0.0018
SA,2023-07,0.0003,0.0395,0.9585,0.0018
SA,2023-08,0.0003,0.0395,0.9585,0.0018
SA,2023-09,0.0003,0.0395,0.9585,0.0018
SA,2023-10,0.0003,0.0395,0.9585,0.0018
SA,2023-11,0.0003,0.0395,0.9585,0.0018
SA,2023-12,0.0003,0.0395,0.9585,0.0018
SA,2024-01,0.0003,0.0395,0.9585,0.0018
SA,2024-02,0.0003,0.0395,0.9585,0.0018
SA,2024-03,0.0003,0.0395,0.9585,0.0018
SA,2024-04,0.0003,0.0395,0.9585,0.0018
SA,2024-05,0.0003,0.0395,0.9585,0.0018
SA,2024-06,0.0003,0.0395,0.9585,0.0018
SA,2024-07,0.0003,0.0395,0.9585,0.0018
SA,2024-08,0.0003,0.0395,0.9585,0.0018
SA,2024-09,0.0003,0.0395,0.9585,0.0018
SA,2024-10,0.0003,0.0395,0.9585,0.0018
SA,2024-11,0.0003,0.0395,0.9585,0.0018
SA,2024-12,0.0003,0.0395,0.9585,0.0018
SA,2025-01,0.0003,0.0395,0.9585,0.0018
SA,2025-02,0.0003,0.0395,0.9585,0.0018
SA,2025-03,0.0003,0.0395,0.9585,0.0018
SA,2025-04,0.0003,0.0395,0.9585,0.0018
SA,2025-05,0.0003,0.0395,0.9585,0.0018
SA,2025-06,0.0003,0.0395,0.9585,0.0018
SA,2025-07,0.0003,0.0395,0.9585,0.0018
SA,2025-08,0.0003,0.0395,0.9585,0.0018
SA,2025-09,0.0003,0.0395,0.9585,0.0018
SA,2025-10,0.0003,0.0395,0.9585,0.0018
SA,2025-11,0.0003,0.0395,0.9585,0.0018
SA,2025-12,0.0003,0.0395,0.9585,0.0018
SA,2026-01,0.0003,0.0395,0.9585,0.0018
SA,2026-02,0.0003,0.0395,0.9585,0.0018
SA,2026-03,0.0003,0.0395,0.9585,0.0018
SA,2026-04,0.0003,0.0395,0.9585,0.0018
SA,2026-05,0.0003,0.0395,0.9585,0.0018
SA,2026-06,0.0003,0.0395,0.9585,0.0018
SA,2026-07,0.0003,0.0395,0.9585,0.0018
SA,2026-08,0.0003,0.0395,0.9585,0.0018
SB,2019-01,,,,
SB,2019-02,,,,
SB,2019-03,,,,
SB,2019-04,,,,
SB,2019-05,,,,
SB,2019-06,,,,
SB,2019-07,,,,
SB,2019-08,,,,
SB,2019-09,,,,
SB,2019-10,,,,
SB,2019-11,,,,
SB,2019-12,,,,
SB,2020-01,,,,
SB,2020-02,,,,
SB,2020-03,,,,
SB,2020-04,,,,
SB,2020-05,,,,
SB,2020-06,,,,
SB,2020-07,,,,
SB,2020-08,,,,
SB,2020-09,,,,
SB,2020-10,,,,
SB,2020-11,,,,
SB,2020-12,,,,
SB,2021-01,,,,
SB,2021-02,,,,
SB,2021-03,,,,
SB,2021-04,,,,
SB,2021-05,,,,
SB,2021-06,,,,
SB,2021-07,,,,
SB,2021-08,,,,
SB,2021-09,,,,
SB,2021-10,,,,
SB,2021-11,,,,
SB,2021-12,,,,
SB,2022-01,,,,
SB,2022-02,,,,
SB,2022-03,,,,
SB,2022-04,,,,
SB,2022-05,,,,
SB,2022-06,,,,
SB,2022-07,,,,
SB,2022-08,,,,
SB,2022-09,,,,
SB,2022-10,,,,
SB,2022-11,,,,
SB,2022-12,,,,
SB,2023-01,,,,
SB,2023-02,,,,
SB,2023-03,,,,
SB,2023-04,,,,
SB,2023-05,,,,
SB,2023-06,,,,
SB,2023-07,,,,
SB,2023-08,,,,
SB,2023-09,,,,
SB,2023-10,,,,
SB,2023-11,,,,
SB,2023-12,,,,
SB,2024-01,,,,
SB,2024-02,,,,
SB,2024-03,,,,
SB,2024-04,,,,
SB,2024-05,,,,
SB,2024-06,,,,
SB,2024-07,,,,
SB,2024-08,,,,
SB,2024-09,,,,
SB,2024-10,,,,
SB,2024-11,,,,
SB,2024-12,,,,
SB,2025-01,,,,
SB,2025-02,,,,
SB,2025-03,,,,
SB,2025-04,,,,
SB,2025-05,,,,
SB,2025-06,,,,
SB,2025-07,,,,
SB,2025-08,,,,
SB,2025-09,,,,
SB,2025-10,,,,
SB,2025-11,,,,
SB,2025-12,,,,
SB,2026-01,,,,
SB,2026-02,,,,
SB,2026-03,,,,
SB,2026-04,,,,
SB,2026-05,,,,
SB,2026-06,,,,
SB,2026-07,,,,
SB,2026-08,,,,
SC,2019-01,0,0,1,0
SC,2019-02,0,0,1,0
SC,2019-03,0,0,1,0
SC,2019-04,0,0,1,0
SC,2019-05,0,0,1,0
SC,2019-06,0,0,1,0
SC,2019-07,0,0,1,0
SC,2019-08,0,0,1,0
SC,2019-09,0,0,1,0
SC,2019-10,0,0,1,0
SC,2019-11,0,0,1,0
SC,2019-12,0,0,1,0
SC,2020-01,0,0,1,0
SC,2020-02,0,0,1,0
SC,2020-03,0,0,1,0
SC,2020-04,0,0,1,0
SC,2020-05,0,0,1,0
SC,2020-06,0,0,1,0
SC,2020-07,0,0,1,0
SC,2020-08,0,0,1,0
SC,2020-09,0,0,1,0
SC,2020-10,0,0,1,0
SC,2020-11,0,0,1,0
SC,2020-12,0,0,1,0
SC,2021-01,0,0,1,0
SC,2021-02,0,0,1,0
SC,2021-03,0,0,1,0
SC,2021-04,0,0,1,0
SC,2021-05,0,0,1,0
SC,2021-06,0,0,1,0
SC,2021-07,0,0,1,0
SC,2021-08,0,0,1,0
SC,2021-09,0,0,1,0
SC,2021-10,0,0,1,0
SC,2021-11,0,0,1,0
SC,2021-12,0,0,1,0
SC,2022-01,0,0,1,0
SC,2022-02,0,0,1,0
SC,2022-03,0,0,1,0
SC,2022-04,0,0,1,0
SC,2022-05,0,0,1,0
SC,2022-06,0,0,1,0
SC,2022-07,0,0,1,0
SC,2022-08,0,0,1,0
SC,2022-09,0,0,1,0
SC,2022-10,0,0,1,0
SC,2022-11,0,0,1,0
SC,2022-12,0,0,1,0
SC,2023-01,0,0,1,0
SC,2023-02,0,0,1,0
SC,2023-03,0,0,1,0
SC,2023-04,0,0,1,0
SC,2023-05,0,0,1,0
SC,2023-06,0,0,1,0
SC,2023-07,0,0,1,0
SC,2023-08,0,0,1,0
SC,2023-09,0,0,1,0
SC,2023-10,0,0,1,0
SC,2023-11,0,0,1,0
SC,2023-12,0,0,1,0
SC,2024-01,0,0,1,0
SC,2024-02,0,0,1,0
SC,2024-03,0,0,1,0
SC,2024-04,0,0,1,0
SC,2024-05,0,0,1,0
SC,2024-06,0,0,1,0
SC,2024-07,0,0,1,0
SC,2024-08,0,0,1,0
SC,2024-09,0,0,1,0
SC,2024-10,0,0,1,0
SC,2024-11,0,0,1,0
SC,2024-12,0,0,1,0
SC,2025-01,0,0,1,0
SC,2025-02,0,0,1,0
SC,2025-03,0,0,1,0
SC,2025-04,0,0,1,0
SC,2025-05,0,0,1,0
SC,2025-06,0,0,1,0
SC,2025-07,0,0,1,0
SC,2025-08,0,0,1,0
SC,2025-09,0,0,1,0
SC,2025-10,0,0,1,0
SC,2025-11,0,0,1,0
SC,2025-12,0,0,1,0
SC,2026-01,0,0,1,0
SC,2026-02,0,0,1,0
SC,2026-03,0,0,1,0
SC,2026-04,0,0,1,0
SC,2026-05,0,0,1,0
SC,2026-06,0,0,1,0
SC,2026-07,0,0,1,0
SC,2026-08,0,0,1,0
SD,2019-01,0.0107,0.9867,0.0021,0.0005
SD,2019-02,0.0107,0.9867,0.0021,0.0005
SD,2019-03,0.0107,0.9867,0.0021,0.0005
SD,2019-04,0.0107,0.9867,0.0021,0.0005
SD,2019-05,0.0107,0.9867,0.0021,0.0005
SD,2019-06,0.0107,0.9867,0.0021,0.0005
SD,2019-07,0.0107,0.9867,0.0021,0.0005
SD,2019-08,0.0107,0.9867,0.0021,0.0005
SD,2019-09,0.0107,0.9867,0.0021,0.0005
SD,2019-10,0.0107,0.9867,0.0021,0.0005
SD,2019-11,0.0107,0.9867,0.0021,0.0005
SD,2019-12,0.0107,0.9867,0.0021,0.0005
SD,2020-01,0.0107,0.9867,0.0021,0.0005
SD,2020-02,0.0107,0.9867,0.0021,0.0005
SD,2020-03,0.0107,0.9867,0.0021,0.0005
SD,2020-04,0.0107,0.9867,0.0021,0.0005
SD,2020-05,0.0107,0.9867,0.0021,0.0005
SD,2020-06,0.0107,0.9867,0.0021,0.0005
SD,2020-07,0.0107,0.9867,0.0021,0.0005
SD,2020-08,0.0107,0.9867,0.0021,0.0005
SD,2020-09,0.0107,0.9867,0.0021,0.0005
SD,2020-10,0.0107,0.9867,0.0021,0.0005
SD,2020-11,0.0107,0.9867,0.0021,0.0005
SD,2020-12,0.0107,0.9867,0.0021,0.0005
SD,2021-01,0.0107,0.9867,0.0021,0.0005
SD,2021-02,0.0107,0.9867,0.0021,0.0005
SD,2021-03,0.0107,0.9867,0.0021,0.0005
SD,2021-04,0.0107,0.9867,0.0021,0.0005
SD,2021-05,0.0107,0.9867,0.0021,0.0005
SD,2021-06,0.0107,0.9867,0.0021,0.0005
SD,2021-07,0.0107,0.9867,0.0021,0.0005
SD,2021-08,0.0107,0.9867,0.0021,0.0005
SD,2021-09,0.0107,0.9867,0.0021,0.0005
SD,2021-10,0.0107,0.9867,0.0021,0.0005
SD,2021-11,0.0107,0.9867,0.0021,0.0005
SD,2021-12,0.0107,0.9867,0.0021,0.0005
SD,2022-01,0.0107,0.9867,0.0021,0.0005
SD,2022-02,0.0107,0.9867,0.0021,0.0005
SD,2022-03,0.0107,0.9867,0.0021,0.0005
SD,2022-04,0.0107,0.9867,0.0021,0.0005
SD,2022-05,0.0107,0.9867,0.0021,0.0005
SD,2022-06,0.0107,0.9867,0.0021,0.0005
SD,2022-07,0.0107,0.9867,0.0021,0.0005
SD,2022-08,0.0107,0.9867,0.0021,0.0005
SD,2022-09,0.0107,0.9867,0.0021,0.0005
SD,2022-10,0.0107,0.9867,0.0021,0.0005
SD,2022-11,0.0107,0.9867,0.0021,0.0005
SD,2022-12,0.0107,0.9867,0.0021,0.0005
SD,2023-01,0.0107,0.9867,0.0021,0.0005
SD,2023-02,0.0107,0.9867,0.0021,0.0005
SD,2023-03,0.0107,0.9867,0.0021,0.0005
SD,2023-04,0.0107,0.9867,0.0021,0.0005
SD,2023-05,0.0107,0.9867,0.0021,0.0005
SD,2023-06,0.0107,0.9867,0.0021,0.0005
SD,2023-07,0.0107,0.9867,0.0021,0.0005
SD,2023-08,0.0107,0.9867,0.0021,0.0005
SD,2023-09,0.0107,0.9867,0.0021,0.0005
SD,2023-10,0.0107,0.9867,0.0021,0.0005
SD,2023-11,0.0107,0.9867,0.0021,0.0005
SD,2023-12,0.0107,0.9867,0.0021,0.0005
SD,2024-01,0.0107,0.9867,0.0021,0.0005
SD,2024-02,0.0107,0.9867,0.0021,0.0005
SD,2024-03,0.0107,0.9867,0.0021,0.0005
SD,2024-04,0.0107,0.9867,0.0021,0.0005
SD,2024-05,0.0107,0.9867,0.0021,0.0005
SD,2024-06,0.0107,0.9867,0.0021,0.0005
SD,2024-07,0.0107,0.9867,0.0021,0.0005
SD,2024-08,0.0107,0.9867,0.0021,0.0005
SD,2024-09,0.0107,0.9867,0.0021,0.0005
SD,2024-10,0.0107,0.9867,0.0021,0.0005
SD,2024-11,0.0107,0.9867,0.0021,0.0005
SD,2024-12,0.0107,0.9867,0.0021,0.0005
SD,2025-01,0.0107,0.9867,0.0021,0.0005
SD,2025-02,0.0107,0.9867,0.0021,0.0005
SD,2025-03,0.0107,0.9867,0.0021,0.0005
SD,2025-04,0.0107,0.9867,0.0021,0.0005
SD,2025-05,0.0107,0.9867,0.0021,0.0005
SD,2025-06,0.0107,0.9867,0.0021,0.0005
SD,2025-07,0.0107,0.9867,0.0021,0.0005
SD,2025-08,0.0107,0.9867,0.0021,0.0005
SD,2025-09,0.0107,0.9867,0.0021,0.0005
SD,2025-10,0.0107,0.9867,0.0021,0.0005
SD,2025-11,0.0107,0.9867,0.0021,0.0005
SD,2025-12,0.0107,0.9867,0.0021,0.0005
SD,2026-01,0.0107,0.9867,0.0021,0.0005
SD,2026-02,0.0107,0.9867,0.0021,0.0005
SD,2026-03,0.0107,0.9867,0.0021,0.0005
SD,2026-04,0.0107,0.9867,0.0021,0.0005
SD,2026-05,0.0107,0.9867,0.0021,0.0005
SD,2026-06,0.0107,0.9867,0.0021,0.0005
SD,2026-07,0.0107,0.9867,0.0021,0.0005
SD,2026-08,0.0107,0.9867,0.0021,0.0005
SE,2019-01,0.144,0.6705,0,0.1855
SE,2019-02,0.1259,0.6369,0,0.2372
SE,2019-03,0.1232,0.6259,0,0.2509
SE,2019-04,0.1106,0.7224,0,0.167
SE,2019-05,0.0772,0.7347,0,0.1881
SE,2019-06,0.0538,0.7399,0,0.2063
SE,2019-07,0.0546,0.7848,0,0.1607
SE,2019-08,0.0633,0.7151,0,0.2216
SE,2019-09,0.064,0.691,0,0.245
SE,2019-10,0.0838,0.7187,0,0.1975
SE,2019-11,0.0992,0.7329,0,0.1678
SE,2019-12,0.1006,0.6497,0,0.2497
SE,2020-01,0.0877,0.5844,0,0.328
SE,2020-02,0.0735,0.6383,0,0.2882
SE,2020-03,0.0658,0.6673,0,0.2669
SE,2020-04,0.0495,0.6878,0,0.2626
SE,2020-05,0.0544,0.7509,0,0.1947
SE,2020-06,0.0576,0.7783,0,0.1641
SE,2020-07,0.0514,0.6986,0,0.25
SE,2020-08,0.0455,0.8005,0,0.154
SE,2020-09,0.0589,0.6381,0,0.303
SE,2020-10,0.066,0.6825,0,0.2515
SE,2020-11,0.0606,0.6385,0,0.3009
SE,2020-12,0.0783,0.7191,0,0.2026
SE,2021-01,0.1011,0.7441,0.0009,0.1539
SE,2021-02,0.0953,0.6798,0.0029,0.222
SE,2021-03,0.0882,0.6191,0.0078,0.2849
SE,2021-04,0.0825,0.6216,0.0159,0.28
SE,2021-05,0.0725,0.7371,0.0163,0.1741
SE,2021-06,0.0571,0.7347,0.0246,0.1837
SE,2021-07,0.0501,0.7237,0.025,0.2013
SE,2021-08,0.0481,0.6987,0.0202,0.233
SE,2021-09,0.0715,0.6438,0.014,0.2707
SE,2021-10,0.0678,0.5817,0.0065,0.344
SE,2021-11,0.0902,0.6323,0.0019,0.2755
SE,2021-12,0.1128,0.6383,0.0009,0.2481
SE,2022-01,0.0942,0.5359,0.0026,0.3673
SE,2022-02,0.0839,0.5711,0.0057,0.3393
SE,2022-03,0.0972,0.5796,0.0191,0.3041
SE,2022-04,0.0936,0.6368,0.0243,0.2454
SE,2022-05,0.0733,0.5892,0.0294,0.3081
SE,2022-06,0.0505,0.6826,0.0355,0.2314
SE,2022-07,0.0398,0.6628,0.0339,0.2635
SE,2022-08,0.0443,0.6925,0.0347,0.2285
SE,2022-09,0.0573,0.6826,0.0238,0.2363
SE,2022-10,0.0594,0.5522,0.0124,0.376
SE,2022-11,0.0806,0.6674,0.0031,0.2489
SE,2022-12,0.1113,0.6035,0.001,0.2843
SE,2023-01,0.0848,0.5501,0.0026,0.3625
SE,2023-02,0.0804,0.5425,0.0094,0.3676
SE,2023-03,0.0886,0.5923,0.0145,0.3047
SE,2023-04,0.0835,0.6361,0.0429,0.2375
SE,2023-05,0.0599,0.5784,0.0668,0.2949
SE,2023-06,0.0507,0.5836,0.0836,0.2821
SE,2023-07,0.0464,0.5622,0.0705,0.3209
SE,2023-08,0.0355,0.6891,0.0381,0.2373
SE,2023-09,0.0314,0.5479,0.0391,0.3816
SE,2023-10,0.0368,0.6002,0.0174,0.3456
SE,2023-11,0.0757,0.6486,0.0048,0.2709
SE,2023-12,0.0847,0.6306,0.0009,0.2838
SE,2024-01,0.0669,0.5411,0.0033,0.3887
SE,2024-02,0.0627,0.5622,0.0085,0.3666
SE,2024-03,0.0783,0.6348,0.0242,0.2628
SE,2024-04,0.0728,0.5873,0.0408,0.2991
SE,2024-05,0.0518,0.6285,0.0849,0.2349
SE,2024-06,0.0455,0.5762,0.0869,0.2915
SE,2024-07,0.0431,0.5929,0.0823,0.2817
SE,2024-08,0.0347,0.5242,0.0694,0.3717
SE,2024-09,0.026,0.5988,0.052,0.3231
SE,2024-10,0.0279,0.5408,0.0248,0.4064
SE,2024-11,0.0481,0.5208,0.0112,0.4199
SE,2024-12,0.0495,0.474,0.0034,0.4731
SE,2025-01,0.053,0.5631,0.0032,0.3806
SE,2025-02,0.0669,0.6038,0.0158,0.3135
SE,2025-03,0.0558,0.5206,0.0431,0.3804
SE,2025-04,0.0555,0.5791,0.0638,0.3015
SE,2025-05,0.0531,0.4977,0.0705,0.3787
SE,2025-06,0.035,0.5376,0.0867,0.3407
SE,2025-07,0.0297,0.7102,0.0772,0.1829
SE,2025-08,0.03,0.5931,0.0693,0.3075
SE,2025-09,0.031,0.6119,0.0441,0.3131
SE,2025-10,0.0425,0.5996,0.0191,0.3387
SE,2025-11,0.0586,0.6154,0.0047,0.3213
SE,2025-12,0.0602,0.575,0.0025,0.3624
SE,2026-01,0.0811,0.6533,0.0032,0.2624
SE,2026-02,0.086,0.6262,0.01,0.2778
SE,2026-03,0.0671,0.48,0.0332,0.4197
SE,2026-04,0.0589,0.51,0.0669,0.3642
SE,2026-05,0.0527,0.5347,0.0875,0.3251
SE,2026-06,0.0413,0.5614,0.0953,0.302
SE,2026-07,0.0413,0.5614,0.0953,0.302
SE,2026-08,0.0413,0.5614,0.0953,0.302
SG,2019-01,0,0,1,0
SG,2019-02,0,0,1,0
SG,2019-03,0,0,1,0
SG,2019-04,0,0,1,0
SG,2019-05,0,0,1,0
SG,2019-06,0,0,1,0
SG,2019-07,0,0,1,0
SG,2019-08,0,0,1,0
SG,2019-09,0,0,1,0
SG,2019-10,0,0,1,0
SG,2019-11,0,0,1,0
SG,2019-12,0,0,1,0
SG,2020-01,0,0,1,0
SG,2020-02,0,0,1,0
SG,2020-03,0,0,1,0
SG,2020-04,0,0,1,0
SG,2020-05,0,0,1,0
SG,2020-06,0,0,1,0
SG,2020-07,0,0,1,0
SG,2020-08,0,0,1,0
SG,2020-09,0,0,1,0
SG,2020-10,0,0,1,0
SG,2020-11,0,0,1,0
SG,2020-12,0,0,1,0
SG,2021-01,0,0,1,0
SG,2021-02,0,0,1,0
SG,2021-03,0,0,1,0
SG,2021-04,0,0,1,0
SG,2021-05,0,0,1,0
SG,2021-06,0,0,1,0
SG,2021-07,0,0,1,0
SG,2021-08,0,0,1,0
SG,2021-09,0,0,1,0
SG,2021-10,0,0,1,0
SG,2021-11,0,0,1,0
SG,2021-12,0,0,1,0
SG,2022-01,0,0,1,0
SG,2022-02,0,0,1,0
SG,2022-03,0,0,1,0
SG,2022-04,0,0,1,0
SG,2022-05,0,0,1,0
SG,2022-06,0,0,1,0
SG,2022-07,0.0173,0.1444,0.796,0.0423
SG,2022-08,0.0092,0.065,0.9055,0.0203
SG,2022-09,0.0139,0.0979,0.8523,0.0359
SG,2022-10,0.0062,0.0431,0.93,0.0207
SG,2022-11,0.0035,0.0179,0.9678,0.0108
SG,2022-12,0,0,1,0
SG,2023-01,0.0086,0.0336,0.9309,0.0269
SG,2023-02,0.0103,0.042,0.9154,0.0323
SG,2023-03,0.009,0.0347,0.9274,0.0289
SG,2023-04,0,0,1,0
SG,2023-05,0,0,1,0
SG,2023-06,0,0,1,0
SG,2023-07,0,0,1,0
SG,2023-08,0,0,1,0
SG,2023-09,0,0,1,0
SG,2023-10,0,0,1,0
SG,2023-11,0,0,1,0
SG,2023-12,0,0,1,0
SG,2024-01,0,0,1,0
SG,2024-02,0,0,1,0
SG,2024-03,0,0,1,0
SG,2024-04,0,0,1,0
SG,2024-05,0,0,1,0
SG,2024-06,0,0,1,0
SG,2024-07,0,0,1,0
SG,2024-08,0,0,1,0
SG,2024-09,0,0,1,0
SG,2024-10,0,0,1,0
SG,2024-11,0,0,1,0
SG,2024-12,0.0041,0.0164,0.965,0.0145
SG,2025-01,0.0048,0.0178,0.9592,0.0181
SG,2025-02,0.0036,0.0139,0.9689,0.0137
SG,2025-03,0.0033,0.0139,0.9677,0.0151
SG,2025-04,0.0027,0.0133,0.9711,0.0129
SG,2025-05,0.0038,0.0242,0.9542,0.0177
SG,2025-06,0.0027,0.0223,0.9643,0.0106
SG,2025-07,0.0026,0.0189,0.9699,0.0086
SG,2025-08,0.0028,0.0199,0.9695,0.0078
SG,2025-09,0.0026,0.0227,0.966,0.0087
SG,2025-10,0.0034,0.0249,0.9599,0.0118
SG,2025-11,0.004,0.0215,0.9555,0.019
SG,2025-12,0.0029,0.0122,0.9731,0.0118
SG,2026-01,0.0026,0.0097,0.9774,0.0103
SG,2026-02,0.004,0.0155,0.9646,0.0159
SG,2026-03,0.0038,0.0165,0.9654,0.0143
SG,2026-04,0.0035,0.018,0.9627,0.0158
SG,2026-05,0.0033,0.0212,0.9601,0.0154
SG,2026-06,0.0033,0.0212,0.9601,0.0154
SG,2026-07,0.0033,0.0212,0.9601,0.0154
SG,2026-08,0.0033,0.0212,0.9601,0.0154
SH,2019-01,,,,
SH,2019-02,,,,
SH,2019-03,,,,
SH,2019-04,,,,
SH,2019-05,,,,
SH,2019-06,,,,
SH,2019-07,,,,
SH,2019-08,,,,
SH,2019-09,,,,
SH,2019-10,,,,
SH,2019-11,,,,
SH,2019-12,,,,
SH,2020-01,,,,
SH,2020-02,,,,
SH,2020-03,,,,
SH,2020-04,,,,
SH,2020-05,,,,
SH,2020-06,,,,
SH,2020-07,,,,
SH,2020-08,,,,
SH,2020-09,,,,
SH,2020-10,,,,
SH,2020-11,,,,
SH,2020-12,,,,
SH,2021-01,,,,
SH,2021-02,,,,
SH,2021-03,,,,
SH,2021-04,,,,
SH,2021-05,,,,
SH,2021-06,,,,
SH,2021-07,,,,
SH,2021-08,,,,
SH,2021-09,,,,
SH,2021-10,,,,
SH,2021-11,,,,
SH,2021-12,,,,
SH,2022-01,,,,
SH,2022-02,,,,
SH,2022-03,,,,
SH,2022-04,,,,
SH,2022-05,,,,
SH,2022-06,,,,
SH,2022-07,,,,
SH,2022-08,,,,
SH,2022-09,,,,
SH,2022-10,,,,
SH,2022-11,,,,
SH,2022-12,,,,
SH,2023-01,,,,
SH,2023-02,,,,
SH,2023-03,,,,
SH,2023-04,,,,
SH,2023-05,,,,
SH,2023-06,,,,
SH,2023-07,,,,
SH,2023-08,,,,
SH,2023-09,,,,
SH,2023-10,,,,
SH,2023-11,,,,
SH,2023-12,,,,
SH,2024-01,,,,
SH,2024-02,,,,
SH,2024-03,,,,
SH,2024-04,,,,
SH,2024-05,,,,
SH,2024-06,,,,
SH,2024-07,,,,
SH,2024-08,,,,
SH,2024-09,,,,
SH,2024-10,,,,
SH,2024-11,,,,
SH,2024-12,,,,
SH,2025-01,,,,
SH,2025-02,,,,
SH,2025-03,,,,
SH,2025-04,,,,
SH,2025-05,,,,
SH,2025-06,,,,
SH,2025-07,,,,
SH,2025-08,,,,
SH,2025-09,,,,
SH,2025-10,,,,
SH,2025-11,,,,
SH,2025-12,,,,
SH,2026-01,,,,
SH,2026-02,,,,
SH,2026-03,,,,
SH,2026-04,,,,
SH,2026-05,,,,
SH,2026-06,,,,
SH,2026-07,,,,
SH,2026-08,,,,
SI,2019-01,0.0551,0.8471,0.0456,0.0522
SI,2019-02,0.0294,0.9117,0.0588,0
SI,2019-03,0.0382,0.8303,0.0987,0.0328
SI,2019-04,0.0243,0.9025,0.0732,0
SI,2019-05,0.0189,0.9434,0.0377,0
SI,2019-06,0,0.9298,0.0702,0
SI,2019-07,0.027,0.8648,0.1082,0
SI,2019-08,0.0311,0.8439,0.125,0
SI,2019-09,0.0343,0.8541,0.0952,0.0164
SI,2019-10,0.0573,0.7583,0.0802,0.1042
SI,2019-11,0.0165,0.967,0.0165,0
SI,2019-12,0.0191,0.9618,0.0191,0
SI,2020-01,0.0387,0.8801,0.0323,0.0489
SI,2020-02,0.0492,0.7916,0.0806,0.0785
SI,2020-03,0.0325,0.8552,0.0861,0.0263
SI,2020-04,0.0302,0.8487,0.1211,0
SI,2020-05,0.0208,0.896,0.0833,0
SI,2020-06,0.0192,0.9232,0.0576,0
SI,2020-07,0.0203,0.898,0.0817,0
SI,2020-08,0.0218,0.9129,0.0652,0
SI,2020-09,0.0203,0.9186,0.0611,0
SI,2020-10,0.0149,0.9553,0.0298,0
SI,2020-11,0.0262,0.9477,0.0262,0
SI,2020-12,0.0203,0.9594,0.0203,0
SI,2021-01,0.0221,0.9558,0.0221,0
SI,2021-02,0.0224,0.9332,0.0444,0
SI,2021-03,0.0271,0.8919,0.081,0
SI,2021-04,0.043,0.7867,0.0967,0.0736
SI,2021-05,0.014,0.9444,0.0417,0
SI,2021-06,0,0.9333,0.0667,0
SI,2021-07,0,0.913,0.087,0
SI,2021-08,0,0.9023,0.0977,0
SI,2021-09,0.0057,0.8519,0.1271,0.0153
SI,2021-10,0.0068,0.8832,0.0819,0.0281
SI,2021-11,0,0.9677,0.0323,0
SI,2021-12,0.0397,0.8601,0.0639,0.0363
SI,2022-01,0.0422,0.8438,0.0693,0.0447
SI,2022-02,0.0578,0.7637,0.1008,0.0777
SI,2022-03,0.0516,0.7787,0.1425,0.0272
SI,2022-04,0.033,0.8298,0.1264,0.0108
SI,2022-05,0.0256,0.8718,0.1026,0
SI,2022-06,0.0306,0.8142,0.146,0.0093
SI,2022-07,0.0396,0.7601,0.1933,0.007
SI,2022-08,0.0013,0.8126,0.1826,0.0035
SI,2022-09,0.0332,0.8613,0.0963,0.0092
SI,2022-10,0.0274,0.742,0.1032,0.1274
SI,2022-11,0.0295,0.7897,0.0477,0.1331
SI,2022-12,0.0061,0.8684,0.1015,0.024
SI,2023-01,0.0336,0.8977,0.0313,0.0374
SI,2023-02,0.0118,0.8233,0.1139,0.051
SI,2023-03,0.0309,0.8389,0.1182,0.0121
SI,2023-04,0.0249,0.8251,0.15,0
SI,2023-05,0.0167,0.8833,0.1,0
SI,2023-06,0.0188,0.8301,0.151,0
SI,2023-07,0.017,0.8305,0.1525,0
SI,2023-08,0,0.8621,0.1379,0
SI,2023-09,0,0.8373,0.1627,0
SI,2023-10,0.0102,0.7998,0.1361,0.0539
SI,2023-11,0.0035,0.9049,0.0727,0.0189
SI,2023-12,0,0.9401,0.0599,0
SI,2024-01,0.0219,0.9128,0.0653,0
SI,2024-02,0.0238,0.8571,0.1191,0
SI,2024-03,0.0184,0.8334,0.1482,0
SI,2024-04,0.0217,0.7229,0.216,0.0394
SI,2024-05,0.014,0.7917,0.1944,0
SI,2024-06,0.0135,0.7839,0.2027,0
SI,2024-07,0.0161,0.6936,0.2903,0
SI,2024-08,0.0226,0.591,0.3864,0
SI,2024-09,0.0186,0.7776,0.2037,0
SI,2024-10,0.0149,0.8957,0.0895,0
SI,2024-11,0.0279,0.861,0.1111,0
SI,2024-12,0.0346,0.8273,0.1381,0
SI,2025-01,0.0279,0.8888,0.0833,0
SI,2025-02,0.0351,0.7878,0.166,0.0111
SI,2025-03,0.0196,0.7647,0.2156,0
SI,2025-04,0.0182,0.7091,0.2727,0
SI,2025-05,0.0154,0.7076,0.2769,0
SI,2025-06,0.0173,0.569,0.4137,0
SI,2025-07,0.0197,0.5882,0.3922,0
SI,2025-08,0.0263,0.6317,0.3421,0
SI,2025-09,0.044,0.6192,0.3148,0.022
SI,2025-10,0.0524,0.5956,0.2528,0.0992
SI,2025-11,0.0455,0.8181,0.1364,0
SI,2025-12,0.0688,0.7933,0.138,0
SI,2026-01,0.0772,0.7191,0.1077,0.096
SI,2026-02,0.0525,0.7634,0.1842,0
SI,2026-03,0.0499,0.55,0.4001,0
SI,2026-04,0.0502,0.4491,0.4975,0.0031
SI,2026-05,0.037,0.5185,0.4444,0
SI,2026-06,0.017,0.5593,0.4237,0
SI,2026-07,0.017,0.5593,0.4237,0
SI,2026-08,0.017,0.5593,0.4237,0
SK,2019-01,0.148,0.7632,0.0429,0.0459
SK,2019-02,0.1275,0.7804,0.0654,0.0267
SK,2019-03,0.1029,0.8236,0.0735,0
SK,2019-04,0.133,0.7307,0.1024,0.0339
SK,2019-05,0.1078,0.8153,0.0769,0
SK,2019-06,0.0953,0.7737,0.1157,0.0153
SK,2019-07,0.1807,0.6236,0.1688,0.027
SK,2019-08,0.1941,0.644,0.15,0.012
SK,2019-09,0.097,0.6851,0.1568,0.061
SK,2019-10,0.1682,0.6505,0.1158,0.0655
SK,2019-11,0.179,0.7647,0.0454,0.011
SK,2019-12,0.208,0.7353,0.0247,0.032
SK,2020-01,0.2161,0.6878,0.0294,0.0668
SK,2020-02,0.1477,0.8032,0.0491,0
SK,2020-03,0.1188,0.7965,0.0847,0
SK,2020-04,0.1707,0.6586,0.1707,0
SK,2020-05,0.1861,0.6744,0.1395,0
SK,2020-06,0.1289,0.7743,0.0968,0
SK,2020-07,0.1427,0.7324,0.1249,0
SK,2020-08,0.1457,0.7294,0.1249,0
SK,2020-09,0.1354,0.7273,0.1176,0.0197
SK,2020-10,0.1151,0.8182,0.0512,0.0156
SK,2020-11,0.1529,0.7865,0.0448,0.0159
SK,2020-12,0.2031,0.7473,0.0269,0.0227
SK,2021-01,0.1776,0.7776,0.0447,0
SK,2021-02,0.1455,0.8182,0.0363,0
SK,2021-03,0.1547,0.7365,0.0984,0.0104
SK,2021-04,0.1596,0.7091,0.1076,0.0237
SK,2021-05,0.1188,0.7736,0.0941,0.0135
SK,2021-06,0.1316,0.7215,0.1375,0.0094
SK,2021-07,0.1386,0.7356,0.1213,0.0045
SK,2021-08,0.1322,0.7736,0.0943,0
SK,2021-09,0.1187,0.7602,0.1192,0.0018
SK,2021-10,0.1816,0.6217,0.1149,0.0817
SK,2021-11,0.2522,0.6315,0.0672,0.0491
SK,2021-12,0.2177,0.7022,0.0309,0.0493
SK,2022-01,0.1428,0.7921,0.0424,0.0227
SK,2022-02,0.1212,0.8041,0.0619,0.0129
SK,2022-03,0.1576,0.6778,0.1265,0.0381
SK,2022-04,0.1276,0.7109,0.1091,0.0524
SK,2022-05,0.1288,0.6914,0.146,0.0337
SK,2022-06,0.1467,0.6265,0.1783,0.0485
SK,2022-07,0.1858,0.5798,0.2039,0.0305
SK,2022-08,0.1873,0.6024,0.1962,0.0141
SK,2022-09,0.0937,0.7415,0.1311,0.0337
SK,2022-10,0.1623,0.7568,0.0809,0
SK,2022-11,0.1902,0.7632,0.0335,0.0131
SK,2022-12,0.1621,0.811,0.0269,0
SK,2023-01,0.1395,0.8373,0.0232,0
SK,2023-02,0.154,0.7883,0.0577,0
SK,2023-03,0.1294,0.7966,0.074,0
SK,2023-04,0.1112,0.7963,0.0925,0
SK,2023-05,0.1111,0.7936,0.0953,0
SK,2023-06,0.1335,0.7331,0.1335,0
SK,2023-07,0.1843,0.6579,0.1579,0
SK,2023-08,0.1569,0.7256,0.1175,0
SK,2023-09,0.143,0.7139,0.143,0
SK,2023-10,0.2257,0.6778,0.0965,0
SK,2023-11,0.1295,0.8333,0.0372,0
SK,2023-12,0.103,0.8824,0.0146,0
SK,2024-01,0.1144,0.8569,0.0287,0
SK,2024-02,0.116,0.8403,0.0437,0
SK,2024-03,0.1456,0.7819,0.0725,0
SK,2024-04,0.1402,0.7545,0.1053,0
SK,2024-05,0.1568,0.7058,0.1373,0
SK,2024-06,0.1225,0.7671,0.1089,0.0015
SK,2024-07,0.151,0.7169,0.1321,0
SK,2024-08,0.1749,0.6501,0.1749,0
SK,2024-09,0.1086,0.7828,0.1086,0
SK,2024-10,0.1553,0.7558,0.0889,0
SK,2024-11,0.2256,0.7096,0.0648,0
SK,2024-12,0.2118,0.7578,0.0304,0
SK,2025-01,0.1943,0.7781,0.0276,0
SK,2025-02,0.1936,0.6776,0.1288,0
SK,2025-03,0.2003,0.6571,0.1427,0
SK,2025-04,0.2433,0.5944,0.1622,0
SK,2025-05,0.237,0.5786,0.1844,0
SK,2025-06,0.1843,0.605,0.2107,0
SK,2025-07,0.1819,0.6592,0.1589,0
SK,2025-08,0.1752,0.6497,0.1752,0
SK,2025-09,0.147,0.7061,0.147,0
SK,2025-10,0.216,0.7028,0.0813,0
SK,2025-11,0.2003,0.7495,0.0502,0
SK,2025-12,0.2052,0.7695,0.0253,0
SK,2026-01,0.2122,0.7576,0.0302,0
SK,2026-02,0.1626,0.7908,0.0466,0
SK,2026-03,0.1861,0.6976,0.1163,0
SK,2026-04,0.1999,0.6002,0.1999,0
SK,2026-05,0.2224,0.5553,0.2224,0
SK,2026-06,0.2053,0.5894,0.2053,0
SK,2026-07,0.2053,0.5894,0.2053,0
SK,2026-08,0.2053,0.5894,0.2053,0
SL,2019-01,0,0.9474,0.0526,0
SL,2019-02,0,0.9474,0.0526,0
SL,2019-03,0,0.9474,0.0526,0
SL,2019-04,0,0.9474,0.0526,0
SL,2019-05,0,0.9474,0.0526,0
SL,2019-06,0,0.9474,0.0526,0
SL,2019-07,0,0.9474,0.0526,0
SL,2019-08,0,0.9474,0.0526,0
SL,2019-09,0,0.9474,0.0526,0
SL,2019-10,0,0.9474,0.0526,0
SL,2019-11,0,0.9474,0.0526,0
SL,2019-12,0,0.9474,0.0526,0
SL,2020-01,0,0.9474,0.0526,0
SL,2020-02,0,0.9474,0.0526,0
SL,2020-03,0,0.9474,0.0526,0
SL,2020-04,0,0.9474,0.0526,0
SL,2020-05,0,0.9474,0.0526,0
SL,2020-06,0,0.9474,0.0526,0
SL,2020-07,0,0.9474,0.0526,0
SL,2020-08,0,0.9474,0.0526,0
SL,2020-09,0,0.9474,0.0526,0
SL,2020-10,0,0.9474,0.0526,0
SL,2020-11,0,0.9474,0.0526,0
SL,2020-12,0,0.9474,0.0526,0
SL,2021-01,0,0.9474,0.0526,0
SL,2021-02,0,0.9474,0.0526,0
SL,2021-03,0,0.9474,0.0526,0
SL,2021-04,0,0.9474,0.0526,0
SL,2021-05,0,0.9474,0.0526,0
SL,2021-06,0,0.9474,0.0526,0
SL,2021-07,0,0.9474,0.0526,0
SL,2021-08,0,0.9474,0.0526,0
SL,2021-09,0,0.9474,0.0526,0
SL,2021-10,0,0.9474,0.0526,0
SL,2021-11,0,0.9474,0.0526,0
SL,2021-12,0,0.9474,0.0526,0
SL,2022-01,0,0.9474,0.0526,0
SL,2022-02,0,0.9474,0.0526,0
SL,2022-03,0,0.9474,0.0526,0
SL,2022-04,0,0.9474,0.0526,0
SL,2022-05,0,0.9474,0.0526,0
SL,2022-06,0,0.9474,0.0526,0
SL,2022-07,0,0.9474,0.0526,0
SL,2022-08,0,0.9474,0.0526,0
SL,2022-09,0,0.9474,0.0526,0
SL,2022-10,0,0.9474,0.0526,0
SL,2022-11,0,0.9474,0.0526,0
SL,2022-12,0,0.9474,0.0526,0
SL,2023-01,0,0.9474,0.0526,0
SL,2023-02,0,0.9474,0.0526,0
SL,2023-03,0,0.9474,0.0526,0
SL,2023-04,0,0.9474,0.0526,0
SL,2023-05,0,0.9474,0.0526,0
SL,2023-06,0,0.9474,0.0526,0
SL,2023-07,0,0.9474,0.0526,0
SL,2023-08,0,0.9474,0.0526,0
SL,2023-09,0,0.9474,0.0526,0
SL,2023-10,0,0.9474,0.0526,0
SL,2023-11,0,0.9474,0.0526,0
SL,2023-12,0,0.9474,0.0526,0
SL,2024-01,0,0.9474,0.0526,0
SL,2024-02,0,0.9474,0.0526,0
SL,2024-03,0,0.9474,0.0526,0
SL,2024-04,0,0.9474,0.0526,0
SL,2024-05,0,0.9474,0.0526,0
SL,2024-06,0,0.9474,0.0526,0
SL,2024-07,0,0.9474,0.0526,0
SL,2024-08,0,0.9474,0.0526,0
SL,2024-09,0,0.9474,0.0526,0
SL,2024-10,0,0.9474,0.0526,0
SL,2024-11,0,0.9474,0.0526,0
SL,2024-12,0,0.9474,0.0526,0
SL,2025-01,0,0.9474,0.0526,0
SL,2025-02,0,0.9474,0.0526,0
SL,2025-03,0,0.9474,0.0526,0
SL,2025-04,0,0.9474,0.0526,0
SL,2025-05,0,0.9474,0.0526,0
SL,2025-06,0,0.9474,0.0526,0
SL,2025-07,0,0.9474,0.0526,0
SL,2025-08,0,0.9474,0.0526,0
SL,2025-09,0,0.9474,0.0526,0
SL,2025-10,0,0.9474,0.0526,0
SL,2025-11,0,0.9474,0.0526,0
SL,2025-12,0,0.9474,0.0526,0
SL,2026-01,0,0.9474,0.0526,0
SL,2026-02,0,0.9474,0.0526,0
SL,2026-03,0,0.9474,0.0526,0
SL,2026-04,0,0.9474,0.0526,0
SL,2026-05,0,0.9474,0.0526,0
SL,2026-06,0,0.9474,0.0526,0
SL,2026-07,0,0.9474,0.0526,0
SL,2026-08,0,0.9474,0.0526,0
SN,2019-01,0.1434,0.4286,0.3961,0.0319
SN,2019-02,0.1434,0.4286,0.3961,0.0319
SN,2019-03,0.1434,0.4286,0.3961,0.0319
SN,2019-04,0.1434,0.4286,0.3961,0.0319
SN,2019-05,0.1434,0.4286,0.3961,0.0319
SN,2019-06,0.1434,0.4286,0.3961,0.0319
SN,2019-07,0.1434,0.4286,0.3961,0.0319
SN,2019-08,0.1434,0.4286,0.3961,0.0319
SN,2019-09,0.1434,0.4286,0.3961,0.0319
SN,2019-10,0.1434,0.4286,0.3961,0.0319
SN,2019-11,0.1434,0.4286,0.3961,0.0319
SN,2019-12,0.1434,0.4286,0.3961,0.0319
SN,2020-01,0.1434,0.4286,0.3961,0.0319
SN,2020-02,0.1434,0.4286,0.3961,0.0319
SN,2020-03,0.1434,0.4286,0.3961,0.0319
SN,2020-04,0.1434,0.4286,0.3961,0.0319
SN,2020-05,0.1434,0.4286,0.3961,0.0319
SN,2020-06,0.1434,0.4286,0.3961,0.0319
SN,2020-07,0.1434,0.4286,0.3961,0.0319
SN,2020-08,0.1434,0.4286,0.3961,0.0319
SN,2020-09,0.1434,0.4286,0.3961,0.0319
SN,2020-10,0.1434,0.4286,0.3961,0.0319
SN,2020-11,0.1434,0.4286,0.3961,0.0319
SN,2020-12,0.1434,0.4286,0.3961,0.0319
SN,2021-01,0.1434,0.4286,0.3961,0.0319
SN,2021-02,0.1434,0.4286,0.3961,0.0319
SN,2021-03,0.1434,0.4286,0.3961,0.0319
SN,2021-04,0.1434,0.4286,0.3961,0.0319
SN,2021-05,0.1434,0.4286,0.3961,0.0319
SN,2021-06,0.1434,0.4286,0.3961,0.0319
SN,2021-07,0.1434,0.4286,0.3961,0.0319
SN,2021-08,0.1434,0.4286,0.3961,0.0319
SN,2021-09,0.1434,0.4286,0.3961,0.0319
SN,2021-10,0.1434,0.4286,0.3961,0.0319
SN,2021-11,0.1434,0.4286,0.3961,0.0319
SN,2021-12,0.1434,0.4286,0.3961,0.0319
SN,2022-01,0.1434,0.4286,0.3961,0.0319
SN,2022-02,0.1434,0.4286,0.3961,0.0319
SN,2022-03,0.1434,0.4286,0.3961,0.0319
SN,2022-04,0.1434,0.4286,0.3961,0.0319
SN,2022-05,0.1434,0.4286,0.3961,0.0319
SN,2022-06,0.1434,0.4286,0.3961,0.0319
SN,2022-07,0.1434,0.4286,0.3961,0.0319
SN,2022-08,0.1434,0.4286,0.3961,0.0319
SN,2022-09,0.1434,0.4286,0.3961,0.0319
SN,2022-10,0.1434,0.4286,0.3961,0.0319
SN,2022-11,0.1434,0.4286,0.3961,0.0319
SN,2022-12,0.1434,0.4286,0.3961,0.0319
SN,2023-01,0.1434,0.4286,0.3961,0.0319
SN,2023-02,0.1434,0.4286,0.3961,0.0319
SN,2023-03,0.1434,0.4286,0.3961,0.0319
SN,2023-04,0.1434,0.4286,0.3961,0.0319
SN,2023-05,0.1434,0.4286,0.3961,0.0319
SN,2023-06,0.1434,0.4286,0.3961,0.0319
SN,2023-07,0.1434,0.4286,0.3961,0.0319
SN,2023-08,0.1434,0.4286,0.3961,0.0319
SN,2023-09,0.1434,0.4286,0.3961,0.0319
SN,2023-10,0.1434,0.4286,0.3961,0.0319
SN,2023-11,0.1434,0.4286,0.3961,0.0319
SN,2023-12,0.1434,0.4286,0.3961,0.0319
SN,2024-01,0.1434,0.4286,0.3961,0.0319
SN,2024-02,0.1434,0.4286,0.3961,0.0319
SN,2024-03,0.1434,0.4286,0.3961,0.0319
SN,2024-04,0.1434,0.4286,0.3961,0.0319
SN,2024-05,0.1434,0.4286,0.3961,0.0319
SN,2024-06,0.1434,0.4286,0.3961,0.0319
SN,2024-07,0.1434,0.4286,0.3961,0.0319
SN,2024-08,0.1434,0.4286,0.3961,0.0319
SN,2024-09,0.1434,0.4286,0.3961,0.0319
SN,2024-10,0.1434,0.4286,0.3961,0.0319
SN,2024-11,0.1434,0.4286,0.3961,0.0319
SN,2024-12,0.1434,0.4286,0.3961,0.0319
SN,2025-01,0.1434,0.4286,0.3961,0.0319
SN,2025-02,0.1434,0.4286,0.3961,0.0319
SN,2025-03,0.1434,0.4286,0.3961,0.0319
SN,2025-04,0.1434,0.4286,0.3961,0.0319
SN,2025-05,0.1434,0.4286,0.3961,0.0319
SN,2025-06,0.1434,0.4286,0.3961,0.0319
SN,2025-07,0.1434,0.4286,0.3961,0.0319
SN,2025-08,0.1434,0.4286,0.3961,0.0319
SN,2025-09,0.1434,0.4286,0.3961,0.0319
SN,2025-10,0.1434,0.4286,0.3961,0.0319
SN,2025-11,0.1434,0.4286,0.3961,0.0319
SN,2025-12,0.1434,0.4286,0.3961,0.0319
SN,2026-01,0.1434,0.4286,0.3961,0.0319
SN,2026-02,0.1434,0.4286,0.3961,0.0319
SN,2026-03,0.1434,0.4286,0.3961,0.0319
SN,2026-04,0.1434,0.4286,0.3961,0.0319
SN,2026-05,0.1434,0.4286,0.3961,0.0319
SN,2026-06,0.1434,0.4286,0.3961,0.0319
SN,2026-07,0.1434,0.4286,0.3961,0.0319
SN,2026-08,0.1434,0.4286,0.3961,0.0319
SO,2019-01,0,0,0.5,0.5
SO,2019-02,0,0,0.5,0.5
SO,2019-03,0,0,0.5,0.5
SO,2019-04,0,0,0.5,0.5
SO,2019-05,0,0,0.5,0.5
SO,2019-06,0,0,0.5,0.5
SO,2019-07,0,0,0.5,0.5
SO,2019-08,0,0,0.5,0.5
SO,2019-09,0,0,0.5,0.5
SO,2019-10,0,0,0.5,0.5
SO,2019-11,0,0,0.5,0.5
SO,2019-12,0,0,0.5,0.5
SO,2020-01,0,0,0.5,0.5
SO,2020-02,0,0,0.5,0.5
SO,2020-03,0,0,0.5,0.5
SO,2020-04,0,0,0.5,0.5
SO,2020-05,0,0,0.5,0.5
SO,2020-06,0,0,0.5,0.5
SO,2020-07,0,0,0.5,0.5
SO,2020-08,0,0,0.5,0.5
SO,2020-09,0,0,0.5,0.5
SO,2020-10,0,0,0.5,0.5
SO,2020-11,0,0,0.5,0.5
SO,2020-12,0,0,0.5,0.5
SO,2021-01,0,0,0.5,0.5
SO,2021-02,0,0,0.5,0.5
SO,2021-03,0,0,0.5,0.5
SO,2021-04,0,0,0.5,0.5
SO,2021-05,0,0,0.5,0.5
SO,2021-06,0,0,0.5,0.5
SO,2021-07,0,0,0.5,0.5
SO,2021-08,0,0,0.5,0.5
SO,2021-09,0,0,0.5,0.5
SO,2021-10,0,0,0.5,0.5
SO,2021-11,0,0,0.5,0.5
SO,2021-12,0,0,0.5,0.5
SO,2022-01,0,0,0.5,0.5
SO,2022-02,0,0,0.5,0.5
SO,2022-03,0,0,0.5,0.5
SO,2022-04,0,0,0.5,0.5
SO,2022-05,0,0,0.5,0.5
SO,2022-06,0,0,0.5,0.5
SO,2022-07,0,0,0.5,0.5
SO,2022-08,0,0,0.5,0.5
SO,2022-09,0,0,0.5,0.5
SO,2022-10,0,0,0.5,0.5
SO,2022-11,0,0,0.5,0.5
SO,2022-12,0,0,0.5,0.5
SO,2023-01,0,0,0.5,0.5
SO,2023-02,0,0,0.5,0.5
SO,2023-03,0,0,0.5,0.5
SO,2023-04,0,0,0.5,0.5
SO,2023-05,0,0,0.5,0.5
SO,2023-06,0,0,0.5,0.5
SO,2023-07,0,0,0.5,0.5
SO,2023-08,0,0,0.5,0.5
SO,2023-09,0,0,0.5,0.5
SO,2023-10,0,0,0.5,0.5
SO,2023-11,0,0,0.5,0.5
SO,2023-12,0,0,0.5,0.5
SO,2024-01,0,0,0.5,0.5
SO,2024-02,0,0,0.5,0.5
SO,2024-03,0,0,0.5,0.5
SO,2024-04,0,0,0.5,0.5
SO,2024-05,0,0,0.5,0.5
SO,2024-06,0,0,0.5,0.5
SO,2024-07,0,0,0.5,0.5
SO,2024-08,0,0,0.5,0.5
SO,2024-09,0,0,0.5,0.5
SO,2024-10,0,0,0.5,0.5
SO,2024-11,0,0,0.5,0.5
SO,2024-12,0,0,0.5,0.5
SO,2025-01,0,0,0.5,0.5
SO,2025-02,0,0,0.5,0.5
SO,2025-03,0,0,0.5,0.5
SO,2025-04,0,0,0.5,0.5
SO,2025-05,0,0,0.5,0.5
SO,2025-06,0,0,0.5,0.5
SO,2025-07,0,0,0.5,0.5
SO,2025-08,0,0,0.5,0.5
SO,2025-09,0,0,0.5,0.5
SO,2025-10,0,0,0.5,0.5
SO,2025-11,0,0,0.5,0.5
SO,2025-12,0,0,0.5,0.5
SO,2026-01,0,0,0.5,0.5
SO,2026-02,0,0,0.5,0.5
SO,2026-03,0,0,0.5,0.5
SO,2026-04,0,0,0.5,0.5
SO,2026-05,0,0,0.5,0.5
SO,2026-06,0,0,0.5,0.5
SO,2026-07,0,0,0.5,0.5
SO,2026-08,0,0,0.5,0.5
SR,2019-01,0.0103,0.9794,0.0103,0
SR,2019-02,0.0103,0.9794,0.0103,0
SR,2019-03,0.0103,0.9794,0.0103,0
SR,2019-04,0.0103,0.9794,0.0103,0
SR,2019-05,0.0103,0.9794,0.0103,0
SR,2019-06,0.0103,0.9794,0.0103,0
SR,2019-07,0.0103,0.9794,0.0103,0
SR,2019-08,0.0103,0.9794,0.0103,0
SR,2019-09,0.0103,0.9794,0.0103,0
SR,2019-10,0.0103,0.9794,0.0103,0
SR,2019-11,0.0103,0.9794,0.0103,0
SR,2019-12,0.0103,0.9794,0.0103,0
SR,2020-01,0.0103,0.9794,0.0103,0
SR,2020-02,0.0103,0.9794,0.0103,0
SR,2020-03,0.0103,0.9794,0.0103,0
SR,2020-04,0.0103,0.9794,0.0103,0
SR,2020-05,0.0103,0.9794,0.0103,0
SR,2020-06,0.0103,0.9794,0.0103,0
SR,2020-07,0.0103,0.9794,0.0103,0
SR,2020-08,0.0103,0.9794,0.0103,0
SR,2020-09,0.0103,0.9794,0.0103,0
SR,2020-10,0.0103,0.9794,0.0103,0
SR,2020-11,0.0103,0.9794,0.0103,0
SR,2020-12,0.0103,0.9794,0.0103,0
SR,2021-01,0.0103,0.9794,0.0103,0
SR,2021-02,0.0103,0.9794,0.0103,0
SR,2021-03,0.0103,0.9794,0.0103,0
SR,2021-04,0.0103,0.9794,0.0103,0
SR,2021-05,0.0103,0.9794,0.0103,0
SR,2021-06,0.0103,0.9794,0.0103,0
SR,2021-07,0.0103,0.9794,0.0103,0
SR,2021-08,0.0103,0.9794,0.0103,0
SR,2021-09,0.0103,0.9794,0.0103,0
SR,2021-10,0.0103,0.9794,0.0103,0
SR,2021-11,0.0103,0.9794,0.0103,0
SR,2021-12,0.0103,0.9794,0.0103,0
SR,2022-01,0.0103,0.9794,0.0103,0
SR,2022-02,0.0103,0.9794,0.0103,0
SR,2022-03,0.0103,0.9794,0.0103,0
SR,2022-04,0.0103,0.9794,0.0103,0
SR,2022-05,0.0103,0.9794,0.0103,0
SR,2022-06,0.0103,0.9794,0.0103,0
SR,2022-07,0.0103,0.9794,0.0103,0
SR,2022-08,0.0103,0.9794,0.0103,0
SR,2022-09,0.0103,0.9794,0.0103,0
SR,2022-10,0.0103,0.9794,0.0103,0
SR,2022-11,0.0103,0.9794,0.0103,0
SR,2022-12,0.0103,0.9794,0.0103,0
SR,2023-01,0.0103,0.9794,0.0103,0
SR,2023-02,0.0103,0.9794,0.0103,0
SR,2023-03,0.0103,0.9794,0.0103,0
SR,2023-04,0.0103,0.9794,0.0103,0
SR,2023-05,0.0103,0.9794,0.0103,0
SR,2023-06,0.0103,0.9794,0.0103,0
SR,2023-07,0.0103,0.9794,0.0103,0
SR,2023-08,0.0103,0.9794,0.0103,0
SR,2023-09,0.0103,0.9794,0.0103,0
SR,2023-10,0.0103,0.9794,0.0103,0
SR,2023-11,0.0103,0.9794,0.0103,0
SR,2023-12,0.0103,0.9794,0.0103,0
SR,2024-01,0.0103,0.9794,0.0103,0
SR,2024-02,0.0103,0.9794,0.0103,0
SR,2024-03,0.0103,0.9794,0.0103,0
SR,2024-04,0.0103,0.9794,0.0103,0
SR,2024-05,0.0103,0.9794,0.0103,0
SR,2024-06,0.0103,0.9794,0.0103,0
SR,2024-07,0.0103,0.9794,0.0103,0
SR,2024-08,0.0103,0.9794,0.0103,0
SR,2024-09,0.0103,0.9794,0.0103,0
SR,2024-10,0.0103,0.9794,0.0103,0
SR,2024-11,0.0103,0.9794,0.0103,0
SR,2024-12,0.0103,0.9794,0.0103,0
SR,2025-01,0.0103,0.9794,0.0103,0
SR,2025-02,0.0103,0.9794,0.0103,0
SR,2025-03,0.0103,0.9794,0.0103,0
SR,2025-04,0.0103,0.9794,0.0103,0
SR,2025-05,0.0103,0.9794,0.0103,0
SR,2025-06,0.0103,0.9794,0.0103,0
SR,2025-07,0.0103,0.9794,0.0103,0
SR,2025-08,0.0103,0.9794,0.0103,0
SR,2025-09,0.0103,0.9794,0.0103,0
SR,2025-10,0.0103,0.9794,0.0103,0
SR,2025-11,0.0103,0.9794,0.0103,0
SR,2025-12,0.0103,0.9794,0.0103,0
SR,2026-01,0.0103,0.9794,0.0103,0
SR,2026-02,0.0103,0.9794,0.0103,0
SR,2026-03,0.0103,0.9794,0.0103,0
SR,2026-04,0.0103,0.9794,0.0103,0
SR,2026-05,0.0103,0.9794,0.0103,0
SR,2026-06,0.0103,0.9794,0.0103,0
SR,2026-07,0.0103,0.9794,0.0103,0
SR,2026-08,0.0103,0.9794,0.0103,0
SS,2019-01,,,,
SS,2019-02,,,,
SS,2019-03,,,,
SS,2019-04,,,,
SS,2019-05,,,,
SS,2019-06,,,,
SS,2019-07,,,,
SS,2019-08,,,,
SS,2019-09,,,,
SS,2019-10,,,,
SS,2019-11,,,,
SS,2019-12,,,,
SS,2020-01,,,,
SS,2020-02,,,,
SS,2020-03,,,,
SS,2020-04,,,,
SS,2020-05,,,,
SS,2020-06,,,,
SS,2020-07,,,,
SS,2020-08,,,,
SS,2020-09,,,,
SS,2020-10,,,,
SS,2020-11,,,,
SS,2020-12,,,,
SS,2021-01,,,,
SS,2021-02,,,,
SS,2021-03,,,,
SS,2021-04,,,,
SS,2021-05,,,,
SS,2021-06,,,,
SS,2021-07,,,,
SS,2021-08,,,,
SS,2021-09,,,,
SS,2021-10,,,,
SS,2021-11,,,,
SS,2021-12,,,,
SS,2022-01,,,,
SS,2022-02,,,,
SS,2022-03,,,,
SS,2022-04,,,,
SS,2022-05,,,,
SS,2022-06,,,,
SS,2022-07,,,,
SS,2022-08,,,,
SS,2022-09,,,,
SS,2022-10,,,,
SS,2022-11,,,,
SS,2022-12,,,,
SS,2023-01,,,,
SS,2023-02,,,,
SS,2023-03,,,,
SS,2023-04,,,,
SS,2023-05,,,,
SS,2023-06,,,,
SS,2023-07,,,,
SS,2023-08,,,,
SS,2023-09,,,,
SS,2023-10,,,,
SS,2023-11,,,,
SS,2023-12,,,,
SS,2024-01,,,,
SS,2024-02,,,,
SS,2024-03,,,,
SS,2024-04,,,,
SS,2024-05,,,,
SS,2024-06,,,,
SS,2024-07,,,,
SS,2024-08,,,,
SS,2024-09,,,,
SS,2024-10,,,,
SS,2024-11,,,,
SS,2024-12,,,,
SS,2025-01,,,,
SS,2025-02,,,,
SS,2025-03,,,,
SS,2025-04,,,,
SS,2025-05,,,,
SS,2025-06,,,,
SS,2025-07,,,,
SS,2025-08,,,,
SS,2025-09,,,,
SS,2025-10,,,,
SS,2025-11,,,,
SS,2025-12,,,,
SS,2026-01,,,,
SS,2026-02,,,,
SS,2026-03,,,,
SS,2026-04,,,,
SS,2026-05,,,,
SS,2026-06,,,,
SS,2026-07,,,,
SS,2026-08,,,,
ST,2019-01,0,1,0,0
ST,2019-02,0,1,0,0
ST,2019-03,0,1,0,0
ST,2019-04,0,1,0,0
ST,2019-05,0,1,0,0
ST,2019-06,0,1,0,0
ST,2019-07,0,1,0,0
ST,2019-08,0,1,0,0
ST,2019-09,0,1,0,0
ST,2019-10,0,1,0,0
ST,2019-11,0,1,0,0
ST,2019-12,0,1,0,0
ST,2020-01,0,1,0,0
ST,2020-02,0,1,0,0
ST,2020-03,0,1,0,0
ST,2020-04,0,1,0,0
ST,2020-05,0,1,0,0
ST,2020-06,0,1,0,0
ST,2020-07,0,1,0,0
ST,2020-08,0,1,0,0
ST,2020-09,0,1,0,0
ST,2020-10,0,1,0,0
ST,2020-11,0,1,0,0
ST,2020-12,0,1,0,0
ST,2021-01,0,1,0,0
ST,2021-02,0,1,0,0
ST,2021-03,0,1,0,0
ST,2021-04,0,1,0,0
ST,2021-05,0,1,0,0
ST,2021-06,0,1,0,0
ST,2021-07,0,1,0,0
ST,2021-08,0,1,0,0
ST,2021-09,0,1,0,0
ST,2021-10,0,1,0,0
ST,2021-11,0,1,0,0
ST,2021-12,0,1,0,0
ST,2022-01,0,1,0,0
ST,2022-02,0,1,0,0
ST,2022-03,0,1,0,0
ST,2022-04,0,1,0,0
ST,2022-05,0,1,0,0
ST,2022-06,0,1,0,0
ST,2022-07,0,1,0,0
ST,2022-08,0,1,0,0
ST,2022-09,0,1,0,0
ST,2022-10,0,1,0,0
ST,2022-11,0,1,0,0
ST,2022-12,0,1,0,0
ST,2023-01,0,1,0,0
ST,2023-02,0,1,0,0
ST,2023-03,0,1,0,0
ST,2023-04,0,1,0,0
ST,2023-05,0,1,0,0
ST,2023-06,0,1,0,0
ST,2023-07,0,1,0,0
ST,2023-08,0,1,0,0
ST,2023-09,0,1,0,0
ST,2023-10,0,1,0,0
ST,2023-11,0,1,0,0
ST,2023-12,0,1,0,0
ST,2024-01,0,1,0,0
ST,2024-02,0,1,0,0
ST,2024-03,0,1,0,0
ST,2024-04,0,1,0,0
ST,2024-05,0,1,0,0
ST,2024-06,0,1,0,0
ST,2024-07,0,1,0,0
ST,2024-08,0,1,0,0
ST,2024-09,0,1,0,0
ST,2024-10,0,1,0,0
ST,2024-11,0,1,0,0
ST,2024-12,0,1,0,0
ST,2025-01,0,1,0,0
ST,2025-02,0,1,0,0
ST,2025-03,0,1,0,0
ST,2025-04,0,1,0,0
ST,2025-05,0,1,0,0
ST,2025-06,0,1,0,0
ST,2025-07,0,1,0,0
ST,2025-08,0,1,0,0
ST,2025-09,0,1,0,0
ST,2025-10,0,1,0,0
ST,2025-11,0,1,0,0
ST,2025-12,0,1,0,0
ST,2026-01,0,1,0,0
ST,2026-02,0,1,0,0
ST,2026-03,0,1,0,0
ST,2026-04,0,1,0,0
ST,2026-05,0,1,0,0
ST,2026-06,0,1,0,0
ST,2026-07,0,1,0,0
ST,2026-08,0,1,0,0
SV,2019-01,0.5263,0.4211,0.0526,0
SV,2019-02,0.45,0.45,0.1,0
SV,2019-03,0.4545,0.4545,0.0909,0
SV,2019-04,0.3501,0.55,0.0999,0
SV,2019-05,0.2,0.7,0.1001,0
SV,2019-06,0.0713,0.7858,0.1429,0
SV,2019-07,0,0.8,0.2,0
SV,2019-08,0,0.8,0.2,0
SV,2019-09,0,0.8948,0.1052,0
SV,2019-10,0,0.9259,0.0741,0
SV,2019-11,0.1429,0.7619,0.0952,0
SV,2019-12,0.4762,0.3809,0.1429,0
SV,2020-01,0.5,0.3181,0.1819,0
SV,2020-02,0.4762,0.3333,0.1904,0
SV,2020-03,0.4782,0.3043,0.2175,0
SV,2020-04,0.4285,0.381,0.1905,0
SV,2020-05,0.16,0.68,0.16,0
SV,2020-06,0,0.8462,0.1538,0
SV,2020-07,0,0.8,0.2,0
SV,2020-08,0,0.8462,0.1538,0
SV,2020-09,0,0.871,0.129,0
SV,2020-10,0,0.8572,0.1428,0
SV,2020-11,0,0.8965,0.1035,0
SV,2020-12,0.3448,0.4482,0.1724,0.0345
SV,2021-01,0.3667,0.4,0.1666,0.0667
SV,2021-02,0.3571,0.4285,0.1786,0.0358
SV,2021-03,0.3549,0.4516,0.1613,0.0322
SV,2021-04,0.36,0.4,0.2,0.04
SV,2021-05,0.1579,0.5262,0.2631,0.0527
SV,2021-06,0.1,0.6999,0.2,0
SV,2021-07,0.04,0.7201,0.2,0.04
SV,2021-08,0,0.8276,0.1724,0
SV,2021-09,0,0.8667,0.1333,0
SV,2021-10,0,0.7728,0.1818,0.0454
SV,2021-11,0.2272,0.4092,0.2272,0.1363
SV,2021-12,0.4167,0.2918,0.2083,0.0833
SV,2022-01,0.3053,0.3462,0.2797,0.0688
SV,2022-02,0.3112,0.3331,0.282,0.0737
SV,2022-03,0.3031,0.3528,0.278,0.0661
SV,2022-04,0.2039,0.4177,0.3381,0.0403
SV,2022-05,0.1,0.6,0.3001,0
SV,2022-06,0.0632,0.6614,0.2397,0.0357
SV,2022-07,0.0053,0.6698,0.2862,0.0387
SV,2022-08,0.0025,0.6949,0.2706,0.0319
SV,2022-09,0,0.8096,0.1904,0
SV,2022-10,0,0.7442,0.2325,0.0233
SV,2022-11,0.0645,0.6236,0.2731,0.0388
SV,2022-12,0.292,0.3727,0.2684,0.0669
SV,2023-01,0.353,0.2941,0.2941,0.0589
SV,2023-02,0.3125,0.3125,0.3125,0.0625
SV,2023-03,0.3056,0.361,0.3056,0.0277
SV,2023-04,0.2592,0.3333,0.3704,0.0371
SV,2023-05,0.1666,0.3749,0.4167,0.0418
SV,2023-06,0,0.4117,0.5883,0
SV,2023-07,0,0.4092,0.4998,0.091
SV,2023-08,0,0.4762,0.4762,0.0476
SV,2023-09,0,0.6129,0.3549,0.0322
SV,2023-10,0,0.7561,0.2195,0.0243
SV,2023-11,0.0014,0.6346,0.2957,0.0683
SV,2023-12,0.2935,0.3187,0.2952,0.0926
SV,2024-01,0.3429,0.2857,0.3143,0.0572
SV,2024-02,0.3666,0.2,0.3666,0.0667
SV,2024-03,0.3438,0.25,0.375,0.0313
SV,2024-04,0.2812,0.3751,0.3124,0.0312
SV,2024-05,0.1112,0.5184,0.3704,0
SV,2024-06,0,0.7143,0.2857,0
SV,2024-07,0.0011,0.6824,0.2898,0.0267
SV,2024-08,0,0.7346,0.2449,0.0205
SV,2024-09,0,0.7872,0.2128,0
SV,2024-10,0.0037,0.6178,0.3138,0.0647
SV,2024-11,0.0379,0.6243,0.2881,0.0497
SV,2024-12,0.2843,0.3303,0.2898,0.0956
SV,2025-01,0.2986,0.3059,0.3052,0.0903
SV,2025-02,0.2929,0.3191,0.3249,0.0632
SV,2025-03,0.3428,0.2858,0.3428,0.0286
SV,2025-04,0.2257,0.3226,0.3871,0.0646
SV,2025-05,0.0385,0.5,0.4615,0
SV,2025-06,0.0013,0.6561,0.3086,0.034
SV,2025-07,0,0.5676,0.3784,0.054
SV,2025-08,0,0.6249,0.35,0.0251
SV,2025-09,0,0.7333,0.2667,0
SV,2025-10,0,0.7346,0.2449,0.0205
SV,2025-11,0.0588,0.4706,0.3823,0.0883
SV,2025-12,0.275,0.325,0.325,0.075
SV,2026-01,0.275,0.325,0.325,0.075
SV,2026-02,0.275,0.325,0.325,0.075
SV,2026-03,0.275,0.325,0.325,0.075
SV,2026-04,0.275,0.325,0.325,0.075
SV,2026-05,0.275,0.325,0.325,0.075
SV,2026-06,0.275,0.325,0.325,0.075
SV,2026-07,0.275,0.325,0.325,0.075
SV,2026-08,0.275,0.325,0.325,0.075
SY,2019-01,0.0372,0.9628,0,0
SY,2019-02,0.0372,0.9628,0,0
SY,2019-03,0.0372,0.9628,0,0
SY,2019-04,0.0372,0.9628,0,0
SY,2019-05,0.0372,0.9628,0,0
SY,2019-06,0.0372,0.9628,0,0
SY,2019-07,0.0372,0.9628,0,0
SY,2019-08,0.0372,0.9628,0,0
SY,2019-09,0.0372,0.9628,0,0
SY,2019-10,0.0372,0.9628,0,0
SY,2019-11,0.0372,0.9628,0,0
SY,2019-12,0.0372,0.9628,0,0
SY,2020-01,0.0372,0.9628,0,0
SY,2020-02,0.0372,0.9628,0,0
SY,2020-03,0.0372,0.9628,0,0
SY,2020-04,0.0372,0.9628,0,0
SY,2020-05,0.0372,0.9628,0,0
SY,2020-06,0.0372,0.9628,0,0
SY,2020-07,0.0372,0.9628,0,0
SY,2020-08,0.0372,0.9628,0,0
SY,2020-09,0.0372,0.9628,0,0
SY,2020-10,0.0372,0.9628,0,0
SY,2020-11,0.0372,0.9628,0,0
SY,2020-12,0.0372,0.9628,0,0
SY,2021-01,0.0372,0.9628,0,0
SY,2021-02,0.0372,0.9628,0,0
SY,2021-03,0.0372,0.9628,0,0
SY,2021-04,0.0372,0.9628,0,0
SY,2021-05,0.0372,0.9628,0,0
SY,2021-06,0.0372,0.9628,0,0
SY,2021-07,0.0372,0.9628,0,0
SY,2021-08,0.0372,0.9628,0,0
SY,2021-09,0.0372,0.9628,0,0
SY,2021-10,0.0372,0.9628,0,0
SY,2021-11,0.0372,0.9628,0,0
SY,2021-12,0.0372,0.9628,0,0
SY,2022-01,0.0372,0.9628,0,0
SY,2022-02,0.0372,0.9628,0,0
SY,2022-03,0.0372,0.9628,0,0
SY,2022-04,0.0372,0.9628,0,0
SY,2022-05,0.0372,0.9628,0,0
SY,2022-06,0.0372,0.9628,0,0
SY,2022-07,0.0372,0.9628,0,0
SY,2022-08,0.0372,0.9628,0,0
SY,2022-09,0.0372,0.9628,0,0
SY,2022-10,0.0372,0.9628,0,0
SY,2022-11,0.0372,0.9628,0,0
SY,2022-12,0.0372,0.9628,0,0
SY,2023-01,0.0372,0.9628,0,0
SY,2023-02,0.0372,0.9628,0,0
SY,2023-03,0.0372,0.9628,0,0
SY,2023-04,0.0372,0.9628,0,0
SY,2023-05,0.0372,0.9628,0,0
SY,2023-06,0.0372,0.9628,0,0
SY,2023-07,0.0372,0.9628,0,0
SY,2023-08,0.0372,0.9628,0,0
SY,2023-09,0.0372,0.9628,0,0
SY,2023-10,0.0372,0.9628,0,0
SY,2023-11,0.0372,0.9628,0,0
SY,2023-12,0.0372,0.9628,0,0
SY,2024-01,0.0372,0.9628,0,0
SY,2024-02,0.0372,0.9628,0,0
SY,2024-03,0.0372,0.9628,0,0
SY,2024-04,0.0372,0.9628,0,0
SY,2024-05,0.0372,0.9628,0,0
SY,2024-06,0.0372,0.9628,0,0
SY,2024-07,0.0372,0.9628,0,0
SY,2024-08,0.0372,0.9628,0,0
SY,2024-09,0.0372,0.9628,0,0
SY,2024-10,0.0372,0.9628,0,0
SY,2024-11,0.0372,0.9628,0,0
SY,2024-12,0.0372,0.9628,0,0
SY,2025-01,0.0372,0.9628,0,0
SY,2025-02,0.0372,0.9628,0,0
SY,2025-03,0.0372,0.9628,0,0
SY,2025-04,0.0372,0.9628,0,0
SY,2025-05,0.0372,0.9628,0,0
SY,2025-06,0.0372,0.9628,0,0
SY,2025-07,0.0372,0.9628,0,0
SY,2025-08,0.0372,0.9628,0,0
SY,2025-09,0.0372,0.9628,0,0
SY,2025-10,0.0372,0.9628,0,0
SY,2025-11,0.0372,0.9628,0,0
SY,2025-12,0.0372,0.9628,0,0
SY,2026-01,0.0372,0.9628,0,0
SY,2026-02,0.0372,0.9628,0,0
SY,2026-03,0.0372,0.9628,0,0
SY,2026-04,0.0372,0.9628,0,0
SY,2026-05,0.0372,0.9628,0,0
SY,2026-06,0.0372,0.9628,0,0
SY,2026-07,0.0372,0.9628,0,0
SY,2026-08,0.0372,0.9628,0,0
SZ,2019-01,0.3398,0.604,0.0209,0.0353
SZ,2019-02,0.3398,0.604,0.0209,0.0353
SZ,2019-03,0.3398,0.604,0.0209,0.0353
SZ,2019-04,0.3398,0.604,0.0209,0.0353
SZ,2019-05,0.3398,0.604,0.0209,0.0353
SZ,2019-06,0.3398,0.604,0.0209,0.0353
SZ,2019-07,0.3398,0.604,0.0209,0.0353
SZ,2019-08,0.3398,0.604,0.0209,0.0353
SZ,2019-09,0.3398,0.604,0.0209,0.0353
SZ,2019-10,0.3398,0.604,0.0209,0.0353
SZ,2019-11,0.3398,0.604,0.0209,0.0353
SZ,2019-12,0.3398,0.604,0.0209,0.0353
SZ,2020-01,0.3398,0.604,0.0209,0.0353
SZ,2020-02,0.3398,0.604,0.0209,0.0353
SZ,2020-03,0.3398,0.604,0.0209,0.0353
SZ,2020-04,0.3398,0.604,0.0209,0.0353
SZ,2020-05,0.3398,0.604,0.0209,0.0353
SZ,2020-06,0.3398,0.604,0.0209,0.0353
SZ,2020-07,0.3398,0.604,0.0209,0.0353
SZ,2020-08,0.3398,0.604,0.0209,0.0353
SZ,2020-09,0.3398,0.604,0.0209,0.0353
SZ,2020-10,0.3398,0.604,0.0209,0.0353
SZ,2020-11,0.3398,0.604,0.0209,0.0353
SZ,2020-12,0.3398,0.604,0.0209,0.0353
SZ,2021-01,0.3398,0.604,0.0209,0.0353
SZ,2021-02,0.3398,0.604,0.0209,0.0353
SZ,2021-03,0.3398,0.604,0.0209,0.0353
SZ,2021-04,0.3398,0.604,0.0209,0.0353
SZ,2021-05,0.3398,0.604,0.0209,0.0353
SZ,2021-06,0.3398,0.604,0.0209,0.0353
SZ,2021-07,0.3398,0.604,0.0209,0.0353
SZ,2021-08,0.3398,0.604,0.0209,0.0353
SZ,2021-09,0.3398,0.604,0.0209,0.0353
SZ,2021-10,0.3398,0.604,0.0209,0.0353
SZ,2021-11,0.3398,0.604,0.0209,0.0353
SZ,2021-12,0.3398,0.604,0.0209,0.0353
SZ,2022-01,0.3398,0.604,0.0209,0.0353
SZ,2022-02,0.3398,0.604,0.0209,0.0353
SZ,2022-03,0.3398,0.604,0.0209,0.0353
SZ,2022-04,0.3398,0.604,0.0209,0.0353
SZ,2022-05,0.3398,0.604,0.0209,0.0353
SZ,2022-06,0.3398,0.604,0.0209,0.0353
SZ,2022-07,0.3398,0.604,0.0209,0.0353
SZ,2022-08,0.3398,0.604,0.0209,0.0353
SZ,2022-09,0.3398,0.604,0.0209,0.0353
SZ,2022-10,0.3398,0.604,0.0209,0.0353
SZ,2022-11,0.3398,0.604,0.0209,0.0353
SZ,2022-12,0.3398,0.604,0.0209,0.0353
SZ,2023-01,0.3398,0.604,0.0209,0.0353
SZ,2023-02,0.3398,0.604,0.0209,0.0353
SZ,2023-03,0.3398,0.604,0.0209,0.0353
SZ,2023-04,0.3398,0.604,0.0209,0.0353
SZ,2023-05,0.3398,0.604,0.0209,0.0353
SZ,2023-06,0.3398,0.604,0.0209,0.0353
SZ,2023-07,0.3398,0.604,0.0209,0.0353
SZ,2023-08,0.3398,0.604,0.0209,0.0353
SZ,2023-09,0.3398,0.604,0.0209,0.0353
SZ,2023-10,0.3398,0.604,0.0209,0.0353
SZ,2023-11,0.3398,0.604,0.0209,0.0353
SZ,2023-12,0.3398,0.604,0.0209,0.0353
SZ,2024-01,0.3398,0.604,0.0209,0.0353
SZ,2024-02,0.3398,0.604,0.0209,0.0353
SZ,2024-03,0.3398,0.604,0.0209,0.0353
SZ,2024-04,0.3398,0.604,0.0209,0.0353
SZ,2024-05,0.3398,0.604,0.0209,0.0353
SZ,2024-06,0.3398,0.604,0.0209,0.0353
SZ,2024-07,0.3398,0.604,0.0209,0.0353
SZ,2024-08,0.3398,0.604,0.0209,0.0353
SZ,2024-09,0.3398,0.604,0.0209,0.0353
SZ,2024-10,0.3398,0.604,0.0209,0.0353
SZ,2024-11,0.3398,0.604,0.0209,0.0353
SZ,2024-12,0.3398,0.604,0.0209,0.0353
SZ,2025-01,0.3398,0.604,0.0209,0.0353
SZ,2025-02,0.3398,0.604,0.0209,0.0353
SZ,2025-03,0.3398,0.604,0.0209,0.0353
SZ,2025-04,0.3398,0.604,0.0209,0.0353
SZ,2025-05,0.3398,0.604,0.0209,0.0353
SZ,2025-06,0.3398,0.604,0.0209,0.0353
SZ,2025-07,0.3398,0.604,0.0209,0.0353
SZ,2025-08,0.3398,0.604,0.0209,0.0353
SZ,2025-09,0.3398,0.604,0.0209,0.0353
SZ,2025-10,0.3398,0.604,0.0209,0.0353
SZ,2025-11,0.3398,0.604,0.0209,0.0353
SZ,2025-12,0.3398,0.604,0.0209,0.0353
SZ,2026-01,0.3398,0.604,0.0209,0.0353
SZ,2026-02,0.3398,0.604,0.0209,0.0353
SZ,2026-03,0.3398,0.604,0.0209,0.0353
SZ,2026-04,0.3398,0.604,0.0209,0.0353
SZ,2026-05,0.3398,0.604,0.0209,0.0353
SZ,2026-06,0.3398,0.604,0.0209,0.0353
SZ,2026-07,0.3398,0.604,0.0209,0.0353
SZ,2026-08,0.3398,0.604,0.0209,0.0353
TC,2019-01,,,,
TC,2019-02,,,,
TC,2019-03,,,,
TC,2019-04,,,,
TC,2019-05,,,,
TC,2019-06,,,,
TC,2019-07,,,,
TC,2019-08,,,,
TC,2019-09,,,,
TC,2019-10,,,,
TC,2019-11,,,,
TC,2019-12,,,,
TC,2020-01,,,,
TC,2020-02,,,,
TC,2020-03,,,,
TC,2020-04,,,,
TC,2020-05,,,,
TC,2020-06,,,,
TC,2020-07,,,,
TC,2020-08,,,,
TC,2020-09,,,,
TC,2020-10,,,,
TC,2020-11,,,,
TC,2020-12,,,,
TC,2021-01,,,,
TC,2021-02,,,,
TC,2021-03,,,,
TC,2021-04,,,,
TC,2021-05,,,,
TC,2021-06,,,,
TC,2021-07,,,,
TC,2021-08,,,,
TC,2021-09,,,,
TC,2021-10,,,,
TC,2021-11,,,,
TC,2021-12,,,,
TC,2022-01,,,,
TC,2022-02,,,,
TC,2022-03,,,,
TC,2022-04,,,,
TC,2022-05,,,,
TC,2022-06,,,,
TC,2022-07,,,,
TC,2022-08,,,,
TC,2022-09,,,,
TC,2022-10,,,,
TC,2022-11,,,,
TC,2022-12,,,,
TC,2023-01,,,,
TC,2023-02,,,,
TC,2023-03,,,,
TC,2023-04,,,,
TC,2023-05,,,,
TC,2023-06,,,,
TC,2023-07,,,,
TC,2023-08,,,,
TC,2023-09,,,,
TC,2023-10,,,,
TC,2023-11,,,,
TC,2023-12,,,,
TC,2024-01,,,,
TC,2024-02,,,,
TC,2024-03,,,,
TC,2024-04,,,,
TC,2024-05,,,,
TC,2024-06,,,,
TC,2024-07,,,,
TC,2024-08,,,,
TC,2024-09,,,,
TC,2024-10,,,,
TC,2024-11,,,,
TC,2024-12,,,,
TC,2025-01,,,,
TC,2025-02,,,,
TC,2025-03,,,,
TC,2025-04,,,,
TC,2025-05,,,,
TC,2025-06,,,,
TC,2025-07,,,,
TC,2025-08,,,,
TC,2025-09,,,,
TC,2025-10,,,,
TC,2025-11,,,,
TC,2025-12,,,,
TC,2026-01,,,,
TC,2026-02,,,,
TC,2026-03,,,,
TC,2026-04,,,,
TC,2026-05,,,,
TC,2026-06,,,,
TC,2026-07,,,,
TC,2026-08,,,,
TD,2019-01,0.5,0,0,0.5
TD,2019-02,0.5,0,0,0.5
TD,2019-03,0.5,0,0,0.5
TD,2019-04,0.5,0,0,0.5
TD,2019-05,0.5,0,0,0.5
TD,2019-06,0.5,0,0,0.5
TD,2019-07,0.5,0,0,0.5
TD,2019-08,0.5,0,0,0.5
TD,2019-09,0.5,0,0,0.5
TD,2019-10,0.5,0,0,0.5
TD,2019-11,0.5,0,0,0.5
TD,2019-12,0.5,0,0,0.5
TD,2020-01,0.5,0,0,0.5
TD,2020-02,0.5,0,0,0.5
TD,2020-03,0.5,0,0,0.5
TD,2020-04,0.5,0,0,0.5
TD,2020-05,0.5,0,0,0.5
TD,2020-06,0.5,0,0,0.5
TD,2020-07,0.5,0,0,0.5
TD,2020-08,0.5,0,0,0.5
TD,2020-09,0.5,0,0,0.5
TD,2020-10,0.5,0,0,0.5
TD,2020-11,0.5,0,0,0.5
TD,2020-12,0.5,0,0,0.5
TD,2021-01,0.5,0,0,0.5
TD,2021-02,0.5,0,0,0.5
TD,2021-03,0.5,0,0,0.5
TD,2021-04,0.5,0,0,0.5
TD,2021-05,0.5,0,0,0.5
TD,2021-06,0.5,0,0,0.5
TD,2021-07,0.5,0,0,0.5
TD,2021-08,0.5,0,0,0.5
TD,2021-09,0.5,0,0,0.5
TD,2021-10,0.5,0,0,0.5
TD,2021-11,0.5,0,0,0.5
TD,2021-12,0.5,0,0,0.5
TD,2022-01,0.5,0,0,0.5
TD,2022-02,0.5,0,0,0.5
TD,2022-03,0.5,0,0,0.5
TD,2022-04,0.5,0,0,0.5
TD,2022-05,0.5,0,0,0.5
TD,2022-06,0.5,0,0,0.5
TD,2022-07,0.5,0,0,0.5
TD,2022-08,0.5,0,0,0.5
TD,2022-09,0.5,0,0,0.5
TD,2022-10,0.5,0,0,0.5
TD,2022-11,0.5,0,0,0.5
TD,2022-12,0.5,0,0,0.5
TD,2023-01,0.5,0,0,0.5
TD,2023-02,0.5,0,0,0.5
TD,2023-03,0.5,0,0,0.5
TD,2023-04,0.5,0,0,0.5
TD,2023-05,0.5,0,0,0.5
TD,2023-06,0.5,0,0,0.5
TD,2023-07,0.5,0,0,0.5
TD,2023-08,0.5,0,0,0.5
TD,2023-09,0.5,0,0,0.5
TD,2023-10,0.5,0,0,0.5
TD,2023-11,0.5,0,0,0.5
TD,2023-12,0.5,0,0,0.5
TD,2024-01,0.5,0,0,0.5
TD,2024-02,0.5,0,0,0.5
TD,2024-03,0.5,0,0,0.5
TD,2024-04,0.5,0,0,0.5
TD,2024-05,0.5,0,0,0.5
TD,2024-06,0.5,0,0,0.5
TD,2024-07,0.5,0,0,0.5
TD,2024-08,0.5,0,0,0.5
TD,2024-09,0.5,0,0,0.5
TD,2024-10,0.5,0,0,0.5
TD,2024-11,0.5,0,0,0.5
TD,2024-12,0.5,0,0,0.5
TD,2025-01,0.5,0,0,0.5
TD,2025-02,0.5,0,0,0.5
TD,2025-03,0.5,0,0,0.5
TD,2025-04,0.5,0,0,0.5
TD,2025-05,0.5,0,0,0.5
TD,2025-06,0.5,0,0,0.5
TD,2025-07,0.5,0,0,0.5
TD,2025-08,0.5,0,0,0.5
TD,2025-09,0.5,0,0,0.5
TD,2025-10,0.5,0,0,0.5
TD,2025-11,0.5,0,0,0.5
TD,2025-12,0.5,0,0,0.5
TD,2026-01,0.5,0,0,0.5
TD,2026-02,0.5,0,0,0.5
TD,2026-03,0.5,0,0,0.5
TD,2026-04,0.5,0,0,0.5
TD,2026-05,0.5,0,0,0.5
TD,2026-06,0.5,0,0,0.5
TD,2026-07,0.5,0,0,0.5
TD,2026-08,0.5,0,0,0.5
TG,2019-01,0.0096,0.8567,0.0708,0.0629
TG,2019-02,0.0096,0.8567,0.0708,0.0629
TG,2019-03,0.0096,0.8567,0.0708,0.0629
TG,2019-04,0.0096,0.8567,0.0708,0.0629
TG,2019-05,0.0096,0.8567,0.0708,0.0629
TG,2019-06,0.0096,0.8567,0.0708,0.0629
TG,2019-07,0.0096,0.8567,0.0708,0.0629
TG,2019-08,0.0096,0.8567,0.0708,0.0629
TG,2019-09,0.0096,0.8567,0.0708,0.0629
TG,2019-10,0.0096,0.8567,0.0708,0.0629
TG,2019-11,0.0096,0.8567,0.0708,0.0629
TG,2019-12,0.0096,0.8567,0.0708,0.0629
TG,2020-01,0.0096,0.8567,0.0708,0.0629
TG,2020-02,0.0096,0.8567,0.0708,0.0629
TG,2020-03,0.0096,0.8567,0.0708,0.0629
TG,2020-04,0.0096,0.8567,0.0708,0.0629
TG,2020-05,0.0096,0.8567,0.0708,0.0629
TG,2020-06,0.0096,0.8567,0.0708,0.0629
TG,2020-07,0.0096,0.8567,0.0708,0.0629
TG,2020-08,0.0096,0.8567,0.0708,0.0629
TG,2020-09,0.0096,0.8567,0.0708,0.0629
TG,2020-10,0.0096,0.8567,0.0708,0.0629
TG,2020-11,0.0096,0.8567,0.0708,0.0629
TG,2020-12,0.0096,0.8567,0.0708,0.0629
TG,2021-01,0.0096,0.8567,0.0708,0.0629
TG,2021-02,0.0096,0.8567,0.0708,0.0629
TG,2021-03,0.0096,0.8567,0.0708,0.0629
TG,2021-04,0.0096,0.8567,0.0708,0.0629
TG,2021-05,0.0096,0.8567,0.0708,0.0629
TG,2021-06,0.0096,0.8567,0.0708,0.0629
TG,2021-07,0.0096,0.8567,0.0708,0.0629
TG,2021-08,0.0096,0.8567,0.0708,0.0629
TG,2021-09,0.0096,0.8567,0.0708,0.0629
TG,2021-10,0.0096,0.8567,0.0708,0.0629
TG,2021-11,0.0096,0.8567,0.0708,0.0629
TG,2021-12,0.0096,0.8567,0.0708,0.0629
TG,2022-01,0.0096,0.8567,0.0708,0.0629
TG,2022-02,0.0096,0.8567,0.0708,0.0629
TG,2022-03,0.0096,0.8567,0.0708,0.0629
TG,2022-04,0.0096,0.8567,0.0708,0.0629
TG,2022-05,0.0096,0.8567,0.0708,0.0629
TG,2022-06,0.0096,0.8567,0.0708,0.0629
TG,2022-07,0.0096,0.8567,0.0708,0.0629
TG,2022-08,0.0096,0.8567,0.0708,0.0629
TG,2022-09,0.0096,0.8567,0.0708,0.0629
TG,2022-10,0.0096,0.8567,0.0708,0.0629
TG,2022-11,0.0096,0.8567,0.0708,0.0629
TG,2022-12,0.0096,0.8567,0.0708,0.0629
TG,2023-01,0.0096,0.8567,0.0708,0.0629
TG,2023-02,0.0096,0.8567,0.0708,0.0629
TG,2023-03,0.0096,0.8567,0.0708,0.0629
TG,2023-04,0.0096,0.8567,0.0708,0.0629
TG,2023-05,0.0096,0.8567,0.0708,0.0629
TG,2023-06,0.0096,0.8567,0.0708,0.0629
TG,2023-07,0.0096,0.8567,0.0708,0.0629
TG,2023-08,0.0096,0.8567,0.0708,0.0629
TG,2023-09,0.0096,0.8567,0.0708,0.0629
TG,2023-10,0.0096,0.8567,0.0708,0.0629
TG,2023-11,0.0096,0.8567,0.0708,0.0629
TG,2023-12,0.0096,0.8567,0.0708,0.0629
TG,2024-01,0.0096,0.8567,0.0708,0.0629
TG,2024-02,0.0096,0.8567,0.0708,0.0629
TG,2024-03,0.0096,0.8567,0.0708,0.0629
TG,2024-04,0.0096,0.8567,0.0708,0.0629
TG,2024-05,0.0096,0.8567,0.0708,0.0629
TG,2024-06,0.0096,0.8567,0.0708,0.0629
TG,2024-07,0.0096,0.8567,0.0708,0.0629
TG,2024-08,0.0096,0.8567,0.0708,0.0629
TG,2024-09,0.0096,0.8567,0.0708,0.0629
TG,2024-10,0.0096,0.8567,0.0708,0.0629
TG,2024-11,0.0096,0.8567,0.0708,0.0629
TG,2024-12,0.0096,0.8567,0.0708,0.0629
TG,2025-01,0.0096,0.8567,0.0708,0.0629
TG,2025-02,0.0096,0.8567,0.0708,0.0629
TG,2025-03,0.0096,0.8567,0.0708,0.0629
TG,2025-04,0.0096,0.8567,0.0708,0.0629
TG,2025-05,0.0096,0.8567,0.0708,0.0629
TG,2025-06,0.0096,0.8567,0.0708,0.0629
TG,2025-07,0.0096,0.8567,0.0708,0.0629
TG,2025-08,0.0096,0.8567,0.0708,0.0629
TG,2025-09,0.0096,0.8567,0.0708,0.0629
TG,2025-10,0.0096,0.8567,0.0708,0.0629
TG,2025-11,0.0096,0.8567,0.0708,0.0629
TG,2025-12,0.0096,0.8567,0.0708,0.0629
TG,2026-01,0.0096,0.8567,0.0708,0.0629
TG,2026-02,0.0096,0.8567,0.0708,0.0629
TG,2026-03,0.0096,0.8567,0.0708,0.0629
TG,2026-04,0.0096,0.8567,0.0708,0.0629
TG,2026-05,0.0096,0.8567,0.0708,0.0629
TG,2026-06,0.0096,0.8567,0.0708,0.0629
TG,2026-07,0.0096,0.8567,0.0708,0.0629
TG,2026-08,0.0096,0.8567,0.0708,0.0629
TH,2019-01,0.4396,0.2844,0.1613,0.1147
TH,2019-02,0.4269,0.3153,0.1762,0.0816
TH,2019-03,0.4027,0.3121,0.1801,0.105
TH,2019-04,0.3922,0.3122,0.1953,0.1003
TH,2019-05,0.3957,0.3201,0.1796,0.1046
TH,2019-06,0.382,0.2965,0.1853,0.1362
TH,2019-07,0.3675,0.299,0.1707,0.1627
TH,2019-08,0.3661,0.2927,0.1447,0.1964
TH,2019-09,0.3781,0.2915,0.1765,0.1539
TH,2019-10,0.359,0.2977,0.2124,0.1309
TH,2019-11,0.3674,0.2492,0.1981,0.1853
TH,2019-12,0.4262,0.2044,0.1824,0.1871
TH,2020-01,0.4745,0.2262,0.185,0.1144
TH,2020-02,0.4337,0.2299,0.1863,0.1502
TH,2020-03,0.4207,0.265,0.1984,0.1159
TH,2020-04,0.4256,0.2635,0.1994,0.1116
TH,2020-05,0.4149,0.272,0.197,0.116
TH,2020-06,0.4017,0.2713,0.1993,0.1277
TH,2020-07,0.4164,0.2803,0.1982,0.1051
TH,2020-08,0.3692,0.3253,0.1564,0.1491
TH,2020-09,0.3377,0.3528,0.1641,0.1454
TH,2020-10,0.3658,0.3017,0.1689,0.1636
TH,2020-11,0.4151,0.1781,0.2101,0.1967
TH,2020-12,0.4234,0.1871,0.1922,0.1973
TH,2021-01,0.4445,0.2018,0.157,0.1968
TH,2021-02,0.4595,0.2155,0.1211,0.2039
TH,2021-03,0.4499,0.2345,0.1935,0.1222
TH,2021-04,0.4403,0.2453,0.1016,0.2127
TH,2021-05,0.4148,0.2596,0.1035,0.2221
TH,2021-06,0.3537,0.2918,0.174,0.1805
TH,2021-07,0.368,0.2933,0.163,0.1758
TH,2021-08,0.369,0.3124,0.1771,0.1415
TH,2021-09,0.4051,0.315,0.1772,0.1028
TH,2021-10,0.3982,0.2782,0.1848,0.1388
TH,2021-11,0.3731,0.2229,0.1954,0.2087
TH,2021-12,0.3957,0.2024,0.2011,0.2008
TH,2022-01,0.4646,0.2329,0.1927,0.1098
TH,2022-02,0.4555,0.2466,0.1691,0.1288
TH,2022-03,0.415,0.3007,0.1844,0.0999
TH,2022-04,0.3643,0.3136,0.183,0.139
TH,2022-05,0.3551,0.3243,0.1655,0.155
TH,2022-06,0.3383,0.3529,0.178,0.1307
TH,2022-07,0.3419,0.3498,0.1789,0.1294
TH,2022-08,0.3684,0.333,0.1715,0.1271
TH,2022-09,0.3944,0.3114,0.1803,0.1139
TH,2022-10,0.3783,0.257,0.1951,0.1695
TH,2022-11,0.4099,0.262,0.2109,0.1172
TH,2022-12,0.3994,0.2436,0.1635,0.1935
TH,2023-01,0.4148,0.2614,0.1629,0.1609
TH,2023-02,0.4123,0.2831,0.1707,0.1339
TH,2023-03,0.4036,0.279,0.1849,0.1325
TH,2023-04,0.4055,0.2802,0.1881,0.1262
TH,2023-05,0.3967,0.2937,0.1967,0.1129
TH,2023-06,0.3866,0.2834,0.1887,0.1413
TH,2023-07,0.3918,0.2713,0.1888,0.1482
TH,2023-08,0.3657,0.2924,0.185,0.1569
TH,2023-09,0.3917,0.2896,0.1315,0.1873
TH,2023-10,0.3894,0.2535,0.2257,0.1314
TH,2023-11,0.3602,0.2087,0.2184,0.2127
TH,2023-12,0.3829,0.2417,0.1839,0.1915
TH,2024-01,0.4454,0.2498,0.1793,0.1254
TH,2024-02,0.4454,0.2525,0.1869,0.1152
TH,2024-03,0.4263,0.2554,0.2015,0.1168
TH,2024-04,0.382,0.2643,0.2072,0.1464
TH,2024-05,0.3955,0.2911,0.2054,0.108
TH,2024-06,0.374,0.2705,0.1978,0.1577
TH,2024-07,0.3565,0.2872,0.191,0.1652
TH,2024-08,0.379,0.2888,0.2226,0.1096
TH,2024-09,0.3471,0.2885,0.2117,0.1527
TH,2024-10,0.3376,0.2589,0.2429,0.1607
TH,2024-11,0.3302,0.2341,0.2133,0.2225
TH,2024-12,0.3489,0.2717,0.1794,0.2001
TH,2025-01,0.2763,0.2634,0.2953,0.1651
TH,2025-02,0.3138,0.2786,0.2874,0.1202
TH,2025-03,0.2958,0.2498,0.3108,0.1436
TH,2025-04,0.291,0.2589,0.3295,0.1206
TH,2025-05,0.2818,0.2821,0.3259,0.1102
TH,2025-06,0.2433,0.2785,0.3208,0.1574
TH,2025-07,0.2429,0.26,0.3015,0.1956
TH,2025-08,0.2344,0.3242,0.3135,0.1279
TH,2025-09,0.2144,0.3308,0.3331,0.1217
TH,2025-10,0.1956,0.3237,0.3328,0.1479
TH,2025-11,0.1829,0.2904,0.3179,0.2088
TH,2025-12,0.228,0.2798,0.3353,0.1569
TH,2026-01,0.2208,0.2922,0.3536,0.1334
TH,2026-02,0.2512,0.3116,0.3215,0.1157
TH,2026-03,0.2042,0.327,0.3492,0.1196
TH,2026-04,0.2026,0.3088,0.3626,0.126
TH,2026-05,0.1985,0.317,0.3618,0.1227
TH,2026-06,0.1985,0.317,0.3618,0.1227
TH,2026-07,0.1985,0.317,0.3618,0.1227
TH,2026-08,0.1985,0.317,0.3618,0.1227
TJ,2019-01,0,1,0,0
TJ,2019-02,0,1,0,0
TJ,2019-03,0,1,0,0
TJ,2019-04,0,1,0,0
TJ,2019-05,0,1,0,0
TJ,2019-06,0,1,0,0
TJ,2019-07,0,1,0,0
TJ,2019-08,0,1,0,0
TJ,2019-09,0,1,0,0
TJ,2019-10,0,1,0,0
TJ,2019-11,0,1,0,0
TJ,2019-12,0,1,0,0
TJ,2020-01,0,1,0,0
TJ,2020-02,0,1,0,0
TJ,2020-03,0,1,0,0
TJ,2020-04,0,1,0,0
TJ,2020-05,0,1,0,0
TJ,2020-06,0,1,0,0
TJ,2020-07,0,1,0,0
TJ,2020-08,0,1,0,0
TJ,2020-09,0,1,0,0
TJ,2020-10,0,1,0,0
TJ,2020-11,0,1,0,0
TJ,2020-12,0,1,0,0
TJ,2021-01,0,1,0,0
TJ,2021-02,0,1,0,0
TJ,2021-03,0,1,0,0
TJ,2021-04,0,1,0,0
TJ,2021-05,0,1,0,0
TJ,2021-06,0,1,0,0
TJ,2021-07,0,1,0,0
TJ,2021-08,0,1,0,0
TJ,2021-09,0,1,0,0
TJ,2021-10,0,1,0,0
TJ,2021-11,0,1,0,0
TJ,2021-12,0,1,0,0
TJ,2022-01,0,1,0,0
TJ,2022-02,0,1,0,0
TJ,2022-03,0,1,0,0
TJ,2022-04,0,1,0,0
TJ,2022-05,0,1,0,0
TJ,2022-06,0,1,0,0
TJ,2022-07,0,1,0,0
TJ,2022-08,0,1,0,0
TJ,2022-09,0,1,0,0
TJ,2022-10,0,1,0,0
TJ,2022-11,0,1,0,0
TJ,2022-12,0,1,0,0
TJ,2023-01,0,1,0,0
TJ,2023-02,0,1,0,0
TJ,2023-03,0,1,0,0
TJ,2023-04,0,1,0,0
TJ,2023-05,0,1,0,0
TJ,2023-06,0,1,0,0
TJ,2023-07,0,1,0,0
TJ,2023-08,0,1,0,0
TJ,2023-09,0,1,0,0
TJ,2023-10,0,1,0,0
TJ,2023-11,0,1,0,0
TJ,2023-12,0,1,0,0
TJ,2024-01,0,1,0,0
TJ,2024-02,0,1,0,0
TJ,2024-03,0,1,0,0
TJ,2024-04,0,1,0,0
TJ,2024-05,0,1,0,0
TJ,2024-06,0,1,0,0
TJ,2024-07,0,1,0,0
TJ,2024-08,0,1,0,0
TJ,2024-09,0,1,0,0
TJ,2024-10,0,1,0,0
TJ,2024-11,0.0002,0.9987,0.0005,0.0006
TJ,2024-12,0.0001,0.999,0.0004,0.0005
TJ,2025-01,0.0004,0.9969,0.0013,0.0014
TJ,2025-02,0.0004,0.9964,0.0016,0.0016
TJ,2025-03,0.0004,0.9958,0.0019,0.0019
TJ,2025-04,0,1,0,0
TJ,2025-05,0,1,0,0
TJ,2025-06,0,1,0,0
TJ,2025-07,0,1,0,0
TJ,2025-08,0,1,0,0
TJ,2025-09,0,1,0,0
TJ,2025-10,0.0004,0.9968,0.0016,0.0012
TJ,2025-11,0.0003,0.9967,0.0014,0.0015
TJ,2025-12,0.0003,0.9974,0.0011,0.0012
TJ,2026-01,0,1,0,0
TJ,2026-02,0,1,0,0
TJ,2026-03,0,1,0,0
TJ,2026-04,0,1,0,0
TJ,2026-05,0,1,0,0
TJ,2026-06,0,1,0,0
TJ,2026-07,0,1,0,0
TJ,2026-08,0,1,0,0
TL,2019-01,,,,
TL,2019-02,,,,
TL,2019-03,,,,
TL,2019-04,,,,
TL,2019-05,,,,
TL,2019-06,,,,
TL,2019-07,,,,
TL,2019-08,,,,
TL,2019-09,,,,
TL,2019-10,,,,
TL,2019-11,,,,
TL,2019-12,,,,
TL,2020-01,,,,
TL,2020-02,,,,
TL,2020-03,,,,
TL,2020-04,,,,
TL,2020-05,,,,
TL,2020-06,,,,
TL,2020-07,,,,
TL,2020-08,,,,
TL,2020-09,,,,
TL,2020-10,,,,
TL,2020-11,,,,
TL,2020-12,,,,
TL,2021-01,,,,
TL,2021-02,,,,
TL,2021-03,,,,
TL,2021-04,,,,
TL,2021-05,,,,
TL,2021-06,,,,
TL,2021-07,,,,
TL,2021-08,,,,
TL,2021-09,,,,
TL,2021-10,,,,
TL,2021-11,,,,
TL,2021-12,,,,
TL,2022-01,,,,
TL,2022-02,,,,
TL,2022-03,,,,
TL,2022-04,,,,
TL,2022-05,,,,
TL,2022-06,,,,
TL,2022-07,,,,
TL,2022-08,,,,
TL,2022-09,,,,
TL,2022-10,,,,
TL,2022-11,,,,
TL,2022-12,,,,
TL,2023-01,,,,
TL,2023-02,,,,
TL,2023-03,,,,
TL,2023-04,,,,
TL,2023-05,,,,
TL,2023-06,,,,
TL,2023-07,,,,
TL,2023-08,,,,
TL,2023-09,,,,
TL,2023-10,,,,
TL,2023-11,,,,
TL,2023-12,,,,
TL,2024-01,,,,
TL,2024-02,,,,
TL,2024-03,,,,
TL,2024-04,,,,
TL,2024-05,,,,
TL,2024-06,,,,
TL,2024-07,,,,
TL,2024-08,,,,
TL,2024-09,,,,
TL,2024-10,,,,
TL,2024-11,,,,
TL,2024-12,,,,
TL,2025-01,,,,
TL,2025-02,,,,
TL,2025-03,,,,
TL,2025-04,,,,
TL,2025-05,,,,
TL,2025-06,,,,
TL,2025-07,,,,
TL,2025-08,,,,
TL,2025-09,,,,
TL,2025-10,,,,
TL,2025-11,,,,
TL,2025-12,,,,
TL,2026-01,,,,
TL,2026-02,,,,
TL,2026-03,,,,
TL,2026-04,,,,
TL,2026-05,,,,
TL,2026-06,,,,
TL,2026-07,,,,
TL,2026-08,,,,
TM,2019-01,,,,
TM,2019-02,,,,
TM,2019-03,,,,
TM,2019-04,,,,
TM,2019-05,,,,
TM,2019-06,,,,
TM,2019-07,,,,
TM,2019-08,,,,
TM,2019-09,,,,
TM,2019-10,,,,
TM,2019-11,,,,
TM,2019-12,,,,
TM,2020-01,,,,
TM,2020-02,,,,
TM,2020-03,,,,
TM,2020-04,,,,
TM,2020-05,,,,
TM,2020-06,,,,
TM,2020-07,,,,
TM,2020-08,,,,
TM,2020-09,,,,
TM,2020-10,,,,
TM,2020-11,,,,
TM,2020-12,,,,
TM,2021-01,,,,
TM,2021-02,,,,
TM,2021-03,,,,
TM,2021-04,,,,
TM,2021-05,,,,
TM,2021-06,,,,
TM,2021-07,,,,
TM,2021-08,,,,
TM,2021-09,,,,
TM,2021-10,,,,
TM,2021-11,,,,
TM,2021-12,,,,
TM,2022-01,,,,
TM,2022-02,,,,
TM,2022-03,,,,
TM,2022-04,,,,
TM,2022-05,,,,
TM,2022-06,,,,
TM,2022-07,,,,
TM,2022-08,,,,
TM,2022-09,,,,
TM,2022-10,,,,
TM,2022-11,,,,
TM,2022-12,,,,
TM,2023-01,,,,
TM,2023-02,,,,
TM,2023-03,,,,
TM,2023-04,,,,
TM,2023-05,,,,
TM,2023-06,,,,
TM,2023-07,,,,
TM,2023-08,,,,
TM,2023-09,,,,
TM,2023-10,,,,
TM,2023-11,,,,
TM,2023-12,,,,
TM,2024-01,,,,
TM,2024-02,,,,
TM,2024-03,,,,
TM,2024-04,,,,
TM,2024-05,,,,
TM,2024-06,,,,
TM,2024-07,,,,
TM,2024-08,,,,
TM,2024-09,,,,
TM,2024-10,,,,
TM,2024-11,,,,
TM,2024-12,,,,
TM,2025-01,,,,
TM,2025-02,,,,
TM,2025-03,,,,
TM,2025-04,,,,
TM,2025-05,,,,
TM,2025-06,,,,
TM,2025-07,,,,
TM,2025-08,,,,
TM,2025-09,,,,
TM,2025-10,,,,
TM,2025-11,,,,
TM,2025-12,,,,
TM,2026-01,,,,
TM,2026-02,,,,
TM,2026-03,,,,
TM,2026-04,,,,
TM,2026-05,,,,
TM,2026-06,,,,
TM,2026-07,,,,
TM,2026-08,,,,
TN,2019-01,0,0.1022,0.1725,0.7252
TN,2019-02,0,0.1022,0.1725,0.7252
TN,2019-03,0,0.1022,0.1725,0.7252
TN,2019-04,0,0.1022,0.1725,0.7252
TN,2019-05,0,0.1022,0.1725,0.7252
TN,2019-06,0,0.1022,0.1725,0.7252
TN,2019-07,0,0.1022,0.1725,0.7252
TN,2019-08,0,0.1022,0.1725,0.7252
TN,2019-09,0,0.1022,0.1725,0.7252
TN,2019-10,0,0.1022,0.1725,0.7252
TN,2019-11,0,0.1022,0.1725,0.7252
TN,2019-12,0,0.1022,0.1725,0.7252
TN,2020-01,0,0,0,1
TN,2020-02,0,0,0,1
TN,2020-03,0,0,0,1
TN,2020-04,0,0,0,1
TN,2020-05,0,0,0,1
TN,2020-06,0,0.1986,0,0.8014
TN,2020-07,0,0.2514,0,0.7486
TN,2020-08,0,0.2019,0,0.7981
TN,2020-09,0,0,0,1
TN,2020-10,0,0,0,1
TN,2020-11,0,0,0,1
TN,2020-12,0,0,0,1
TN,2021-01,0,0,0,1
TN,2021-02,0,0,0,1
TN,2021-03,0,0,0,1
TN,2021-04,0,0,0,1
TN,2021-05,0,0,0,1
TN,2021-06,0,0,0,1
TN,2021-07,0,0,0,1
TN,2021-08,0,0,0,1
TN,2021-09,0,0,0,1
TN,2021-10,0,0,0,1
TN,2021-11,0,0,0,1
TN,2021-12,0,0,0,1
TN,2022-01,0,0,0,1
TN,2022-02,0,0,0,1
TN,2022-03,0,0,0,1
TN,2022-04,0,0,0,1
TN,2022-05,0,0,0,1
TN,2022-06,0,0,0,1
TN,2022-07,0,0,0,1
TN,2022-08,0,0,0,1
TN,2022-09,0,0,0,1
TN,2022-10,0,0,0,1
TN,2022-11,0,0,0,1
TN,2022-12,0,0,0,1
TN,2023-01,0,0,0,1
TN,2023-02,0,0,0,1
TN,2023-03,0,0,0,1
TN,2023-04,0,0,0,1
TN,2023-05,0,0,0,1
TN,2023-06,0,0,0,1
TN,2023-07,0,0,0,1
TN,2023-08,0,0,0,1
TN,2023-09,0,0,0,1
TN,2023-10,0,0,0,1
TN,2023-11,0,0,0,1
TN,2023-12,0,0,0,1
TN,2024-01,0,0,0,1
TN,2024-02,0,0,0,1
TN,2024-03,0,0,0,1
TN,2024-04,0,0,0,1
TN,2024-05,0,0,0,1
TN,2024-06,0,0,0,1
TN,2024-07,0,0,0,1
TN,2024-08,0,0,0,1
TN,2024-09,0,0,0,1
TN,2024-10,0,0,0,1
TN,2024-11,0,0,0,1
TN,2024-12,0,0,0,1
TN,2025-01,0,0,0,1
TN,2025-02,0,0,0,1
TN,2025-03,0,0,0,1
TN,2025-04,0,0,0,1
TN,2025-05,0,0,0,1
TN,2025-06,0,0,0,1
TN,2025-07,0,0,0,1
TN,2025-08,0,0,0,1
TN,2025-09,0,0,0,1
TN,2025-10,0,0,0,1
TN,2025-11,0,0,0,1
TN,2025-12,0,0,0,1
TN,2026-01,0,0,0,1
TN,2026-02,0,0,0,1
TN,2026-03,0,0,0,1
TN,2026-04,0,0,0,1
TN,2026-05,0,0,0,1
TN,2026-06,0,0,0,1
TN,2026-07,0,0,0,1
TN,2026-08,0,0,0,1
TO,2019-01,0,0,1,0
TO,2019-02,0,0,1,0
TO,2019-03,0,0,1,0
TO,2019-04,0,0,1,0
TO,2019-05,0,0,1,0
TO,2019-06,0,0,1,0
TO,2019-07,0,0,1,0
TO,2019-08,0,0,1,0
TO,2019-09,0,0,1,0
TO,2019-10,0,0,1,0
TO,2019-11,0,0,1,0
TO,2019-12,0,0,1,0
TO,2020-01,0,0,1,0
TO,2020-02,0,0,1,0
TO,2020-03,0,0,1,0
TO,2020-04,0,0,1,0
TO,2020-05,0,0,1,0
TO,2020-06,0,0,1,0
TO,2020-07,0,0,1,0
TO,2020-08,0,0,1,0
TO,2020-09,0,0,1,0
TO,2020-10,0,0,1,0
TO,2020-11,0,0,1,0
TO,2020-12,0,0,1,0
TO,2021-01,0,0,1,0
TO,2021-02,0,0,1,0
TO,2021-03,0,0,1,0
TO,2021-04,0,0,1,0
TO,2021-05,0,0,1,0
TO,2021-06,0,0,1,0
TO,2021-07,0,0,1,0
TO,2021-08,0,0,1,0
TO,2021-09,0,0,1,0
TO,2021-10,0,0,1,0
TO,2021-11,0,0,1,0
TO,2021-12,0,0,1,0
TO,2022-01,0,0,1,0
TO,2022-02,0,0,1,0
TO,2022-03,0,0,1,0
TO,2022-04,0,0,1,0
TO,2022-05,0,0,1,0
TO,2022-06,0,0,1,0
TO,2022-07,0,0,1,0
TO,2022-08,0,0,1,0
TO,2022-09,0,0,1,0
TO,2022-10,0,0,1,0
TO,2022-11,0,0,1,0
TO,2022-12,0,0,1,0
TO,2023-01,0,0,1,0
TO,2023-02,0,0,1,0
TO,2023-03,0,0,1,0
TO,2023-04,0,0,1,0
TO,2023-05,0,0,1,0
TO,2023-06,0,0,1,0
TO,2023-07,0,0,1,0
TO,2023-08,0,0,1,0
TO,2023-09,0,0,1,0
TO,2023-10,0,0,1,0
TO,2023-11,0,0,1,0
TO,2023-12,0,0,1,0
TO,2024-01,0,0,1,0
TO,2024-02,0,0,1,0
TO,2024-03,0,0,1,0
TO,2024-04,0,0,1,0
TO,2024-05,0,0,1,0
TO,2024-06,0,0,1,0
TO,2024-07,0,0,1,0
TO,2024-08,0,0,1,0
TO,2024-09,0,0,1,0
TO,2024-10,0,0,1,0
TO,2024-11,0,0,1,0
TO,2024-12,0,0,1,0
TO,2025-01,0,0,1,0
TO,2025-02,0,0,1,0
TO,2025-03,0,0,1,0
TO,2025-04,0,0,1,0
TO,2025-05,0,0,1,0
TO,2025-06,0,0,1,0
TO,2025-07,0,0,1,0
TO,2025-08,0,0,1,0
TO,2025-09,0,0,1,0
TO,2025-10,0,0,1,0
TO,2025-11,0,0,1,0
TO,2025-12,0,0,1,0
TO,2026-01,0,0,1,0
TO,2026-02,0,0,1,0
TO,2026-03,0,0,1,0
TO,2026-04,0,0,1,0
TO,2026-05,0,0,1,0
TO,2026-06,0,0,1,0
TO,2026-07,0,0,1,0
TO,2026-08,0,0,1,0
TR,2019-01,0.0269,0.7313,0.0316,0.2103
TR,2019-02,0.0253,0.7288,0.0549,0.191
TR,2019-03,0.0257,0.7054,0.0749,0.194
TR,2019-04,0.0223,0.795,0.0638,0.1189
TR,2019-05,0.0206,0.8256,0.0712,0.0826
TR,2019-06,0.0223,0.763,0.0787,0.1359
TR,2019-07,0.0264,0.6931,0.1026,0.1779
TR,2019-08,0.0256,0.6342,0.0985,0.2417
TR,2019-09,0.0315,0.6359,0.1108,0.2218
TR,2019-10,0.0375,0.6822,0.1122,0.1681
TR,2019-11,0.0444,0.6626,0.0944,0.1985
TR,2019-12,0.0407,0.662,0.0521,0.2452
TR,2020-01,0.0389,0.6265,0.0607,0.2738
TR,2020-02,0.0313,0.6947,0.0554,0.2186
TR,2020-03,0.0279,0.7405,0.065,0.1666
TR,2020-04,0.0281,0.7311,0.0811,0.1598
TR,2020-05,0.03,0.7467,0.0958,0.1275
TR,2020-06,0.0364,0.7042,0.1247,0.1347
TR,2020-07,0.0323,0.6156,0.1162,0.2358
TR,2020-08,0.0335,0.6208,0.1189,0.2268
TR,2020-09,0.0396,0.6104,0.1206,0.2293
TR,2020-10,0.0549,0.6446,0.1386,0.1619
TR,2020-11,0.0576,0.4891,0.1096,0.3436
TR,2020-12,0.0571,0.5359,0.0763,0.3306
TR,2021-01,0.0541,0.5262,0.0663,0.3533
TR,2021-02,0.0565,0.5121,0.1105,0.3209
TR,2021-03,0.0484,0.6107,0.0949,0.246
TR,2021-04,0.0402,0.6739,0.0905,0.1954
TR,2021-05,0.0518,0.5879,0.1492,0.2111
TR,2021-06,0.0631,0.5674,0.1779,0.1916
TR,2021-07,0.0504,0.497,0.1541,0.2985
TR,2021-08,0.0574,0.5094,0.1566,0.2765
TR,2021-09,0.0715,0.3769,0.1733,0.3783
TR,2021-10,0.0733,0.4267,0.1558,0.3442
TR,2021-11,0.0791,0.4378,0.1142,0.3688
TR,2021-12,0.0688,0.4409,0.0722,0.418
TR,2022-01,0.0671,0.5244,0.0613,0.3472
TR,2022-02,0.0631,0.5562,0.0875,0.2932
TR,2022-03,0.0466,0.6237,0.0821,0.2475
TR,2022-04,0.046,0.6515,0.1076,0.1949
TR,2022-05,0.0509,0.6649,0.1232,0.161
TR,2022-06,0.0539,0.5724,0.1344,0.2393
TR,2022-07,0.0533,0.4512,0.159,0.3364
TR,2022-08,0.062,0.5116,0.164,0.2624
TR,2022-09,0.0727,0.4575,0.1828,0.287
TR,2022-10,0.0745,0.3929,0.1516,0.381
TR,2022-11,0.0864,0.4121,0.1141,0.3874
TR,2022-12,0.0974,0.4483,0.0963,0.358
TR,2023-01,0.0976,0.4083,0.122,0.3721
TR,2023-02,0.0864,0.3472,0.1548,0.4116
TR,2023-03,0.0671,0.5166,0.1188,0.2975
TR,2023-04,0.0567,0.6135,0.1299,0.1999
TR,2023-05,0.056,0.6054,0.1474,0.1912
TR,2023-06,0.0531,0.6038,0.1605,0.1826
TR,2023-07,0.0549,0.5159,0.185,0.2442
TR,2023-08,0.0611,0.4736,0.1864,0.2789
TR,2023-09,0.0693,0.3965,0.1928,0.3414
TR,2023-10,0.0811,0.459,0.1867,0.2731
TR,2023-11,0.0756,0.4535,0.1087,0.3622
TR,2023-12,0.0643,0.5882,0.0805,0.267
TR,2024-01,0.053,0.6016,0.0595,0.286
TR,2024-02,0.0574,0.6039,0.1141,0.2247
TR,2024-03,0.064,0.5884,0.1636,0.184
TR,2024-04,0.0493,0.5597,0.1653,0.2257
TR,2024-05,0.0539,0.5903,0.1784,0.1774
TR,2024-06,0.0531,0.4856,0.236,0.2253
TR,2024-07,0.0514,0.4424,0.2147,0.2915
TR,2024-08,0.0599,0.4312,0.2455,0.2634
TR,2024-09,0.0666,0.4721,0.2535,0.2078
TR,2024-10,0.0727,0.4106,0.2337,0.283
TR,2024-11,0.0744,0.4521,0.1561,0.3173
TR,2024-12,0.0757,0.4509,0.1075,0.366
TR,2025-01,0.0736,0.4787,0.1662,0.2816
TR,2025-02,0.0695,0.4295,0.1854,0.3156
TR,2025-03,0.0593,0.4312,0.2315,0.278
TR,2025-04,0.0483,0.5267,0.2216,0.2035
TR,2025-05,0.0487,0.4997,0.2633,0.1883
TR,2025-06,0.0501,0.3481,0.3249,0.2769
TR,2025-07,0.0485,0.3935,0.3098,0.2481
TR,2025-08,0.0491,0.3186,0.3066,0.3258
TR,2025-09,0.0585,0.285,0.3255,0.3311
TR,2025-10,0.0774,0.3076,0.3326,0.2823
TR,2025-11,0.0784,0.35,0.2467,0.325
TR,2025-12,0.0791,0.4193,0.1729,0.3288
TR,2026-01,0.0598,0.3616,0.1324,0.4462
TR,2026-02,0.043,0.5525,0.1319,0.2726
TR,2026-03,0.0387,0.5839,0.1761,0.2014
TR,2026-04,0.0345,0.6269,0.1947,0.1439
TR,2026-05,0.0343,0.6361,0.1999,0.1296
TR,2026-06,0.0343,0.6361,0.1999,0.1296
TR,2026-07,0.0343,0.6361,0.1999,0.1296
TR,2026-08,0.0343,0.6361,0.1999,0.1296
TT,2019-01,0,0,1,0
TT,2019-02,0,0,1,0
TT,2019-03,0,0,1,0
TT,2019-04,0,0,1,0
TT,2019-05,0,0,1,0
TT,2019-06,0,0,1,0
TT,2019-07,0,0,1,0
TT,2019-08,0,0,1,0
TT,2019-09,0,0,1,0
TT,2019-10,0,0,1,0
TT,2019-11,0,0,1,0
TT,2019-12,0,0,1,0
TT,2020-01,0,0,1,0
TT,2020-02,0,0,1,0
TT,2020-03,0,0,1,0
TT,2020-04,0,0,1,0
TT,2020-05,0,0,1,0
TT,2020-06,0,0,1,0
TT,2020-07,0,0,1,0
TT,2020-08,0,0,1,0
TT,2020-09,0,0,1,0
TT,2020-10,0,0,1,0
TT,2020-11,0,0,1,0
TT,2020-12,0,0,1,0
TT,2021-01,0,0,1,0
TT,2021-02,0,0,1,0
TT,2021-03,0,0,1,0
TT,2021-04,0,0,1,0
TT,2021-05,0,0,1,0
TT,2021-06,0,0,1,0
TT,2021-07,0,0,1,0
TT,2021-08,0,0,1,0
TT,2021-09,0,0,1,0
TT,2021-10,0,0,1,0
TT,2021-11,0,0,1,0
TT,2021-12,0,0,1,0
TT,2022-01,0,0,1,0
TT,2022-02,0,0,1,0
TT,2022-03,0,0,1,0
TT,2022-04,0,0,1,0
TT,2022-05,0,0,1,0
TT,2022-06,0,0,1,0
TT,2022-07,0,0,1,0
TT,2022-08,0,0,1,0
TT,2022-09,0,0,1,0
TT,2022-10,0,0,1,0
TT,2022-11,0,0,1,0
TT,2022-12,0,0,1,0
TT,2023-01,0,0,1,0
TT,2023-02,0,0,1,0
TT,2023-03,0,0,1,0
TT,2023-04,0,0,1,0
TT,2023-05,0,0,1,0
TT,2023-06,0,0,1,0
TT,2023-07,0,0,1,0
TT,2023-08,0,0,1,0
TT,2023-09,0,0,1,0
TT,2023-10,0,0,1,0
TT,2023-11,0,0,1,0
TT,2023-12,0,0,1,0
TT,2024-01,0,0,1,0
TT,2024-02,0,0,1,0
TT,2024-03,0,0,1,0
TT,2024-04,0,0,1,0
TT,2024-05,0,0,1,0
TT,2024-06,0,0,1,0
TT,2024-07,0,0,1,0
TT,2024-08,0,0,1,0
TT,2024-09,0,0,1,0
TT,2024-10,0,0,1,0
TT,2024-11,0,0,1,0
TT,2024-12,0,0,1,0
TT,2025-01,0,0,1,0
TT,2025-02,0,0,1,0
TT,2025-03,0,0,1,0
TT,2025-04,0,0,1,0
TT,2025-05,0,0,1,0
TT,2025-06,0,0,1,0
TT,2025-07,0,0,1,0
TT,2025-08,0,0,1,0
TT,2025-09,0,0,1,0
TT,2025-10,0,0,1,0
TT,2025-11,0,0,1,0
TT,2025-12,0,0,1,0
TT,2026-01,0,0,1,0
TT,2026-02,0,0,1,0
TT,2026-03,0,0,1,0
TT,2026-04,0,0,1,0
TT,2026-05,0,0,1,0
TT,2026-06,0,0,1,0
TT,2026-07,0,0,1,0
TT,2026-08,0,0,1,0
TW,2019-01,0.0277,0.3631,0.2892,0.32
TW,2019-02,0.0299,0.3587,0.3587,0.2527
TW,2019-03,0.0268,0.4167,0.375,0.1815
TW,2019-04,0.0256,0.4473,0.3818,0.1453
TW,2019-05,0.0166,0.6421,0.2694,0.072
TW,2019-06,0.0073,0.6728,0.2669,0.053
TW,2019-07,0.0203,0.5254,0.368,0.0863
TW,2019-08,0.008,0.6307,0.2994,0.0619
TW,2019-09,0.0085,0.4915,0.3644,0.1356
TW,2019-10,0.0087,0.3777,0.3974,0.2162
TW,2019-11,0.0109,0.2779,0.3917,0.3195
TW,2019-12,0.0254,0.2119,0.4209,0.3418
TW,2020-01,0.0296,0.2751,0.4349,0.2604
TW,2020-02,0.0116,0.2755,0.4954,0.2176
TW,2020-03,0.0221,0.2819,0.5172,0.1789
TW,2020-04,0.023,0.2437,0.5333,0.2
TW,2020-05,0.02,0.3267,0.5586,0.0948
TW,2020-06,0.0093,0.3333,0.5185,0.1389
TW,2020-07,0.0104,0.2708,0.612,0.1068
TW,2020-08,0.0117,0.2362,0.6735,0.0787
TW,2020-09,0.0108,0.2405,0.627,0.1216
TW,2020-10,0.0161,0.2308,0.4687,0.2844
TW,2020-11,0.0175,0.1754,0.5263,0.2807
TW,2020-12,0.0435,0.2036,0.4071,0.3458
TW,2021-01,0.0194,0.2134,0.4957,0.2716
TW,2021-02,0.0242,0.2093,0.5573,0.2093
TW,2021-03,0.02,0.1667,0.6178,0.1956
TW,2021-04,0.0189,0.1326,0.6779,0.1705
TW,2021-05,0.0196,0.1418,0.7262,0.1125
TW,2021-06,0.0173,0.2462,0.635,0.1015
TW,2021-07,0.0155,0.2528,0.6341,0.0976
TW,2021-08,0.0078,0.4188,0.5225,0.0509
TW,2021-09,0.0165,0.2984,0.6296,0.0556
TW,2021-10,0.0123,0.3292,0.5185,0.14
TW,2021-11,0.0155,0.2366,0.5337,0.2142
TW,2021-12,0.007,0.1693,0.5079,0.3159
TW,2022-01,0.0154,0.2158,0.4538,0.3151
TW,2022-02,0.0121,0.3418,0.3964,0.2497
TW,2022-03,0.0132,0.3655,0.481,0.1404
TW,2022-04,0.0053,0.3298,0.5234,0.1415
TW,2022-05,0.0105,0.4222,0.4536,0.1137
TW,2022-06,0.0054,0.4316,0.4946,0.0684
TW,2022-07,0.0066,0.2599,0.6743,0.0592
TW,2022-08,0.0078,0.1722,0.7769,0.0431
TW,2022-09,0.0055,0.2514,0.6038,0.1393
TW,2022-10,0.0093,0.2301,0.5245,0.236
TW,2022-11,0.013,0.2435,0.5259,0.2176
TW,2022-12,0.0097,0.1399,0.5027,0.3477
TW,2023-01,0.0124,0.1572,0.448,0.3824
TW,2023-02,0.012,0.1465,0.5186,0.3229
TW,2023-03,0.0113,0.1382,0.5578,0.2927
TW,2023-04,0.011,0.1012,0.6744,0.2134
TW,2023-05,0.0107,0.1176,0.6591,0.2126
TW,2023-06,0.0167,0.166,0.696,0.1213
TW,2023-07,0.0095,0.1705,0.6847,0.1353
TW,2023-08,0.005,0.2857,0.5354,0.1739
TW,2023-09,0.0085,0.3002,0.5666,0.1247
TW,2023-10,0.012,0.158,0.475,0.3549
TW,2023-11,0.0095,0.1156,0.5027,0.3722
TW,2023-12,0.0091,0.0962,0.4565,0.4383
TW,2024-01,0.0104,0.1079,0.5302,0.3515
TW,2024-02,0.009,0.121,0.4977,0.3722
TW,2024-03,0.0088,0.1096,0.5215,0.3601
TW,2024-04,0.0046,0.1036,0.5945,0.2973
TW,2024-05,0.004,0.1031,0.5308,0.362
TW,2024-06,0.0078,0.1636,0.6193,0.2093
TW,2024-07,0.0076,0.1859,0.6326,0.1739
TW,2024-08,0.0071,0.2403,0.6283,0.1242
TW,2024-09,0.0077,0.1355,0.5295,0.3272
TW,2024-10,0.0065,0.1572,0.4251,0.4112
TW,2024-11,0.0067,0.1472,0.3643,0.4818
TW,2024-12,0.0063,0.0657,0.3361,0.5919
TW,2025-01,0.008,0.0759,0.3613,0.5548
TW,2025-02,0.007,0.1086,0.3614,0.523
TW,2025-03,0.0063,0.121,0.4068,0.4659
TW,2025-04,0.0075,0.1721,0.5505,0.2698
TW,2025-05,0.0069,0.2168,0.563,0.2133
TW,2025-06,0.0075,0.2213,0.6116,0.1597
TW,2025-07,0.0101,0.2289,0.5257,0.2353
TW,2025-08,0.0069,0.2738,0.577,0.1423
TW,2025-09,0.0091,0.2292,0.6921,0.0696
TW,2025-10,0.0104,0.1442,0.5164,0.329
TW,2025-11,0.0058,0.1063,0.3619,0.5259
TW,2025-12,0.0061,0.0548,0.3543,0.5849
TW,2026-01,0.0062,0.0678,0.3405,0.5855
TW,2026-02,0.0075,0.0897,0.4514,0.4514
TW,2026-03,0.0093,0.0768,0.4871,0.4268
TW,2026-04,0.0083,0.0837,0.5934,0.3146
TW,2026-05,0.0101,0.0913,0.6078,0.2908
TW,2026-06,0.0101,0.0913,0.6078,0.2908
TW,2026-07,0.0101,0.0913,0.6078,0.2908
TW,2026-08,0.0101,0.0913,0.6078,0.2908
TZ,2019-01,0.027,0.9598,0.0122,0.0009
TZ,2019-02,0.027,0.9598,0.0122,0.0009
TZ,2019-03,0.027,0.9598,0.0122,0.0009
TZ,2019-04,0.027,0.9598,0.0122,0.0009
TZ,2019-05,0.027,0.9598,0.0122,0.0009
TZ,2019-06,0.027,0.9598,0.0122,0.0009
TZ,2019-07,0.027,0.9598,0.0122,0.0009
TZ,2019-08,0.027,0.9598,0.0122,0.0009
TZ,2019-09,0.027,0.9598,0.0122,0.0009
TZ,2019-10,0.027,0.9598,0.0122,0.0009
TZ,2019-11,0.027,0.9598,0.0122,0.0009
TZ,2019-12,0.027,0.9598,0.0122,0.0009
TZ,2020-01,0.027,0.9598,0.0122,0.0009
TZ,2020-02,0.027,0.9598,0.0122,0.0009
TZ,2020-03,0.027,0.9598,0.0122,0.0009
TZ,2020-04,0.027,0.9598,0.0122,0.0009
TZ,2020-05,0.027,0.9598,0.0122,0.0009
TZ,2020-06,0.027,0.9598,0.0122,0.0009
TZ,2020-07,0.027,0.9598,0.0122,0.0009
TZ,2020-08,0.027,0.9598,0.0122,0.0009
TZ,2020-09,0.027,0.9598,0.0122,0.0009
TZ,2020-10,0.027,0.9598,0.0122,0.0009
TZ,2020-11,0.027,0.9598,0.0122,0.0009
TZ,2020-12,0.027,0.9598,0.0122,0.0009
TZ,2021-01,0.027,0.9598,0.0122,0.0009
TZ,2021-02,0.027,0.9598,0.0122,0.0009
TZ,2021-03,0.027,0.9598,0.0122,0.0009
TZ,2021-04,0.027,0.9598,0.0122,0.0009
TZ,2021-05,0.027,0.9598,0.0122,0.0009
TZ,2021-06,0.027,0.9598,0.0122,0.0009
TZ,2021-07,0.027,0.9598,0.0122,0.0009
TZ,2021-08,0.027,0.9598,0.0122,0.0009
TZ,2021-09,0.027,0.9598,0.0122,0.0009
TZ,2021-10,0.027,0.9598,0.0122,0.0009
TZ,2021-11,0.027,0.9598,0.0122,0.0009
TZ,2021-12,0.027,0.9598,0.0122,0.0009
TZ,2022-01,0.027,0.9598,0.0122,0.0009
TZ,2022-02,0.027,0.9598,0.0122,0.0009
TZ,2022-03,0.027,0.9598,0.0122,0.0009
TZ,2022-04,0.027,0.9598,0.0122,0.0009
TZ,2022-05,0.027,0.9598,0.0122,0.0009
TZ,2022-06,0.027,0.9598,0.0122,0.0009
TZ,2022-07,0.027,0.9598,0.0122,0.0009
TZ,2022-08,0.027,0.9598,0.0122,0.0009
TZ,2022-09,0.027,0.9598,0.0122,0.0009
TZ,2022-10,0.027,0.9598,0.0122,0.0009
TZ,2022-11,0.027,0.9598,0.0122,0.0009
TZ,2022-12,0.027,0.9598,0.0122,0.0009
TZ,2023-01,0.027,0.9598,0.0122,0.0009
TZ,2023-02,0.027,0.9598,0.0122,0.0009
TZ,2023-03,0.027,0.9598,0.0122,0.0009
TZ,2023-04,0.027,0.9598,0.0122,0.0009
TZ,2023-05,0.027,0.9598,0.0122,0.0009
TZ,2023-06,0.027,0.9598,0.0122,0.0009
TZ,2023-07,0.027,0.9598,0.0122,0.0009
TZ,2023-08,0.027,0.9598,0.0122,0.0009
TZ,2023-09,0.027,0.9598,0.0122,0.0009
TZ,2023-10,0.027,0.9598,0.0122,0.0009
TZ,2023-11,0.027,0.9598,0.0122,0.0009
TZ,2023-12,0.027,0.9598,0.0122,0.0009
TZ,2024-01,0.027,0.9598,0.0122,0.0009
TZ,2024-02,0.027,0.9598,0.0122,0.0009
TZ,2024-03,0.027,0.9598,0.0122,0.0009
TZ,2024-04,0.027,0.9598,0.0122,0.0009
TZ,2024-05,0.027,0.9598,0.0122,0.0009
TZ,2024-06,0.027,0.9598,0.0122,0.0009
TZ,2024-07,0.027,0.9598,0.0122,0.0009
TZ,2024-08,0.027,0.9598,0.0122,0.0009
TZ,2024-09,0.027,0.9598,0.0122,0.0009
TZ,2024-10,0.027,0.9598,0.0122,0.0009
TZ,2024-11,0.027,0.9598,0.0122,0.0009
TZ,2024-12,0.027,0.9598,0.0122,0.0009
TZ,2025-01,0.027,0.9598,0.0122,0.0009
TZ,2025-02,0.027,0.9598,0.0122,0.0009
TZ,2025-03,0.027,0.9598,0.0122,0.0009
TZ,2025-04,0.027,0.9598,0.0122,0.0009
TZ,2025-05,0.027,0.9598,0.0122,0.0009
TZ,2025-06,0.027,0.9598,0.0122,0.0009
TZ,2025-07,0.027,0.9598,0.0122,0.0009
TZ,2025-08,0.027,0.9598,0.0122,0.0009
TZ,2025-09,0.027,0.9598,0.0122,0.0009
TZ,2025-10,0.027,0.9598,0.0122,0.0009
TZ,2025-11,0.027,0.9598,0.0122,0.0009
TZ,2025-12,0.027,0.9598,0.0122,0.0009
TZ,2026-01,0.027,0.9598,0.0122,0.0009
TZ,2026-02,0.027,0.9598,0.0122,0.0009
TZ,2026-03,0.027,0.9598,0.0122,0.0009
TZ,2026-04,0.027,0.9598,0.0122,0.0009
TZ,2026-05,0.027,0.9598,0.0122,0.0009
TZ,2026-06,0.027,0.9598,0.0122,0.0009
TZ,2026-07,0.027,0.9598,0.0122,0.0009
TZ,2026-08,0.027,0.9598,0.0122,0.0009
UA,2019-01,0,0.7539,0,0.2461
UA,2019-02,0,0.7389,0,0.2611
UA,2019-03,0,0.6562,0,0.3438
UA,2019-04,0,0.5868,0,0.4132
UA,2019-05,0,0.6444,0,0.3556
UA,2019-06,0,0.5531,0,0.4469
UA,2019-07,0,0.5274,0,0.4726
UA,2019-08,0,0.4416,0,0.5584
UA,2019-09,0,0.4339,0,0.5661
UA,2019-10,0,0.4849,0,0.5151
UA,2019-11,0,0.4835,0,0.5165
UA,2019-12,0,0.5657,0,0.4343
UA,2020-01,0,0.5554,0,0.4446
UA,2020-02,0,0.4208,0,0.5792
UA,2020-03,0,0.3505,0,0.6495
UA,2020-04,0,0.2819,0,0.7181
UA,2020-05,0,0.3457,0,0.6543
UA,2020-06,0,0.4444,0,0.5556
UA,2020-07,0,0.3886,0,0.6114
UA,2020-08,0,0.3409,0,0.6591
UA,2020-09,0,0.3056,0,0.6944
UA,2020-10,0,0.4114,0,0.5886
UA,2020-11,0,0.589,0,0.411
UA,2020-12,0,0.4733,0,0.5267
UA,2021-01,0.0051,0.5336,0.0019,0.4595
UA,2021-02,0.0105,0.5242,0.0078,0.4574
UA,2021-03,0,0.5162,0,0.4838
UA,2021-04,0,0.591,0,0.409
UA,2021-05,0,0.5743,0,0.4257
UA,2021-06,0,0.5685,0,0.4315
UA,2021-07,0,0.3744,0,0.6256
UA,2021-08,0,0.2818,0,0.7182
UA,2021-09,0,0.341,0,0.659
UA,2021-10,0,0.3879,0,0.6121
UA,2021-11,0.0021,0.5072,0.0012,0.4894
UA,2021-12,0.0027,0.4851,0.001,0.5112
UA,2022-01,0.0038,0.4528,0.0022,0.5412
UA,2022-02,0.003,0.4876,0.0029,0.5065
UA,2022-03,0,0.7331,0,0.2669
UA,2022-04,0,0.703,0,0.297
UA,2022-05,0,0.715,0,0.285
UA,2022-06,0,0.6971,0,0.3029
UA,2022-07,0,0.3796,0,0.6204
UA,2022-08,0.0012,0.3833,0.0031,0.6125
UA,2022-09,0,0.4948,0,0.5052
UA,2022-10,0,0.4948,0,0.5052
UA,2022-11,0,0.4948,0,0.5052
UA,2022-12,0,0.4948,0,0.5052
UA,2023-01,0,0.4948,0,0.5052
UA,2023-02,0,0.4948,0,0.5052
UA,2023-03,0,0.4948,0,0.5052
UA,2023-04,0,0.4948,0,0.5052
UA,2023-05,0,0.4948,0,0.5052
UA,2023-06,0,0.4948,0,0.5052
UA,2023-07,0,0.4948,0,0.5052
UA,2023-08,0,0.4948,0,0.5052
UA,2023-09,0,0.4948,0,0.5052
UA,2023-10,0,0.4948,0,0.5052
UA,2023-11,0,0.4948,0,0.5052
UA,2023-12,0,0.4948,0,0.5052
UA,2024-01,0,0.4948,0,0.5052
UA,2024-02,0,0.4948,0,0.5052
UA,2024-03,0,0.4948,0,0.5052
UA,2024-04,0,0.4948,0,0.5052
UA,2024-05,0,0.4948,0,0.5052
UA,2024-06,0,0.4948,0,0.5052
UA,2024-07,0,0.4948,0,0.5052
UA,2024-08,0,0.4948,0,0.5052
UA,2024-09,0,0.4948,0,0.5052
UA,2024-10,0,0.4948,0,0.5052
UA,2024-11,0,0.4948,0,0.5052
UA,2024-12,0,0.4948,0,0.5052
UA,2025-01,0,0.4948,0,0.5052
UA,2025-02,0,0.4948,0,0.5052
UA,2025-03,0,0.4948,0,0.5052
UA,2025-04,0,0.4948,0,0.5052
UA,2025-05,0,0.4948,0,0.5052
UA,2025-06,0,0.4948,0,0.5052
UA,2025-07,0,0.4948,0,0.5052
UA,2025-08,0,0.4948,0,0.5052
UA,2025-09,0,0.4948,0,0.5052
UA,2025-10,0,0.4948,0,0.5052
UA,2025-11,0,0.4948,0,0.5052
UA,2025-12,0,0.4948,0,0.5052
UA,2026-01,0,0.4948,0,0.5052
UA,2026-02,0,0.4948,0,0.5052
UA,2026-03,0,0.4948,0,0.5052
UA,2026-04,0,0.4948,0,0.5052
UA,2026-05,0,0.4948,0,0.5052
UA,2026-06,0,0.4948,0,0.5052
UA,2026-07,0,0.4948,0,0.5052
UA,2026-08,0,0.4948,0,0.5052
UG,2019-01,0.0609,0.9099,0.0293,0
UG,2019-02,0.0609,0.9099,0.0293,0
UG,2019-03,0.0609,0.9099,0.0293,0
UG,2019-04,0.0609,0.9099,0.0293,0
UG,2019-05,0.0609,0.9099,0.0293,0
UG,2019-06,0.0609,0.9099,0.0293,0
UG,2019-07,0.0609,0.9099,0.0293,0
UG,2019-08,0.0609,0.9099,0.0293,0
UG,2019-09,0.0609,0.9099,0.0293,0
UG,2019-10,0.0609,0.9099,0.0293,0
UG,2019-11,0.0609,0.9099,0.0293,0
UG,2019-12,0.0609,0.9099,0.0293,0
UG,2020-01,0.0609,0.9099,0.0293,0
UG,2020-02,0.0609,0.9099,0.0293,0
UG,2020-03,0.0609,0.9099,0.0293,0
UG,2020-04,0.0609,0.9099,0.0293,0
UG,2020-05,0.0609,0.9099,0.0293,0
UG,2020-06,0.0609,0.9099,0.0293,0
UG,2020-07,0.0609,0.9099,0.0293,0
UG,2020-08,0.0609,0.9099,0.0293,0
UG,2020-09,0.0609,0.9099,0.0293,0
UG,2020-10,0.0609,0.9099,0.0293,0
UG,2020-11,0.0609,0.9099,0.0293,0
UG,2020-12,0.0609,0.9099,0.0293,0
UG,2021-01,0.0609,0.9099,0.0293,0
UG,2021-02,0.0609,0.9099,0.0293,0
UG,2021-03,0.0609,0.9099,0.0293,0
UG,2021-04,0.0609,0.9099,0.0293,0
UG,2021-05,0.0609,0.9099,0.0293,0
UG,2021-06,0.0609,0.9099,0.0293,0
UG,2021-07,0.0609,0.9099,0.0293,0
UG,2021-08,0.0609,0.9099,0.0293,0
UG,2021-09,0.0609,0.9099,0.0293,0
UG,2021-10,0.0609,0.9099,0.0293,0
UG,2021-11,0.0609,0.9099,0.0293,0
UG,2021-12,0.0609,0.9099,0.0293,0
UG,2022-01,0.0609,0.9099,0.0293,0
UG,2022-02,0.0609,0.9099,0.0293,0
UG,2022-03,0.0609,0.9099,0.0293,0
UG,2022-04,0.0609,0.9099,0.0293,0
UG,2022-05,0.0609,0.9099,0.0293,0
UG,2022-06,0.0609,0.9099,0.0293,0
UG,2022-07,0.0609,0.9099,0.0293,0
UG,2022-08,0.0609,0.9099,0.0293,0
UG,2022-09,0.0609,0.9099,0.0293,0
UG,2022-10,0.0609,0.9099,0.0293,0
UG,2022-11,0.0609,0.9099,0.0293,0
UG,2022-12,0.0609,0.9099,0.0293,0
UG,2023-01,0.0609,0.9099,0.0293,0
UG,2023-02,0.0609,0.9099,0.0293,0
UG,2023-03,0.0609,0.9099,0.0293,0
UG,2023-04,0.0609,0.9099,0.0293,0
UG,2023-05,0.0609,0.9099,0.0293,0
UG,2023-06,0.0609,0.9099,0.0293,0
UG,2023-07,0.0609,0.9099,0.0293,0
UG,2023-08,0.0609,0.9099,0.0293,0
UG,2023-09,0.0609,0.9099,0.0293,0
UG,2023-10,0.0609,0.9099,0.0293,0
UG,2023-11,0.0609,0.9099,0.0293,0
UG,2023-12,0.0609,0.9099,0.0293,0
UG,2024-01,0.0609,0.9099,0.0293,0
UG,2024-02,0.0609,0.9099,0.0293,0
UG,2024-03,0.0609,0.9099,0.0293,0
UG,2024-04,0.0609,0.9099,0.0293,0
UG,2024-05,0.0609,0.9099,0.0293,0
UG,2024-06,0.0609,0.9099,0.0293,0
UG,2024-07,0.0609,0.9099,0.0293,0
UG,2024-08,0.0609,0.9099,0.0293,0
UG,2024-09,0.0609,0.9099,0.0293,0
UG,2024-10,0.0609,0.9099,0.0293,0
UG,2024-11,0.0609,0.9099,0.0293,0
UG,2024-12,0.0609,0.9099,0.0293,0
UG,2025-01,0.0609,0.9099,0.0293,0
UG,2025-02,0.0609,0.9099,0.0293,0
UG,2025-03,0.0609,0.9099,0.0293,0
UG,2025-04,0.0609,0.9099,0.0293,0
UG,2025-05,0.0609,0.9099,0.0293,0
UG,2025-06,0.0609,0.9099,0.0293,0
UG,2025-07,0.0609,0.9099,0.0293,0
UG,2025-08,0.0609,0.9099,0.0293,0
UG,2025-09,0.0609,0.9099,0.0293,0
UG,2025-10,0.0609,0.9099,0.0293,0
UG,2025-11,0.0609,0.9099,0.0293,0
UG,2025-12,0.0609,0.9099,0.0293,0
UG,2026-01,0.0609,0.9099,0.0293,0
UG,2026-02,0.0609,0.9099,0.0293,0
UG,2026-03,0.0609,0.9099,0.0293,0
UG,2026-04,0.0609,0.9099,0.0293,0
UG,2026-05,0.0609,0.9099,0.0293,0
UG,2026-06,0.0609,0.9099,0.0293,0
UG,2026-07,0.0609,0.9099,0.0293,0
UG,2026-08,0.0609,0.9099,0.0293,0
US,2019-01,0.086,0.415,0.0919,0.4072
US,2019-02,0.0812,0.4077,0.1054,0.4056
US,2019-03,0.0739,0.3983,0.1345,0.3933
US,2019-04,0.0607,0.3922,0.1406,0.4065
US,2019-05,0.0632,0.4365,0.1468,0.3536
US,2019-06,0.0711,0.4185,0.1736,0.3367
US,2019-07,0.0806,0.3847,0.187,0.3476
US,2019-08,0.088,0.3777,0.195,0.3394
US,2019-09,0.0825,0.3148,0.1748,0.4279
US,2019-10,0.0785,0.305,0.1504,0.4661
US,2019-11,0.0829,0.3545,0.1165,0.4461
US,2019-12,0.0856,0.3645,0.0942,0.4557
US,2020-01,0.0776,0.3798,0.1053,0.4374
US,2020-02,0.0684,0.3815,0.1205,0.4296
US,2020-03,0.0711,0.3515,0.1443,0.433
US,2020-04,0.0636,0.3352,0.1701,0.4311
US,2020-05,0.0588,0.3897,0.1813,0.3702
US,2020-06,0.056,0.3645,0.1828,0.3966
US,2020-07,0.0661,0.3838,0.2179,0.3321
US,2020-08,0.0735,0.3567,0.2105,0.3594
US,2020-09,0.0763,0.3202,0.1993,0.4042
US,2020-10,0.0698,0.3003,0.1668,0.4631
US,2020-11,0.066,0.3114,0.1262,0.4964
US,2020-12,0.0716,0.3272,0.1151,0.4861
US,2021-01,0.0712,0.3623,0.1225,0.444
US,2021-02,0.071,0.3315,0.1537,0.4437
US,2021-03,0.0597,0.2711,0.1709,0.4983
US,2021-04,0.0565,0.2582,0.2056,0.4797
US,2021-05,0.0568,0.2935,0.2217,0.428
US,2021-06,0.0633,0.3248,0.2407,0.3712
US,2021-07,0.0727,0.3308,0.2653,0.3312
US,2021-08,0.07,0.2892,0.2462,0.3946
US,2021-09,0.0674,0.2548,0.2367,0.4411
US,2021-10,0.0643,0.2541,0.197,0.4847
US,2021-11,0.061,0.2718,0.1576,0.5095
US,2021-12,0.0606,0.3035,0.1179,0.5181
US,2022-01,0.0587,0.3108,0.1451,0.4854
US,2022-02,0.0555,0.2784,0.1684,0.4977
US,2022-03,0.0491,0.2744,0.1901,0.4864
US,2022-04,0.0457,0.2239,0.2135,0.5169
US,2022-05,0.0471,0.2542,0.2351,0.4635
US,2022-06,0.0514,0.2981,0.2586,0.3919
US,2022-07,0.0582,0.3,0.2755,0.3663
US,2022-08,0.065,0.2945,0.2918,0.3487
US,2022-09,0.0623,0.2491,0.2809,0.4077
US,2022-10,0.0588,0.2085,0.2498,0.483
US,2022-11,0.0553,0.2337,0.1647,0.5463
US,2022-12,0.0592,0.2743,0.1419,0.5246
US,2023-01,0.0554,0.2918,0.1533,0.4995
US,2023-02,0.0477,0.2501,0.1757,0.5265
US,2023-03,0.0459,0.2424,0.2098,0.5019
US,2023-04,0.0401,0.2242,0.2485,0.4872
US,2023-05,0.0451,0.3097,0.2806,0.3645
US,2023-06,0.0499,0.2716,0.3244,0.3541
US,2023-07,0.0513,0.2671,0.3321,0.3495
US,2023-08,0.0537,0.2637,0.3213,0.3613
US,2023-09,0.0539,0.2314,0.3138,0.4009
US,2023-10,0.0482,0.2038,0.2686,0.4793
US,2023-11,0.0535,0.2309,0.2123,0.5033
US,2023-12,0.0563,0.25,0.1829,0.5107
US,2024-01,0.0554,0.2855,0.192,0.467
US,2024-02,0.0461,0.2457,0.2152,0.493
US,2024-03,0.0408,0.2419,0.2433,0.474
US,2024-04,0.0363,0.2093,0.2753,0.4791
US,2024-05,0.0392,0.2464,0.3147,0.3997
US,2024-06,0.0398,0.2249,0.3385,0.3968
US,2024-07,0.0471,0.2415,0.3845,0.3269
US,2024-08,0.0482,0.2305,0.3806,0.3406
US,2024-09,0.0495,0.2013,0.3673,0.3819
US,2024-10,0.0411,0.1776,0.3137,0.4676
US,2024-11,0.0475,0.2048,0.2422,0.5056
US,2024-12,0.0497,0.2391,0.2187,0.4924
US,2025-01,0.0446,0.2365,0.2326,0.4863
US,2025-02,0.0436,0.2282,0.2629,0.4653
US,2025-03,0.0364,0.2051,0.2893,0.4692
US,2025-04,0.0321,0.2109,0.3304,0.4266
US,2025-05,0.0364,0.2331,0.3757,0.3548
US,2025-06,0.0379,0.212,0.4025,0.3475
US,2025-07,0.042,0.1979,0.4382,0.322
US,2025-08,0.0439,0.2128,0.4467,0.2966
US,2025-09,0.0475,0.1844,0.4499,0.3182
US,2025-10,0.0397,0.1757,0.3521,0.4324
US,2025-11,0.0434,0.2043,0.2821,0.4702
US,2025-12,0.0418,0.2462,0.2195,0.4926
US,2026-01,0.0398,0.275,0.2405,0.4447
US,2026-02,0.039,0.2357,0.2983,0.427
US,2026-03,0.0309,0.2192,0.3156,0.4343
US,2026-04,0.0275,0.1913,0.3549,0.4264
US,2026-05,0.0308,0.1949,0.4146,0.3597
US,2026-06,0.0302,0.1914,0.4248,0.3536
US,2026-07,0.0302,0.1914,0.4248,0.3536
US,2026-08,0.0302,0.1914,0.4248,0.3536
UY,2019-01,0.053,0.6364,0.0227,0.2879
UY,2019-02,0.0673,0.6154,0.0384,0.2789
UY,2019-03,0.0609,0.5391,0.0348,0.3652
UY,2019-04,0.08,0.57,0.03,0.32
UY,2019-05,0.063,0.6142,0.0157,0.3071
UY,2019-06,0.073,0.4583,0.0208,0.4479
UY,2019-07,0.0678,0.5254,0.0254,0.3814
UY,2019-08,0.058,0.5652,0.0218,0.355
UY,2019-09,0.0786,0.5056,0.0338,0.382
UY,2019-10,0.0614,0.5263,0.0263,0.386
UY,2019-11,0.0219,0.6496,0.0292,0.2993
UY,2019-12,0.0714,0.5358,0.0446,0.3482
UY,2020-01,0.0851,0.4468,0.0425,0.4255
UY,2020-02,0.0941,0.4,0.0471,0.4588
UY,2020-03,0.121,0.325,0.0545,0.4996
UY,2020-04,0.1277,0.1724,0.0441,0.6557
UY,2020-05,0.1074,0.2479,0.0363,0.6085
UY,2020-06,0.0849,0.5,0.0189,0.3962
UY,2020-07,0.0726,0.5081,0.0161,0.4032
UY,2020-08,0.0874,0.3883,0.0291,0.4951
UY,2020-09,0.0833,0.4063,0.0313,0.4792
UY,2020-10,0.0928,0.3608,0.0412,0.5052
UY,2020-11,0.0658,0.3026,0.0526,0.5789
UY,2020-12,0.1125,0.2375,0.0625,0.5875
UY,2021-01,0.1097,0.3049,0.0488,0.5366
UY,2021-02,0.0787,0.5281,0.0449,0.3483
UY,2021-03,0.129,0.2903,0.0483,0.5323
UY,2021-04,0.0988,0.3827,0.037,0.4815
UY,2021-05,0.1011,0.3708,0.0337,0.4944
UY,2021-06,0.0756,0.5126,0.0168,0.395
UY,2021-07,0.072,0.4961,0.024,0.408
UY,2021-08,0.0909,0.4949,0.0303,0.3838
UY,2021-09,0.063,0.5512,0.0236,0.3622
UY,2021-10,0.077,0.5299,0.0427,0.3504
UY,2021-11,0.0909,0.3636,0.0568,0.4886
UY,2021-12,0.1012,0.3418,0.0633,0.4937
UY,2022-01,0.1096,0.2602,0.0548,0.5754
UY,2022-02,0.1147,0.2623,0.0656,0.5574
UY,2022-03,0.0641,0.359,0.0513,0.5256
UY,2022-04,0.0889,0.5556,0.0334,0.3222
UY,2022-05,0.0883,0.5588,0.0294,0.3235
UY,2022-06,0.0776,0.6034,0.0172,0.3017
UY,2022-07,0.0705,0.5775,0.014,0.338
UY,2022-08,0.0638,0.6099,0.0213,0.305
UY,2022-09,0.07,0.5,0.04,0.39
UY,2022-10,0.0787,0.3371,0.0449,0.5393
UY,2022-11,0.0761,0.4021,0.0544,0.4674
UY,2022-12,0.0988,0.321,0.0617,0.5185
UY,2023-01,0.1039,0.3116,0.039,0.5454
UY,2023-02,0.0936,0.3056,0.0716,0.5293
UY,2023-03,0.1108,0.3454,0.068,0.4758
UY,2023-04,0.0722,0.3679,0.0628,0.4972
UY,2023-05,0.0629,0.4221,0.0532,0.4618
UY,2023-06,0.1557,0.4327,0.0393,0.3722
UY,2023-07,0.1153,0.4247,0.0214,0.4387
UY,2023-08,0.1121,0.4019,0.0374,0.4486
UY,2023-09,0.1089,0.3861,0.0297,0.4752
UY,2023-10,0.1348,0.3371,0.0449,0.4831
UY,2023-11,0.1222,0.3888,0.0445,0.4444
UY,2023-12,0.1327,0.449,0.0306,0.3878
UY,2024-01,0.1333,0.4571,0.0476,0.3619
UY,2024-02,0.1429,0.5,0.0357,0.3214
UY,2024-03,0.1373,0.5,0.0392,0.3235
UY,2024-04,0.1556,0.4333,0.0222,0.3889
UY,2024-05,0.1077,0.6,0.0154,0.2769
UY,2024-06,0.0873,0.5476,0.0159,0.3492
UY,2024-07,0.1374,0.5725,0.0229,0.2672
UY,2024-08,0.1258,0.4967,0.0199,0.3576
UY,2024-09,0.1638,0.4569,0.0345,0.3448
UY,2024-10,0.1353,0.5414,0.0376,0.2857
UY,2024-11,0.125,0.475,0.0333,0.3667
UY,2024-12,0.1078,0.4608,0.049,0.3824
UY,2025-01,0.1668,0.4245,0.0545,0.3542
UY,2025-02,0.1443,0.4575,0.0526,0.3456
UY,2025-03,0.1566,0.4454,0.0508,0.3472
UY,2025-04,0.1887,0.3644,0.0559,0.391
UY,2025-05,0.1296,0.4811,0.0306,0.3587
UY,2025-06,0.1111,0.5714,0.0238,0.2937
UY,2025-07,0.1418,0.5275,0.0236,0.3071
UY,2025-08,0.1353,0.4812,0.0301,0.3534
UY,2025-09,0.121,0.5322,0.0323,0.3145
UY,2025-10,0.1165,0.4466,0.0388,0.3981
UY,2025-11,0.117,0.4255,0.0532,0.4043
UY,2025-12,0.1674,0.4889,0.0529,0.2908
UY,2026-01,0.1468,0.4495,0.055,0.3486
UY,2026-02,0.1668,0.4375,0.0612,0.3344
UY,2026-03,0.1759,0.3385,0.0459,0.4398
UY,2026-04,0.1739,0.4239,0.0326,0.3696
UY,2026-05,0.1525,0.5169,0.0254,0.3051
UY,2026-06,0.161,0.5473,0.0269,0.2648
UY,2026-07,0.161,0.5473,0.0269,0.2648
UY,2026-08,0.161,0.5473,0.0269,0.2648
UZ,2019-01,0.0038,0.9823,0.0062,0.0077
UZ,2019-02,0.0034,0.9824,0.0065,0.0077
UZ,2019-03,0.0032,0.98,0.0081,0.0088
UZ,2019-04,0.0029,0.9794,0.0086,0.009
UZ,2019-05,0.0027,0.9787,0.009,0.0096
UZ,2019-06,0.0027,0.9812,0.0083,0.0078
UZ,2019-07,0.0027,0.9829,0.0077,0.0066
UZ,2019-08,0.0027,0.983,0.0079,0.0064
UZ,2019-09,0.0027,0.9827,0.0082,0.0063
UZ,2019-10,0.0028,0.9817,0.008,0.0074
UZ,2019-11,0.003,0.9808,0.0074,0.0088
UZ,2019-12,0.0034,0.9812,0.0067,0.0087
UZ,2020-01,0.0037,0.9805,0.0077,0.0081
UZ,2020-02,0.0037,0.98,0.0081,0.0082
UZ,2020-03,0.0035,0.976,0.0095,0.011
UZ,2020-04,0.0035,0.9761,0.0105,0.01
UZ,2020-05,0.0033,0.9763,0.01,0.0104
UZ,2020-06,0.003,0.9794,0.0091,0.0085
UZ,2020-07,0.003,0.9816,0.0086,0.0069
UZ,2020-08,0.0031,0.9811,0.0089,0.007
UZ,2020-09,0.003,0.9813,0.009,0.0066
UZ,2020-10,0.003,0.9793,0.0089,0.0088
UZ,2020-11,0.0035,0.9792,0.0079,0.0094
UZ,2020-12,0.0039,0.9796,0.0072,0.0093
UZ,2021-01,0.004,0.9758,0.0086,0.0116
UZ,2021-02,0.004,0.975,0.0092,0.0118
UZ,2021-03,0.0039,0.9743,0.0102,0.0115
UZ,2021-04,0.0037,0.9738,0.0106,0.0119
UZ,2021-05,0.0036,0.9724,0.0111,0.013
UZ,2021-06,0.0035,0.9758,0.0107,0.0101
UZ,2021-07,0.0035,0.9774,0.0098,0.0092
UZ,2021-08,0.0035,0.9787,0.0099,0.0079
UZ,2021-09,0.0034,0.9782,0.0098,0.0086
UZ,2021-10,0.0035,0.9758,0.01,0.0108
UZ,2021-11,0.0037,0.9745,0.0096,0.0121
UZ,2021-12,0.0042,0.9747,0.009,0.0121
UZ,2022-01,0.0045,0.9753,0.0097,0.0105
UZ,2022-02,0.0045,0.9748,0.01,0.0106
UZ,2022-03,0.0042,0.9702,0.0114,0.0142
UZ,2022-04,0.0039,0.9682,0.0131,0.0148
UZ,2022-05,0.0036,0.9687,0.0131,0.0146
UZ,2022-06,0.0035,0.9722,0.0123,0.0119
UZ,2022-07,0.0038,0.9753,0.0117,0.0092
UZ,2022-08,0.004,0.9756,0.0116,0.0088
UZ,2022-09,0.0039,0.973,0.0129,0.0101
UZ,2022-10,0.0039,0.9704,0.0127,0.013
UZ,2022-11,0.0042,0.9718,0.011,0.013
UZ,2022-12,0.0045,0.9715,0.0099,0.0141
UZ,2023-01,0.0046,0.9698,0.0114,0.0143
UZ,2023-02,0.0045,0.9696,0.0119,0.014
UZ,2023-03,0.0045,0.9673,0.0139,0.0144
UZ,2023-04,0.0041,0.9642,0.0147,0.0171
UZ,2023-05,0.0039,0.9655,0.0152,0.0153
UZ,2023-06,0.004,0.9695,0.0149,0.0117
UZ,2023-07,0.004,0.971,0.0137,0.0113
UZ,2023-08,0.0039,0.9733,0.014,0.0088
UZ,2023-09,0.0039,0.972,0.014,0.0102
UZ,2023-10,0.0038,0.9696,0.015,0.0116
UZ,2023-11,0.0042,0.9657,0.0134,0.0167
UZ,2023-12,0.0046,0.9683,0.0117,0.0154
UZ,2024-01,0.0047,0.9676,0.0131,0.0146
UZ,2024-02,0.0046,0.9673,0.0136,0.0145
UZ,2024-03,0.0044,0.9623,0.0168,0.0165
UZ,2024-04,0.0039,0.9625,0.0181,0.0154
UZ,2024-05,0.0036,0.9621,0.0196,0.0147
UZ,2024-06,0.0036,0.9653,0.0184,0.0127
UZ,2024-07,0.0037,0.9677,0.0168,0.0118
UZ,2024-08,0.0039,0.9698,0.0175,0.0089
UZ,2024-09,0.0039,0.9666,0.0169,0.0127
UZ,2024-10,0.0039,0.9639,0.0175,0.0147
UZ,2024-11,0.0042,0.9641,0.0161,0.0156
UZ,2024-12,0.0045,0.9643,0.0151,0.0161
UZ,2025-01,0.0044,0.9612,0.0178,0.0165
UZ,2025-02,0.0043,0.9611,0.0181,0.0164
UZ,2025-03,0.004,0.9574,0.0206,0.0181
UZ,2025-04,0.0037,0.9544,0.0239,0.0179
UZ,2025-05,0.0036,0.9556,0.024,0.0168
UZ,2025-06,0.0035,0.9592,0.0235,0.0138
UZ,2025-07,0.0038,0.9607,0.0228,0.0127
UZ,2025-08,0.0039,0.9633,0.022,0.0108
UZ,2025-09,0.0037,0.9629,0.0213,0.0121
UZ,2025-10,0.0039,0.9634,0.0193,0.0135
UZ,2025-11,0.004,0.9568,0.02,0.0192
UZ,2025-12,0.0044,0.9596,0.0185,0.0175
UZ,2026-01,0.0043,0.9581,0.0203,0.0173
UZ,2026-02,0.0043,0.9578,0.0208,0.0171
UZ,2026-03,0.0041,0.9572,0.0233,0.0154
UZ,2026-04,0.0037,0.9528,0.0264,0.017
UZ,2026-05,0.0035,0.9522,0.0276,0.0166
UZ,2026-06,0.0035,0.9522,0.0276,0.0166
UZ,2026-07,0.0035,0.9522,0.0276,0.0166
UZ,2026-08,0.0035,0.9522,0.0276,0.0166
VC,2019-01,0,1,0,0
VC,2019-02,0,1,0,0
VC,2019-03,0,1,0,0
VC,2019-04,0,1,0,0
VC,2019-05,0,1,0,0
VC,2019-06,0,1,0,0
VC,2019-07,0,1,0,0
VC,2019-08,0,1,0,0
VC,2019-09,0,1,0,0
VC,2019-10,0,1,0,0
VC,2019-11,0,1,0,0
VC,2019-12,0,1,0,0
VC,2020-01,0,1,0,0
VC,2020-02,0,1,0,0
VC,2020-03,0,1,0,0
VC,2020-04,0,1,0,0
VC,2020-05,0,1,0,0
VC,2020-06,0,1,0,0
VC,2020-07,0,1,0,0
VC,2020-08,0,1,0,0
VC,2020-09,0,1,0,0
VC,2020-10,0,1,0,0
VC,2020-11,0,1,0,0
VC,2020-12,0,1,0,0
VC,2021-01,0,1,0,0
VC,2021-02,0,1,0,0
VC,2021-03,0,1,0,0
VC,2021-04,0,1,0,0
VC,2021-05,0,1,0,0
VC,2021-06,0,1,0,0
VC,2021-07,0,1,0,0
VC,2021-08,0,1,0,0
VC,2021-09,0,1,0,0
VC,2021-10,0,1,0,0
VC,2021-11,0,1,0,0
VC,2021-12,0,1,0,0
VC,2022-01,0,1,0,0
VC,2022-02,0,1,0,0
VC,2022-03,0,1,0,0
VC,2022-04,0,1,0,0
VC,2022-05,0,1,0,0
VC,2022-06,0,1,0,0
VC,2022-07,0,1,0,0
VC,2022-08,0,1,0,0
VC,2022-09,0,1,0,0
VC,2022-10,0,1,0,0
VC,2022-11,0,1,0,0
VC,2022-12,0,1,0,0
VC,2023-01,0,1,0,0
VC,2023-02,0,1,0,0
VC,2023-03,0,1,0,0
VC,2023-04,0,1,0,0
VC,2023-05,0,1,0,0
VC,2023-06,0,1,0,0
VC,2023-07,0,1,0,0
VC,2023-08,0,1,0,0
VC,2023-09,0,1,0,0
VC,2023-10,0,1,0,0
VC,2023-11,0,1,0,0
VC,2023-12,0,1,0,0
VC,2024-01,0,1,0,0
VC,2024-02,0,1,0,0
VC,2024-03,0,1,0,0
VC,2024-04,0,1,0,0
VC,2024-05,0,1,0,0
VC,2024-06,0,1,0,0
VC,2024-07,0,1,0,0
VC,2024-08,0,1,0,0
VC,2024-09,0,1,0,0
VC,2024-10,0,1,0,0
VC,2024-11,0,1,0,0
VC,2024-12,0,1,0,0
VC,2025-01,0,1,0,0
VC,2025-02,0,1,0,0
VC,2025-03,0,1,0,0
VC,2025-04,0,1,0,0
VC,2025-05,0,1,0,0
VC,2025-06,0,1,0,0
VC,2025-07,0,1,0,0
VC,2025-08,0,1,0,0
VC,2025-09,0,1,0,0
VC,2025-10,0,1,0,0
VC,2025-11,0,1,0,0
VC,2025-12,0,1,0,0
VC,2026-01,0,1,0,0
VC,2026-02,0,1,0,0
VC,2026-03,0,1,0,0
VC,2026-04,0,1,0,0
VC,2026-05,0,1,0,0
VC,2026-06,0,1,0,0
VC,2026-07,0,1,0,0
VC,2026-08,0,1,0,0
VE,2019-01,0,0.9986,0.0002,0.0012
VE,2019-02,0,0.9986,0.0002,0.0012
VE,2019-03,0,0.9986,0.0002,0.0012
VE,2019-04,0,0.9986,0.0002,0.0012
VE,2019-05,0,0.9986,0.0002,0.0012
VE,2019-06,0,0.9986,0.0002,0.0012
VE,2019-07,0,0.9986,0.0002,0.0012
VE,2019-08,0,0.9986,0.0002,0.0012
VE,2019-09,0,0.9986,0.0002,0.0012
VE,2019-10,0,0.9986,0.0002,0.0012
VE,2019-11,0,0.9986,0.0002,0.0012
VE,2019-12,0,0.9986,0.0002,0.0012
VE,2020-01,0,0.9986,0.0002,0.0012
VE,2020-02,0,0.9986,0.0002,0.0012
VE,2020-03,0,0.9986,0.0002,0.0012
VE,2020-04,0,0.9986,0.0002,0.0012
VE,2020-05,0,0.9986,0.0002,0.0012
VE,2020-06,0,0.9986,0.0002,0.0012
VE,2020-07,0,0.9986,0.0002,0.0012
VE,2020-08,0,0.9986,0.0002,0.0012
VE,2020-09,0,0.9986,0.0002,0.0012
VE,2020-10,0,0.9986,0.0002,0.0012
VE,2020-11,0,0.9986,0.0002,0.0012
VE,2020-12,0,0.9986,0.0002,0.0012
VE,2021-01,0,0.9986,0.0002,0.0012
VE,2021-02,0,0.9986,0.0002,0.0012
VE,2021-03,0,0.9986,0.0002,0.0012
VE,2021-04,0,0.9986,0.0002,0.0012
VE,2021-05,0,0.9986,0.0002,0.0012
VE,2021-06,0,0.9986,0.0002,0.0012
VE,2021-07,0,0.9986,0.0002,0.0012
VE,2021-08,0,0.9986,0.0002,0.0012
VE,2021-09,0,0.9986,0.0002,0.0012
VE,2021-10,0,0.9986,0.0002,0.0012
VE,2021-11,0,0.9986,0.0002,0.0012
VE,2021-12,0,0.9986,0.0002,0.0012
VE,2022-01,0,0.9986,0.0002,0.0012
VE,2022-02,0,0.9986,0.0002,0.0012
VE,2022-03,0,0.9986,0.0002,0.0012
VE,2022-04,0,0.9986,0.0002,0.0012
VE,2022-05,0,0.9986,0.0002,0.0012
VE,2022-06,0,0.9986,0.0002,0.0012
VE,2022-07,0,0.9986,0.0002,0.0012
VE,2022-08,0,0.9986,0.0002,0.0012
VE,2022-09,0,0.9986,0.0002,0.0012
VE,2022-10,0,0.9986,0.0002,0.0012
VE,2022-11,0,0.9986,0.0002,0.0012
VE,2022-12,0,0.9986,0.0002,0.0012
VE,2023-01,0,0.9986,0.0002,0.0012
VE,2023-02,0,0.9986,0.0002,0.0012
VE,2023-03,0,0.9986,0.0002,0.0012
VE,2023-04,0,0.9986,0.0002,0.0012
VE,2023-05,0,0.9986,0.0002,0.0012
VE,2023-06,0,0.9986,0.0002,0.0012
VE,2023-07,0,0.9986,0.0002,0.0012
VE,2023-08,0,0.9986,0.0002,0.0012
VE,2023-09,0,0.9986,0.0002,0.0012
VE,2023-10,0,0.9986,0.0002,0.0012
VE,2023-11,0,0.9986,0.0002,0.0012
VE,2023-12,0,0.9986,0.0002,0.0012
VE,2024-01,0,0.9986,0.0002,0.0012
VE,2024-02,0,0.9986,0.0002,0.0012
VE,2024-03,0,0.9986,0.0002,0.0012
VE,2024-04,0,0.9986,0.0002,0.0012
VE,2024-05,0,0.9986,0.0002,0.0012
VE,2024-06,0,0.9986,0.0002,0.0012
VE,2024-07,0,0.9986,0.0002,0.0012
VE,2024-08,0,0.9986,0.0002,0.0012
VE,2024-09,0,0.9986,0.0002,0.0012
VE,2024-10,0,0.9986,0.0002,0.0012
VE,2024-11,0,0.9986,0.0002,0.0012
VE,2024-12,0,0.9986,0.0002,0.0012
VE,2025-01,0,0.9986,0.0002,0.0012
VE,2025-02,0,0.9986,0.0002,0.0012
VE,2025-03,0,0.9986,0.0002,0.0012
VE,2025-04,0,0.9986,0.0002,0.0012
VE,2025-05,0,0.9986,0.0002,0.0012
VE,2025-06,0,0.9986,0.0002,0.0012
VE,2025-07,0,0.9986,0.0002,0.0012
VE,2025-08,0,0.9986,0.0002,0.0012
VE,2025-09,0,0.9986,0.0002,0.0012
VE,2025-10,0,0.9986,0.0002,0.0012
VE,2025-11,0,0.9986,0.0002,0.0012
VE,2025-12,0,0.9986,0.0002,0.0012
VE,2026-01,0,0.9986,0.0002,0.0012
VE,2026-02,0,0.9986,0.0002,0.0012
VE,2026-03,0,0.9986,0.0002,0.0012
VE,2026-04,0,0.9986,0.0002,0.0012
VE,2026-05,0,0.9986,0.0002,0.0012
VE,2026-06,0,0.9986,0.0002,0.0012
VE,2026-07,0,0.9986,0.0002,0.0012
VE,2026-08,0,0.9986,0.0002,0.0012
VG,2019-01,,,,
VG,2019-02,,,,
VG,2019-03,,,,
VG,2019-04,,,,
VG,2019-05,,,,
VG,2019-06,,,,
VG,2019-07,,,,
VG,2019-08,,,,
VG,2019-09,,,,
VG,2019-10,,,,
VG,2019-11,,,,
VG,2019-12,,,,
VG,2020-01,,,,
VG,2020-02,,,,
VG,2020-03,,,,
VG,2020-04,,,,
VG,2020-05,,,,
VG,2020-06,,,,
VG,2020-07,,,,
VG,2020-08,,,,
VG,2020-09,,,,
VG,2020-10,,,,
VG,2020-11,,,,
VG,2020-12,,,,
VG,2021-01,,,,
VG,2021-02,,,,
VG,2021-03,,,,
VG,2021-04,,,,
VG,2021-05,,,,
VG,2021-06,,,,
VG,2021-07,,,,
VG,2021-08,,,,
VG,2021-09,,,,
VG,2021-10,,,,
VG,2021-11,,,,
VG,2021-12,,,,
VG,2022-01,,,,
VG,2022-02,,,,
VG,2022-03,,,,
VG,2022-04,,,,
VG,2022-05,,,,
VG,2022-06,,,,
VG,2022-07,,,,
VG,2022-08,,,,
VG,2022-09,,,,
VG,2022-10,,,,
VG,2022-11,,,,
VG,2022-12,,,,
VG,2023-01,,,,
VG,2023-02,,,,
VG,2023-03,,,,
VG,2023-04,,,,
VG,2023-05,,,,
VG,2023-06,,,,
VG,2023-07,,,,
VG,2023-08,,,,
VG,2023-09,,,,
VG,2023-10,,,,
VG,2023-11,,,,
VG,2023-12,,,,
VG,2024-01,,,,
VG,2024-02,,,,
VG,2024-03,,,,
VG,2024-04,,,,
VG,2024-05,,,,
VG,2024-06,,,,
VG,2024-07,,,,
VG,2024-08,,,,
VG,2024-09,,,,
VG,2024-10,,,,
VG,2024-11,,,,
VG,2024-12,,,,
VG,2025-01,,,,
VG,2025-02,,,,
VG,2025-03,,,,
VG,2025-04,,,,
VG,2025-05,,,,
VG,2025-06,,,,
VG,2025-07,,,,
VG,2025-08,,,,
VG,2025-09,,,,
VG,2025-10,,,,
VG,2025-11,,,,
VG,2025-12,,,,
VG,2026-01,,,,
VG,2026-02,,,,
VG,2026-03,,,,
VG,2026-04,,,,
VG,2026-05,,,,
VG,2026-06,,,,
VG,2026-07,,,,
VG,2026-08,,,,
VI,2019-01,0,0,1,0
VI,2019-02,0,0,1,0
VI,2019-03,0,0,1,0
VI,2019-04,0,0,1,0
VI,2019-05,0,0,1,0
VI,2019-06,0,0,1,0
VI,2019-07,0,0,1,0
VI,2019-08,0,0,1,0
VI,2019-09,0,0,1,0
VI,2019-10,0,0,1,0
VI,2019-11,0,0,1,0
VI,2019-12,0,0,1,0
VI,2020-01,0,0,1,0
VI,2020-02,0,0,1,0
VI,2020-03,0,0,1,0
VI,2020-04,0,0,1,0
VI,2020-05,0,0,1,0
VI,2020-06,0,0,1,0
VI,2020-07,0,0,1,0
VI,2020-08,0,0,1,0
VI,2020-09,0,0,1,0
VI,2020-10,0,0,1,0
VI,2020-11,0,0,1,0
VI,2020-12,0,0,1,0
VI,2021-01,0,0,1,0
VI,2021-02,0,0,1,0
VI,2021-03,0,0,1,0
VI,2021-04,0,0,1,0
VI,2021-05,0,0,1,0
VI,2021-06,0,0,1,0
VI,2021-07,0,0,1,0
VI,2021-08,0,0,1,0
VI,2021-09,0,0,1,0
VI,2021-10,0,0,1,0
VI,2021-11,0,0,1,0
VI,2021-12,0,0,1,0
VI,2022-01,0,0,1,0
VI,2022-02,0,0,1,0
VI,2022-03,0,0,1,0
VI,2022-04,0,0,1,0
VI,2022-05,0,0,1,0
VI,2022-06,0,0,1,0
VI,2022-07,0,0,1,0
VI,2022-08,0,0,1,0
VI,2022-09,0,0,1,0
VI,2022-10,0,0,1,0
VI,2022-11,0,0,1,0
VI,2022-12,0,0,1,0
VI,2023-01,0,0,1,0
VI,2023-02,0,0,1,0
VI,2023-03,0,0,1,0
VI,2023-04,0,0,1,0
VI,2023-05,0,0,1,0
VI,2023-06,0,0,1,0
VI,2023-07,0,0,1,0
VI,2023-08,0,0,1,0
VI,2023-09,0,0,1,0
VI,2023-10,0,0,1,0
VI,2023-11,0,0,1,0
VI,2023-12,0,0,1,0
VI,2024-01,0,0,1,0
VI,2024-02,0,0,1,0
VI,2024-03,0,0,1,0
VI,2024-04,0,0,1,0
VI,2024-05,0,0,1,0
VI,2024-06,0,0,1,0
VI,2024-07,0,0,1,0
VI,2024-08,0,0,1,0
VI,2024-09,0,0,1,0
VI,2024-10,0,0,1,0
VI,2024-11,0,0,1,0
VI,2024-12,0,0,1,0
VI,2025-01,0,0,1,0
VI,2025-02,0,0,1,0
VI,2025-03,0,0,1,0
VI,2025-04,0,0,1,0
VI,2025-05,0,0,1,0
VI,2025-06,0,0,1,0
VI,2025-07,0,0,1,0
VI,2025-08,0,0,1,0
VI,2025-09,0,0,1,0
VI,2025-10,0,0,1,0
VI,2025-11,0,0,1,0
VI,2025-12,0,0,1,0
VI,2026-01,0,0,1,0
VI,2026-02,0,0,1,0
VI,2026-03,0,0,1,0
VI,2026-04,0,0,1,0
VI,2026-05,0,0,1,0
VI,2026-06,0,0,1,0
VI,2026-07,0,0,1,0
VI,2026-08,0,0,1,0
VN,2019-01,0,0.8226,0,0.1774
VN,2019-02,0,1,0,0
VN,2019-03,0,0.9808,0.0192,0
VN,2019-04,0,0.9855,0.0145,0
VN,2019-05,0,0.9647,0.0353,0
VN,2019-06,0,0.9218,0.0782,0
VN,2019-07,0,0.9153,0.0847,0
VN,2019-08,0,0.9246,0.0754,0
VN,2019-09,0,0.9224,0.0776,0
VN,2019-10,0,0.9259,0.0666,0.0074
VN,2019-11,0,0.9102,0,0.0898
VN,2019-12,0,0.9497,0.0503,0
VN,2020-01,0,0.6865,0.2444,0.0691
VN,2020-02,0,0.8124,0.1646,0.023
VN,2020-03,0,0.7641,0.2021,0.0338
VN,2020-04,0,0.7415,0.2277,0.0308
VN,2020-05,0,0.8208,0.1653,0.0139
VN,2020-06,0,0.8768,0.1128,0.0104
VN,2020-07,0,0.8928,0.0989,0.0082
VN,2020-08,0,0.9125,0.0772,0.0103
VN,2020-09,0,0.913,0.0821,0.0049
VN,2020-10,0,0.9303,0.0635,0.0062
VN,2020-11,0,0.8901,0.0929,0.0169
VN,2020-12,0,0.9122,0.0789,0.0089
VN,2021-01,0,0.5962,0.369,0.0347
VN,2021-02,0,0.7699,0.1986,0.0315
VN,2021-03,0,0.5505,0.4227,0.0268
VN,2021-04,0,0.726,0.2564,0.0176
VN,2021-05,0,0.6635,0.3246,0.0119
VN,2021-06,0,0.7337,0.2401,0.0262
VN,2021-07,0,0.7631,0.2232,0.0137
VN,2021-08,0,0.7208,0.2792,0
VN,2021-09,0,0.802,0.1373,0.0607
VN,2021-10,0,0.7789,0.2026,0.0185
VN,2021-11,0,0.8182,0.1618,0.02
VN,2021-12,0,0.6974,0.3005,0.0021
VN,2022-01,0,0.5583,0.2804,0.1613
VN,2022-02,0,0.684,0.2202,0.0957
VN,2022-03,0,0.6327,0.2842,0.0831
VN,2022-04,0,0.6487,0.2768,0.0745
VN,2022-05,0,0.7348,0.214,0.0512
VN,2022-06,0,0.7866,0.1793,0.0341
VN,2022-07,0,0.7936,0.1652,0.0412
VN,2022-08,0,0.7874,0.1683,0.0443
VN,2022-09,0,0.7599,0.1769,0.0633
VN,2022-10,0,0.831,0.1423,0.0266
VN,2022-11,0,0.7188,0.2098,0.0714
VN,2022-12,0,0.7722,0.1779,0.0499
VN,2023-01,0,0.654,0.2021,0.1439
VN,2023-02,0,0.6015,0.2574,0.1411
VN,2023-03,0,0.5686,0.3051,0.1263
VN,2023-04,0,0.6372,0.2973,0.0655
VN,2023-05,0,0.6408,0.277,0.0822
VN,2023-06,0,0.5631,0.3512,0.0857
VN,2023-07,0,0.7306,0.1886,0.0808
VN,2023-08,0,0.7364,0.1802,0.0835
VN,2023-09,0,0.7772,0.1717,0.0511
VN,2023-10,0,0.7829,0.1712,0.0459
VN,2023-11,0,0.7183,0.1607,0.121
VN,2023-12,0,0.71,0.234,0.056
VN,2024-01,0,0.5474,0.2423,0.2103
VN,2024-02,0,0.439,0.4202,0.1407
VN,2024-03,0,0.4619,0.2881,0.2501
VN,2024-04,0,0.5582,0.3902,0.0516
VN,2024-05,0,0.6106,0.311,0.0784
VN,2024-06,0,0.7585,0.1804,0.0611
VN,2024-07,0,0.7912,0.1347,0.0741
VN,2024-08,0,0.8034,0.1453,0.0514
VN,2024-09,0,0.8079,0.1422,0.0499
VN,2024-10,0,0.796,0.1513,0.0527
VN,2024-11,0,0.7363,0.1783,0.0854
VN,2024-12,0,0.7808,0.1571,0.0622
VN,2025-01,0,0.4691,0.3136,0.2173
VN,2025-02,0,0.6613,0.1844,0.1543
VN,2025-03,0,0.528,0.3068,0.1652
VN,2025-04,0,0.5703,0.3181,0.1116
VN,2025-05,0,0.7101,0.2426,0.0473
VN,2025-06,0,0.7987,0.1377,0.0636
VN,2025-07,0,0.822,0.0955,0.0826
VN,2025-08,0,0.7899,0.1417,0.0684
VN,2025-09,0,0.8003,0.1316,0.0681
VN,2025-10,0,0.8667,0.0783,0.0549
VN,2025-11,0,0.8667,0.0783,0.0549
VN,2025-12,0,0.8667,0.0783,0.0549
VN,2026-01,0,0.8667,0.0783,0.0549
VN,2026-02,0,0.8667,0.0783,0.0549
VN,2026-03,0,0.8667,0.0783,0.0549
VN,2026-04,0,0.8667,0.0783,0.0549
VN,2026-05,0,0.8667,0.0783,0.0549
VN,2026-06,0,0.8667,0.0783,0.0549
VN,2026-07,0,0.8667,0.0783,0.0549
VN,2026-08,0,0.8667,0.0783,0.0549
VU,2019-01,0,0.3333,0.3333,0.3333
VU,2019-02,0,0.3333,0.3333,0.3333
VU,2019-03,0,0.3333,0.3333,0.3333
VU,2019-04,0,0.3333,0.3333,0.3333
VU,2019-05,0,0.3333,0.3333,0.3333
VU,2019-06,0,0.3333,0.3333,0.3333
VU,2019-07,0,0.3333,0.3333,0.3333
VU,2019-08,0,0.3333,0.3333,0.3333
VU,2019-09,0,0.3333,0.3333,0.3333
VU,2019-10,0,0.3333,0.3333,0.3333
VU,2019-11,0,0.3333,0.3333,0.3333
VU,2019-12,0,0.3333,0.3333,0.3333
VU,2020-01,0,0.3333,0.3333,0.3333
VU,2020-02,0,0.3333,0.3333,0.3333
VU,2020-03,0,0.3333,0.3333,0.3333
VU,2020-04,0,0.3333,0.3333,0.3333
VU,2020-05,0,0.3333,0.3333,0.3333
VU,2020-06,0,0.3333,0.3333,0.3333
VU,2020-07,0,0.3333,0.3333,0.3333
VU,2020-08,0,0.3333,0.3333,0.3333
VU,2020-09,0,0.3333,0.3333,0.3333
VU,2020-10,0,0.3333,0.3333,0.3333
VU,2020-11,0,0.3333,0.3333,0.3333
VU,2020-12,0,0.3333,0.3333,0.3333
VU,2021-01,0,0.3333,0.3333,0.3333
VU,2021-02,0,0.3333,0.3333,0.3333
VU,2021-03,0,0.3333,0.3333,0.3333
VU,2021-04,0,0.3333,0.3333,0.3333
VU,2021-05,0,0.3333,0.3333,0.3333
VU,2021-06,0,0.3333,0.3333,0.3333
VU,2021-07,0,0.3333,0.3333,0.3333
VU,2021-08,0,0.3333,0.3333,0.3333
VU,2021-09,0,0.3333,0.3333,0.3333
VU,2021-10,0,0.3333,0.3333,0.3333
VU,2021-11,0,0.3333,0.3333,0.3333
VU,2021-12,0,0.3333,0.3333,0.3333
VU,2022-01,0,0.3333,0.3333,0.3333
VU,2022-02,0,0.3333,0.3333,0.3333
VU,2022-03,0,0.3333,0.3333,0.3333
VU,2022-04,0,0.3333,0.3333,0.3333
VU,2022-05,0,0.3333,0.3333,0.3333
VU,2022-06,0,0.3333,0.3333,0.3333
VU,2022-07,0,0.3333,0.3333,0.3333
VU,2022-08,0,0.3333,0.3333,0.3333
VU,2022-09,0,0.3333,0.3333,0.3333
VU,2022-10,0,0.3333,0.3333,0.3333
VU,2022-11,0,0.3333,0.3333,0.3333
VU,2022-12,0,0.3333,0.3333,0.3333
VU,2023-01,0,0.3333,0.3333,0.3333
VU,2023-02,0,0.3333,0.3333,0.3333
VU,2023-03,0,0.3333,0.3333,0.3333
VU,2023-04,0,0.3333,0.3333,0.3333
VU,2023-05,0,0.3333,0.3333,0.3333
VU,2023-06,0,0.3333,0.3333,0.3333
VU,2023-07,0,0.3333,0.3333,0.3333
VU,2023-08,0,0.3333,0.3333,0.3333
VU,2023-09,0,0.3333,0.3333,0.3333
VU,2023-10,0,0.3333,0.3333,0.3333
VU,2023-11,0,0.3333,0.3333,0.3333
VU,2023-12,0,0.3333,0.3333,0.3333
VU,2024-01,0,0.3333,0.3333,0.3333
VU,2024-02,0,0.3333,0.3333,0.3333
VU,2024-03,0,0.3333,0.3333,0.3333
VU,2024-04,0,0.3333,0.3333,0.3333
VU,2024-05,0,0.3333,0.3333,0.3333
VU,2024-06,0,0.3333,0.3333,0.3333
VU,2024-07,0,0.3333,0.3333,0.3333
VU,2024-08,0,0.3333,0.3333,0.3333
VU,2024-09,0,0.3333,0.3333,0.3333
VU,2024-10,0,0.3333,0.3333,0.3333
VU,2024-11,0,0.3333,0.3333,0.3333
VU,2024-12,0,0.3333,0.3333,0.3333
VU,2025-01,0,0.3333,0.3333,0.3333
VU,2025-02,0,0.3333,0.3333,0.3333
VU,2025-03,0,0.3333,0.3333,0.3333
VU,2025-04,0,0.3333,0.3333,0.3333
VU,2025-05,0,0.3333,0.3333,0.3333
VU,2025-06,0,0.3333,0.3333,0.3333
VU,2025-07,0,0.3333,0.3333,0.3333
VU,2025-08,0,0.3333,0.3333,0.3333
VU,2025-09,0,0.3333,0.3333,0.3333
VU,2025-10,0,0.3333,0.3333,0.3333
VU,2025-11,0,0.3333,0.3333,0.3333
VU,2025-12,0,0.3333,0.3333,0.3333
VU,2026-01,0,0.3333,0.3333,0.3333
VU,2026-02,0,0.3333,0.3333,0.3333
VU,2026-03,0,0.3333,0.3333,0.3333
VU,2026-04,0,0.3333,0.3333,0.3333
VU,2026-05,0,0.3333,0.3333,0.3333
VU,2026-06,0,0.3333,0.3333,0.3333
VU,2026-07,0,0.3333,0.3333,0.3333
VU,2026-08,0,0.3333,0.3333,0.3333
WS,2019-01,0,0.7144,0.2856,0
WS,2019-02,0,0.7144,0.2856,0
WS,2019-03,0,0.7144,0.2856,0
WS,2019-04,0,0.7144,0.2856,0
WS,2019-05,0,0.7144,0.2856,0
WS,2019-06,0,0.7144,0.2856,0
WS,2019-07,0,0.7144,0.2856,0
WS,2019-08,0,0.7144,0.2856,0
WS,2019-09,0,0.7144,0.2856,0
WS,2019-10,0,0.7144,0.2856,0
WS,2019-11,0,0.7144,0.2856,0
WS,2019-12,0,0.7144,0.2856,0
WS,2020-01,0,0.7144,0.2856,0
WS,2020-02,0,0.7144,0.2856,0
WS,2020-03,0,0.7144,0.2856,0
WS,2020-04,0,0.7144,0.2856,0
WS,2020-05,0,0.7144,0.2856,0
WS,2020-06,0,0.7144,0.2856,0
WS,2020-07,0,0.7144,0.2856,0
WS,2020-08,0,0.7144,0.2856,0
WS,2020-09,0,0.7144,0.2856,0
WS,2020-10,0,0.7144,0.2856,0
WS,2020-11,0,0.7144,0.2856,0
WS,2020-12,0,0.7144,0.2856,0
WS,2021-01,0,0.7144,0.2856,0
WS,2021-02,0,0.7144,0.2856,0
WS,2021-03,0,0.7144,0.2856,0
WS,2021-04,0,0.7144,0.2856,0
WS,2021-05,0,0.7144,0.2856,0
WS,2021-06,0,0.7144,0.2856,0
WS,2021-07,0,0.7144,0.2856,0
WS,2021-08,0,0.7144,0.2856,0
WS,2021-09,0,0.7144,0.2856,0
WS,2021-10,0,0.7144,0.2856,0
WS,2021-11,0,0.7144,0.2856,0
WS,2021-12,0,0.7144,0.2856,0
WS,2022-01,0,0.7144,0.2856,0
WS,2022-02,0,0.7144,0.2856,0
WS,2022-03,0,0.7144,0.2856,0
WS,2022-04,0,0.7144,0.2856,0
WS,2022-05,0,0.7144,0.2856,0
WS,2022-06,0,0.7144,0.2856,0
WS,2022-07,0,0.7144,0.2856,0
WS,2022-08,0,0.7144,0.2856,0
WS,2022-09,0,0.7144,0.2856,0
WS,2022-10,0,0.7144,0.2856,0
WS,2022-11,0,0.7144,0.2856,0
WS,2022-12,0,0.7144,0.2856,0
WS,2023-01,0,0.7144,0.2856,0
WS,2023-02,0,0.7144,0.2856,0
WS,2023-03,0,0.7144,0.2856,0
WS,2023-04,0,0.7144,0.2856,0
WS,2023-05,0,0.7144,0.2856,0
WS,2023-06,0,0.7144,0.2856,0
WS,2023-07,0,0.7144,0.2856,0
WS,2023-08,0,0.7144,0.2856,0
WS,2023-09,0,0.7144,0.2856,0
WS,2023-10,0,0.7144,0.2856,0
WS,2023-11,0,0.7144,0.2856,0
WS,2023-12,0,0.7144,0.2856,0
WS,2024-01,0,0.7144,0.2856,0
WS,2024-02,0,0.7144,0.2856,0
WS,2024-03,0,0.7144,0.2856,0
WS,2024-04,0,0.7144,0.2856,0
WS,2024-05,0,0.7144,0.2856,0
WS,2024-06,0,0.7144,0.2856,0
WS,2024-07,0,0.7144,0.2856,0
WS,2024-08,0,0.7144,0.2856,0
WS,2024-09,0,0.7144,0.2856,0
WS,2024-10,0,0.7144,0.2856,0
WS,2024-11,0,0.7144,0.2856,0
WS,2024-12,0,0.7144,0.2856,0
WS,2025-01,0,0.7144,0.2856,0
WS,2025-02,0,0.7144,0.2856,0
WS,2025-03,0,0.7144,0.2856,0
WS,2025-04,0,0.7144,0.2856,0
WS,2025-05,0,0.7144,0.2856,0
WS,2025-06,0,0.7144,0.2856,0
WS,2025-07,0,0.7144,0.2856,0
WS,2025-08,0,0.7144,0.2856,0
WS,2025-09,0,0.7144,0.2856,0
WS,2025-10,0,0.7144,0.2856,0
WS,2025-11,0,0.7144,0.2856,0
WS,2025-12,0,0.7144,0.2856,0
WS,2026-01,0,0.7144,0.2856,0
WS,2026-02,0,0.7144,0.2856,0
WS,2026-03,0,0.7144,0.2856,0
WS,2026-04,0,0.7144,0.2856,0
WS,2026-05,0,0.7144,0.2856,0
WS,2026-06,0,0.7144,0.2856,0
WS,2026-07,0,0.7144,0.2856,0
WS,2026-08,0,0.7144,0.2856,0
XK,2019-01,0.0017,0.674,0.0327,0.2915
XK,2019-02,0.0017,0.6738,0.0334,0.2911
XK,2019-03,0.0018,0.6724,0.0338,0.2919
XK,2019-04,0.0018,0.6738,0.0345,0.29
XK,2019-05,0.0018,0.6743,0.0348,0.2891
XK,2019-06,0.0017,0.6744,0.0353,0.2885
XK,2019-07,0.0017,0.6744,0.0352,0.2888
XK,2019-08,0.0017,0.6741,0.0351,0.2891
XK,2019-09,0.0017,0.6734,0.0344,0.2905
XK,2019-10,0.0017,0.6737,0.0336,0.2909
XK,2019-11,0.0018,0.6743,0.0328,0.291
XK,2019-12,0.0019,0.6735,0.0327,0.2919
XK,2020-01,0.0018,0.6732,0.0329,0.2922
XK,2020-02,0.0017,0.672,0.0332,0.2931
XK,2020-03,0.0018,0.6727,0.0341,0.2913
XK,2020-04,0.002,0.6731,0.0355,0.2895
XK,2020-05,0.0021,0.6733,0.0358,0.2887
XK,2020-06,0.0019,0.6739,0.0357,0.2884
XK,2020-07,0.0018,0.6733,0.0358,0.2891
XK,2020-08,0.0018,0.6736,0.0355,0.2891
XK,2020-09,0.0018,0.6734,0.0349,0.29
XK,2020-10,0.0018,0.673,0.0336,0.2916
XK,2020-11,0.0018,0.6736,0.0332,0.2914
XK,2020-12,0.0019,0.6736,0.0327,0.2918
XK,2021-01,0.0019,0.6741,0.0328,0.2912
XK,2021-02,0.0019,0.6733,0.0334,0.2914
XK,2021-03,0.0019,0.6727,0.0344,0.291
XK,2021-04,0.002,0.6729,0.0352,0.2899
XK,2021-05,0.002,0.6728,0.0358,0.2895
XK,2021-06,0.0018,0.6741,0.0364,0.2877
XK,2021-07,0.0018,0.6735,0.0361,0.2887
XK,2021-08,0.0018,0.673,0.0357,0.2895
XK,2021-09,0.0019,0.6733,0.0353,0.2896
XK,2021-10,0.0019,0.6715,0.0342,0.2923
XK,2021-11,0.0019,0.6731,0.0332,0.2918
XK,2021-12,0.002,0.673,0.0328,0.2922
XK,2022-01,0.0602,0.3644,0.0345,0.5409
XK,2022-02,0.0324,0.2735,0.0312,0.6628
XK,2022-03,0.0154,0.2427,0.023,0.7188
XK,2022-04,0,0.5,0,0.5
XK,2022-05,0,0.7144,0,0.2856
XK,2022-06,0,0.5,0,0.5
XK,2022-07,0,0.5,0,0.5
XK,2022-08,0,0.3328,0,0.6672
XK,2022-09,0,0.2,0,0.8
XK,2022-10,0.0122,0.2721,0.0188,0.6968
XK,2022-11,0.0168,0.35,0.0128,0.6203
XK,2022-12,0.0325,0.5271,0.0144,0.4259
XK,2023-01,0.0302,0.5985,0.02,0.3512
XK,2023-02,0.0353,0.4278,0.0419,0.495
XK,2023-03,0.0234,0.5246,0.0399,0.4121
XK,2023-04,0.0267,0.48,0.0679,0.4253
XK,2023-05,0,0.5556,0,0.4444
XK,2023-06,0,0.7145,0,0.2855
XK,2023-07,0.0236,0.47,0.0952,0.4112
XK,2023-08,0.0342,0.3532,0.1234,0.4893
XK,2023-09,0.0193,0.3001,0.0623,0.6182
XK,2023-10,0.0263,0.3102,0.0492,0.6144
XK,2023-11,0.012,0.3887,0.012,0.5873
XK,2023-12,0.0318,0.4824,0.0229,0.4629
XK,2024-01,0.0381,0.3763,0.0351,0.5505
XK,2024-02,0.0084,0.3446,0.0112,0.6359
XK,2024-03,0.012,0.3556,0.0258,0.6067
XK,2024-04,0,0.5716,0,0.4284
XK,2024-05,0,0.571,0,0.429
XK,2024-06,0,0.5,0,0.5
XK,2024-07,0.022,0.37,0.1051,0.503
XK,2024-08,0.0226,0.3563,0.1043,0.5167
XK,2024-09,0.0261,0.3086,0.0865,0.5788
XK,2024-10,0.0084,0.3466,0.0179,0.6271
XK,2024-11,0.0538,0.3999,0.0665,0.4798
XK,2024-12,0.054,0.3443,0.0521,0.5495
XK,2025-01,0.0482,0.3963,0.0534,0.5021
XK,2025-02,0.06,0.4183,0.1045,0.4173
XK,2025-03,0.0243,0.4174,0.0733,0.4851
XK,2025-04,0.0324,0.525,0.1275,0.3151
XK,2025-05,0.0244,0.4185,0.1194,0.4376
XK,2025-06,0.0286,0.4334,0.1676,0.3703
XK,2025-07,0.0278,0.3156,0.1517,0.5049
XK,2025-08,0.0343,0.3134,0.1766,0.4757
XK,2025-09,0.0362,0.2047,0.144,0.615
XK,2025-10,0.0227,0.255,0.0577,0.6647
XK,2025-11,0.0223,0.4228,0.0333,0.5216
XK,2025-12,0.0466,0.426,0.0475,0.4799
XK,2026-01,0.0384,0.3953,0.0398,0.5265
XK,2026-02,0.0318,0.467,0.0487,0.4525
XK,2026-03,0.0394,0.4383,0.127,0.3953
XK,2026-04,0.0289,0.515,0.1289,0.3272
XK,2026-05,0.0291,0.5226,0.1453,0.303
XK,2026-06,0.0246,0.5148,0.1578,0.3028
XK,2026-07,0.0246,0.5148,0.1578,0.3028
XK,2026-08,0.0246,0.5148,0.1578,0.3028
YE,2019-01,0,0,1,0
YE,2019-02,0,0,1,0
YE,2019-03,0,0,1,0
YE,2019-04,0,0,1,0
YE,2019-05,0,0,1,0
YE,2019-06,0,0,1,0
YE,2019-07,0,0,1,0
YE,2019-08,0,0,1,0
YE,2019-09,0,0,1,0
YE,2019-10,0,0,1,0
YE,2019-11,0,0,1,0
YE,2019-12,0,0,1,0
YE,2020-01,0,0,1,0
YE,2020-02,0,0,1,0
YE,2020-03,0,0,1,0
YE,2020-04,0,0,1,0
YE,2020-05,0,0,1,0
YE,2020-06,0,0,1,0
YE,2020-07,0,0,1,0
YE,2020-08,0,0,1,0
YE,2020-09,0,0,1,0
YE,2020-10,0,0,1,0
YE,2020-11,0,0,1,0
YE,2020-12,0,0,1,0
YE,2021-01,0,0,1,0
YE,2021-02,0,0,1,0
YE,2021-03,0,0,1,0
YE,2021-04,0,0,1,0
YE,2021-05,0,0,1,0
YE,2021-06,0,0,1,0
YE,2021-07,0,0,1,0
YE,2021-08,0,0,1,0
YE,2021-09,0,0,1,0
YE,2021-10,0,0,1,0
YE,2021-11,0,0,1,0
YE,2021-12,0,0,1,0
YE,2022-01,0,0,1,0
YE,2022-02,0,0,1,0
YE,2022-03,0,0,1,0
YE,2022-04,0,0,1,0
YE,2022-05,0,0,1,0
YE,2022-06,0,0,1,0
YE,2022-07,0,0,1,0
YE,2022-08,0,0,1,0
YE,2022-09,0,0,1,0
YE,2022-10,0,0,1,0
YE,2022-11,0,0,1,0
YE,2022-12,0,0,1,0
YE,2023-01,0,0,1,0
YE,2023-02,0,0,1,0
YE,2023-03,0,0,1,0
YE,2023-04,0,0,1,0
YE,2023-05,0,0,1,0
YE,2023-06,0,0,1,0
YE,2023-07,0,0,1,0
YE,2023-08,0,0,1,0
YE,2023-09,0,0,1,0
YE,2023-10,0,0,1,0
YE,2023-11,0,0,1,0
YE,2023-12,0,0,1,0
YE,2024-01,0,0,1,0
YE,2024-02,0,0,1,0
YE,2024-03,0,0,1,0
YE,2024-04,0,0,1,0
YE,2024-05,0,0,1,0
YE,2024-06,0,0,1,0
YE,2024-07,0,0,1,0
YE,2024-08,0,0,1,0
YE,2024-09,0,0,1,0
YE,2024-10,0,0,1,0
YE,2024-11,0,0,1,0
YE,2024-12,0,0,1,0
YE,2025-01,0,0,1,0
YE,2025-02,0,0,1,0
YE,2025-03,0,0,1,0
YE,2025-04,0,0,1,0
YE,2025-05,0,0,1,0
YE,2025-06,0,0,1,0
YE,2025-07,0,0,1,0
YE,2025-08,0,0,1,0
YE,2025-09,0,0,1,0
YE,2025-10,0,0,1,0
YE,2025-11,0,0,1,0
YE,2025-12,0,0,1,0
YE,2026-01,0,0,1,0
YE,2026-02,0,0,1,0
YE,2026-03,0,0,1,0
YE,2026-04,0,0,1,0
YE,2026-05,0,0,1,0
YE,2026-06,0,0,1,0
YE,2026-07,0,0,1,0
YE,2026-08,0,0,1,0
ZA,2019-01,0,0.0416,0.4211,0.5373
ZA,2019-02,0,0.0537,0.4194,0.5269
ZA,2019-03,0,0.0692,0.4298,0.501
ZA,2019-04,0,0.0676,0.3939,0.5385
ZA,2019-05,0,0.0831,0.3636,0.5532
ZA,2019-06,0,0.0548,0.3262,0.619
ZA,2019-07,0,0.0482,0.3004,0.6513
ZA,2019-08,0,0.0539,0.4239,0.5222
ZA,2019-09,0,0.0579,0.4232,0.519
ZA,2019-10,0,0.0544,0.4408,0.5049
ZA,2019-11,0,0.0443,0.4373,0.5185
ZA,2019-12,0,0.052,0.401,0.547
ZA,2020-01,0,0.0511,0.4401,0.5088
ZA,2020-02,0,0.0713,0.398,0.5307
ZA,2020-03,0,0.0621,0.4534,0.4845
ZA,2020-04,0,0.0964,0.4303,0.4733
ZA,2020-05,0,0.1002,0.4563,0.4435
ZA,2020-06,0,0.0419,0.3722,0.5859
ZA,2020-07,0,0.0413,0.3739,0.5848
ZA,2020-08,0,0.0438,0.4088,0.5474
ZA,2020-09,0,0.054,0.473,0.473
ZA,2020-10,0,0.0564,0.4718,0.4718
ZA,2020-11,0,0.0444,0.4778,0.4778
ZA,2020-12,0,0.0425,0.4788,0.4788
ZA,2021-01,0,0.1965,0.3667,0.4368
ZA,2021-02,0,0.2479,0.373,0.3791
ZA,2021-03,0,0.1064,0.4585,0.4351
ZA,2021-04,0,0.0602,0.5,0.4398
ZA,2021-05,0,0.0417,0.3949,0.5634
ZA,2021-06,0,0.026,0.3395,0.6345
ZA,2021-07,0,0.031,0.3569,0.6121
ZA,2021-08,0,0.0325,0.3836,0.5839
ZA,2021-09,0,0.0414,0.411,0.5476
ZA,2021-10,0,0.0442,0.4374,0.5183
ZA,2021-11,0,0.0376,0.5,0.4624
ZA,2021-12,0,0.1791,0.4054,0.4155
ZA,2022-01,0,0.2201,0.4,0.3799
ZA,2022-02,0,0.2131,0.4329,0.354
ZA,2022-03,0,0.2365,0.37,0.3934
ZA,2022-04,0,0.2261,0.3686,0.4053
ZA,2022-05,0,0.2063,0.4,0.3937
ZA,2022-06,0,0.0972,0.3702,0.5326
ZA,2022-07,0,0.0416,0.399,0.5594
ZA,2022-08,0,0.037,0.4552,0.5078
ZA,2022-09,0,0.0338,0.4915,0.4746
ZA,2022-10,0,0.0381,0.4947,0.4672
ZA,2022-11,0,0.1469,0.4505,0.4026
ZA,2022-12,0,0.1651,0.4594,0.3755
ZA,2023-01,0,0.1522,0.4806,0.3672
ZA,2023-02,0,0.1664,0.4819,0.3517
ZA,2023-03,0,0.1452,0.4524,0.4024
ZA,2023-04,0,0.1098,0.5102,0.38
ZA,2023-05,0.0002,0.0481,0.502,0.4498
ZA,2023-06,0.0001,0.0654,0.379,0.5554
ZA,2023-07,0.0001,0.0407,0.4446,0.5146
ZA,2023-08,0,0.0325,0.4925,0.4749
ZA,2023-09,0,0.0294,0.536,0.4346
ZA,2023-10,0,0.0303,0.5651,0.4047
ZA,2023-11,0,0.0317,0.6016,0.3667
ZA,2023-12,0,0.0347,0.57,0.3953
ZA,2024-01,0.0002,0.131,0.5408,0.328
ZA,2024-02,0.0001,0.0458,0.6115,0.3426
ZA,2024-03,0,0.0381,0.6185,0.3433
ZA,2024-04,0.0001,0.0357,0.5443,0.4199
ZA,2024-05,0,0.0269,0.5723,0.4008
ZA,2024-06,0,0.0156,0.524,0.4604
ZA,2024-07,0,0.0316,0.5256,0.4428
ZA,2024-08,0,0.0159,0.5503,0.4337
ZA,2024-09,0,0.0238,0.5796,0.3967
ZA,2024-10,0,0.0238,0.6153,0.3609
ZA,2024-11,0,0.0213,0.6527,0.326
ZA,2024-12,0,0.0211,0.6596,0.3193
ZA,2025-01,0,0.0207,0.6495,0.3298
ZA,2025-02,0,0.0256,0.6167,0.3577
ZA,2025-03,0,0.0405,0.6317,0.3278
ZA,2025-04,0,0.1686,0.5159,0.3155
ZA,2025-05,0,0.0994,0.5117,0.3888
ZA,2025-06,0,0.0693,0.4795,0.4511
ZA,2025-07,0,0.0368,0.4996,0.4636
ZA,2025-08,0,0.0292,0.6092,0.3617
ZA,2025-09,0,0.0243,0.6088,0.3669
ZA,2025-10,0,0.0226,0.6365,0.3409
ZA,2025-11,0,0.044,0.6217,0.3344
ZA,2025-12,0,0.1007,0.605,0.2944
ZA,2026-01,0,0.0421,0.6629,0.295
ZA,2026-02,0,0.091,0.6013,0.3077
ZA,2026-03,0,0.1469,0.5523,0.3008
ZA,2026-04,0,0.1469,0.5523,0.3008
ZA,2026-05,0,0.1469,0.5523,0.3008
ZA,2026-06,0,0.1469,0.5523,0.3008
ZA,2026-07,0,0.1469,0.5523,0.3008
ZA,2026-08,0,0.1469,0.5523,0.3008
ZM,2019-01,0.0056,0.9849,0.0096,0
ZM,2019-02,0.0056,0.9849,0.0096,0
ZM,2019-03,0.0056,0.9849,0.0096,0
ZM,2019-04,0.0056,0.9849,0.0096,0
ZM,2019-05,0.0056,0.9849,0.0096,0
ZM,2019-06,0.0056,0.9849,0.0096,0
ZM,2019-07,0.0056,0.9849,0.0096,0
ZM,2019-08,0.0056,0.9849,0.0096,0
ZM,2019-09,0.0056,0.9849,0.0096,0
ZM,2019-10,0.0056,0.9849,0.0096,0
ZM,2019-11,0.0056,0.9849,0.0096,0
ZM,2019-12,0.0056,0.9849,0.0096,0
ZM,2020-01,0.0056,0.9849,0.0096,0
ZM,2020-02,0.0056,0.9849,0.0096,0
ZM,2020-03,0.0056,0.9849,0.0096,0
ZM,2020-04,0.0056,0.9849,0.0096,0
ZM,2020-05,0.0056,0.9849,0.0096,0
ZM,2020-06,0.0056,0.9849,0.0096,0
ZM,2020-07,0.0056,0.9849,0.0096,0
ZM,2020-08,0.0056,0.9849,0.0096,0
ZM,2020-09,0.0056,0.9849,0.0096,0
ZM,2020-10,0.0056,0.9849,0.0096,0
ZM,2020-11,0.0056,0.9849,0.0096,0
ZM,2020-12,0.0056,0.9849,0.0096,0
ZM,2021-01,0.0056,0.9849,0.0096,0
ZM,2021-02,0.0056,0.9849,0.0096,0
ZM,2021-03,0.0056,0.9849,0.0096,0
ZM,2021-04,0.0056,0.9849,0.0096,0
ZM,2021-05,0.0056,0.9849,0.0096,0
ZM,2021-06,0.0056,0.9849,0.0096,0
ZM,2021-07,0.0056,0.9849,0.0096,0
ZM,2021-08,0.0056,0.9849,0.0096,0
ZM,2021-09,0.0056,0.9849,0.0096,0
ZM,2021-10,0.0056,0.9849,0.0096,0
ZM,2021-11,0.0056,0.9849,0.0096,0
ZM,2021-12,0.0056,0.9849,0.0096,0
ZM,2022-01,0.0056,0.9849,0.0096,0
ZM,2022-02,0.0056,0.9849,0.0096,0
ZM,2022-03,0.0056,0.9849,0.0096,0
ZM,2022-04,0.0056,0.9849,0.0096,0
ZM,2022-05,0.0056,0.9849,0.0096,0
ZM,2022-06,0.0056,0.9849,0.0096,0
ZM,2022-07,0.0056,0.9849,0.0096,0
ZM,2022-08,0.0056,0.9849,0.0096,0
ZM,2022-09,0.0056,0.9849,0.0096,0
ZM,2022-10,0.0056,0.9849,0.0096,0
ZM,2022-11,0.0056,0.9849,0.0096,0
ZM,2022-12,0.0056,0.9849,0.0096,0
ZM,2023-01,0.0056,0.9849,0.0096,0
ZM,2023-02,0.0056,0.9849,0.0096,0
ZM,2023-03,0.0056,0.9849,0.0096,0
ZM,2023-04,0.0056,0.9849,0.0096,0
ZM,2023-05,0.0056,0.9849,0.0096,0
ZM,2023-06,0.0056,0.9849,0.0096,0
ZM,2023-07,0.0056,0.9849,0.0096,0
ZM,2023-08,0.0056,0.9849,0.0096,0
ZM,2023-09,0.0056,0.9849,0.0096,0
ZM,2023-10,0.0056,0.9849,0.0096,0
ZM,2023-11,0.0056,0.9849,0.0096,0
ZM,2023-12,0.0056,0.9849,0.0096,0
ZM,2024-01,0.0056,0.9849,0.0096,0
ZM,2024-02,0.0056,0.9849,0.0096,0
ZM,2024-03,0.0056,0.9849,0.0096,0
ZM,2024-04,0.0056,0.9849,0.0096,0
ZM,2024-05,0.0056,0.9849,0.0096,0
ZM,2024-06,0.0056,0.9849,0.0096,0
ZM,2024-07,0.0056,0.9849,0.0096,0
ZM,2024-08,0.0056,0.9849,0.0096,0
ZM,2024-09,0.0056,0.9849,0.0096,0
ZM,2024-10,0.0056,0.9849,0.0096,0
ZM,2024-11,0.0056,0.9849,0.0096,0
ZM,2024-12,0.0056,0.9849,0.0096,0
ZM,2025-01,0.0056,0.9849,0.0096,0
ZM,2025-02,0.0056,0.9849,0.0096,0
ZM,2025-03,0.0056,0.9849,0.0096,0
ZM,2025-04,0.0056,0.9849,0.0096,0
ZM,2025-05,0.0056,0.9849,0.0096,0
ZM,2025-06,0.0056,0.9849,0.0096,0
ZM,2025-07,0.0056,0.9849,0.0096,0
ZM,2025-08,0.0056,0.9849,0.0096,0
ZM,2025-09,0.0056,0.9849,0.0096,0
ZM,2025-10,0.0056,0.9849,0.0096,0
ZM,2025-11,0.0056,0.9849,0.0096,0
ZM,2025-12,0.0056,0.9849,0.0096,0
ZM,2026-01,0.0056,0.9849,0.0096,0
ZM,2026-02,0.0056,0.9849,0.0096,0
ZM,2026-03,0.0056,0.9849,0.0096,0
ZM,2026-04,0.0056,0.9849,0.0096,0
ZM,2026-05,0.0056,0.9849,0.0096,0
ZM,2026-06,0.0056,0.9849,0.0096,0
ZM,2026-07,0.0056,0.9849,0.0096,0
ZM,2026-08,0.0056,0.9849,0.0096,0
ZW,2019-01,0.0421,0.9449,0.0076,0.0054
ZW,2019-02,0.0421,0.9449,0.0076,0.0054
ZW,2019-03,0.0421,0.9449,0.0076,0.0054
ZW,2019-04,0.0421,0.9449,0.0076,0.0054
ZW,2019-05,0.0421,0.9449,0.0076,0.0054
ZW,2019-06,0.0421,0.9449,0.0076,0.0054
ZW,2019-07,0.0421,0.9449,0.0076,0.0054
ZW,2019-08,0.0421,0.9449,0.0076,0.0054
ZW,2019-09,0.0421,0.9449,0.0076,0.0054
ZW,2019-10,0.0421,0.9449,0.0076,0.0054
ZW,2019-11,0.0421,0.9449,0.0076,0.0054
ZW,2019-12,0.0421,0.9449,0.0076,0.0054
ZW,2020-01,0.0421,0.9449,0.0076,0.0054
ZW,2020-02,0.0421,0.9449,0.0076,0.0054
ZW,2020-03,0.0421,0.9449,0.0076,0.0054
ZW,2020-04,0.0421,0.9449,0.0076,0.0054
ZW,2020-05,0.0421,0.9449,0.0076,0.0054
ZW,2020-06,0.0421,0.9449,0.0076,0.0054
ZW,2020-07,0.0421,0.9449,0.0076,0.0054
ZW,2020-08,0.0421,0.9449,0.0076,0.0054
ZW,2020-09,0.0421,0.9449,0.0076,0.0054
ZW,2020-10,0.0421,0.9449,0.0076,0.0054
ZW,2020-11,0.0421,0.9449,0.0076,0.0054
ZW,2020-12,0.0421,0.9449,0.0076,0.0054
ZW,2021-01,0.0421,0.9449,0.0076,0.0054
ZW,2021-02,0.0421,0.9449,0.0076,0.0054
ZW,2021-03,0.0421,0.9449,0.0076,0.0054
ZW,2021-04,0.0421,0.9449,0.0076,0.0054
ZW,2021-05,0.0421,0.9449,0.0076,0.0054
ZW,2021-06,0.0421,0.9449,0.0076,0.0054
ZW,2021-07,0.0421,0.9449,0.0076,0.0054
ZW,2021-08,0.0421,0.9449,0.0076,0.0054
ZW,2021-09,0.0421,0.9449,0.0076,0.0054
ZW,2021-10,0.0421,0.9449,0.0076,0.0054
ZW,2021-11,0.0421,0.9449,0.0076,0.0054
ZW,2021-12,0.0421,0.9449,0.0076,0.0054
ZW,2022-01,0.0421,0.9449,0.0076,0.0054
ZW,2022-02,0.0421,0.9449,0.0076,0.0054
ZW,2022-03,0.0421,0.9449,0.0076,0.0054
ZW,2022-04,0.0421,0.9449,0.0076,0.0054
ZW,2022-05,0.0421,0.9449,0.0076,0.0054
ZW,2022-06,0.0421,0.9449,0.0076,0.0054
ZW,2022-07,0.0421,0.9449,0.0076,0.0054
ZW,2022-08,0.0421,0.9449,0.0076,0.0054
ZW,2022-09,0.0421,0.9449,0.0076,0.0054
ZW,2022-10,0.0421,0.9449,0.0076,0.0054
ZW,2022-11,0.0421,0.9449,0.0076,0.0054
ZW,2022-12,0.0421,0.9449,0.0076,0.0054
ZW,2023-01,0.0421,0.9449,0.0076,0.0054
ZW,2023-02,0.0421,0.9449,0.0076,0.0054
ZW,2023-03,0.0421,0.9449,0.0076,0.0054
ZW,2023-04,0.0421,0.9449,0.0076,0.0054
ZW,2023-05,0.0421,0.9449,0.0076,0.0054
ZW,2023-06,0.0421,0.9449,0.0076,0.0054
ZW,2023-07,0.0421,0.9449,0.0076,0.0054
ZW,2023-08,0.0421,0.9449,0.0076,0.0054
ZW,2023-09,0.0421,0.9449,0.0076,0.0054
ZW,2023-10,0.0421,0.9449,0.0076,0.0054
ZW,2023-11,0.0421,0.9449,0.0076,0.0054
ZW,2023-12,0.0421,0.9449,0.0076,0.0054
ZW,2024-01,0.0421,0.9449,0.0076,0.0054
ZW,2024-02,0.0421,0.9449,0.0076,0.0054
ZW,2024-03,0.0421,0.9449,0.0076,0.0054
ZW,2024-04,0.0421,0.9449,0.0076,0.0054
ZW,2024-05,0.0421,0.9449,0.0076,0.0054
ZW,2024-06,0.0421,0.9449,0.0076,0.0054
ZW,2024-07,0.0421,0.9449,0.0076,0.0054
ZW,2024-08,0.0421,0.9449,0.0076,0.0054
ZW,2024-09,0.0421,0.9449,0.0076,0.0054
ZW,2024-10,0.0421,0.9449,0.0076,0.0054
ZW,2024-11,0.0421,0.9449,0.0076,0.0054
ZW,2024-12,0.0421,0.9449,0.0076,0.0054
ZW,2025-01,0.0421,0.9449,0.0076,0.0054
ZW,2025-02,0.0421,0.9449,0.0076,0.0054
ZW,2025-03,0.0421,0.9449,0.0076,0.0054
ZW,2025-04,0.0421,0.9449,0.0076,0.0054
ZW,2025-05,0.0421,0.9449,0.0076,0.0054
ZW,2025-06,0.0421,0.9449,0.0076,0.0054
ZW,2025-07,0.0421,0.9449,0.0076,0.0054
ZW,2025-08,0.0421,0.9449,0.0076,0.0054
ZW,2025-09,0.0421,0.9449,0.0076,0.0054
ZW,2025-10,0.0421,0.9449,0.0076,0.0054
ZW,2025-11,0.0421,0.9449,0.0076,0.0054
ZW,2025-12,0.0421,0.9449,0.0076,0.0054
ZW,2026-01,0.0421,0.9449,0.0076,0.0054
ZW,2026-02,0.0421,0.9449,0.0076,0.0054
ZW,2026-03,0.0421,0.9449,0.0076,0.0054
ZW,2026-04,0.0421,0.9449,0.0076,0.0054
ZW,2026-05,0.0421,0.9449,0.0076,0.0054
ZW,2026-06,0.0421,0.9449,0.0076,0.0054
ZW,2026-07,0.0421,0.9449,0.0076,0.0054
ZW,2026-08,0.0421,0.9449,0.0076,0.0054
