subdivision,period,Bioenergy,Hydro,Solar,Wind
CA-AB,2019-01,0.4925,0.1023,0.0006,0.4047
CA-BC,2019-01,0.0076,0.9673,0,0.0251
CA-MB,2019-01,0.0004,0.9738,0,0.0258
CA-NB,2019-01,0.1471,0.6223,0,0.2306
CA-NL,2019-01,0.0046,0.9918,0,0.0036
CA-NS,2019-01,0.2677,0.3841,0,0.3482
CA-NT,2019-01,0.1324,0.8256,0,0.042
CA-NU,2019-01,1,0,0,0
CA-ON,2019-01,0.0212,0.6804,0.0163,0.2821
CA-PE,2019-01,0.0009,0,0.0004,0.9987
CA-QC,2019-01,0.0008,0.9478,0,0.0514
CA-SK,2019-01,0.2649,0.603,0,0.1321
CA-YT,2019-01,0.0191,0.9809,0,0
US-AK,2019-01,0.0177,0.9003,0,0.0821
US-AL,2019-01,0.2038,0.7825,0.0137,0
US-AR,2019-01,0.2439,0.7355,0.0206,0
US-AZ,2019-01,0.0261,0.5564,0.3568,0.0607
US-CA,2019-01,0.1414,0.3692,0.3435,0.1458
US-CO,2019-01,0.0119,0.1009,0.0545,0.8327
US-CT,2019-01,0.4341,0.4935,0.0624,0.0101
US-DC,2019-01,0.9134,0,0.0866,0
US-DE,2019-01,0.584,0,0.3501,0.0659
US-FL,2019-01,0.6,0.0488,0.3513,0
US-GA,2019-01,0.3653,0.52,0.1147,0
US-HI,2019-01,0.2732,0.0741,0.1467,0.506
US-IA,2019-01,0.0082,0.0366,0.0002,0.955
US-ID,2019-01,0.0423,0.7198,0.0259,0.2121
US-IL,2019-01,0.0242,0.0072,0.0018,0.9669
US-IN,2019-01,0.0555,0.0302,0.0177,0.8966
US-KS,2019-01,0.0038,0.0016,0.0002,0.9944
US-KY,2019-01,0.1049,0.8896,0.0055,0
US-LA,2019-01,0.6314,0.3683,0.0003,0
US-MA,2019-01,0.3694,0.2908,0.2521,0.0877
US-MD,2019-01,0.0854,0.7348,0.0683,0.1115
US-ME,2019-01,0.2738,0.4437,0.0004,0.282
US-MI,2019-01,0.2395,0.1208,0.0056,0.6341
US-MN,2019-01,0.088,0.0843,0.039,0.7887
US-MO,2019-01,0.0231,0.5244,0.008,0.4445
US-MS,2019-01,0.8449,0,0.1551,0
US-MT,2019-01,0.002,0.7627,0.0016,0.2337
US-NC,2019-01,0.1136,0.6478,0.2109,0.0277
US-ND,2019-01,0,0.255,0,0.7449
US-NE,2019-01,0.0127,0.2116,0.0019,0.7737
US-NH,2019-01,0.4131,0.4655,0,0.1213
US-NJ,2019-01,0.5344,0.0085,0.4407,0.0164
US-NM,2019-01,0.0035,0.0182,0.1108,0.8674
US-NV,2019-01,0.0111,0.3548,0.5678,0.0664
US-NY,2019-01,0.0501,0.7952,0.0079,0.1468
US-OH,2019-01,0.1718,0.1018,0.0156,0.7108
US-OK,2019-01,0.01,0.1277,0.0012,0.8611
US-OR,2019-01,0.0294,0.8805,0.0095,0.0806
US-PA,2019-01,0.2299,0.3213,0.0058,0.4429
US-RI,2019-01,0.3773,0.0111,0.0687,0.5428
US-SC,2019-01,0.3083,0.6212,0.0705,0
US-SD,2019-01,0,0.7907,0.0001,0.2093
US-TN,2019-01,0.086,0.8981,0.0122,0.0037
US-TX,2019-01,0.0171,0.0185,0.0324,0.932
US-UT,2019-01,0.027,0.2591,0.4562,0.2577
US-VA,2019-01,0.6109,0.2873,0.1018,0
US-VT,2019-01,0.1959,0.6194,0.0324,0.1522
US-WA,2019-01,0.0211,0.9287,0.0003,0.0498
US-WI,2019-01,0.2326,0.4195,0.0025,0.3454
US-WV,2019-01,0,0.6082,0,0.3918
US-WY,2019-01,0,0.1629,0.0157,0.8214
CA-AB,2019-02,0.6548,0.1479,0.0005,0.1968
CA-BC,2019-02,0.0066,0.9779,0,0.0155
CA-MB,2019-02,0.0003,0.971,0,0.0287
CA-NB,2019-02,0.1327,0.5435,0,0.3238
CA-NL,2019-02,0.005,0.9906,0,0.0044
CA-NS,2019-02,0.2529,0.3561,0,0.391
CA-NT,2019-02,0.1413,0.821,0.0001,0.0376
CA-NU,2019-02,1,0,0,0
CA-ON,2019-02,0.0282,0.6843,0.0208,0.2667
CA-PE,2019-02,0.0006,0,0.0005,0.9989
CA-QC,2019-02,0.0007,0.9438,0,0.0555
CA-SK,2019-02,0.3001,0.6139,0,0.086
CA-YT,2019-02,0.0217,0.9783,0,0
US-AK,2019-02,0.0237,0.8963,0,0.08
US-AL,2019-02,0.2115,0.7748,0.0136,0
US-AR,2019-02,0.1547,0.8332,0.0121,0
US-AZ,2019-02,0.0238,0.5539,0.3607,0.0616
US-CA,2019-02,0.088,0.4118,0.2932,0.207
US-CO,2019-02,0.0116,0.1178,0.0635,0.8071
US-CT,2019-02,0.5136,0.395,0.0793,0.0121
US-DC,2019-02,0.9115,0,0.0885,0
US-DE,2019-02,0.5692,0,0.3813,0.0496
US-FL,2019-02,0.5674,0.0365,0.3962,0
US-GA,2019-02,0.4474,0.4381,0.1145,0
US-HI,2019-02,0.2724,0.0698,0.1659,0.4919
US-IA,2019-02,0.0096,0.0272,0.0002,0.963
US-ID,2019-02,0.0337,0.7356,0.0262,0.2046
US-IL,2019-02,0.0245,0.0062,0.0026,0.9668
US-IN,2019-02,0.0552,0.0292,0.0299,0.8856
US-KS,2019-02,0.0032,0.0015,0.0002,0.9952
US-KY,2019-02,0.1128,0.8805,0.0067,0
US-LA,2019-02,0.4805,0.5193,0.0002,0
US-MA,2019-02,0.3111,0.2977,0.2982,0.093
US-MD,2019-02,0.0674,0.7297,0.0826,0.1204
US-ME,2019-02,0.2463,0.4275,0.0005,0.3256
US-MI,2019-02,0.2441,0.1089,0.0134,0.6335
US-MN,2019-02,0.0888,0.0635,0.0299,0.8178
US-MO,2019-02,0.0253,0.4361,0.0079,0.5307
US-MS,2019-02,0.8547,0,0.1453,0
US-MT,2019-02,0.0017,0.7949,0.0017,0.2017
US-NC,2019-02,0.1707,0.4564,0.3337,0.0392
US-ND,2019-02,0,0.1986,0,0.8014
US-NE,2019-02,0.013,0.143,0.0017,0.8422
US-NH,2019-02,0.3669,0.4859,0,0.1472
US-NJ,2019-02,0.455,0,0.5307,0.0143
US-NM,2019-02,0.0027,0.0174,0.1067,0.8732
US-NV,2019-02,0.0088,0.3853,0.548,0.0579
US-NY,2019-02,0.0536,0.789,0.0109,0.1464
US-OH,2019-02,0.1908,0.1091,0.0287,0.6714
US-OK,2019-02,0.0089,0.2218,0.0013,0.768
US-OR,2019-02,0.0253,0.8611,0.0107,0.1029
US-PA,2019-02,0.2422,0.3166,0.0079,0.4333
US-RI,2019-02,0.4279,0.0099,0.0818,0.4804
US-SC,2019-02,0.401,0.5128,0.0863,0
US-SD,2019-02,0,0.7207,0.0001,0.2793
US-TN,2019-02,0.0917,0.8897,0.015,0.0036
US-TX,2019-02,0.0153,0.0305,0.0332,0.921
US-UT,2019-02,0.0213,0.2311,0.4117,0.3359
US-VA,2019-02,0.6122,0.2653,0.1225,0
US-VT,2019-02,0.1869,0.6128,0.0399,0.1604
US-WA,2019-02,0.0201,0.9128,0.0004,0.0667
US-WI,2019-02,0.2268,0.4115,0.0046,0.3571
US-WV,2019-02,0,0.5631,0,0.4369
US-WY,2019-02,0,0.1699,0.0211,0.8089
CA-AB,2019-03,0.618,0.1148,0.0022,0.265
CA-BC,2019-03,0.0133,0.9609,0,0.0258
CA-MB,2019-03,0.0003,0.9693,0,0.0304
CA-NB,2019-03,0.1357,0.5722,0,0.2921
CA-NL,2019-03,0.0033,0.9927,0,0.004
CA-NS,2019-03,0.2525,0.3193,0,0.4283
CA-NT,2019-03,0.1438,0.7821,0.0009,0.0732
CA-NU,2019-03,1,0,0,0
CA-ON,2019-03,0.0276,0.6591,0.0414,0.2719
CA-PE,2019-03,0.0007,0,0.0009,0.9984
CA-QC,2019-03,0.0008,0.9362,0,0.063
CA-SK,2019-03,0.3183,0.5045,0,0.1772
CA-YT,2019-03,0.0319,0.9681,0,0
US-AK,2019-03,0.021,0.9019,0,0.077
US-AL,2019-03,0.2043,0.7719,0.0238,0
US-AR,2019-03,0.3233,0.6323,0.0445,0
US-AZ,2019-03,0.0163,0.4955,0.4412,0.047
US-CA,2019-03,0.0585,0.5265,0.2801,0.1349
US-CO,2019-03,0.012,0.1098,0.0841,0.7942
US-CT,2019-03,0.5382,0.3501,0.1003,0.0113
US-DC,2019-03,0.8715,0,0.1285,0
US-DE,2019-03,0.482,0,0.4642,0.0537
US-FL,2019-03,0.4945,0.0295,0.476,0
US-GA,2019-03,0.3749,0.4473,0.1777,0
US-HI,2019-03,0.2912,0.0729,0.1784,0.4574
US-IA,2019-03,0.006,0.0315,0.0004,0.9622
US-ID,2019-03,0.0363,0.7413,0.0394,0.183
US-IL,2019-03,0.0244,0.0065,0.0036,0.9655
US-IN,2019-03,0.0559,0.031,0.0386,0.8745
US-KS,2019-03,0.0026,0.001,0.0005,0.996
US-KY,2019-03,0.0945,0.8941,0.0114,0
US-LA,2019-03,0.704,0.2956,0.0004,0
US-MA,2019-03,0.3178,0.2267,0.3708,0.0848
US-MD,2019-03,0.073,0.6981,0.1122,0.1166
US-ME,2019-03,0.2325,0.4459,0.0007,0.3209
US-MI,2019-03,0.2314,0.1016,0.014,0.653
US-MN,2019-03,0.0788,0.0804,0.068,0.7728
US-MO,2019-03,0.0171,0.4634,0.0142,0.5054
US-MS,2019-03,0.7877,0,0.2123,0
US-MT,2019-03,0.0017,0.8121,0.0023,0.1839
US-NC,2019-03,0.1535,0.3122,0.4913,0.043
US-ND,2019-03,0,0.2378,0,0.7622
US-NE,2019-03,0.0092,0.1755,0.003,0.8124
US-NH,2019-03,0.356,0.4975,0,0.1465
US-NJ,2019-03,0.3592,0,0.6272,0.0137
US-NM,2019-03,0.0029,0.0197,0.1615,0.8158
US-NV,2019-03,0.007,0.3487,0.6015,0.0428
US-NY,2019-03,0.0463,0.7961,0.0139,0.1437
US-OH,2019-03,0.1916,0.1138,0.0365,0.6581
US-OK,2019-03,0.0114,0.0802,0.0016,0.9068
US-OR,2019-03,0.0251,0.8732,0.0157,0.086
US-PA,2019-03,0.2256,0.3311,0.0098,0.4335
US-RI,2019-03,0.4098,0.0092,0.1001,0.4809
US-SC,2019-03,0.3542,0.5121,0.1337,0
US-SD,2019-03,0,0.7668,0.0001,0.233
US-TN,2019-03,0.0722,0.8964,0.028,0.0034
US-TX,2019-03,0.0186,0.012,0.0401,0.9294
US-UT,2019-03,0.0193,0.23,0.5407,0.21
US-VA,2019-03,0.6669,0.155,0.1781,0
US-VT,2019-03,0.1459,0.6215,0.0541,0.1784
US-WA,2019-03,0.0245,0.9113,0.0006,0.0636
US-WI,2019-03,0.2188,0.4312,0.0056,0.3444
US-WV,2019-03,0,0.5664,0,0.4336
US-WY,2019-03,0,0.1846,0.0347,0.7807
CA-AB,2019-04,0.498,0.1183,0.0028,0.3809
CA-BC,2019-04,0.0154,0.9482,0,0.0364
CA-MB,2019-04,0.0004,0.97,0,0.0296
CA-NB,2019-04,0.0495,0.7961,0,0.1545
CA-NL,2019-04,0.0025,0.9923,0,0.0052
CA-NS,2019-04,0.1627,0.431,0,0.4062
CA-NT,2019-04,0.1402,0.7867,0.001,0.0721
CA-NU,2019-04,1,0,0,0
CA-ON,2019-04,0.0124,0.705,0.0493,0.2333
CA-PE,2019-04,0.0007,0,0.0008,0.9985
CA-QC,2019-04,0.0008,0.934,0,0.0652
CA-SK,2019-04,0.2162,0.6623,0,0.1214
CA-YT,2019-04,0.0371,0.9629,0,0
US-AK,2019-04,0.018,0.8984,0,0.0836
US-AL,2019-04,0.1673,0.8022,0.0305,0
US-AR,2019-04,0.2013,0.7681,0.0306,0
US-AZ,2019-04,0.019,0.4455,0.4883,0.0472
US-CA,2019-04,0.0462,0.5109,0.2838,0.1592
US-CO,2019-04,0.0099,0.1206,0.0883,0.7813
US-CT,2019-04,0.4649,0.4163,0.1085,0.0102
US-DC,2019-04,0.8692,0,0.1308,0
US-DE,2019-04,0.458,0,0.4925,0.0496
US-FL,2019-04,0.4559,0.0289,0.5152,0
US-GA,2019-04,0.3787,0.4243,0.197,0
US-HI,2019-04,0.2251,0.0926,0.2,0.4823
US-IA,2019-04,0.006,0.0289,0.0005,0.9647
US-ID,2019-04,0.0325,0.7432,0.0421,0.1821
US-IL,2019-04,0.0208,0.0061,0.0035,0.9696
US-IN,2019-04,0.0484,0.025,0.0375,0.8891
US-KS,2019-04,0.0024,0.0016,0.0006,0.9955
US-KY,2019-04,0.0201,0.9685,0.0114,0
US-LA,2019-04,0.5317,0.4678,0.0005,0
US-MA,2019-04,0.287,0.2604,0.3798,0.0728
US-MD,2019-04,0.0811,0.6765,0.1162,0.1261
US-ME,2019-04,0.1936,0.4983,0.0008,0.3074
US-MI,2019-04,0.2035,0.0758,0.0143,0.7064
US-MN,2019-04,0.0612,0.0943,0.0984,0.7462
US-MO,2019-04,0.0129,0.5066,0.0157,0.4649
US-MS,2019-04,0.7895,0,0.2105,0
US-MT,2019-04,0.0014,0.8082,0.0025,0.1878
US-NC,2019-04,0.1274,0.4188,0.4185,0.0352
US-ND,2019-04,0,0.2579,0,0.7421
US-NE,2019-04,0.0084,0.171,0.0036,0.8169
US-NH,2019-04,0.2392,0.6079,0,0.1529
US-NJ,2019-04,0.4014,0,0.5857,0.0129
US-NM,2019-04,0.0027,0.02,0.1771,0.8002
US-NV,2019-04,0.0056,0.3806,0.5746,0.0391
US-NY,2019-04,0.04,0.7889,0.015,0.1561
US-OH,2019-04,0.178,0.1013,0.0392,0.6815
US-OK,2019-04,0.0056,0.1314,0.0019,0.861
US-OR,2019-04,0.0171,0.791,0.0162,0.1757
US-PA,2019-04,0.2244,0.3167,0.0099,0.449
US-RI,2019-04,0.3594,0.0106,0.1238,0.5062
US-SC,2019-04,0.324,0.5481,0.1279,0
US-SD,2019-04,0,0.7659,0.0002,0.2339
US-TN,2019-04,0.077,0.8877,0.0316,0.0036
US-TX,2019-04,0.0132,0.0189,0.0501,0.9178
US-UT,2019-04,0.0142,0.2267,0.5795,0.1796
US-VA,2019-04,0.5844,0.2223,0.1932,0
US-VT,2019-04,0.1289,0.656,0.0577,0.1574
US-WA,2019-04,0.0154,0.8671,0.0006,0.1169
US-WI,2019-04,0.2078,0.3899,0.0061,0.3961
US-WV,2019-04,0,0.533,0,0.467
US-WY,2019-04,0,0.1863,0.0336,0.78
CA-AB,2019-05,0.5201,0.2323,0.0033,0.2443
CA-BC,2019-05,0.0107,0.9743,0,0.015
CA-MB,2019-05,0.0003,0.9723,0,0.0274
CA-NB,2019-05,0.0381,0.8586,0,0.1033
CA-NL,2019-05,0.0035,0.9913,0,0.0052
CA-NS,2019-05,0.1784,0.4933,0,0.3283
CA-NT,2019-05,0.1527,0.7934,0.002,0.0519
CA-NU,2019-05,1,0,0,0
CA-ON,2019-05,0.0105,0.789,0.0566,0.1439
CA-PE,2019-05,0.0012,0,0.0013,0.9975
CA-QC,2019-05,0.0007,0.951,0,0.0483
CA-SK,2019-05,0.2914,0.5929,0,0.1157
CA-YT,2019-05,0.0377,0.9623,0,0
US-AK,2019-05,0.016,0.9207,0,0.0633
US-AL,2019-05,0.1755,0.7934,0.0311,0
US-AR,2019-05,0.1774,0.7928,0.0298,0
US-AZ,2019-05,0.0181,0.4693,0.4725,0.0401
US-CA,2019-05,0.0493,0.476,0.284,0.1907
US-CO,2019-05,0.0107,0.1378,0.1059,0.7455
US-CT,2019-05,0.4905,0.4087,0.0951,0.0057
US-DC,2019-05,0.8115,0,0.1885,0
US-DE,2019-05,0.462,0,0.4999,0.0381
US-FL,2019-05,0.4791,0.0247,0.4962,0
US-GA,2019-05,0.4276,0.3318,0.2406,0
US-HI,2019-05,0.2492,0.0797,0.2196,0.4515
US-IA,2019-05,0.007,0.0451,0.0008,0.9471
US-ID,2019-05,0.0379,0.7564,0.0443,0.1614
US-IL,2019-05,0.0312,0.0069,0.005,0.9569
US-IN,2019-05,0.0694,0.0358,0.0523,0.8426
US-KS,2019-05,0.0031,0.0006,0.0009,0.9954
US-KY,2019-05,0.0437,0.9456,0.0107,0
US-LA,2019-05,0.4513,0.5483,0.0005,0
US-MA,2019-05,0.2572,0.3186,0.3788,0.0455
US-MD,2019-05,0.1059,0.654,0.1277,0.1124
US-ME,2019-05,0.222,0.5714,0.0009,0.2057
US-MI,2019-05,0.2587,0.1046,0.0187,0.6181
US-MN,2019-05,0.0655,0.0976,0.1117,0.7251
US-MO,2019-05,0.0103,0.5833,0.0203,0.3861
US-MS,2019-05,0.7385,0,0.2615,0
US-MT,2019-05,0.001,0.8332,0.0026,0.1633
US-NC,2019-05,0.1317,0.3567,0.4864,0.0251
US-ND,2019-05,0,0.3057,0,0.6943
US-NE,2019-05,0.0095,0.2216,0.0048,0.7641
US-NH,2019-05,0.2864,0.6197,0,0.0939
US-NJ,2019-05,0.3646,0,0.6267,0.0087
US-NM,2019-05,0.0023,0.0205,0.1841,0.7931
US-NV,2019-05,0.0058,0.3577,0.6008,0.0358
US-NY,2019-05,0.0501,0.8369,0.0159,0.0971
US-OH,2019-05,0.2103,0.1247,0.0473,0.6176
US-OK,2019-05,0.01,0.1667,0.0019,0.8214
US-OR,2019-05,0.0115,0.8057,0.0162,0.1665
US-PA,2019-05,0.2458,0.3987,0.0119,0.3436
US-RI,2019-05,0.3713,0.0124,0.1426,0.4737
US-SC,2019-05,0.4,0.4212,0.1788,0
US-SD,2019-05,0,0.8235,0.0002,0.1763
US-TN,2019-05,0.0624,0.9021,0.0327,0.0028
US-TX,2019-05,0.0137,0.0221,0.0471,0.9171
US-UT,2019-05,0.0136,0.2276,0.5884,0.1704
US-VA,2019-05,0.6913,0.0935,0.2152,0
US-VT,2019-05,0.1328,0.701,0.0584,0.1079
US-WA,2019-05,0.0117,0.9093,0.0005,0.0786
US-WI,2019-05,0.2388,0.4458,0.0069,0.3085
US-WV,2019-05,0,0.5369,0,0.4631
US-WY,2019-05,0,0.209,0.0409,0.7502
CA-AB,2019-06,0.4073,0.3337,0.0028,0.2562
CA-BC,2019-06,0.0098,0.958,0,0.0322
CA-MB,2019-06,0.0001,0.9779,0,0.022
CA-NB,2019-06,0.0326,0.8124,0,0.1551
CA-NL,2019-06,0.0026,0.9925,0,0.0049
CA-NS,2019-06,0.1773,0.4691,0,0.3535
CA-NT,2019-06,0.1454,0.7804,0.0017,0.0725
CA-NU,2019-06,1,0,0,0
CA-ON,2019-06,0.0094,0.8146,0.0735,0.1025
CA-PE,2019-06,0.0009,0,0.0017,0.9974
CA-QC,2019-06,0.0009,0.9487,0,0.0503
CA-SK,2019-06,0.283,0.6003,0,0.1168
CA-YT,2019-06,0.0077,0.9923,0,0
US-AK,2019-06,0.0112,0.9262,0,0.0626
US-AL,2019-06,0.197,0.7718,0.0312,0
US-AR,2019-06,0.259,0.6953,0.0458,0
US-AZ,2019-06,0.0152,0.4779,0.4748,0.0321
US-CA,2019-06,0.0511,0.4621,0.3316,0.1552
US-CO,2019-06,0.0113,0.1505,0.1263,0.7119
US-CT,2019-06,0.5503,0.3175,0.1259,0.0063
US-DC,2019-06,0.8289,0,0.1711,0
US-DE,2019-06,0.4828,0,0.4798,0.0374
US-FL,2019-06,0.5081,0.0252,0.4666,0
US-GA,2019-06,0.4959,0.285,0.2191,0
US-HI,2019-06,0.2494,0.0832,0.2416,0.4259
US-IA,2019-06,0.0106,0.0472,0.0012,0.941
US-ID,2019-06,0.034,0.7659,0.0521,0.1479
US-IL,2019-06,0.0317,0.0081,0.0062,0.954
US-IN,2019-06,0.0737,0.0378,0.0671,0.8213
US-KS,2019-06,0.0037,0.0002,0.0011,0.9949
US-KY,2019-06,0.0884,0.9004,0.0113,0
US-LA,2019-06,0.6291,0.3703,0.0006,0
US-MA,2019-06,0.2781,0.2081,0.4681,0.0457
US-MD,2019-06,0.1062,0.6395,0.1424,0.1119
US-ME,2019-06,0.2685,0.4969,0.0012,0.2334
US-MI,2019-06,0.2852,0.0955,0.0235,0.5958
US-MN,2019-06,0.0988,0.1012,0.158,0.642
US-MO,2019-06,0.0162,0.5943,0.0251,0.3644
US-MS,2019-06,0.7881,0,0.2119,0
US-MT,2019-06,0.0017,0.8404,0.003,0.1549
US-NC,2019-06,0.1354,0.3718,0.469,0.0239
US-ND,2019-06,0,0.3041,0,0.6959
US-NE,2019-06,0.0103,0.2203,0.0065,0.7628
US-NH,2019-06,0.3446,0.5483,0,0.1071
US-NJ,2019-06,0.3413,0,0.6502,0.0085
US-NM,2019-06,0.0026,0.0221,0.2257,0.7496
US-NV,2019-06,0.0062,0.267,0.6929,0.0339
US-NY,2019-06,0.0568,0.8193,0.0174,0.1065
US-OH,2019-06,0.2185,0.1217,0.0557,0.6041
US-OK,2019-06,0.0103,0.1274,0.0029,0.8594
US-OR,2019-06,0.0167,0.7143,0.0216,0.2474
US-PA,2019-06,0.2517,0.3616,0.0133,0.3733
US-RI,2019-06,0.5027,0.0058,0.1427,0.3488
US-SC,2019-06,0.4312,0.3973,0.1715,0
US-SD,2019-06,0,0.8204,0.0003,0.1793
US-TN,2019-06,0.0646,0.8978,0.0348,0.0028
US-TX,2019-06,0.0167,0.0163,0.0681,0.8989
US-UT,2019-06,0.0154,0.2087,0.6156,0.1604
US-VA,2019-06,0.7116,0.0882,0.2001,0
US-VT,2019-06,0.097,0.6831,0.0872,0.1326
US-WA,2019-06,0.0139,0.8726,0.0007,0.1128
US-WI,2019-06,0.2362,0.45,0.009,0.3049
US-WV,2019-06,0,0.5386,0,0.4614
US-WY,2019-06,0,0.2226,0.0538,0.7236
CA-AB,2019-07,0.4362,0.36,0.0025,0.2012
CA-BC,2019-07,0.0135,0.9567,0.0001,0.0297
CA-MB,2019-07,0.0003,0.9788,0,0.021
CA-NB,2019-07,0.159,0.6289,0,0.212
CA-NL,2019-07,0.0011,0.9958,0,0.0031
CA-NS,2019-07,0.2427,0.4441,0,0.3132
CA-NT,2019-07,0.1289,0.8189,0.0015,0.0507
CA-NU,2019-07,1,0,0,0
CA-ON,2019-07,0.0431,0.7479,0.0808,0.1282
CA-PE,2019-07,0.0012,0,0.0026,0.9962
CA-QC,2019-07,0.0009,0.9594,0,0.0398
CA-SK,2019-07,0.2157,0.7019,0,0.0825
CA-YT,2019-07,0.0047,0.9953,0,0
US-AK,2019-07,0.0217,0.9083,0,0.07
US-AL,2019-07,0.256,0.7095,0.0345,0
US-AR,2019-07,0.1883,0.7738,0.0379,0
US-AZ,2019-07,0.0141,0.537,0.4161,0.0327
US-CA,2019-07,0.0546,0.4333,0.342,0.1701
US-CO,2019-07,0.0114,0.145,0.1101,0.7335
US-CT,2019-07,0.6106,0.215,0.1689,0.0055
US-DC,2019-07,0.8324,0,0.1676,0
US-DE,2019-07,0.483,0,0.5034,0.0136
US-FL,2019-07,0.5097,0.0178,0.4726,0
US-GA,2019-07,0.5638,0.1904,0.2458,0
US-HI,2019-07,0.2575,0.0931,0.2436,0.4058
US-IA,2019-07,0.0103,0.0337,0.0012,0.9548
US-ID,2019-07,0.0343,0.78,0.0456,0.1401
US-IL,2019-07,0.0473,0.0159,0.0112,0.9255
US-IN,2019-07,0.1059,0.0592,0.1196,0.7153
US-KS,2019-07,0.0031,0,0.001,0.9958
US-KY,2019-07,0.0665,0.9217,0.0118,0
US-LA,2019-07,0.5343,0.4652,0.0005,0
US-MA,2019-07,0.3387,0.0004,0.6214,0.0395
US-MD,2019-07,0.1442,0.4895,0.2139,0.1524
US-ME,2019-07,0.389,0.379,0.0018,0.2302
US-MI,2019-07,0.3888,0.0571,0.036,0.518
US-MN,2019-07,0.1062,0.0795,0.1761,0.6382
US-MO,2019-07,0.0294,0.4541,0.0341,0.4824
US-MS,2019-07,0.7951,0,0.2049,0
US-MT,2019-07,0.0015,0.8579,0.0026,0.1381
US-NC,2019-07,0.1432,0.2279,0.6095,0.0194
US-ND,2019-07,0,0.2629,0,0.7371
US-NE,2019-07,0.0103,0.1619,0.007,0.8207
US-NH,2019-07,0.5169,0.3862,0,0.0968
US-NJ,2019-07,0.3209,0,0.6736,0.0055
US-NM,2019-07,0.0028,0.0255,0.2229,0.7488
US-NV,2019-07,0.0061,0.2868,0.6735,0.0335
US-NY,2019-07,0.0551,0.8483,0.0203,0.0762
US-OH,2019-07,0.286,0.1655,0.0993,0.4492
US-OK,2019-07,0.0102,0.1771,0.0027,0.81
US-OR,2019-07,0.0302,0.6465,0.0266,0.2967
US-PA,2019-07,0.2929,0.4081,0.0163,0.2827
US-RI,2019-07,0.5427,0.0047,0.1814,0.2711
US-SC,2019-07,0.5051,0.2627,0.2322,0
US-SD,2019-07,0,0.7569,0.0003,0.2428
US-TN,2019-07,0.0815,0.8746,0.0408,0.0031
US-TX,2019-07,0.0155,0.024,0.0653,0.8953
US-UT,2019-07,0.0158,0.2241,0.5781,0.1819
US-VA,2019-07,0.79,0,0.21,0
US-VT,2019-07,0.3038,0.4651,0.1174,0.1138
US-WA,2019-07,0.0215,0.8491,0.0008,0.1286
US-WI,2019-07,0.2623,0.5092,0.011,0.2174
US-WV,2019-07,0,0.5218,0,0.4782
US-WY,2019-07,0,0.2357,0.0519,0.7125
CA-AB,2019-08,0.5086,0.2728,0.0029,0.2158
CA-BC,2019-08,0.0125,0.9619,0,0.0255
CA-MB,2019-08,0.0001,0.9777,0,0.0222
CA-NB,2019-08,0.1774,0.6353,0,0.1873
CA-NL,2019-08,0.0008,0.9961,0,0.0031
CA-NS,2019-08,0.3585,0.2091,0,0.4324
CA-NT,2019-08,0.1559,0.7743,0.0013,0.0684
CA-NU,2019-08,1,0,0,0
CA-ON,2019-08,0.0337,0.7316,0.0873,0.1474
CA-PE,2019-08,0.0011,0,0.0021,0.9968
CA-QC,2019-08,0.001,0.9571,0,0.0419
CA-SK,2019-08,0.2741,0.6171,0,0.1087
CA-YT,2019-08,0.0045,0.9955,0,0
US-AK,2019-08,0.0253,0.9089,0,0.0658
US-AL,2019-08,0.2616,0.7052,0.0332,0
US-AR,2019-08,0.3004,0.634,0.0657,0
US-AZ,2019-08,0.0146,0.5194,0.4373,0.0287
US-CA,2019-08,0.0587,0.4219,0.3597,0.1597
US-CO,2019-08,0.0133,0.1544,0.1224,0.7099
US-CT,2019-08,0.7128,0.131,0.1506,0.0056
US-DC,2019-08,0.8493,0,0.1507,0
US-DE,2019-08,0.4926,0,0.483,0.0244
US-FL,2019-08,0.523,0.0152,0.4618,0
US-GA,2019-08,0.6068,0.1454,0.2478,0
US-HI,2019-08,0.2743,0.092,0.249,0.3847
US-IA,2019-08,0.0193,0.0345,0.0015,0.9447
US-ID,2019-08,0.0331,0.7847,0.0484,0.1338
US-IL,2019-08,0.0549,0.0215,0.012,0.9116
US-IN,2019-08,0.1136,0.0652,0.1214,0.6998
US-KS,2019-08,0.0044,0.0008,0.0011,0.9937
US-KY,2019-08,0.0843,0.9051,0.0106,0
US-LA,2019-08,0.713,0.2863,0.0006,0
US-MA,2019-08,0.4038,0,0.5542,0.042
US-MD,2019-08,0.1908,0.3757,0.2508,0.1827
US-ME,2019-08,0.4609,0.2687,0.0019,0.2686
US-MI,2019-08,0.3984,0.0832,0.0364,0.4819
US-MN,2019-08,0.1137,0.0654,0.1863,0.6346
US-MO,2019-08,0.0368,0.4135,0.0425,0.5072
US-MS,2019-08,0.8144,0,0.1856,0
US-MT,2019-08,0.0016,0.859,0.0028,0.1366
US-NC,2019-08,0.1683,0.2587,0.5556,0.0174
US-ND,2019-08,0,0.1806,0,0.8194
US-NE,2019-08,0.011,0.146,0.0075,0.8354
US-NH,2019-08,0.6429,0.2507,0,0.1063
US-NJ,2019-08,0.3474,0,0.6465,0.0062
US-NM,2019-08,0.0027,0.0252,0.2334,0.7387
US-NV,2019-08,0.0065,0.2454,0.7166,0.0315
US-NY,2019-08,0.0569,0.8426,0.0191,0.0814
US-OH,2019-08,0.3027,0.1718,0.0955,0.43
US-OK,2019-08,0.0128,0.0911,0.0029,0.8932
US-OR,2019-08,0.0337,0.6691,0.0285,0.2687
US-PA,2019-08,0.2951,0.3931,0.0155,0.2964
US-RI,2019-08,0.5343,0.0025,0.1678,0.2954
US-SC,2019-08,0.5624,0.1924,0.2453,0
US-SD,2019-08,0,0.7391,0.0004,0.2605
US-TN,2019-08,0.0962,0.8596,0.0413,0.0029
US-TX,2019-08,0.0237,0.0114,0.0643,0.9006
US-UT,2019-08,0.0144,0.2186,0.5991,0.1679
US-VA,2019-08,0.7981,0,0.2019,0
US-VT,2019-08,0.3939,0.3302,0.123,0.1529
US-WA,2019-08,0.0246,0.8627,0.0008,0.1119
US-WI,2019-08,0.2681,0.5313,0.0106,0.19
US-WV,2019-08,0,0.4929,0,0.5071
US-WY,2019-08,0,0.2448,0.0537,0.7015
CA-AB,2019-09,0.4656,0.2453,0.0018,0.2873
CA-BC,2019-09,0.0106,0.9599,0,0.0295
CA-MB,2019-09,0.0002,0.9766,0,0.0231
CA-NB,2019-09,0.1371,0.5606,0,0.3023
CA-NL,2019-09,0.0035,0.9907,0,0.0058
CA-NS,2019-09,0.2642,0.2589,0,0.4769
CA-NT,2019-09,0.1281,0.8116,0.0013,0.059
CA-NU,2019-09,1,0,0,0
CA-ON,2019-09,0.0209,0.7175,0.0697,0.192
CA-PE,2019-09,0.0007,0,0.0014,0.9979
CA-QC,2019-09,0.001,0.941,0,0.0581
CA-SK,2019-09,0.3195,0.5561,0,0.1245
CA-YT,2019-09,0.007,0.993,0,0
US-AK,2019-09,0.0298,0.8732,0,0.097
US-AL,2019-09,0.2723,0.6856,0.0421,0
US-AR,2019-09,0.2868,0.6537,0.0595,0
US-AZ,2019-09,0.0196,0.4841,0.4498,0.0465
US-CA,2019-09,0.0709,0.3859,0.3761,0.1671
US-CO,2019-09,0.0105,0.1009,0.0871,0.8016
US-CT,2019-09,0.7201,0.1217,0.1497,0.0086
US-DC,2019-09,0.8242,0,0.1758,0
US-DE,2019-09,0.4773,0,0.4894,0.0332
US-FL,2019-09,0.4724,0.0117,0.516,0
US-GA,2019-09,0.6425,0.0782,0.2793,0
US-HI,2019-09,0.2554,0.0595,0.2595,0.4256
US-IA,2019-09,0.0093,0.0211,0.0007,0.9689
US-ID,2019-09,0.0285,0.7299,0.0441,0.1975
US-IL,2019-09,0.0332,0.0105,0.0059,0.9504
US-IN,2019-09,0.0826,0.0474,0.0676,0.8024
US-KS,2019-09,0.0024,0.0007,0.0004,0.9964
US-KY,2019-09,0.075,0.9103,0.0147,0
US-LA,2019-09,0.7217,0.2779,0.0004,0
US-MA,2019-09,0.3969,0,0.5403,0.0628
US-MD,2019-09,0.1879,0.265,0.285,0.2622
US-ME,2019-09,0.3972,0.2245,0.0017,0.3766
US-MI,2019-09,0.3113,0.0692,0.022,0.5974
US-MN,2019-09,0.0824,0.0521,0.088,0.7775
US-MO,2019-09,0.0299,0.313,0.0216,0.6355
US-MS,2019-09,0.8054,0,0.1946,0
US-MT,2019-09,0.0019,0.7909,0.0026,0.2046
US-NC,2019-09,0.1647,0.2422,0.5687,0.0245
US-ND,2019-09,0,0.1661,0,0.8339
US-NE,2019-09,0.0098,0.1103,0.004,0.8759
US-NH,2019-09,0.5557,0.2619,0,0.1824
US-NJ,2019-09,0.3544,0,0.6379,0.0076
US-NM,2019-09,0.0025,0.0179,0.1774,0.8022
US-NV,2019-09,0.0065,0.2551,0.6957,0.0427
US-NY,2019-09,0.0546,0.8369,0.0171,0.0913
US-OH,2019-09,0.2631,0.1667,0.0714,0.4989
US-OK,2019-09,0.0048,0.0758,0.0017,0.9177
US-OR,2019-09,0.0319,0.697,0.0238,0.2473
US-PA,2019-09,0.2711,0.3953,0.013,0.3206
US-RI,2019-09,0.4303,0.0021,0.1856,0.3821
US-SC,2019-09,0.6241,0.0966,0.2793,0
US-SD,2019-09,0,0.6603,0.0002,0.3395
US-TN,2019-09,0.1217,0.8234,0.0505,0.0044
US-TX,2019-09,0.0152,0.0123,0.0556,0.9169
US-UT,2019-09,0.017,0.1939,0.5803,0.2088
US-VA,2019-09,0.7967,0,0.2033,0
US-VT,2019-09,0.3141,0.3203,0.1397,0.2259
US-WA,2019-09,0.0313,0.8222,0.0009,0.1455
US-WI,2019-09,0.2244,0.4931,0.01,0.2725
US-WV,2019-09,0,0.3884,0,0.6116
US-WY,2019-09,0,0.1718,0.0363,0.7919
CA-AB,2019-10,0.4444,0.1376,0.0014,0.4166
CA-BC,2019-10,0.007,0.9605,0,0.0325
CA-MB,2019-10,0.0004,0.9638,0,0.0358
CA-NB,2019-10,0.0949,0.6861,0,0.219
CA-NL,2019-10,0.0064,0.988,0,0.0056
CA-NS,2019-10,0.2737,0.2212,0,0.5051
CA-NT,2019-10,0.127,0.7992,0.0004,0.0734
CA-NU,2019-10,1,0,0,0
CA-ON,2019-10,0.0134,0.7333,0.0398,0.2135
CA-PE,2019-10,0.0007,0,0.0009,0.9984
CA-QC,2019-10,0.0009,0.9376,0,0.0615
CA-SK,2019-10,0.3088,0.5221,0,0.1691
CA-YT,2019-10,0.0231,0.9769,0,0
US-AK,2019-10,0.0284,0.8626,0,0.109
US-AL,2019-10,0.2989,0.6761,0.025,0
US-AR,2019-10,0.2683,0.6816,0.0501,0
US-AZ,2019-10,0.0156,0.4581,0.4797,0.0466
US-CA,2019-10,0.0772,0.368,0.4105,0.1443
US-CO,2019-10,0.0121,0.093,0.0937,0.8012
US-CT,2019-10,0.6248,0.258,0.1059,0.0114
US-DC,2019-10,0.8454,0,0.1546,0
US-DE,2019-10,0.5248,0,0.4183,0.0569
US-FL,2019-10,0.546,0.0137,0.4403,0
US-GA,2019-10,0.64,0.1502,0.2098,0
US-HI,2019-10,0.2137,0.068,0.2678,0.4506
US-IA,2019-10,0.0062,0.0189,0.0005,0.9745
US-ID,2019-10,0.0435,0.7027,0.0456,0.2081
US-IL,2019-10,0.0238,0.0073,0.0035,0.9654
US-IN,2019-10,0.0574,0.034,0.0377,0.8709
US-KS,2019-10,0.0026,0.0013,0.0004,0.9957
US-KY,2019-10,0.1104,0.8801,0.0096,0
US-LA,2019-10,0.7199,0.2797,0.0004,0
US-MA,2019-10,0.3985,0.1418,0.3767,0.0831
US-MD,2019-10,0.1575,0.4115,0.1893,0.2417
US-ME,2019-10,0.2638,0.3729,0.0009,0.3624
US-MI,2019-10,0.2091,0.1401,0.0129,0.6379
US-MN,2019-10,0.0624,0.0466,0.058,0.833
US-MO,2019-10,0.0274,0.3188,0.0154,0.6384
US-MS,2019-10,0.8611,0,0.1389,0
US-MT,2019-10,0.0017,0.7627,0.0028,0.2327
US-NC,2019-10,0.215,0.1882,0.5546,0.0423
US-ND,2019-10,0,0.1398,0,0.8602
US-NE,2019-10,0.0083,0.1009,0.0025,0.8883
US-NH,2019-10,0.3935,0.4305,0,0.176
US-NJ,2019-10,0.4483,0.0019,0.5366,0.0131
US-NM,2019-10,0.0024,0.0148,0.1637,0.8191
US-NV,2019-10,0.0072,0.216,0.7314,0.0453
US-NY,2019-10,0.0551,0.8052,0.0126,0.1271
US-OH,2019-10,0.2048,0.1218,0.0407,0.6328
US-OK,2019-10,0.009,0.0607,0.0013,0.929
US-OR,2019-10,0.0343,0.7492,0.0227,0.1938
US-PA,2019-10,0.2248,0.3593,0.008,0.4079
US-RI,2019-10,0.4492,0.0058,0.1015,0.4435
US-SC,2019-10,0.4607,0.2733,0.266,0
US-SD,2019-10,0,0.653,0.0002,0.3468
US-TN,2019-10,0.1129,0.8489,0.0332,0.005
US-TX,2019-10,0.0142,0.0102,0.0449,0.9306
US-UT,2019-10,0.0173,0.1831,0.606,0.1936
US-VA,2019-10,0.7895,0.0106,0.1999,0
US-VT,2019-10,0.1498,0.5457,0.0738,0.2306
US-WA,2019-10,0.0278,0.8597,0.0008,0.1117
US-WI,2019-10,0.2,0.4583,0.0069,0.3347
US-WV,2019-10,0,0.3617,0,0.6383
US-WY,2019-10,0,0.1596,0.031,0.8094
CA-AB,2019-11,0.4787,0.1327,0.0006,0.3881
CA-BC,2019-11,0.0075,0.9606,0,0.0319
CA-MB,2019-11,0.0003,0.9749,0,0.0248
CA-NB,2019-11,0.0733,0.7209,0,0.2058
CA-NL,2019-11,0.0039,0.9909,0,0.0052
CA-NS,2019-11,0.2541,0.283,0,0.4629
CA-NT,2019-11,0.1227,0.8164,0.0012,0.0597
CA-NU,2019-11,1,0,0,0
CA-ON,2019-11,0.0235,0.7009,0.021,0.2545
CA-PE,2019-11,0.0006,0,0.0003,0.9991
CA-QC,2019-11,0.0007,0.9451,0,0.0542
CA-SK,2019-11,0.2969,0.5653,0,0.1378
CA-YT,2019-11,0.0266,0.9734,0,0
US-AK,2019-11,0.0223,0.8899,0,0.0878
US-AL,2019-11,0.2534,0.7263,0.0203,0
US-AR,2019-11,0.2612,0.6939,0.0449,0
US-AZ,2019-11,0.0248,0.5417,0.3695,0.0641
US-CA,2019-11,0.118,0.3818,0.3885,0.1117
US-CO,2019-11,0.0125,0.0785,0.0629,0.846
US-CT,2019-11,0.6424,0.2727,0.0729,0.012
US-DC,2019-11,0.8852,0,0.1148,0
US-DE,2019-11,0.5369,0,0.4036,0.0595
US-FL,2019-11,0.5156,0.0167,0.4677,0
US-GA,2019-11,0.6132,0.1824,0.2044,0
US-HI,2019-11,0.1932,0.0769,0.293,0.4369
US-IA,2019-11,0.0055,0.0186,0.0003,0.9757
US-ID,2019-11,0.0479,0.6975,0.0304,0.2242
US-IL,2019-11,0.0242,0.0083,0.0024,0.965
US-IN,2019-11,0.0593,0.0368,0.0235,0.8804
US-KS,2019-11,0.0026,0.0007,0.0002,0.9964
US-KY,2019-11,0.091,0.9022,0.0068,0
US-LA,2019-11,0.7265,0.2732,0.0003,0
US-MA,2019-11,0.4082,0.1658,0.3201,0.1058
US-MD,2019-11,0.1482,0.4497,0.1758,0.2263
US-ME,2019-11,0.2746,0.3593,0.0005,0.3656
US-MI,2019-11,0.2109,0.1342,0.0066,0.6483
US-MN,2019-11,0.0752,0.0534,0.0402,0.8312
US-MO,2019-11,0.0251,0.3492,0.0113,0.6144
US-MS,2019-11,0.8244,0,0.1756,0
US-MT,2019-11,0.0013,0.7581,0.0019,0.2387
US-NC,2019-11,0.1877,0.3631,0.4065,0.0428
US-ND,2019-11,0,0.1728,0,0.8272
US-NE,2019-11,0.0086,0.1031,0.0016,0.8867
US-NH,2019-11,0.4062,0.4194,0,0.1744
US-NJ,2019-11,0.4441,0.0066,0.5361,0.0131
US-NM,2019-11,0.0025,0.0141,0.1048,0.8786
US-NV,2019-11,0.0088,0.3065,0.6278,0.0569
US-NY,2019-11,0.0579,0.8081,0.0123,0.1218
US-OH,2019-11,0.2053,0.129,0.025,0.6408
US-OK,2019-11,0.0103,0.0711,0.0013,0.9173
US-OR,2019-11,0.0296,0.8491,0.0125,0.1088
US-PA,2019-11,0.2127,0.3568,0.0082,0.4222
US-RI,2019-11,0.4374,0.0083,0.0793,0.475
US-SC,2019-11,0.576,0.1696,0.2544,0
US-SD,2019-11,0,0.6362,0.0001,0.3637
US-TN,2019-11,0.0839,0.8859,0.0264,0.0038
US-TX,2019-11,0.0152,0.0102,0.0365,0.9381
US-UT,2019-11,0.0217,0.2389,0.5137,0.2257
US-VA,2019-11,0.799,0.0043,0.1967,0
US-VT,2019-11,0.1393,0.5813,0.052,0.2274
US-WA,2019-11,0.0247,0.9186,0.0004,0.0563
US-WI,2019-11,0.2208,0.4643,0.0041,0.3108
US-WV,2019-11,0,0.3718,0,0.6282
US-WY,2019-11,0,0.1508,0.0191,0.8301
CA-AB,2019-12,0.4652,0.1305,0.0004,0.404
CA-BC,2019-12,0.0072,0.9733,0,0.0195
CA-MB,2019-12,0.0002,0.975,0,0.0248
CA-NB,2019-12,0.0889,0.6904,0,0.2207
CA-NL,2019-12,0.0038,0.9923,0,0.0039
CA-NS,2019-12,0.2131,0.4448,0,0.342
CA-NT,2019-12,0.1213,0.8559,0,0.0229
CA-NU,2019-12,1,0,0,0
CA-ON,2019-12,0.0208,0.6761,0.0144,0.2887
CA-PE,2019-12,0.0006,0,0.0002,0.9992
CA-QC,2019-12,0.0008,0.945,0,0.0542
CA-SK,2019-12,0.287,0.5704,0,0.1426
CA-YT,2019-12,0.0257,0.9743,0,0
US-AK,2019-12,0.0215,0.8911,0,0.0873
US-AL,2019-12,0.2092,0.7786,0.0122,0
US-AR,2019-12,0.3309,0.6278,0.0413,0
US-AZ,2019-12,0.0299,0.5929,0.3103,0.0669
US-CA,2019-12,0.1336,0.4708,0.2741,0.1215
US-CO,2019-12,0.0138,0.0926,0.0517,0.842
US-CT,2019-12,0.5635,0.3715,0.0531,0.0119
US-DC,2019-12,0.9037,0,0.0963,0
US-DE,2019-12,0.6053,0,0.3446,0.05
US-FL,2019-12,0.5942,0.0269,0.3789,0
US-GA,2019-12,0.5406,0.2858,0.1737,0
US-HI,2019-12,0.2166,0.0964,0.2378,0.4491
US-IA,2019-12,0.0058,0.0206,0.0002,0.9734
US-ID,2019-12,0.0478,0.6784,0.0221,0.2517
US-IL,2019-12,0.0201,0.0067,0.0016,0.9716
US-IN,2019-12,0.0492,0.0274,0.0165,0.9069
US-KS,2019-12,0.0025,0.0014,0.0002,0.9959
US-KY,2019-12,0.0941,0.9007,0.0052,0
US-LA,2019-12,0.7726,0.227,0.0004,0
US-MA,2019-12,0.3978,0.3065,0.1867,0.109
US-MD,2019-12,0.0956,0.6646,0.0894,0.1505
US-ME,2019-12,0.2473,0.4074,0.0003,0.345
US-MI,2019-12,0.183,0.1119,0.0052,0.6999
US-MN,2019-12,0.0873,0.0642,0.0391,0.8094
US-MO,2019-12,0.0187,0.3414,0.0081,0.6317
US-MS,2019-12,0.8504,0,0.1496,0
US-MT,2019-12,0.0023,0.7206,0.0015,0.2757
US-NC,2019-12,0.1734,0.4214,0.3618,0.0435
US-ND,2019-12,0,0.1795,0,0.8204
US-NE,2019-12,0.0084,0.1163,0.0021,0.8732
US-NH,2019-12,0.373,0.4533,0,0.1738
US-NJ,2019-12,0.5793,0,0.4005,0.0203
US-NM,2019-12,0.0026,0.0119,0.0879,0.8977
US-NV,2019-12,0.0151,0.181,0.7128,0.0911
US-NY,2019-12,0.0505,0.7995,0.0069,0.1431
US-OH,2019-12,0.1773,0.1019,0.018,0.7028
US-OK,2019-12,0.0105,0.0549,0.0013,0.9333
US-OR,2019-12,0.0277,0.8854,0.0087,0.0781
US-PA,2019-12,0.2024,0.3408,0.0042,0.4527
US-RI,2019-12,0.4543,0.0087,0.0542,0.4828
US-SC,2019-12,0.4079,0.4418,0.1503,0
US-SD,2019-12,0,0.6411,0.0001,0.3588
US-TN,2019-12,0.0987,0.8801,0.0173,0.004
US-TX,2019-12,0.0157,0.008,0.0401,0.9362
US-UT,2019-12,0.0281,0.2458,0.4348,0.2914
US-VA,2019-12,0.7501,0.1024,0.1475,0
US-VT,2019-12,0.2022,0.5871,0.0245,0.1862
US-WA,2019-12,0.0248,0.9295,0.0003,0.0454
US-WI,2019-12,0.2007,0.4204,0.0034,0.3755
US-WV,2019-12,0,0.4891,0,0.5109
US-WY,2019-12,0,0.1342,0.0127,0.8531
CA-AB,2020-01,0.4676,0.1205,0.0005,0.4115
CA-BC,2020-01,0.0082,0.9755,0,0.0162
CA-MB,2020-01,0.0003,0.9784,0,0.0213
CA-NB,2020-01,0.124,0.6721,0,0.2039
CA-NL,2020-01,0.0039,0.9934,0,0.0027
CA-NS,2020-01,0.2916,0.4126,0,0.2958
CA-NT,2020-01,0.1213,0.8407,0,0.038
CA-NU,2020-01,1,0,0,0
CA-ON,2020-01,0.0212,0.7015,0.0139,0.2634
CA-PE,2020-01,0.0007,0,0.0002,0.9991
CA-QC,2020-01,0.0007,0.9702,0,0.0291
CA-SK,2020-01,0.2576,0.608,0,0.1344
CA-YT,2020-01,0.0398,0.9602,0,0
US-AK,2020-01,0.0196,0.9123,0,0.0681
US-AL,2020-01,0.1823,0.8063,0.0114,0
US-AR,2020-01,0.2648,0.7032,0.032,0
US-AZ,2020-01,0.0228,0.5489,0.3805,0.0478
US-CA,2020-01,0.1216,0.3505,0.3526,0.1753
US-CO,2020-01,0.0104,0.0791,0.0522,0.8583
US-CT,2020-01,0.5535,0.3486,0.0899,0.008
US-DC,2020-01,0.8843,0,0.1157,0
US-DE,2020-01,0.6377,0,0.3059,0.0564
US-FL,2020-01,0.4996,0.033,0.4674,0
US-GA,2020-01,0.4618,0.371,0.1672,0
US-HI,2020-01,0.2091,0.1035,0.2284,0.459
US-IA,2020-01,0.0065,0.0499,0.0003,0.9433
US-ID,2020-01,0.0436,0.671,0.0167,0.2688
US-IL,2020-01,0.0247,0.0079,0.0016,0.9658
US-IN,2020-01,0.056,0.0304,0.0174,0.8962
US-KS,2020-01,0.0025,0.0019,0.0003,0.9952
US-KY,2020-01,0.0942,0.9006,0.0052,0
US-LA,2020-01,0.7516,0.2476,0.0008,0
US-MA,2020-01,0.3724,0.2987,0.2562,0.0727
US-MD,2020-01,0.0472,0.692,0.0889,0.1719
US-ME,2020-01,0.2853,0.4779,0.0012,0.2357
US-MI,2020-01,0.2152,0.0882,0.0058,0.6908
US-MN,2020-01,0.081,0.105,0.0412,0.7728
US-MO,2020-01,0.0226,0.4835,0.0091,0.4848
US-MS,2020-01,0.8376,0,0.1624,0
US-MT,2020-01,0.0027,0.7242,0.0009,0.2722
US-NC,2020-01,0.1438,0.5058,0.3107,0.0397
US-ND,2020-01,0,0.2261,0,0.7739
US-NE,2020-01,0.0079,0.1914,0.0017,0.799
US-NH,2020-01,0.342,0.4849,0.0005,0.1726
US-NJ,2020-01,0.5,0,0.485,0.015
US-NM,2020-01,0.0028,0.0177,0.122,0.8576
US-NV,2020-01,0.011,0.2078,0.7277,0.0534
US-NY,2020-01,0.0517,0.8106,0.014,0.1237
US-OH,2020-01,0.1904,0.0937,0.0149,0.7009
US-OK,2020-01,0.0107,0.0496,0.0011,0.9387
US-OR,2020-01,0.0243,0.7968,0.0062,0.1728
US-PA,2020-01,0.2422,0.2573,0.0077,0.4928
US-RI,2020-01,0.4018,0.0105,0.1548,0.4329
US-SC,2020-01,0.2782,0.6056,0.1161,0
US-SD,2020-01,0.0009,0.6829,0.0001,0.3161
US-TN,2020-01,0.0708,0.9141,0.0122,0.0029
US-TX,2020-01,0.0141,0.0067,0.0417,0.9376
US-UT,2020-01,0.0265,0.233,0.4801,0.2603
US-VA,2020-01,0.5952,0.2748,0.13,0
US-VT,2020-01,0.2248,0.6425,0.0199,0.1127
US-WA,2020-01,0.0189,0.8555,0.0001,0.1255
US-WI,2020-01,0.2232,0.4674,0.0042,0.3053
US-WV,2020-01,0.0015,0.4626,0,0.5359
US-WY,2020-01,0,0.1154,0.0118,0.8728
CA-AB,2020-02,0.458,0.0966,0.0013,0.4441
CA-BC,2020-02,0.0079,0.9547,0,0.0374
CA-MB,2020-02,0.0003,0.9734,0,0.0263
CA-NB,2020-02,0.1461,0.536,0,0.3179
CA-NL,2020-02,0.0047,0.9918,0,0.0034
CA-NS,2020-02,0.2859,0.3853,0,0.3289
CA-NT,2020-02,0.1255,0.8152,0.0039,0.0555
CA-NU,2020-02,1,0,0,0
CA-ON,2020-02,0.0183,0.6605,0.0239,0.2973
CA-PE,2020-02,0.0006,0,0.0006,0.9987
CA-QC,2020-02,0.0007,0.9527,0,0.0466
CA-SK,2020-02,0.2438,0.6186,0,0.1377
CA-YT,2020-02,0.0258,0.9742,0,0
US-AK,2020-02,0.018,0.9151,0,0.0669
US-AL,2020-02,0.1814,0.8056,0.013,0
US-AR,2020-02,0.1419,0.8358,0.0224,0
US-AZ,2020-02,0.0202,0.5141,0.4205,0.0452
US-CA,2020-02,0.1066,0.2606,0.4599,0.173
US-CO,2020-02,0.0118,0.1012,0.0654,0.8216
US-CT,2020-02,0.5507,0.3115,0.1278,0.01
US-DC,2020-02,0.8701,0,0.1299,0
US-DE,2020-02,0.6071,0,0.3459,0.047
US-FL,2020-02,0.4405,0.037,0.5226,0
US-GA,2020-02,0.3711,0.4671,0.1618,0
US-HI,2020-02,0.1513,0.0727,0.2841,0.4919
US-IA,2020-02,0.006,0.0378,0.0005,0.9557
US-ID,2020-02,0.0394,0.6377,0.0319,0.291
US-IL,2020-02,0.0198,0.0067,0.0023,0.9711
US-IN,2020-02,0.0536,0.031,0.0248,0.8907
US-KS,2020-02,0.0025,0.0018,0.0007,0.9949
US-KY,2020-02,0.1067,0.8873,0.006,0
US-LA,2020-02,0.5925,0.4067,0.0008,0
US-MA,2020-02,0.3383,0.2269,0.3549,0.0799
US-MD,2020-02,0.0205,0.7012,0.1002,0.1781
US-ME,2020-02,0.265,0.437,0.0017,0.2962
US-MI,2020-02,0.1893,0.0933,0.0082,0.7092
US-MN,2020-02,0.0633,0.0755,0.0727,0.7885
US-MO,2020-02,0.0211,0.448,0.0142,0.5168
US-MS,2020-02,0.8109,0,0.1891,0
US-MT,2020-02,0.0024,0.727,0.0015,0.2691
US-NC,2020-02,0.1205,0.5768,0.2724,0.0303
US-ND,2020-02,0,0.1893,0,0.8107
US-NE,2020-02,0.0085,0.1687,0.004,0.8188
US-NH,2020-02,0.3199,0.5137,0.0009,0.1655
US-NJ,2020-02,0.4352,0,0.5528,0.012
US-NM,2020-02,0.0027,0.0201,0.1388,0.8384
US-NV,2020-02,0.0077,0.2376,0.7021,0.0526
US-NY,2020-02,0.0546,0.7963,0.0169,0.1322
US-OH,2020-02,0.172,0.095,0.0297,0.7033
US-OK,2020-02,0.0097,0.1039,0.0014,0.885
US-OR,2020-02,0.0194,0.7543,0.0143,0.212
US-PA,2020-02,0.241,0.2692,0.0105,0.4792
US-RI,2020-02,0.3745,0.0108,0.2364,0.3783
US-SC,2020-02,0.2588,0.6193,0.1219,0
US-SD,2020-02,0.0009,0.6028,0.0001,0.3962
US-TN,2020-02,0.0632,0.9201,0.0139,0.0028
US-TX,2020-02,0.0136,0.0134,0.0502,0.9228
US-UT,2020-02,0.0206,0.2044,0.5505,0.2245
US-VA,2020-02,0.568,0.296,0.1361,0
US-VT,2020-02,0.2401,0.5968,0.0349,0.1282
US-WA,2020-02,0.0144,0.8658,0.0003,0.1194
US-WI,2020-02,0.2079,0.4199,0.0107,0.3615
US-WV,2020-02,0.0014,0.5104,0,0.4882
US-WY,2020-02,0,0.1354,0.0219,0.8427
CA-AB,2020-03,0.4974,0.098,0.0021,0.4026
CA-BC,2020-03,0.0078,0.9644,0,0.0278
CA-MB,2020-03,0.0002,0.9718,0,0.028
CA-NB,2020-03,0.1027,0.6069,0,0.2905
CA-NL,2020-03,0.0041,0.9919,0,0.004
CA-NS,2020-03,0.2515,0.3659,0,0.3826
CA-NT,2020-03,0.1186,0.8127,0.0071,0.0616
CA-NU,2020-03,1,0,0,0
CA-ON,2020-03,0.0147,0.6701,0.042,0.2732
CA-PE,2020-03,0.0006,0,0.0007,0.9987
CA-QC,2020-03,0.0008,0.947,0,0.0522
CA-SK,2020-03,0.2499,0.6111,0,0.139
CA-YT,2020-03,0.0304,0.9696,0,0
US-AK,2020-03,0.0217,0.9027,0,0.0756
US-AL,2020-03,0.196,0.7866,0.0174,0
US-AR,2020-03,0.1419,0.8326,0.0255,0
US-AZ,2020-03,0.0152,0.4983,0.4295,0.057
US-CA,2020-03,0.0982,0.2449,0.4219,0.2349
US-CO,2020-03,0.013,0.0991,0.1059,0.7821
US-CT,2020-03,0.5582,0.2836,0.1486,0.0097
US-DC,2020-03,0.8274,0,0.1726,0
US-DE,2020-03,0.5752,0,0.3812,0.0435
US-FL,2020-03,0.3995,0.0338,0.5667,0
US-GA,2020-03,0.3419,0.4616,0.1965,0
US-HI,2020-03,0.1754,0.1085,0.2833,0.4328
US-IA,2020-03,0.0054,0.0311,0.0006,0.9629
US-ID,2020-03,0.0441,0.6931,0.0444,0.2183
US-IL,2020-03,0.0204,0.0069,0.0025,0.9701
US-IN,2020-03,0.0548,0.0303,0.036,0.8789
US-KS,2020-03,0.0027,0.0014,0.0008,0.9951
US-KY,2020-03,0.0593,0.9316,0.0091,0
US-LA,2020-03,0.6089,0.3902,0.0008,0
US-MA,2020-03,0.2814,0.2405,0.4045,0.0737
US-MD,2020-03,0.077,0.6749,0.1066,0.1415
US-ME,2020-03,0.2176,0.4797,0.0022,0.3005
US-MI,2020-03,0.2106,0.1019,0.0132,0.6743
US-MN,2020-03,0.0725,0.0623,0.088,0.7772
US-MO,2020-03,0.0204,0.3993,0.0171,0.5632
US-MS,2020-03,0.7663,0,0.2337,0
US-MT,2020-03,0.0027,0.7772,0.0024,0.2177
US-NC,2020-03,0.1085,0.529,0.3302,0.0324
US-ND,2020-03,0,0.1583,0,0.8417
US-NE,2020-03,0.0082,0.1458,0.005,0.8409
US-NH,2020-03,0.2601,0.5512,0.0012,0.1875
US-NJ,2020-03,0.3589,0,0.6293,0.0117
US-NM,2020-03,0.0026,0.018,0.1362,0.8433
US-NV,2020-03,0.0081,0.2134,0.7107,0.0678
US-NY,2020-03,0.0516,0.7789,0.0228,0.1467
US-OH,2020-03,0.2001,0.1015,0.0324,0.666
US-OK,2020-03,0.0097,0.098,0.0015,0.8908
US-OR,2020-03,0.0257,0.745,0.0208,0.2085
US-PA,2020-03,0.2407,0.2354,0.0144,0.5095
US-RI,2020-03,0.3189,0.0072,0.2846,0.3893
US-SC,2020-03,0.2206,0.6334,0.146,0
US-SD,2020-03,0.001,0.5286,0.0002,0.4702
US-TN,2020-03,0.0733,0.9046,0.019,0.0031
US-TX,2020-03,0.0143,0.0126,0.0529,0.9201
US-UT,2020-03,0.0203,0.1874,0.5364,0.2559
US-VA,2020-03,0.5227,0.315,0.1623,0
US-VT,2020-03,0.1371,0.6235,0.0678,0.1716
US-WA,2020-03,0.0212,0.8372,0.0006,0.141
US-WI,2020-03,0.199,0.4533,0.0113,0.3364
US-WV,2020-03,0.0015,0.5496,0,0.4489
US-WY,2020-03,0,0.1748,0.0312,0.794
CA-AB,2020-04,0.4928,0.1298,0.0027,0.3747
CA-BC,2020-04,0.0095,0.9491,0,0.0414
CA-MB,2020-04,0.0004,0.9739,0,0.0257
CA-NB,2020-04,0.0213,0.8394,0,0.1392
CA-NL,2020-04,0.0025,0.9926,0,0.0049
CA-NS,2020-04,0.1796,0.4497,0,0.3707
CA-NT,2020-04,0.0937,0.8339,0.0154,0.057
CA-NU,2020-04,1,0,0,0
CA-ON,2020-04,0.0085,0.7016,0.0526,0.2374
CA-PE,2020-04,0.0008,0,0.0012,0.9981
CA-QC,2020-04,0.0009,0.9321,0,0.0671
CA-SK,2020-04,0.2557,0.5906,0,0.1536
CA-YT,2020-04,0.0384,0.9616,0,0
US-AK,2020-04,0.0234,0.8961,0,0.0805
US-AL,2020-04,0.1958,0.776,0.0281,0
US-AR,2020-04,0.108,0.8636,0.0284,0
US-AZ,2020-04,0.0157,0.4581,0.4836,0.0426
US-CA,2020-04,0.0664,0.2951,0.4006,0.238
US-CO,2020-04,0.012,0.103,0.1277,0.7574
US-CT,2020-04,0.4868,0.3684,0.1344,0.0104
US-DC,2020-04,0.7994,0,0.2006,0
US-DE,2020-04,0.5217,0,0.4274,0.0509
US-FL,2020-04,0.3854,0.0276,0.587,0
US-GA,2020-04,0.3685,0.3175,0.3139,0
US-HI,2020-04,0.1671,0.0847,0.3842,0.364
US-IA,2020-04,0.0054,0.0402,0.0008,0.9536
US-ID,2020-04,0.0391,0.7123,0.0546,0.194
US-IL,2020-04,0.0199,0.0072,0.0037,0.9692
US-IN,2020-04,0.0529,0.0311,0.0429,0.8731
US-KS,2020-04,0.0026,0.0012,0.0033,0.9929
US-KY,2020-04,0.0962,0.892,0.0118,0
US-LA,2020-04,0.5469,0.4521,0.001,0
US-MA,2020-04,0.259,0.2907,0.3679,0.0823
US-MD,2020-04,0.0667,0.6653,0.1234,0.1446
US-ME,2020-04,0.1905,0.5118,0.0022,0.2955
US-MI,2020-04,0.2181,0.1108,0.0182,0.6528
US-MN,2020-04,0.0595,0.087,0.1235,0.7299
US-MO,2020-04,0.0138,0.4593,0.018,0.509
US-MS,2020-04,0.7214,0,0.2786,0
US-MT,2020-04,0.0023,0.774,0.0029,0.2207
US-NC,2020-04,0.1158,0.3788,0.4705,0.0348
US-ND,2020-04,0,0.2018,0,0.7982
US-NE,2020-04,0.009,0.1893,0.0066,0.7952
US-NH,2020-04,0.193,0.6149,0.0012,0.1909
US-NJ,2020-04,0.3198,0,0.6661,0.0141
US-NM,2020-04,0.0024,0.0205,0.1917,0.7854
US-NV,2020-04,0.0063,0.2667,0.6962,0.0308
US-NY,2020-04,0.0494,0.783,0.0237,0.1439
US-OH,2020-04,0.1907,0.1034,0.0479,0.658
US-OK,2020-04,0.0094,0.1089,0.0015,0.8802
US-OR,2020-04,0.022,0.663,0.0361,0.2789
US-PA,2020-04,0.2308,0.2474,0.0147,0.5071
US-RI,2020-04,0.3136,0.0085,0.2834,0.3945
US-SC,2020-04,0.2355,0.5575,0.207,0
US-SD,2020-04,0.0008,0.6264,0.0002,0.3726
US-TN,2020-04,0.0633,0.9011,0.0322,0.0034
US-TX,2020-04,0.0126,0.0145,0.0653,0.9076
US-UT,2020-04,0.019,0.2044,0.6557,0.121
US-VA,2020-04,0.4395,0.343,0.2175,0
US-VT,2020-04,0.0842,0.6776,0.0773,0.1608
US-WA,2020-04,0.0232,0.8361,0.0009,0.1399
US-WI,2020-04,0.2101,0.4538,0.0163,0.3198
US-WV,2020-04,0.0014,0.47,0,0.5285
US-WY,2020-04,0,0.2167,0.0453,0.7381
CA-AB,2020-05,0.4079,0.2296,0.0031,0.3593
CA-BC,2020-05,0.0066,0.9495,0,0.0438
CA-MB,2020-05,0.0002,0.9704,0,0.0293
CA-NB,2020-05,0.0159,0.8455,0,0.1386
CA-NL,2020-05,0.0034,0.9893,0,0.0073
CA-NS,2020-05,0.1634,0.4307,0,0.4059
CA-NT,2020-05,0.106,0.8148,0.0081,0.0711
CA-NU,2020-05,1,0,0,0
CA-ON,2020-05,0.0118,0.7187,0.0601,0.2095
CA-PE,2020-05,0.0007,0,0.0012,0.9981
CA-QC,2020-05,0.0009,0.9388,0,0.0603
CA-SK,2020-05,0.1583,0.7981,0,0.0436
CA-YT,2020-05,0.0147,0.9853,0,0
US-AK,2020-05,0.0166,0.9293,0,0.0541
US-AL,2020-05,0.1621,0.8119,0.026,0
US-AR,2020-05,0.1079,0.8579,0.0343,0
US-AZ,2020-05,0.0149,0.4591,0.4852,0.0408
US-CA,2020-05,0.0586,0.3309,0.4189,0.1916
US-CO,2020-05,0.0075,0.0972,0.1063,0.789
US-CT,2020-05,0.4698,0.3282,0.1931,0.0089
US-DC,2020-05,0.7718,0,0.2282,0
US-DE,2020-05,0.4884,0,0.4685,0.0431
US-FL,2020-05,0.3308,0.0226,0.6466,0
US-GA,2020-05,0.4107,0.2632,0.3261,0
US-HI,2020-05,0.1587,0.0587,0.3842,0.3985
US-IA,2020-05,0.0066,0.0348,0.0009,0.9577
US-ID,2020-05,0.036,0.7264,0.0506,0.187
US-IL,2020-05,0.0241,0.0111,0.005,0.9598
US-IN,2020-05,0.0635,0.0413,0.0616,0.8336
US-KS,2020-05,0.0029,0.0014,0.004,0.9917
US-KY,2020-05,0.0259,0.9645,0.0097,0
US-LA,2020-05,0.5411,0.4577,0.0012,0
US-MA,2020-05,0.2444,0.2122,0.4817,0.0617
US-MD,2020-05,0.0823,0.6138,0.149,0.1549
US-ME,2020-05,0.1966,0.5064,0.0034,0.2936
US-MI,2020-05,0.2027,0.1323,0.0213,0.6437
US-MN,2020-05,0.0566,0.0733,0.1477,0.7224
US-MO,2020-05,0.0194,0.3896,0.0189,0.5721
US-MS,2020-05,0.7172,0,0.2828,0
US-MT,2020-05,0.0022,0.8294,0.003,0.1654
US-NC,2020-05,0.1259,0.297,0.5429,0.0342
US-ND,2020-05,0,0.169,0,0.831
US-NE,2020-05,0.0109,0.1698,0.0077,0.8117
US-NH,2020-05,0.2577,0.5644,0.0017,0.1762
US-NJ,2020-05,0.3095,0,0.683,0.0075
US-NM,2020-05,0.0024,0.0232,0.2149,0.7595
US-NV,2020-05,0.0056,0.2833,0.6726,0.0385
US-NY,2020-05,0.0528,0.815,0.0312,0.101
US-OH,2020-05,0.1797,0.1086,0.0541,0.6576
US-OK,2020-05,0.0098,0.1436,0.0023,0.8443
US-OR,2020-05,0.015,0.7887,0.0255,0.1708
US-PA,2020-05,0.2387,0.2539,0.0196,0.4878
US-RI,2020-05,0.3025,0.007,0.367,0.3235
US-SC,2020-05,0.2369,0.4941,0.269,0
US-SD,2020-05,0.001,0.5652,0.0002,0.4335
US-TN,2020-05,0.0431,0.9288,0.0258,0.0023
US-TX,2020-05,0.0116,0.0147,0.0895,0.8841
US-UT,2020-05,0.0163,0.1958,0.5975,0.1903
US-VA,2020-05,0.4717,0.2685,0.2598,0
US-VT,2020-05,0.1412,0.6044,0.1069,0.1475
US-WA,2020-05,0.0099,0.9073,0.0006,0.0823
US-WI,2020-05,0.2086,0.4758,0.0186,0.297
US-WV,2020-05,0.0015,0.4512,0,0.5474
US-WY,2020-05,0,0.2567,0.0503,0.693
CA-AB,2020-06,0.3559,0.3293,0.0027,0.312
CA-BC,2020-06,0.0072,0.9388,0.0001,0.0539
CA-MB,2020-06,0.0002,0.9722,0,0.0276
CA-NB,2020-06,0.0377,0.7177,0,0.2446
CA-NL,2020-06,0.0023,0.9933,0,0.0044
CA-NS,2020-06,0.269,0.3322,0,0.3989
CA-NT,2020-06,0.1398,0.7515,0.0023,0.1063
CA-NU,2020-06,1,0,0,0
CA-ON,2020-06,0.0184,0.7586,0.072,0.151
CA-PE,2020-06,0.0007,0,0.0017,0.9976
CA-QC,2020-06,0.0008,0.9525,0,0.0467
CA-SK,2020-06,0.145,0.7721,0,0.0829
CA-YT,2020-06,0.0069,0.9931,0,0
US-AK,2020-06,0.0157,0.9259,0,0.0585
US-AL,2020-06,0.1734,0.8,0.0265,0
US-AR,2020-06,0.1894,0.7447,0.0659,0
US-AZ,2020-06,0.0148,0.465,0.4737,0.0464
US-CA,2020-06,0.0577,0.3128,0.4174,0.2121
US-CO,2020-06,0.0096,0.1188,0.1274,0.7442
US-CT,2020-06,0.6377,0.1291,0.228,0.0052
US-DC,2020-06,0.784,0,0.216,0
US-DE,2020-06,0.4552,0,0.5176,0.0272
US-FL,2020-06,0.3267,0.0168,0.6565,0
US-GA,2020-06,0.4387,0.2361,0.3251,0
US-HI,2020-06,0.157,0.0584,0.3699,0.4147
US-IA,2020-06,0.0055,0.0315,0.0008,0.9621
US-ID,2020-06,0.0287,0.7356,0.0493,0.1865
US-IL,2020-06,0.0284,0.0114,0.0077,0.9525
US-IN,2020-06,0.0759,0.0467,0.1007,0.7767
US-KS,2020-06,0.0021,0.0013,0.0031,0.9935
US-KY,2020-06,0.0262,0.9647,0.0091,0
US-LA,2020-06,0.7031,0.295,0.0019,0
US-MA,2020-06,0.2498,0.0028,0.6956,0.0518
US-MD,2020-06,0.1377,0.4492,0.268,0.145
US-ME,2020-06,0.3808,0.3219,0.0062,0.291
US-MI,2020-06,0.2619,0.0791,0.0343,0.6247
US-MN,2020-06,0.0763,0.0713,0.1467,0.7057
US-MO,2020-06,0.0235,0.379,0.0224,0.575
US-MS,2020-06,0.7289,0,0.2711,0
US-MT,2020-06,0.002,0.8094,0.003,0.1856
US-NC,2020-06,0.1095,0.365,0.5005,0.0249
US-ND,2020-06,0,0.1833,0,0.8167
US-NE,2020-06,0.0081,0.1452,0.0071,0.8396
US-NH,2020-06,0.4532,0.35,0.0031,0.1937
US-NJ,2020-06,0.276,0,0.7179,0.0061
US-NM,2020-06,0.002,0.0202,0.1937,0.784
US-NV,2020-06,0.005,0.2569,0.7035,0.0346
US-NY,2020-06,0.0535,0.8283,0.0342,0.0839
US-OH,2020-06,0.2015,0.1107,0.0819,0.606
US-OK,2020-06,0.0094,0.0482,0.002,0.9404
US-OR,2020-06,0.0129,0.7671,0.0304,0.1896
US-PA,2020-06,0.2784,0.3191,0.0266,0.3759
US-RI,2020-06,0.2613,0.003,0.4857,0.25
US-SC,2020-06,0.2989,0.3584,0.3427,0
US-SD,2020-06,0.0009,0.5642,0.0002,0.4346
US-TN,2020-06,0.0343,0.9356,0.0276,0.0025
US-TX,2020-06,0.0116,0.0065,0.092,0.8899
US-UT,2020-06,0.0143,0.1816,0.635,0.169
US-VA,2020-06,0.5692,0.1043,0.3265,0
US-VT,2020-06,0.2964,0.3647,0.181,0.1579
US-WA,2020-06,0.0085,0.9135,0.0006,0.0774
US-WI,2020-06,0.2123,0.5223,0.0192,0.2462
US-WV,2020-06,0.0021,0.4773,0,0.5206
US-WY,2020-06,0,0.2184,0.0408,0.7408
CA-AB,2020-07,0.3646,0.3768,0.0031,0.2555
CA-BC,2020-07,0.0052,0.9474,0,0.0474
CA-MB,2020-07,0.0002,0.9814,0,0.0184
CA-NB,2020-07,0.1035,0.5902,0,0.3063
CA-NL,2020-07,0.0015,0.9946,0,0.0039
CA-NS,2020-07,0.3905,0.2938,0,0.3157
CA-NT,2020-07,0.1219,0.8123,0.0009,0.0648
CA-NU,2020-07,1,0,0,0
CA-ON,2020-07,0.0414,0.7656,0.0745,0.1185
CA-PE,2020-07,0.0012,0,0.0026,0.9962
CA-QC,2020-07,0.001,0.9661,0,0.0329
CA-SK,2020-07,0.1765,0.7489,0,0.0746
CA-YT,2020-07,0.0036,0.9964,0,0
US-AK,2020-07,0.0176,0.936,0,0.0464
US-AL,2020-07,0.1851,0.7877,0.0273,0
US-AR,2020-07,0.148,0.8004,0.0516,0
US-AZ,2020-07,0.0142,0.4836,0.4758,0.0264
US-CA,2020-07,0.058,0.3072,0.4402,0.1946
US-CO,2020-07,0.01,0.1026,0.1238,0.7636
US-CT,2020-07,0.6066,0.163,0.2253,0.0051
US-DC,2020-07,0.7233,0,0.2767,0
US-DE,2020-07,0.4793,0,0.5054,0.0153
US-FL,2020-07,0.3368,0.0129,0.6503,0
US-GA,2020-07,0.4449,0.2148,0.3403,0
US-HI,2020-07,0.1666,0.06,0.3627,0.4106
US-IA,2020-07,0.0107,0.0472,0.0015,0.9407
US-ID,2020-07,0.0243,0.7572,0.0638,0.1547
US-IL,2020-07,0.0459,0.0201,0.0134,0.9205
US-IN,2020-07,0.1193,0.0793,0.1515,0.65
US-KS,2020-07,0.0036,0.0022,0.0049,0.9893
US-KY,2020-07,0.0371,0.9543,0.0086,0
US-LA,2020-07,0.5604,0.4374,0.0022,0
US-MA,2020-07,0.3036,0.0603,0.5884,0.0477
US-MD,2020-07,0.2157,0.3039,0.3749,0.1054
US-ME,2020-07,0.4043,0.3861,0.0058,0.2038
US-MI,2020-07,0.3291,0.0748,0.0407,0.5554
US-MN,2020-07,0.1033,0.0778,0.1906,0.6284
US-MO,2020-07,0.0391,0.4236,0.0322,0.5051
US-MS,2020-07,0.7545,0,0.2455,0
US-MT,2020-07,0.0024,0.8572,0.0039,0.1366
US-NC,2020-07,0.1063,0.2963,0.5824,0.0149
US-ND,2020-07,0,0.1921,0,0.8079
US-NE,2020-07,0.0107,0.1524,0.0087,0.8282
US-NH,2020-07,0.4765,0.3822,0.0027,0.1386
US-NJ,2020-07,0.2956,0,0.7005,0.0039
US-NM,2020-07,0.0029,0.0309,0.2861,0.6802
US-NV,2020-07,0.0054,0.2429,0.7246,0.0271
US-NY,2020-07,0.0542,0.8248,0.0313,0.0897
US-OH,2020-07,0.2735,0.1574,0.1058,0.4633
US-OK,2020-07,0.0114,0.1065,0.0039,0.8781
US-OR,2020-07,0.021,0.6891,0.0376,0.2523
US-PA,2020-07,0.332,0.3314,0.0276,0.3091
US-RI,2020-07,0.3064,0.0028,0.455,0.2358
US-SC,2020-07,0.3597,0.2359,0.4044,0
US-SD,2020-07,0.0012,0.5869,0.0003,0.4116
US-TN,2020-07,0.0439,0.925,0.0292,0.002
US-TX,2020-07,0.0131,0.0103,0.1349,0.8418
US-UT,2020-07,0.0139,0.1696,0.6495,0.1671
US-VA,2020-07,0.6553,0,0.3447,0
US-VT,2020-07,0.3014,0.3871,0.1586,0.1529
US-WA,2020-07,0.0091,0.9092,0.0007,0.081
US-WI,2020-07,0.2406,0.5537,0.0277,0.1781
US-WV,2020-07,0.0033,0.5498,0,0.447
US-WY,2020-07,0,0.2388,0.02,0.7412
CA-AB,2020-08,0.4337,0.2725,0.0032,0.2906
CA-BC,2020-08,0.006,0.9359,0,0.0581
CA-MB,2020-08,0.0002,0.9835,0,0.0163
CA-NB,2020-08,0.172,0.3578,0,0.4702
CA-NL,2020-08,0.0015,0.9931,0,0.0055
CA-NS,2020-08,0.41,0.1259,0,0.4641
CA-NT,2020-08,0.0847,0.8563,0.0009,0.058
CA-NU,2020-08,1,0,0,0
CA-ON,2020-08,0.0401,0.7273,0.0755,0.1571
CA-PE,2020-08,0.0007,0,0.0018,0.9975
CA-QC,2020-08,0.001,0.9474,0,0.0517
CA-SK,2020-08,0.259,0.6963,0,0.0446
CA-YT,2020-08,0.0035,0.9965,0,0
US-AK,2020-08,0.0207,0.9244,0,0.0549
US-AL,2020-08,0.2208,0.7502,0.029,0
US-AR,2020-08,0.2023,0.739,0.0587,0
US-AZ,2020-08,0.0154,0.5219,0.4353,0.0274
US-CA,2020-08,0.0671,0.3351,0.4115,0.1863
US-CO,2020-08,0.0095,0.1056,0.1065,0.7784
US-CT,2020-08,0.6773,0.0967,0.2207,0.0053
US-DC,2020-08,0.7582,0,0.2418,0
US-DE,2020-08,0.5261,0,0.4512,0.0227
US-FL,2020-08,0.3402,0.0142,0.6457,0
US-GA,2020-08,0.4075,0.256,0.3365,0
US-HI,2020-08,0.1513,0.0471,0.3716,0.4301
US-IA,2020-08,0.0086,0.028,0.0011,0.9623
US-ID,2020-08,0.04,0.7582,0.0506,0.1512
US-IL,2020-08,0.0512,0.0188,0.0168,0.9132
US-IN,2020-08,0.1318,0.0812,0.1628,0.6241
US-KS,2020-08,0.0035,0.0013,0.0043,0.9909
US-KY,2020-08,0.0634,0.9275,0.0091,0
US-LA,2020-08,0.6709,0.3272,0.0018,0
US-MA,2020-08,0.3476,0,0.5951,0.0573
US-MD,2020-08,0.22,0.3109,0.3146,0.1545
US-ME,2020-08,0.4273,0.2316,0.0056,0.3355
US-MI,2020-08,0.3249,0.0207,0.034,0.6203
US-MN,2020-08,0.0888,0.0524,0.1595,0.6994
US-MO,2020-08,0.0402,0.3177,0.0331,0.6089
US-MS,2020-08,0.7554,0,0.2446,0
US-MT,2020-08,0.0024,0.8633,0.0032,0.1311
US-NC,2020-08,0.1248,0.3609,0.5,0.0143
US-ND,2020-08,0,0.154,0,0.8459
US-NE,2020-08,0.0094,0.1068,0.0076,0.8761
US-NH,2020-08,0.5606,0.2508,0.0028,0.1857
US-NJ,2020-08,0.322,0,0.6724,0.0056
US-NM,2020-08,0.0031,0.0296,0.2579,0.7094
US-NV,2020-08,0.006,0.2373,0.7302,0.0264
US-NY,2020-08,0.059,0.8301,0.0273,0.0836
US-OH,2020-08,0.2802,0.1517,0.1085,0.4596
US-OK,2020-08,0.0148,0.0823,0.0045,0.8984
US-OR,2020-08,0.0265,0.6588,0.0393,0.2753
US-PA,2020-08,0.3061,0.3146,0.0295,0.3498
US-RI,2020-08,0.379,0.0005,0.3952,0.2252
US-SC,2020-08,0.3706,0.2702,0.3592,0
US-SD,2020-08,0.0013,0.4794,0.0003,0.519
US-TN,2020-08,0.0518,0.916,0.0299,0.0024
US-TX,2020-08,0.0195,0.0089,0.1345,0.8371
US-UT,2020-08,0.0156,0.1838,0.6202,0.1804
US-VA,2020-08,0.7138,0,0.2862,0
US-VT,2020-08,0.3344,0.2753,0.1835,0.2068
US-WA,2020-08,0.0165,0.8929,0.0008,0.0898
US-WI,2020-08,0.2111,0.5612,0.0259,0.2018
US-WV,2020-08,0.0028,0.5069,0,0.4902
US-WY,2020-08,0,0.2684,0.0451,0.6866
CA-AB,2020-09,0.4633,0.1927,0.0027,0.3413
CA-BC,2020-09,0.0082,0.9342,0,0.0575
CA-MB,2020-09,0.0002,0.9717,0.0001,0.028
CA-NB,2020-09,0.2058,0.2832,0,0.5111
CA-NL,2020-09,0.0015,0.9916,0,0.0069
CA-NS,2020-09,0.3396,0.1333,0,0.5272
CA-NT,2020-09,0.1043,0.8107,0.0002,0.0848
CA-NU,2020-09,1,0,0,0
CA-ON,2020-09,0.0191,0.6857,0.067,0.2282
CA-PE,2020-09,0.0008,0,0.0014,0.9978
CA-QC,2020-09,0.001,0.9289,0,0.07
CA-SK,2020-09,0.2811,0.5527,0,0.1662
CA-YT,2020-09,0.0062,0.9938,0,0
US-AK,2020-09,0.0255,0.9063,0,0.0682
US-AL,2020-09,0.2303,0.7428,0.027,0
US-AR,2020-09,0.1614,0.783,0.0555,0
US-AZ,2020-09,0.019,0.4549,0.4956,0.0304
US-CA,2020-09,0.0884,0.3147,0.4524,0.1444
US-CO,2020-09,0.0105,0.0821,0.1078,0.7996
US-CT,2020-09,0.6987,0.0606,0.2312,0.0095
US-DC,2020-09,0.8088,0,0.1912,0
US-DE,2020-09,0.5306,0,0.4356,0.0338
US-FL,2020-09,0.3357,0.014,0.6503,0
US-GA,2020-09,0.427,0.2917,0.2813,0
US-HI,2020-09,0.1883,0.0474,0.3873,0.377
US-IA,2020-09,0.0059,0.0138,0.0006,0.9798
US-ID,2020-09,0.0524,0.7313,0.0557,0.1606
US-IL,2020-09,0.0272,0.0089,0.0068,0.9571
US-IN,2020-09,0.0777,0.0503,0.0775,0.7945
US-KS,2020-09,0.0028,0.001,0.0031,0.9931
US-KY,2020-09,0.064,0.9275,0.0086,0
US-LA,2020-09,0.5998,0.3632,0.037,0
US-MA,2020-09,0.3586,0,0.5704,0.071
US-MD,2020-09,0.2512,0.2117,0.3497,0.1874
US-ME,2020-09,0.3815,0.1338,0.0052,0.4795
US-MI,2020-09,0.2071,0.0624,0.0193,0.7112
US-MN,2020-09,0.084,0.0333,0.1152,0.7676
US-MO,2020-09,0.0271,0.1806,0.0258,0.7665
US-MS,2020-09,0.7629,0,0.2371,0
US-MT,2020-09,0.0029,0.7697,0.0031,0.2244
US-NC,2020-09,0.145,0.3745,0.457,0.0235
US-ND,2020-09,0,0.0759,0,0.9241
US-NE,2020-09,0.0076,0.0647,0.0053,0.9224
US-NH,2020-09,0.5089,0.177,0.0032,0.3108
US-NJ,2020-09,0.3273,0.0021,0.6637,0.0069
US-NM,2020-09,0.0031,0.0219,0.2337,0.7413
US-NV,2020-09,0.0066,0.2167,0.7416,0.0351
US-NY,2020-09,0.0516,0.8012,0.0272,0.12
US-OH,2020-09,0.2172,0.1247,0.0686,0.5895
US-OK,2020-09,0.0165,0.1097,0.003,0.8708
US-OR,2020-09,0.0297,0.7752,0.0396,0.1555
US-PA,2020-09,0.281,0.2825,0.0314,0.4051
US-RI,2020-09,0.3799,0.0005,0.3785,0.2411
US-SC,2020-09,0.3573,0.3205,0.3222,0
US-SD,2020-09,0.0013,0.3361,0.0002,0.6623
US-TN,2020-09,0.0604,0.9062,0.0305,0.003
US-TX,2020-09,0.0154,0.0147,0.1285,0.8414
US-UT,2020-09,0.0175,0.1581,0.6823,0.1421
US-VA,2020-09,0.7337,0.0027,0.2636,0
US-VT,2020-09,0.1851,0.2207,0.2088,0.3853
US-WA,2020-09,0.0238,0.8775,0.0008,0.0979
US-WI,2020-09,0.1569,0.5117,0.0152,0.3162
US-WV,2020-09,0.0029,0.4724,0,0.5247
US-WY,2020-09,0,0.2086,0.0393,0.7522
CA-AB,2020-10,0.436,0.1459,0.0013,0.4169
CA-BC,2020-10,0.0075,0.9469,0,0.0456
CA-MB,2020-10,0.0002,0.97,0,0.0298
CA-NB,2020-10,0.1011,0.6757,0,0.2232
CA-NL,2020-10,0.0033,0.9916,0,0.0051
CA-NS,2020-10,0.3157,0.1535,0,0.5308
CA-NT,2020-10,0.1176,0.7971,0.0001,0.0851
CA-NU,2020-10,1,0,0,0
CA-ON,2020-10,0.0166,0.7269,0.0402,0.2162
CA-PE,2020-10,0.0007,0,0.0008,0.9985
CA-QC,2020-10,0.0008,0.9333,0,0.0659
CA-SK,2020-10,0.2995,0.5269,0,0.1735
CA-YT,2020-10,0.0046,0.9954,0,0
US-AK,2020-10,0.0268,0.8906,0,0.0826
US-AL,2020-10,0.2221,0.7525,0.0254,0
US-AR,2020-10,0.1601,0.7725,0.0674,0
US-AZ,2020-10,0.0153,0.4951,0.4599,0.0298
US-CA,2020-10,0.086,0.2795,0.4604,0.174
US-CO,2020-10,0.011,0.0909,0.0835,0.8146
US-CT,2020-10,0.6485,0.1974,0.1447,0.0094
US-DC,2020-10,0.8248,0,0.1752,0
US-DE,2020-10,0.56,0,0.4017,0.0382
US-FL,2020-10,0.3473,0.0118,0.6409,0
US-GA,2020-10,0.4531,0.2359,0.311,0
US-HI,2020-10,0.256,0.0521,0.409,0.2829
US-IA,2020-10,0.0046,0.0136,0.0004,0.9815
US-ID,2020-10,0.0438,0.6981,0.0391,0.2189
US-IL,2020-10,0.0209,0.0053,0.004,0.9698
US-IN,2020-10,0.0562,0.0332,0.0453,0.8652
US-KS,2020-10,0.0026,0.0009,0.0021,0.9944
US-KY,2020-10,0.0927,0.8999,0.0074,0
US-LA,2020-10,0.627,0.3373,0.0356,0
US-MA,2020-10,0.4029,0.0679,0.448,0.0812
US-MD,2020-10,0.2336,0.2144,0.2919,0.2601
US-ME,2020-10,0.2815,0.3583,0.0027,0.3575
US-MI,2020-10,0.1903,0.119,0.0116,0.6792
US-MN,2020-10,0.0644,0.0387,0.0902,0.8067
US-MO,2020-10,0.0206,0.1737,0.0177,0.7879
US-MS,2020-10,0.737,0,0.263,0
US-MT,2020-10,0.0024,0.7619,0.0019,0.2338
US-NC,2020-10,0.1539,0.3637,0.4601,0.0224
US-ND,2020-10,0,0.0832,0,0.9167
US-NE,2020-10,0.0082,0.0703,0.0037,0.9178
US-NH,2020-10,0.2864,0.4576,0.0016,0.2544
US-NJ,2020-10,0.4083,0,0.582,0.0097
US-NM,2020-10,0.0042,0.037,0.3434,0.6155
US-NV,2020-10,0.0072,0.2213,0.7353,0.0362
US-NY,2020-10,0.0569,0.797,0.0192,0.127
US-OH,2020-10,0.1744,0.1069,0.039,0.6798
US-OK,2020-10,0.0112,0.0829,0.0018,0.904
US-OR,2020-10,0.0294,0.6949,0.0317,0.2439
US-PA,2020-10,0.2034,0.2784,0.0201,0.4981
US-RI,2020-10,0.41,0.0031,0.2818,0.3052
US-SC,2020-10,0.3831,0.2523,0.3646,0
US-SD,2020-10,0.0012,0.3325,0.0002,0.6662
US-TN,2020-10,0.057,0.9124,0.027,0.0036
US-TX,2020-10,0.0123,0.0103,0.0829,0.8945
US-UT,2020-10,0.0176,0.1747,0.6476,0.16
US-VA,2020-10,0.6822,0,0.3178,0
US-VT,2020-10,0.3146,0.4187,0.0726,0.1941
US-WA,2020-10,0.0238,0.8195,0.0006,0.1561
US-WI,2020-10,0.1742,0.4696,0.011,0.3452
US-WV,2020-10,0.0024,0.3207,0,0.6769
US-WY,2020-10,0,0.1493,0.0201,0.8306
CA-AB,2020-11,0.3643,0.0983,0.0005,0.5369
CA-BC,2020-11,0.0068,0.9348,0,0.0584
CA-MB,2020-11,0.0003,0.9649,0,0.0348
CA-NB,2020-11,0.1033,0.6524,0,0.2443
CA-NL,2020-11,0.0041,0.99,0,0.0059
CA-NS,2020-11,0.2859,0.216,0,0.4981
CA-NT,2020-11,0.1069,0.8391,0,0.054
CA-NU,2020-11,1,0,0,0
CA-ON,2020-11,0.012,0.6777,0.0297,0.2807
CA-PE,2020-11,0.0008,0,0.0004,0.9988
CA-QC,2020-11,0.0008,0.9278,0,0.0713
CA-SK,2020-11,0.2965,0.5327,0,0.1708
CA-YT,2020-11,0.0124,0.9876,0,0
US-AK,2020-11,0.0208,0.8962,0,0.083
US-AL,2020-11,0.2077,0.7744,0.0179,0
US-AR,2020-11,0.2152,0.691,0.0938,0
US-AZ,2020-11,0.0192,0.5169,0.373,0.0909
US-CA,2020-11,0.0976,0.2622,0.4767,0.1635
US-CO,2020-11,0.0089,0.0699,0.0615,0.8596
US-CT,2020-11,0.6483,0.2184,0.1198,0.0136
US-DC,2020-11,0.8412,0,0.1588,0
US-DE,2020-11,0.5975,0,0.3585,0.044
US-FL,2020-11,0.403,0.0171,0.5799,0
US-GA,2020-11,0.4512,0.2939,0.2549,0
US-HI,2020-11,0.1857,0.0745,0.2735,0.4664
US-IA,2020-11,0.0039,0.0159,0.0003,0.9799
US-ID,2020-11,0.039,0.6975,0.0193,0.2442
US-IL,2020-11,0.0143,0.0035,0.0026,0.9796
US-IN,2020-11,0.041,0.0252,0.0219,0.9119
US-KS,2020-11,0.0021,0.0007,0.0014,0.9958
US-KY,2020-11,0.0617,0.9322,0.0061,0
US-LA,2020-11,0.7132,0.2523,0.0345,0
US-MA,2020-11,0.4156,0.1093,0.3347,0.1404
US-MD,2020-11,0.1585,0.3533,0.1884,0.2998
US-ME,2020-11,0.2603,0.3542,0.0069,0.3787
US-MI,2020-11,0.1644,0.0597,0.0067,0.7692
US-MN,2020-11,0.0661,0.0459,0.0609,0.8271
US-MO,2020-11,0.0221,0.2185,0.0141,0.7453
US-MS,2020-11,0.8094,0,0.1906,0
US-MT,2020-11,0.002,0.6778,0.0012,0.3191
US-NC,2020-11,0.1374,0.4608,0.3753,0.0265
US-ND,2020-11,0,0.0983,0,0.9017
US-NE,2020-11,0.007,0.0862,0.0027,0.9041
US-NH,2020-11,0.3069,0.4158,0.0009,0.2764
US-NJ,2020-11,0.3952,0,0.5912,0.0137
US-NM,2020-11,0.0026,0.0187,0.1419,0.8368
US-NV,2020-11,0.0081,0.3008,0.6325,0.0586
US-NY,2020-11,0.0518,0.7494,0.0169,0.1819
US-OH,2020-11,0.1491,0.0816,0.026,0.7433
US-OK,2020-11,0.0099,0.0456,0.0009,0.9435
US-OR,2020-11,0.0274,0.7881,0.0139,0.1707
US-PA,2020-11,0.1871,0.2177,0.0151,0.5801
US-RI,2020-11,0.2115,0.0063,0.271,0.5111
US-SC,2020-11,0.3687,0.3723,0.259,0
US-SD,2020-11,0.001,0.3747,0.0001,0.6242
US-TN,2020-11,0.0536,0.9226,0.0203,0.0036
US-TX,2020-11,0.0112,0.0069,0.0677,0.9143
US-UT,2020-11,0.0186,0.2111,0.5291,0.2413
US-VA,2020-11,0.6031,0.1633,0.2336,0
US-VT,2020-11,0.2157,0.4813,0.042,0.2609
US-WA,2020-11,0.0165,0.8678,0.0003,0.1155
US-WI,2020-11,0.1528,0.4371,0.0226,0.3874
US-WV,2020-11,0.0018,0.3183,0,0.6799
US-WY,2020-11,0,0.1067,0.0112,0.8821
CA-AB,2020-12,0.3876,0.1009,0.0012,0.5103
CA-BC,2020-12,0.0061,0.9455,0,0.0483
CA-MB,2020-12,0.0003,0.9721,0,0.0276
CA-NB,2020-12,0.0704,0.7629,0,0.1667
CA-NL,2020-12,0.0034,0.9923,0,0.0044
CA-NS,2020-12,0.244,0.3707,0,0.3854
CA-NT,2020-12,0.1143,0.8454,0,0.0403
CA-NU,2020-12,1,0,0,0
CA-ON,2020-12,0.0219,0.6772,0.0142,0.2867
CA-PE,2020-12,0.0006,0,0.0002,0.9992
CA-QC,2020-12,0.0007,0.9474,0,0.0519
CA-SK,2020-12,0.2822,0.5462,0,0.1717
CA-YT,2020-12,0.0189,0.9811,0,0
US-AK,2020-12,0.0217,0.904,0,0.0743
US-AL,2020-12,0.2023,0.7834,0.0143,0
US-AR,2020-12,0.2186,0.7105,0.0708,0
US-AZ,2020-12,0.0202,0.5156,0.3349,0.1294
US-CA,2020-12,0.1275,0.2523,0.4366,0.1836
US-CO,2020-12,0.0084,0.0623,0.0406,0.8887
US-CT,2020-12,0.5852,0.3134,0.0873,0.0141
US-DC,2020-12,0.8383,0,0.1617,0
US-DE,2020-12,0.6557,0,0.2872,0.0571
US-FL,2020-12,0.3853,0.0199,0.5949,0
US-GA,2020-12,0.5095,0.2226,0.2679,0
US-HI,2020-12,0.2012,0.0696,0.3051,0.4241
US-IA,2020-12,0.0049,0.0205,0.0003,0.9744
US-ID,2020-12,0.0447,0.6977,0.0211,0.2366
US-IL,2020-12,0.0197,0.006,0.0046,0.9698
US-IN,2020-12,0.0454,0.0279,0.0171,0.9097
US-KS,2020-12,0.0023,0.0013,0.0014,0.9949
US-KY,2020-12,0.0751,0.9203,0.0046,0
US-LA,2020-12,0.7172,0.2568,0.026,0
US-MA,2020-12,0.3805,0.2304,0.2739,0.1152
US-MD,2020-12,0.1171,0.5404,0.0969,0.2455
US-ME,2020-12,0.2344,0.4203,0.0044,0.3409
US-MI,2020-12,0.1825,0.0885,0.0074,0.7216
US-MN,2020-12,0.0813,0.0472,0.0402,0.8313
US-MO,2020-12,0.0189,0.2069,0.0116,0.7626
US-MS,2020-12,0.8243,0,0.1757,0
US-MT,2020-12,0.0026,0.698,0.001,0.2985
US-NC,2020-12,0.1652,0.4176,0.3746,0.0425
US-ND,2020-12,0,0.1059,0,0.8941
US-NE,2020-12,0.0067,0.0882,0.002,0.9031
US-NH,2020-12,0.3021,0.4786,0.0005,0.2188
US-NJ,2020-12,0.5005,0,0.4799,0.0196
US-NM,2020-12,0.0029,0.0174,0.1318,0.8478
US-NV,2020-12,0.0109,0.2364,0.6857,0.067
US-NY,2020-12,0.0572,0.7856,0.012,0.1452
US-OH,2020-12,0.1604,0.0928,0.0132,0.7336
US-OK,2020-12,0.0105,0.0529,0.0011,0.9355
US-OR,2020-12,0.0253,0.8262,0.012,0.1365
US-PA,2020-12,0.1967,0.2237,0.0097,0.5699
US-RI,2020-12,0.3226,0.0081,0.1611,0.5083
US-SC,2020-12,0.3375,0.4426,0.2199,0
US-SD,2020-12,0.001,0.3486,0.0001,0.6503
US-TN,2020-12,0.037,0.9443,0.0156,0.0032
US-TX,2020-12,0.0118,0.0072,0.0628,0.9182
US-UT,2020-12,0.0264,0.2329,0.5418,0.1989
US-VA,2020-12,0.5893,0.2096,0.2011,0
US-VT,2020-12,0.2367,0.5504,0.0154,0.1974
US-WA,2020-12,0.0179,0.8921,0.0001,0.0899
US-WI,2020-12,0.1739,0.5043,0.0143,0.3075
US-WV,2020-12,0.0018,0.3614,0,0.6369
US-WY,2020-12,0,0.068,0.0062,0.9258
CA-AB,2021-01,0.3769,0.1015,0.0006,0.521
CA-BC,2021-01,0.007,0.9499,0,0.0431
CA-MB,2021-01,0.0004,0.9776,0,0.022
CA-NB,2021-01,0.1358,0.7251,0,0.139
CA-NL,2021-01,0.0032,0.993,0,0.0038
CA-NS,2021-01,0.3067,0.3805,0,0.3128
CA-NT,2021-01,0.1109,0.8523,0,0.0369
CA-NU,2021-01,1,0,0,0
CA-ON,2021-01,0.0235,0.7498,0.0185,0.2083
CA-PE,2021-01,0.001,0,0.0002,0.9987
CA-QC,2021-01,0.0007,0.9681,0,0.0312
CA-SK,2021-01,0.2779,0.5615,0,0.1606
CA-YT,2021-01,0.0152,0.9848,0,0
US-AK,2021-01,0.0191,0.9194,0,0.0615
US-AL,2021-01,0.2092,0.7779,0.0129,0
US-AR,2021-01,0.1757,0.7747,0.0496,0
US-AZ,2021-01,0.0178,0.5116,0.348,0.1225
US-CA,2021-01,0.1369,0.1959,0.4621,0.2051
US-CO,2021-01,0.0093,0.0804,0.0507,0.8595
US-CT,2021-01,0.4813,0.4055,0.1013,0.0119
US-DC,2021-01,0.8553,0,0.1447,0
US-DE,2021-01,0.6525,0,0.2964,0.051
US-FL,2021-01,0.3773,0.0242,0.5985,0
US-GA,2021-01,0.4584,0.3142,0.2274,0
US-HI,2021-01,0.2093,0.0793,0.2752,0.4362
US-IA,2021-01,0.0048,0.0291,0.0024,0.9636
US-ID,2021-01,0.0427,0.6796,0.0213,0.2564
US-IL,2021-01,0.0214,0.0075,0.0044,0.9667
US-IN,2021-01,0.0527,0.0494,0.0165,0.8814
US-KS,2021-01,0.0022,0.001,0.0013,0.9954
US-KY,2021-01,0.0758,0.9197,0.0046,0
US-LA,2021-01,0.639,0.3303,0.0307,0
US-MA,2021-01,0.343,0.3115,0.2887,0.0569
US-MD,2021-01,0.1035,0.5953,0.1109,0.1903
US-ME,2021-01,0.2702,0.3531,0.0076,0.3691
US-MI,2021-01,0.2518,0.0899,0.0153,0.643
US-MN,2021-01,0.0852,0.059,0.0595,0.7963
US-MO,2021-01,0.0156,0.2409,0.006,0.7375
US-MS,2021-01,0.8192,0,0.1808,0
US-MT,2021-01,0.0026,0.7081,0.0011,0.2883
US-NC,2021-01,0.1561,0.4124,0.3945,0.037
US-ND,2021-01,0.0001,0.1458,0,0.8541
US-NE,2021-01,0.0094,0.135,0.0025,0.8531
US-NH,2021-01,0.3581,0.4476,0.0008,0.1936
US-NJ,2021-01,0.483,0,0.5042,0.0128
US-NM,2021-01,0.0028,0.0116,0.1155,0.8701
US-NV,2021-01,0.0097,0.2613,0.6606,0.0685
US-NY,2021-01,0.0557,0.8377,0.0207,0.086
US-OH,2021-01,0.1943,0.1771,0.0451,0.5835
US-OK,2021-01,0.0097,0.0844,0.0013,0.9045
US-OR,2021-01,0.0253,0.8701,0.0113,0.0933
US-PA,2021-01,0.2105,0.2878,0.016,0.4857
US-RI,2021-01,0.2668,0.0113,0.2631,0.4587
US-SC,2021-01,0.3901,0.3672,0.2427,0
US-SD,2021-01,0.0015,0.4248,0.0001,0.5736
US-TN,2021-01,0.0461,0.9373,0.0145,0.0021
US-TX,2021-01,0.0108,0.0111,0.0762,0.9019
US-UT,2021-01,0.0257,0.1585,0.5881,0.2277
US-VA,2021-01,0.624,0.0834,0.2836,0.009
US-VT,2021-01,0.2354,0.625,0.0152,0.1244
US-WA,2021-01,0.0142,0.9195,0.0002,0.0661
US-WI,2021-01,0.2357,0.4885,0.0189,0.2569
US-WV,2021-01,0.0026,0.4312,0,0.5662
US-WY,2021-01,0,0.0661,0.0084,0.9256
CA-AB,2021-02,0.4402,0.1238,0.0009,0.4351
CA-BC,2021-02,0.0068,0.9485,0,0.0447
CA-MB,2021-02,0.0003,0.9723,0,0.0274
CA-NB,2021-02,0.2457,0.4704,0,0.2839
CA-NL,2021-02,0.0038,0.9917,0,0.0045
CA-NS,2021-02,0.2995,0.3396,0,0.3608
CA-NT,2021-02,0.1281,0.8437,0.0001,0.0281
CA-NU,2021-02,1,0,0,0
CA-ON,2021-02,0.0302,0.6839,0.0301,0.2559
CA-PE,2021-02,0.0006,0,0.0007,0.9987
CA-QC,2021-02,0.0007,0.9608,0,0.0385
CA-SK,2021-02,0.2825,0.5699,0,0.1476
CA-YT,2021-02,0.0229,0.9771,0,0
US-AK,2021-02,0.0224,0.9212,0,0.0563
US-AL,2021-02,0.197,0.788,0.0151,0
US-AR,2021-02,0.1566,0.7714,0.072,0
US-AZ,2021-02,0.0163,0.427,0.4306,0.1261
US-CA,2021-02,0.0992,0.1645,0.4932,0.2432
US-CO,2021-02,0.0124,0.1034,0.0787,0.8055
US-CT,2021-02,0.5812,0.3007,0.1052,0.0129
US-DC,2021-02,0.8188,0,0.1812,0
US-DE,2021-02,0.6572,0,0.2843,0.0585
US-FL,2021-02,0.3812,0.016,0.6027,0
US-GA,2021-02,0.434,0.316,0.25,0
US-HI,2021-02,0.1767,0.0904,0.3125,0.4204
US-IA,2021-02,0.005,0.0283,0.0048,0.9619
US-ID,2021-02,0.0364,0.6098,0.0287,0.3251
US-IL,2021-02,0.017,0.0053,0.0066,0.9711
US-IN,2021-02,0.0417,0.0363,0.0263,0.8957
US-KS,2021-02,0.0028,0.0013,0.0023,0.9936
US-KY,2021-02,0.0659,0.9291,0.005,0
US-LA,2021-02,0.7169,0.2463,0.0367,0
US-MA,2021-02,0.3758,0.2582,0.2813,0.0846
US-MD,2021-02,0.1365,0.4819,0.1458,0.2359
US-ME,2021-02,0.3079,0.3059,0.0092,0.377
US-MI,2021-02,0.2165,0.0541,0.0235,0.7058
US-MN,2021-02,0.0944,0.0584,0.1052,0.742
US-MO,2021-02,0.0166,0.2443,0.0081,0.7309
US-MS,2021-02,0.7986,0,0.2014,0
US-MT,2021-02,0.0025,0.7422,0.0013,0.2541
US-NC,2021-02,0.1553,0.3577,0.4357,0.0513
US-ND,2021-02,0.0001,0.1447,0,0.8552
US-NE,2021-02,0.0104,0.1541,0.0051,0.8304
US-NH,2021-02,0.4495,0.3382,0.0007,0.2116
US-NJ,2021-02,0.5406,0,0.4372,0.0222
US-NM,2021-02,0.0024,0.0106,0.1353,0.8517
US-NV,2021-02,0.0069,0.2625,0.6855,0.0451
US-NY,2021-02,0.0581,0.7993,0.0183,0.1243
US-OH,2021-02,0.1527,0.1321,0.0695,0.6457
US-OK,2021-02,0.0067,0.0644,0.0019,0.9269
US-OR,2021-02,0.0216,0.6908,0.0178,0.2698
US-PA,2021-02,0.2079,0.2635,0.0129,0.5158
US-RI,2021-02,0.304,0.0056,0.2036,0.4868
US-SC,2021-02,0.4392,0.2414,0.3195,0
US-SD,2021-02,0.0018,0.426,0.0001,0.572
US-TN,2021-02,0.061,0.9197,0.0171,0.0021
US-TX,2021-02,0.0079,0.0076,0.0912,0.8932
US-UT,2021-02,0.0196,0.1247,0.6161,0.2396
US-VA,2021-02,0.663,0.0544,0.269,0.0136
US-VT,2021-02,0.3531,0.4874,0.0272,0.1324
US-WA,2021-02,0.0158,0.8469,0.0003,0.137
US-WI,2021-02,0.2195,0.394,0.0509,0.3356
US-WV,2021-02,0.0037,0.4362,0,0.5602
US-WY,2021-02,0,0.0695,0.0123,0.9182
CA-AB,2021-03,0.3402,0.1057,0.0049,0.5492
CA-BC,2021-03,0.0072,0.9582,0.0001,0.0345
CA-MB,2021-03,0.0003,0.9677,0.0001,0.0319
CA-NB,2021-03,0.0932,0.5966,0,0.3102
CA-NL,2021-03,0.0036,0.9923,0,0.0041
CA-NS,2021-03,0.2226,0.2957,0,0.4817
CA-NT,2021-03,0.1093,0.8103,0.0003,0.0801
CA-NU,2021-03,1,0,0,0
CA-ON,2021-03,0.0163,0.6317,0.0505,0.3015
CA-PE,2021-03,0.0007,0,0.0009,0.9985
CA-QC,2021-03,0.0008,0.9271,0,0.0721
CA-SK,2021-03,0.2694,0.5817,0,0.1489
CA-YT,2021-03,0.0054,0.9946,0,0
US-AK,2021-03,0.0224,0.9057,0,0.072
US-AL,2021-03,0.2097,0.7674,0.0229,0
US-AR,2021-03,0.1294,0.7847,0.086,0
US-AZ,2021-03,0.0132,0.4489,0.4148,0.123
US-CA,2021-03,0.082,0.1773,0.5062,0.2345
US-CO,2021-03,0.0088,0.0949,0.0691,0.8272
US-CT,2021-03,0.4967,0.2876,0.2039,0.0119
US-DC,2021-03,0.7841,0,0.2159,0
US-DE,2021-03,0.5414,0,0.4123,0.0463
US-FL,2021-03,0.3165,0.0278,0.6556,0
US-GA,2021-03,0.4071,0.2846,0.3083,0
US-HI,2021-03,0.1947,0.11,0.2755,0.4198
US-IA,2021-03,0.0041,0.0189,0.0049,0.9721
US-ID,2021-03,0.0381,0.6933,0.0486,0.22
US-IL,2021-03,0.0139,0.0047,0.0099,0.9714
US-IN,2021-03,0.0366,0.0323,0.0461,0.885
US-KS,2021-03,0.0017,0.0009,0.0014,0.996
US-KY,2021-03,0.1043,0.8837,0.012,0
US-LA,2021-03,0.6513,0.3091,0.0395,0
US-MA,2021-03,0.2404,0.1912,0.5028,0.0656
US-MD,2021-03,0.074,0.6748,0.1267,0.1245
US-ME,2021-03,0.2453,0.3223,0.0142,0.4182
US-MI,2021-03,0.1564,0.0521,0.0336,0.7579
US-MN,2021-03,0.0694,0.0374,0.1212,0.7721
US-MO,2021-03,0.0119,0.1657,0.0103,0.8121
US-MS,2021-03,0.7794,0,0.2206,0
US-MT,2021-03,0.0023,0.7394,0.0025,0.2557
US-NC,2021-03,0.0976,0.4189,0.4494,0.0341
US-ND,2021-03,0.0001,0.107,0,0.8929
US-NE,2021-03,0.0065,0.0915,0.005,0.8969
US-NH,2021-03,0.3412,0.3946,0.0015,0.2627
US-NJ,2021-03,0.3216,0,0.6668,0.0116
US-NM,2021-03,0.0022,0.0106,0.1306,0.8566
US-NV,2021-03,0.0062,0.2602,0.6855,0.0481
US-NY,2021-03,0.0492,0.7398,0.0341,0.1768
US-OH,2021-03,0.1273,0.1136,0.1137,0.6453
US-OK,2021-03,0.0069,0.0598,0.0017,0.9317
US-OR,2021-03,0.0289,0.6971,0.0398,0.2342
US-PA,2021-03,0.1895,0.2779,0.0292,0.5033
US-RI,2021-03,0.275,0.0058,0.4307,0.2885
US-SC,2021-03,0.2367,0.4754,0.2879,0
US-SD,2021-03,0.0016,0.3272,0.0001,0.6711
US-TN,2021-03,0.0629,0.906,0.0279,0.0032
US-TX,2021-03,0.0083,0.0073,0.0829,0.9015
US-UT,2021-03,0.0164,0.1172,0.6797,0.1867
US-VA,2021-03,0.4298,0.1597,0.4018,0.0087
US-VT,2021-03,0.2452,0.4797,0.0827,0.1924
US-WA,2021-03,0.0219,0.8455,0.0007,0.1319
US-WI,2021-03,0.1666,0.369,0.0516,0.4128
US-WV,2021-03,0.0021,0.5161,0,0.4818
US-WY,2021-03,0,0.1101,0.0217,0.8683
CA-AB,2021-04,0.3529,0.1249,0.0104,0.5119
CA-BC,2021-04,0.0105,0.9621,0.0001,0.0273
CA-MB,2021-04,0.0004,0.9636,0.0001,0.0359
CA-NB,2021-04,0.0456,0.8301,0,0.1243
CA-NL,2021-04,0.0034,0.9911,0,0.0055
CA-NS,2021-04,0.1406,0.4382,0,0.4212
CA-NT,2021-04,0.1195,0.7958,0.0017,0.083
CA-NU,2021-04,1,0,0,0
CA-ON,2021-04,0.0085,0.6811,0.0648,0.2456
CA-PE,2021-04,0.0008,0,0.0009,0.9983
CA-QC,2021-04,0.0009,0.9505,0,0.0486
CA-SK,2021-04,0.2951,0.5667,0,0.1382
CA-YT,2021-04,0.0059,0.9941,0,0
US-AK,2021-04,0.0203,0.9143,0,0.0654
US-AL,2021-04,0.2439,0.7176,0.0385,0
US-AR,2021-04,0.168,0.7265,0.1056,0
US-AZ,2021-04,0.0103,0.4131,0.4615,0.1152
US-CA,2021-04,0.0591,0.1732,0.509,0.2588
US-CO,2021-04,0.0089,0.0954,0.0872,0.8085
US-CT,2021-04,0.454,0.3873,0.1473,0.0115
US-DC,2021-04,0.7935,0,0.2065,0
US-DE,2021-04,0.5017,0,0.4591,0.0392
US-FL,2021-04,0.296,0.0182,0.6857,0
US-GA,2021-04,0.325,0.3107,0.3642,0
US-HI,2021-04,0.2056,0.0752,0.3639,0.3553
US-IA,2021-04,0.0042,0.0174,0.0056,0.9728
US-ID,2021-04,0.0232,0.6935,0.0549,0.2284
US-IL,2021-04,0.0158,0.0062,0.0152,0.9628
US-IN,2021-04,0.0431,0.0411,0.0671,0.8486
US-KS,2021-04,0.0019,0.0014,0.0023,0.9944
US-KY,2021-04,0.0947,0.8926,0.0127,0
US-LA,2021-04,0.6473,0.3018,0.051,0
US-MA,2021-04,0.205,0.2953,0.4439,0.0558
US-MD,2021-04,0.0793,0.5714,0.1825,0.1667
US-ME,2021-04,0.1796,0.4467,0.015,0.3587
US-MI,2021-04,0.1921,0.0918,0.0413,0.6748
US-MN,2021-04,0.0537,0.0338,0.1071,0.8053
US-MO,2021-04,0.01,0.1869,0.0131,0.79
US-MS,2021-04,0.7231,0,0.2769,0
US-MT,2021-04,0.0022,0.7592,0.0028,0.2358
US-NC,2021-04,0.087,0.2954,0.5895,0.0282
US-ND,2021-04,0.0001,0.1106,0,0.8893
US-NE,2021-04,0.0069,0.0764,0.005,0.9117
US-NH,2021-04,0.27,0.532,0.0014,0.1965
US-NJ,2021-04,0.3121,0,0.6787,0.0092
US-NM,2021-04,0.0021,0.0115,0.1499,0.8365
US-NV,2021-04,0.0047,0.2888,0.6715,0.035
US-NY,2021-04,0.0494,0.7961,0.0401,0.1144
US-OH,2021-04,0.148,0.1364,0.1327,0.5829
US-OK,2021-04,0.0083,0.0577,0.0018,0.9322
US-OR,2021-04,0.0279,0.5966,0.0595,0.3161
US-PA,2021-04,0.2006,0.3057,0.0327,0.461
US-RI,2021-04,0.2558,0.0067,0.4279,0.3096
US-SC,2021-04,0.2987,0.312,0.3893,0
US-SD,2021-04,0.0011,0.2794,0.0001,0.7194
US-TN,2021-04,0.0575,0.8953,0.0439,0.0033
US-TX,2021-04,0.007,0.0079,0.0886,0.8966
US-UT,2021-04,0.0139,0.1033,0.7688,0.114
US-VA,2021-04,0.4007,0.145,0.4465,0.0078
US-VT,2021-04,0.1672,0.6213,0.0831,0.1285
US-WA,2021-04,0.0235,0.814,0.001,0.1615
US-WI,2021-04,0.1711,0.4387,0.064,0.3262
US-WV,2021-04,0.0027,0.4781,0,0.5192
US-WY,2021-04,0,0.1078,0.0258,0.8663
CA-AB,2021-05,0.4017,0.1746,0.0315,0.3923
CA-BC,2021-05,0.0078,0.9689,0.0001,0.0232
CA-MB,2021-05,0.0002,0.9704,0.0001,0.0292
CA-NB,2021-05,0.0233,0.8213,0,0.1554
CA-NL,2021-05,0.0023,0.9918,0,0.0059
CA-NS,2021-05,0.1791,0.3965,0,0.4244
CA-NT,2021-05,0.1241,0.8194,0.0012,0.0554
CA-NU,2021-05,1,0,0,0
CA-ON,2021-05,0.0126,0.7184,0.0708,0.1982
CA-PE,2021-05,0.0008,0,0.0014,0.9979
CA-QC,2021-05,0.0009,0.9436,0,0.0554
CA-SK,2021-05,0.3278,0.5316,0,0.1406
CA-YT,2021-05,0.0051,0.9949,0,0
US-AK,2021-05,0.0181,0.9192,0,0.0627
US-AL,2021-05,0.2344,0.7292,0.0363,0
US-AR,2021-05,0.0833,0.8553,0.0614,0
US-AZ,2021-05,0.0113,0.3827,0.5063,0.0997
US-CA,2021-05,0.0604,0.1715,0.506,0.2621
US-CO,2021-05,0.0093,0.0983,0.0983,0.7941
US-CT,2021-05,0.45,0.3242,0.218,0.0077
US-DC,2021-05,0.7102,0,0.2898,0
US-DE,2021-05,0.4887,0,0.486,0.0253
US-FL,2021-05,0.2701,0.0158,0.7141,0
US-GA,2021-05,0.3655,0.2089,0.4256,0
US-HI,2021-05,0.1422,0.0686,0.393,0.3962
US-IA,2021-05,0.0047,0.026,0.0063,0.963
US-ID,2021-05,0.0295,0.6872,0.0601,0.2232
US-IL,2021-05,0.019,0.0066,0.0188,0.9556
US-IN,2021-05,0.0545,0.0467,0.0935,0.8052
US-KS,2021-05,0.0022,0.0014,0.0026,0.9938
US-KY,2021-05,0.0767,0.9119,0.0114,0
US-LA,2021-05,0.4416,0.5147,0.0437,0
US-MA,2021-05,0.2243,0.203,0.517,0.0557
US-MD,2021-05,0.1022,0.6212,0.1856,0.0911
US-ME,2021-05,0.2031,0.4221,0.0226,0.3522
US-MI,2021-05,0.219,0.1302,0.0574,0.5933
US-MN,2021-05,0.0749,0.0442,0.1491,0.7318
US-MO,2021-05,0.0099,0.2216,0.0124,0.7561
US-MS,2021-05,0.72,0,0.28,0
US-MT,2021-05,0.0021,0.7954,0.0034,0.199
US-NC,2021-05,0.096,0.2781,0.6034,0.0225
US-ND,2021-05,0.0001,0.1198,0,0.8801
US-NE,2021-05,0.0089,0.1087,0.0066,0.8758
US-NH,2021-05,0.3315,0.4627,0.0021,0.2037
US-NJ,2021-05,0.259,0,0.7338,0.0072
US-NM,2021-05,0.0017,0.0109,0.1565,0.8309
US-NV,2021-05,0.0044,0.2482,0.7166,0.0308
US-NY,2021-05,0.0585,0.802,0.0441,0.0953
US-OH,2021-05,0.1576,0.1365,0.1658,0.5402
US-OK,2021-05,0.0089,0.1348,0.0022,0.8542
US-OR,2021-05,0.0198,0.6312,0.0544,0.2947
US-PA,2021-05,0.2582,0.343,0.0413,0.3575
US-RI,2021-05,0.2669,0.0054,0.4589,0.2688
US-SC,2021-05,0.2754,0.272,0.4526,0
US-SD,2021-05,0.0015,0.3568,0.0002,0.6415
US-TN,2021-05,0.0536,0.9056,0.0383,0.0025
US-TX,2021-05,0.0085,0.0149,0.1194,0.8572
US-UT,2021-05,0.0129,0.0926,0.7583,0.1363
US-VA,2021-05,0.487,0.0354,0.4723,0.0053
US-VT,2021-05,0.1865,0.5444,0.1223,0.1468
US-WA,2021-05,0.013,0.8824,0.0008,0.1038
US-WI,2021-05,0.1867,0.4191,0.0841,0.31
US-WV,2021-05,0.0034,0.5876,0,0.409
US-WY,2021-05,0,0.1288,0.0333,0.8379
CA-AB,2021-06,0.4191,0.2039,0.0344,0.3427
CA-BC,2021-06,0.007,0.9698,0.0001,0.0231
CA-MB,2021-06,0.0002,0.9758,0.0001,0.0238
CA-NB,2021-06,0.0839,0.6884,0,0.2277
CA-NL,2021-06,0.0014,0.9934,0,0.0051
CA-NS,2021-06,0.1904,0.3232,0,0.4864
CA-NT,2021-06,0.1268,0.7978,0.0015,0.0739
CA-NU,2021-06,1,0,0,0
CA-ON,2021-06,0.034,0.6469,0.0684,0.2508
CA-PE,2021-06,0.0007,0,0.0016,0.9977
CA-QC,2021-06,0.0008,0.9446,0,0.0546
CA-SK,2021-06,0.3184,0.5494,0,0.1322
CA-YT,2021-06,0.0029,0.9971,0,0
US-AK,2021-06,0.0159,0.9236,0,0.0605
US-AL,2021-06,0.2168,0.7541,0.0291,0
US-AR,2021-06,0.1166,0.8052,0.0782,0
US-AZ,2021-06,0.0125,0.3889,0.5056,0.093
US-CA,2021-06,0.063,0.2045,0.5012,0.2313
US-CO,2021-06,0.0097,0.1,0.1337,0.7566
US-CT,2021-06,0.5615,0.1741,0.2602,0.0042
US-DC,2021-06,0.7059,0,0.2941,0
US-DE,2021-06,0.4893,0,0.4908,0.0199
US-FL,2021-06,0.3049,0.013,0.6821,0
US-GA,2021-06,0.4064,0.2034,0.3902,0
US-HI,2021-06,0.1558,0.0563,0.3969,0.391
US-IA,2021-06,0.0073,0.0394,0.0117,0.9416
US-ID,2021-06,0.0435,0.7023,0.0726,0.1815
US-IL,2021-06,0.0257,0.0094,0.0317,0.9332
US-IN,2021-06,0.0489,0.0443,0.0924,0.8145
US-KS,2021-06,0.0031,0.0015,0.0046,0.9908
US-KY,2021-06,0.0564,0.934,0.0096,0
US-LA,2021-06,0.5417,0.4094,0.0489,0
US-MA,2021-06,0.2609,0.0405,0.6528,0.0459
US-MD,2021-06,0.1548,0.4512,0.2876,0.1064
US-ME,2021-06,0.3407,0.2131,0.0402,0.406
US-MI,2021-06,0.2218,0.0898,0.0551,0.6333
US-MN,2021-06,0.0902,0.0504,0.2041,0.6554
US-MO,2021-06,0.0211,0.2964,0.0222,0.6603
US-MS,2021-06,0.744,0,0.256,0
US-MT,2021-06,0.0025,0.7808,0.0046,0.2121
US-NC,2021-06,0.1065,0.2246,0.6509,0.018
US-ND,2021-06,0.0002,0.1842,0,0.8157
US-NE,2021-06,0.011,0.1474,0.0111,0.8305
US-NH,2021-06,0.4763,0.27,0.0029,0.2507
US-NJ,2021-06,0.2585,0,0.7354,0.0061
US-NM,2021-06,0.0021,0.0122,0.1867,0.7991
US-NV,2021-06,0.0043,0.2233,0.7388,0.0336
US-NY,2021-06,0.0558,0.7744,0.0429,0.127
US-OH,2021-06,0.1469,0.1316,0.1583,0.5632
US-OK,2021-06,0.0038,0.1267,0.0032,0.8663
US-OR,2021-06,0.0182,0.6876,0.0561,0.238
US-PA,2021-06,0.2734,0.3421,0.0425,0.3419
US-RI,2021-06,0.1829,0.0046,0.6395,0.173
US-SC,2021-06,0.3428,0.1838,0.4735,0
US-SD,2021-06,0.0018,0.4127,0.0002,0.5852
US-TN,2021-06,0.0541,0.9095,0.0345,0.0018
US-TX,2021-06,0.0112,0.0143,0.1732,0.8013
US-UT,2021-06,0.0128,0.0884,0.7597,0.1391
US-VA,2021-06,0.5225,0,0.472,0.0055
US-VT,2021-06,0.2598,0.3309,0.1754,0.2338
US-WA,2021-06,0.0147,0.9013,0.0008,0.0832
US-WI,2021-06,0.2351,0.4205,0.1029,0.2414
US-WV,2021-06,0.0044,0.5446,0,0.451
US-WY,2021-06,0,0.1397,0.0382,0.8221
CA-AB,2021-07,0.4684,0.2553,0.0351,0.2412
CA-BC,2021-07,0.0087,0.9737,0.0001,0.0176
CA-MB,2021-07,0.0003,0.9781,0.0001,0.0215
CA-NB,2021-07,0.1139,0.6586,0,0.2275
CA-NL,2021-07,0.0006,0.9946,0,0.0048
CA-NS,2021-07,0.3341,0.2052,0,0.4606
CA-NT,2021-07,0.1118,0.8231,0.0015,0.0635
CA-NU,2021-07,1,0,0,0
CA-ON,2021-07,0.0273,0.7388,0.0605,0.1734
CA-PE,2021-07,0.0007,0,0.0018,0.9974
CA-QC,2021-07,0.0009,0.9583,0.0001,0.0407
CA-SK,2021-07,0.3766,0.5201,0.0006,0.1027
CA-YT,2021-07,0.0039,0.9961,0,0
US-AK,2021-07,0.018,0.9037,0,0.0783
US-AL,2021-07,0.2279,0.74,0.0321,0
US-AR,2021-07,0.1172,0.7957,0.0871,0
US-AZ,2021-07,0.0131,0.4415,0.4613,0.0841
US-CA,2021-07,0.0636,0.2459,0.4951,0.1955
US-CO,2021-07,0.0092,0.1032,0.1368,0.7508
US-CT,2021-07,0.502,0.3098,0.1846,0.0036
US-DC,2021-07,0.6913,0,0.3087,0
US-DE,2021-07,0.4755,0,0.5073,0.0173
US-FL,2021-07,0.2836,0.0175,0.6989,0
US-GA,2021-07,0.4124,0.2089,0.3787,0
US-HI,2021-07,0.1826,0.0595,0.3296,0.4283
US-IA,2021-07,0.0096,0.0501,0.0154,0.925
US-ID,2021-07,0.0478,0.7632,0.0663,0.1227
US-IL,2021-07,0.0386,0.013,0.0727,0.8757
US-IN,2021-07,0.0867,0.0732,0.1407,0.6993
US-KS,2021-07,0.003,0.0027,0.0051,0.9892
US-KY,2021-07,0.0862,0.9032,0.0105,0
US-LA,2021-07,0.5203,0.4391,0.0407,0
US-MA,2021-07,0.2711,0.1709,0.5158,0.0422
US-MD,2021-07,0.1171,0.5832,0.2152,0.0844
US-ME,2021-07,0.3258,0.3959,0.0299,0.2485
US-MI,2021-07,0.308,0,0.0745,0.6175
US-MN,2021-07,0.1108,0.0524,0.2195,0.6174
US-MO,2021-07,0.0274,0.3587,0.0295,0.5844
US-MS,2021-07,0.7469,0,0.2531,0
US-MT,2021-07,0.0027,0.8287,0.0042,0.1644
US-NC,2021-07,0.085,0.2688,0.6288,0.0173
US-ND,2021-07,0.0001,0.1396,0,0.8603
US-NE,2021-07,0.0115,0.1377,0.0114,0.8393
US-NH,2021-07,0.4159,0.4385,0.0019,0.1437
US-NJ,2021-07,0.2564,0,0.7387,0.0049
US-NM,2021-07,0.0032,0.017,0.2641,0.7156
US-NV,2021-07,0.0046,0.2126,0.7624,0.0204
US-NY,2021-07,0.0597,0.8296,0.04,0.0707
US-OH,2021-07,0.1687,0.1477,0.316,0.3676
US-OK,2021-07,0.0142,0.1486,0.0042,0.8331
US-OR,2021-07,0.027,0.5763,0.0542,0.3425
US-PA,2021-07,0.2954,0.3545,0.044,0.3061
US-RI,2021-07,0.3311,0.0031,0.578,0.0879
US-SC,2021-07,0.3384,0.1904,0.4712,0
US-SD,2021-07,0.0019,0.3963,0.0002,0.6015
US-TN,2021-07,0.0656,0.8939,0.0389,0.0016
US-TX,2021-07,0.0201,0.0171,0.2276,0.7352
US-UT,2021-07,0.0148,0.1026,0.764,0.1185
US-VA,2021-07,0.4855,0,0.5107,0.0038
US-VT,2021-07,0.2591,0.5101,0.1086,0.1222
US-WA,2021-07,0.019,0.8954,0.001,0.0846
US-WI,2021-07,0.261,0.4465,0.1152,0.1773
US-WV,2021-07,0.0038,0.6288,0,0.3674
US-WY,2021-07,0,0.1708,0.0471,0.7821
CA-AB,2021-08,0.4157,0.2117,0.026,0.3466
CA-BC,2021-08,0.0124,0.9602,0.0001,0.0273
CA-MB,2021-08,0.0002,0.9656,0.0002,0.034
CA-NB,2021-08,0.1663,0.5208,0,0.313
CA-NL,2021-08,0.0011,0.9968,0,0.0022
CA-NS,2021-08,0.4195,0.1362,0,0.4443
CA-NT,2021-08,0.128,0.8104,0.0015,0.06
CA-NU,2021-08,1,0,0,0
CA-ON,2021-08,0.0585,0.717,0.0703,0.1542
CA-PE,2021-08,0.001,0,0.0024,0.9966
CA-QC,2021-08,0.0009,0.9625,0.0001,0.0365
CA-SK,2021-08,0.3631,0.5098,0.0005,0.1266
CA-YT,2021-08,0.004,0.996,0,0
US-AK,2021-08,0.0193,0.8973,0,0.0834
US-AL,2021-08,0.2261,0.7435,0.0304,0
US-AR,2021-08,0.1761,0.7131,0.1108,0
US-AZ,2021-08,0.0137,0.4004,0.4902,0.0957
US-CA,2021-08,0.061,0.2254,0.5032,0.2103
US-CO,2021-08,0.0091,0.0993,0.1257,0.7659
US-CT,2021-08,0.5249,0.2527,0.2183,0.004
US-DC,2021-08,0.689,0,0.311,0
US-DE,2021-08,0.5116,0,0.473,0.0153
US-FL,2021-08,0.3049,0.0157,0.6794,0
US-GA,2021-08,0.459,0.1766,0.3645,0
US-HI,2021-08,0.1613,0.062,0.3389,0.4378
US-IA,2021-08,0.0082,0.0323,0.0117,0.9479
US-ID,2021-08,0.0466,0.7046,0.0559,0.1929
US-IL,2021-08,0.0313,0.0132,0.0828,0.8727
US-IN,2021-08,0.0816,0.0786,0.1392,0.7006
US-KS,2021-08,0.0025,0.0009,0.0034,0.9932
US-KY,2021-08,0.0615,0.9284,0.0102,0
US-LA,2021-08,0.6451,0.3017,0.0531,0
US-MA,2021-08,0.2969,0.0804,0.5814,0.0413
US-MD,2021-08,0.12,0.5328,0.2715,0.0757
US-ME,2021-08,0.4343,0.3365,0.0433,0.186
US-MI,2021-08,0.3584,0,0.0871,0.5545
US-MN,2021-08,0.083,0.0413,0.1728,0.7029
US-MO,2021-08,0.0218,0.2136,0.0221,0.7425
US-MS,2021-08,0.7433,0,0.2567,0
US-MT,2021-08,0.0025,0.77,0.0033,0.2243
US-NC,2021-08,0.0988,0.2695,0.6208,0.0109
US-ND,2021-08,0.0001,0.1162,0,0.8837
US-NE,2021-08,0.0107,0.1032,0.0088,0.8773
US-NH,2021-08,0.5189,0.3672,0.0025,0.1113
US-NJ,2021-08,0.3061,0,0.69,0.0039
US-NM,2021-08,0.0024,0.013,0.2005,0.784
US-NV,2021-08,0.0044,0.1928,0.7786,0.0243
US-NY,2021-08,0.0577,0.8305,0.0383,0.0735
US-OH,2021-08,0.1734,0.163,0.328,0.3356
US-OK,2021-08,0.0099,0.0721,0.0028,0.9151
US-OR,2021-08,0.0289,0.5977,0.0498,0.3236
US-PA,2021-08,0.3096,0.377,0.0475,0.2659
US-RI,2021-08,0.3542,0.0059,0.5504,0.0895
US-SC,2021-08,0.3701,0.1864,0.4435,0
US-SD,2021-08,0.0016,0.3229,0.0002,0.6753
US-TN,2021-08,0.0693,0.889,0.0395,0.0022
US-TX,2021-08,0.0167,0.0094,0.1809,0.793
US-UT,2021-08,0.014,0.0887,0.7587,0.1386
US-VA,2021-08,0.4893,0,0.5078,0.0028
US-VT,2021-08,0.3155,0.4139,0.142,0.1286
US-WA,2021-08,0.0218,0.8675,0.0009,0.1098
US-WI,2021-08,0.2406,0.473,0.1084,0.178
US-WV,2021-08,0.0044,0.676,0,0.3195
US-WY,2021-08,0,0.123,0.0317,0.8453
CA-AB,2021-09,0.3453,0.1784,0.027,0.4493
CA-BC,2021-09,0.0107,0.9581,0.0001,0.0311
CA-MB,2021-09,0.0004,0.9525,0.0001,0.047
CA-NB,2021-09,0.1113,0.6466,0,0.2421
CA-NL,2021-09,0.0021,0.9938,0,0.0042
CA-NS,2021-09,0.2651,0.1885,0,0.5464
CA-NT,2021-09,0.1345,0.8175,0.001,0.0469
CA-NU,2021-09,1,0,0,0
CA-ON,2021-09,0.0194,0.6573,0.0725,0.2508
CA-PE,2021-09,0.0004,0,0.0012,0.9983
CA-QC,2021-09,0.0011,0.941,0,0.0579
CA-SK,2021-09,0.3162,0.5266,0.0003,0.1569
CA-YT,2021-09,0.004,0.9944,0.0016,0
US-AK,2021-09,0.0214,0.8768,0,0.1019
US-AL,2021-09,0.2146,0.7194,0.066,0
US-AR,2021-09,0.2333,0.6421,0.1246,0
US-AZ,2021-09,0.0161,0.3741,0.5232,0.0865
US-CA,2021-09,0.0701,0.2394,0.4997,0.1908
US-CO,2021-09,0.0079,0.0865,0.1168,0.7889
US-CT,2021-09,0.5094,0.27,0.2134,0.0072
US-DC,2021-09,0.7005,0,0.2995,0
US-DE,2021-09,0.4798,0,0.4873,0.0329
US-FL,2021-09,0.3044,0.0195,0.6761,0
US-GA,2021-09,0.414,0.1676,0.4184,0
US-HI,2021-09,0.1763,0.0543,0.3236,0.4458
US-IA,2021-09,0.0062,0.0213,0.0082,0.9643
US-ID,2021-09,0.0465,0.6948,0.0667,0.192
US-IL,2021-09,0.019,0.0058,0.0501,0.9251
US-IN,2021-09,0.042,0.0344,0.0802,0.8434
US-KS,2021-09,0.0024,0.0011,0.0026,0.9939
US-KY,2021-09,0.0819,0.9077,0.0103,0
US-LA,2021-09,0.7121,0.2343,0.0537,0
US-MA,2021-09,0.2774,0.1373,0.5295,0.0558
US-MD,2021-09,0.0902,0.5947,0.1985,0.1166
US-ME,2021-09,0.3081,0.3201,0.036,0.3358
US-MI,2021-09,0.2221,0.0023,0.0473,0.7283
US-MN,2021-09,0.0831,0.0324,0.1397,0.7448
US-MO,2021-09,0.0198,0.155,0.0203,0.8049
US-MS,2021-09,0.7549,0,0.2451,0
US-MT,2021-09,0.003,0.7083,0.0035,0.2851
US-NC,2021-09,0.0992,0.3123,0.5699,0.0186
US-ND,2021-09,0.0001,0.0884,0,0.9115
US-NE,2021-09,0.0095,0.0846,0.0073,0.8986
US-NH,2021-09,0.4228,0.3721,0.0019,0.2032
US-NJ,2021-09,0.3243,0,0.6681,0.0076
US-NM,2021-09,0.0019,0.0087,0.157,0.8324
US-NV,2021-09,0.0048,0.1763,0.7906,0.0283
US-NY,2021-09,0.0558,0.7887,0.0388,0.1167
US-OH,2021-09,0.1113,0.1017,0.2129,0.574
US-OK,2021-09,0.0104,0.0473,0.0028,0.9395
US-OR,2021-09,0.0374,0.7062,0.0578,0.1986
US-PA,2021-09,0.2375,0.2896,0.0359,0.4369
US-RI,2021-09,0.3689,0.0059,0.4923,0.133
US-SC,2021-09,0.3053,0.2958,0.3989,0
US-SD,2021-09,0.0018,0.2913,0.0002,0.7067
US-TN,2021-09,0.0815,0.8744,0.0413,0.0028
US-TX,2021-09,0.0166,0.0065,0.1912,0.7856
US-UT,2021-09,0.0144,0.0744,0.7848,0.1264
US-VA,2021-09,0.3901,0.0221,0.5828,0.005
US-VT,2021-09,0.1863,0.5101,0.1248,0.1787
US-WA,2021-09,0.0307,0.8238,0.001,0.1445
US-WI,2021-09,0.1753,0.3914,0.1202,0.313
US-WV,2021-09,0.0028,0.5742,0,0.4229
US-WY,2021-09,0,0.1023,0.0318,0.8659
CA-AB,2021-10,0.358,0.1036,0.0231,0.5153
CA-BC,2021-10,0.0089,0.9615,0.0001,0.0296
CA-MB,2021-10,0.0005,0.945,0,0.0545
CA-NB,2021-10,0.1365,0.7362,0,0.1273
CA-NL,2021-10,0.0037,0.9937,0,0.0026
CA-NS,2021-10,0.3262,0.1719,0,0.5019
CA-NT,2021-10,0.1308,0.7985,0.0001,0.0706
CA-NU,2021-10,1,0,0,0
CA-ON,2021-10,0.0252,0.6995,0.0388,0.2365
CA-PE,2021-10,0.0022,0,0.001,0.9968
CA-QC,2021-10,0.001,0.9514,0,0.0477
CA-SK,2021-10,0.3577,0.4539,0.0041,0.1843
CA-YT,2021-10,0.0054,0.9938,0.0008,0
US-AK,2021-10,0.0299,0.8706,0,0.0995
US-AL,2021-10,0.2303,0.7267,0.043,0
US-AR,2021-10,0.2147,0.6773,0.108,0
US-AZ,2021-10,0.0142,0.3294,0.54,0.1165
US-CA,2021-10,0.0827,0.2274,0.5127,0.1773
US-CO,2021-10,0.0091,0.0617,0.0858,0.8434
US-CT,2021-10,0.4752,0.3217,0.1945,0.0086
US-DC,2021-10,0.7443,0,0.2557,0
US-DE,2021-10,0.5532,0,0.4004,0.0465
US-FL,2021-10,0.2835,0.0191,0.6974,0
US-GA,2021-10,0.3772,0.3141,0.3087,0
US-HI,2021-10,0.1698,0.0698,0.3081,0.4523
US-IA,2021-10,0.0052,0.0205,0.0037,0.9705
US-ID,2021-10,0.0553,0.6253,0.041,0.2785
US-IL,2021-10,0.0175,0.0059,0.029,0.9476
US-IN,2021-10,0.0466,0.0428,0.0535,0.8571
US-KS,2021-10,0.0021,0.0007,0.002,0.9953
US-KY,2021-10,0.0872,0.9043,0.0085,0
US-LA,2021-10,0.6959,0.255,0.0491,0
US-MA,2021-10,0.3313,0.1516,0.4348,0.0823
US-MD,2021-10,0.1026,0.5795,0.1642,0.1537
US-ME,2021-10,0.2866,0.3579,0.0266,0.3289
US-MI,2021-10,0.2279,0.0335,0.0295,0.7091
US-MN,2021-10,0.08,0.0343,0.0974,0.7884
US-MO,2021-10,0.0101,0.1433,0.0133,0.8333
US-MS,2021-10,0.7082,0,0.2918,0
US-MT,2021-10,0.0029,0.6328,0.0023,0.362
US-NC,2021-10,0.1092,0.3236,0.5365,0.0307
US-ND,2021-10,0.0001,0.0772,0,0.9227
US-NE,2021-10,0.007,0.0787,0.004,0.9103
US-NH,2021-10,0.3592,0.4264,0.0015,0.2129
US-NJ,2021-10,0.3756,0,0.6127,0.0117
US-NM,2021-10,0.002,0.0073,0.1491,0.8417
US-NV,2021-10,0.006,0.1904,0.7649,0.0387
US-NY,2021-10,0.0518,0.8003,0.03,0.1179
US-OH,2021-10,0.1504,0.1279,0.1548,0.5669
US-OK,2021-10,0.0102,0.0523,0.0021,0.9354
US-OR,2021-10,0.0302,0.6764,0.0336,0.2598
US-PA,2021-10,0.2208,0.3258,0.0228,0.4306
US-RI,2021-10,0.3978,0.0089,0.394,0.1994
US-SC,2021-10,0.3,0.3365,0.3634,0
US-SD,2021-10,0.0017,0.2862,0.0001,0.712
US-TN,2021-10,0.083,0.8794,0.0345,0.0031
US-TX,2021-10,0.0095,0.0062,0.1371,0.8473
US-UT,2021-10,0.0198,0.0885,0.7041,0.1876
US-VA,2021-10,0.43,0.0088,0.5534,0.0078
US-VT,2021-10,0.2866,0.461,0.0672,0.1852
US-WA,2021-10,0.0271,0.8234,0.0007,0.1488
US-WI,2021-10,0.1996,0.432,0.072,0.2964
US-WV,2021-10,0.0028,0.5109,0,0.4863
US-WY,2021-10,0,0.058,0.0146,0.9274
CA-AB,2021-11,0.3099,0.0849,0.0106,0.5946
CA-BC,2021-11,0.0071,0.9599,0,0.0329
CA-MB,2021-11,0.0004,0.9451,0,0.0544
CA-NB,2021-11,0.1122,0.7496,0,0.1382
CA-NL,2021-11,0.004,0.9936,0,0.0024
CA-NS,2021-11,0.2474,0.2481,0,0.5045
CA-NT,2021-11,0.0767,0.8769,0,0.0464
CA-NU,2021-11,1,0,0,0
CA-ON,2021-11,0.0309,0.6365,0.0318,0.3007
CA-PE,2021-11,0.0018,0,0.0004,0.9978
CA-QC,2021-11,0.0008,0.9381,0,0.0611
CA-SK,2021-11,0.3467,0.448,0.0028,0.2025
CA-YT,2021-11,0.0209,0.9789,0.0002,0
US-AK,2021-11,0.0263,0.9226,0,0.0511
US-AL,2021-11,0.204,0.7528,0.0432,0
US-AR,2021-11,0.2525,0.642,0.1055,0
US-AZ,2021-11,0.0192,0.4358,0.4338,0.1112
US-CA,2021-11,0.1072,0.1996,0.5522,0.141
US-CO,2021-11,0.0091,0.0533,0.0831,0.8545
US-CT,2021-11,0.4855,0.3507,0.1557,0.0081
US-DC,2021-11,0.7731,0,0.2269,0
US-DE,2021-11,0.5704,0,0.3836,0.0459
US-FL,2021-11,0.306,0.0232,0.6708,0
US-GA,2021-11,0.4296,0.2012,0.3692,0
US-HI,2021-11,0.2308,0.0675,0.362,0.3396
US-IA,2021-11,0.0039,0.0194,0.0027,0.974
US-ID,2021-11,0.0528,0.6511,0.0295,0.2666
US-IL,2021-11,0.0113,0.0041,0.0262,0.9585
US-IN,2021-11,0.0332,0.0326,0.0307,0.9034
US-KS,2021-11,0.0023,0.0006,0.0014,0.9956
US-KY,2021-11,0.0807,0.9119,0.0074,0
US-LA,2021-11,0.7282,0.2293,0.0425,0
US-MA,2021-11,0.2674,0.2916,0.3678,0.0733
US-MD,2021-11,0.0819,0.6356,0.1295,0.1529
US-ME,2021-11,0.2447,0.3659,0.0252,0.3642
US-MI,2021-11,0.1592,0.0593,0.0162,0.7652
US-MN,2021-11,0.0691,0.0335,0.0511,0.8463
US-MO,2021-11,0.0116,0.143,0.0107,0.8348
US-MS,2021-11,0.7606,0,0.2394,0
US-MT,2021-11,0.0025,0.5601,0.0012,0.4362
US-NC,2021-11,0.1169,0.3377,0.5064,0.0389
US-ND,2021-11,0.0001,0.0947,0,0.9052
US-NE,2021-11,0.0077,0.0826,0.0027,0.9069
US-NH,2021-11,0.3438,0.4457,0.001,0.2095
US-NJ,2021-11,0.3797,0,0.6062,0.0141
US-NM,2021-11,0.0016,0.0065,0.0879,0.904
US-NV,2021-11,0.0073,0.1362,0.8196,0.037
US-NY,2021-11,0.0439,0.7964,0.0273,0.1324
US-OH,2021-11,0.1131,0.1035,0.108,0.6753
US-OK,2021-11,0.0098,0.045,0.0016,0.9436
US-OR,2021-11,0.0286,0.7946,0.0186,0.1582
US-PA,2021-11,0.1805,0.3234,0.0197,0.4764
US-RI,2021-11,0.3385,0.0089,0.3479,0.3048
US-SC,2021-11,0.3209,0.3536,0.3255,0
US-SD,2021-11,0.0015,0.3052,0.0001,0.6932
US-TN,2021-11,0.0642,0.9074,0.0255,0.0029
US-TX,2021-11,0.0099,0.0057,0.1138,0.8706
US-UT,2021-11,0.0221,0.1055,0.6777,0.1947
US-VA,2021-11,0.469,0.1015,0.4215,0.0081
US-VT,2021-11,0.1423,0.6224,0.0508,0.1846
US-WA,2021-11,0.0179,0.8421,0.0003,0.1397
US-WI,2021-11,0.1943,0.3481,0.0581,0.3996
US-WV,2021-11,0.0028,0.5357,0,0.4615
US-WY,2021-11,0,0.0422,0.0076,0.9503
CA-AB,2021-12,0.4154,0.1088,0.0074,0.4683
CA-BC,2021-12,0.0054,0.9719,0,0.0226
CA-MB,2021-12,0.0004,0.9615,0,0.0381
CA-NB,2021-12,0.1542,0.6789,0,0.167
CA-NL,2021-12,0.0037,0.9938,0,0.0025
CA-NS,2021-12,0.2176,0.3712,0,0.4113
CA-NT,2021-12,0.076,0.8988,0,0.0252
CA-NU,2021-12,1,0,0,0
CA-ON,2021-12,0.0296,0.6476,0.0134,0.3093
CA-PE,2021-12,0.0007,0,0.0003,0.999
CA-QC,2021-12,0.0007,0.9489,0,0.0503
CA-SK,2021-12,0.3368,0.4713,0.0016,0.1903
CA-YT,2021-12,0.0276,0.9724,0,0
US-AK,2021-12,0.0165,0.9113,0,0.0722
US-AL,2021-12,0.1873,0.7869,0.0258,0
US-AR,2021-12,0.2372,0.6969,0.0659,0
US-AZ,2021-12,0.0205,0.4648,0.3453,0.1694
US-CA,2021-12,0.124,0.2457,0.4215,0.2087
US-CO,2021-12,0.0077,0.0479,0.0618,0.8827
US-CT,2021-12,0.5158,0.3726,0.102,0.0095
US-DC,2021-12,0.8187,0,0.1813,0
US-DE,2021-12,0.6744,0,0.2814,0.0441
US-FL,2021-12,0.364,0.0147,0.6213,0
US-GA,2021-12,0.4702,0.2585,0.2713,0
US-HI,2021-12,0.1782,0.0974,0.2242,0.5002
US-IA,2021-12,0.0041,0.0247,0.0024,0.9687
US-ID,2021-12,0.0531,0.6423,0.0174,0.2872
US-IL,2021-12,0.0128,0.0046,0.0212,0.9615
US-IN,2021-12,0.0351,0.0318,0.0496,0.8834
US-KS,2021-12,0.0018,0.001,0.001,0.9962
US-KY,2021-12,0.0742,0.9218,0.0039,0
US-LA,2021-12,0.7353,0.2372,0.0275,0
US-MA,2021-12,0.3776,0.2926,0.2536,0.0762
US-MD,2021-12,0.134,0.488,0.1306,0.2474
US-ME,2021-12,0.2343,0.3529,0.0114,0.4013
US-MI,2021-12,0.1556,0.0515,0.0161,0.7768
US-MN,2021-12,0.064,0.041,0.0314,0.8636
US-MO,2021-12,0.0105,0.159,0.0073,0.8233
US-MS,2021-12,0.8626,0,0.1374,0
US-MT,2021-12,0.0028,0.6052,0.0007,0.3914
US-NC,2021-12,0.1532,0.3102,0.4938,0.0428
US-ND,2021-12,0.0001,0.1223,0,0.8776
US-NE,2021-12,0.0061,0.0905,0.0018,0.9016
US-NH,2021-12,0.3389,0.4299,0.0005,0.2306
US-NJ,2021-12,0.4309,0,0.5574,0.0117
US-NM,2021-12,0.0014,0.0048,0.0553,0.9385
US-NV,2021-12,0.0095,0.1219,0.7714,0.0971
US-NY,2021-12,0.0481,0.7807,0.0173,0.1539
US-OH,2021-12,0.1146,0.1089,0.0618,0.7147
US-OK,2021-12,0.0091,0.0443,0.0012,0.9453
US-OR,2021-12,0.0194,0.8188,0.0088,0.153
US-PA,2021-12,0.1812,0.2781,0.0135,0.5272
US-RI,2021-12,0.4555,0.0095,0.1823,0.3528
US-SC,2021-12,0.4768,0.2018,0.3214,0
US-SD,2021-12,0.0014,0.3656,0.0001,0.633
US-TN,2021-12,0.0541,0.9311,0.0123,0.0025
US-TX,2021-12,0.009,0.0056,0.092,0.8934
US-UT,2021-12,0.0238,0.1074,0.5007,0.3681
US-VA,2021-12,0.6282,0.0137,0.3494,0.0087
US-VT,2021-12,0.245,0.5507,0.0218,0.1825
US-WA,2021-12,0.0131,0.8883,0.0001,0.0985
US-WI,2021-12,0.2147,0.38,0.0291,0.3762
US-WV,2021-12,0.003,0.3364,0,0.6606
US-WY,2021-12,0,0.0356,0.0044,0.96
CA-AB,2022-01,0.2986,0.1012,0.0098,0.5903
CA-BC,2022-01,0.0051,0.9706,0,0.0242
CA-MB,2022-01,0.0004,0.9583,0,0.0413
CA-NB,2022-01,0.2671,0.5325,0,0.2004
CA-NL,2022-01,0.0036,0.9925,0,0.0039
CA-NS,2022-01,0.1952,0.4479,0,0.3569
CA-NT,2022-01,0.0972,0.8623,0,0.0404
CA-NU,2022-01,1,0,0,0
CA-ON,2022-01,0.0378,0.6512,0.0178,0.2933
CA-PE,2022-01,0.0007,0,0.0003,0.999
CA-QC,2022-01,0.0005,0.9558,0,0.0436
CA-SK,2022-01,0.2738,0.5311,0.0022,0.1929
CA-YT,2022-01,0.0199,0.9801,0,0
US-AK,2022-01,0.0203,0.9545,0,0.0252
US-AL,2022-01,0.183,0.7811,0.0359,0
US-AR,2022-01,0.2693,0.5692,0.1615,0
US-AZ,2022-01,0.0181,0.4865,0.3935,0.1019
US-CA,2022-01,0.1133,0.2496,0.49,0.147
US-CO,2022-01,0.0085,0.0685,0.0756,0.8474
US-CT,2022-01,0.5469,0.2994,0.1414,0.0124
US-DC,2022-01,0.8006,0,0.1994,0
US-DE,2022-01,0.6438,0,0.2941,0.0621
US-FL,2022-01,0.2852,0.0189,0.6959,0
US-GA,2022-01,0.3991,0.2439,0.357,0
US-HI,2022-01,0.2736,0.0807,0.4088,0.2368
US-IA,2022-01,0.0039,0.02,0.0024,0.9737
US-ID,2022-01,0.0385,0.7379,0.02,0.2036
US-IL,2022-01,0.0118,0.0037,0.0273,0.9572
US-IN,2022-01,0.0329,0.0285,0.042,0.8966
US-KS,2022-01,0.002,0.0009,0.0013,0.9959
US-KY,2022-01,0.0969,0.8983,0.0048,0
US-LA,2022-01,0.7744,0.1816,0.0439,0
US-MA,2022-01,0.2783,0.1655,0.5073,0.0489
US-MD,2022-01,0.1019,0.5523,0.1287,0.217
US-ME,2022-01,0.2597,0.3163,0.0135,0.4105
US-MI,2022-01,0.1543,0.0643,0.0263,0.7551
US-MN,2022-01,0.0548,0.0498,0.0442,0.8512
US-MO,2022-01,0.0097,0.14,0.0092,0.8411
US-MS,2022-01,0.7956,0,0.2044,0
US-MT,2022-01,0.0014,0.6365,0.0007,0.3613
US-NC,2022-01,0.1172,0.368,0.4671,0.0477
US-ND,2022-01,0,0.103,0,0.897
US-NE,2022-01,0.0073,0.0886,0.0026,0.9015
US-NH,2022-01,0.349,0.4302,0.0006,0.2202
US-NJ,2022-01,0.4123,0,0.5704,0.0173
US-NM,2022-01,0.001,0.007,0.0747,0.9173
US-NV,2022-01,0.007,0.1296,0.8194,0.0439
US-NY,2022-01,0.0532,0.7998,0.0262,0.1208
US-OH,2022-01,0.1134,0.0971,0.0869,0.7027
US-OK,2022-01,0.0101,0.0259,0.0016,0.9624
US-OR,2022-01,0.0228,0.8803,0.0157,0.0812
US-PA,2022-01,0.2065,0.2674,0.0193,0.5067
US-RI,2022-01,0.4004,0.0138,0.16,0.4257
US-SC,2022-01,0.4107,0.2636,0.3257,0
US-SD,2022-01,0.0018,0.3206,0.0001,0.6775
US-TN,2022-01,0.0456,0.9298,0.0232,0.0014
US-TX,2022-01,0.012,0.0029,0.1276,0.8575
US-UT,2022-01,0.0194,0.1543,0.6475,0.1788
US-VA,2022-01,0.6121,0.0152,0.3623,0.0104
US-VT,2022-01,0.3018,0.4742,0.0189,0.2051
US-WA,2022-01,0.012,0.9288,0.0002,0.059
US-WI,2022-01,0.2077,0.336,0.0729,0.3835
US-WV,2022-01,0.0028,0.4583,0,0.5389
US-WY,2022-01,0,0.0495,0.0076,0.9429
CA-AB,2022-02,0.3199,0.1136,0.0158,0.5507
CA-BC,2022-02,0.0059,0.9685,0,0.0256
CA-MB,2022-02,0.0003,0.9619,0,0.0378
CA-NB,2022-02,0.1895,0.5782,0,0.2323
CA-NL,2022-02,0.0038,0.9914,0,0.0048
CA-NS,2022-02,0.192,0.3947,0,0.4133
CA-NT,2022-02,0.1018,0.8631,0,0.035
CA-NU,2022-02,1,0,0,0
CA-ON,2022-02,0.0293,0.6167,0.0261,0.3279
CA-PE,2022-02,0.0006,0,0.0005,0.9989
CA-QC,2022-02,0.0006,0.949,0,0.0504
CA-SK,2022-02,0.2556,0.5558,0.0029,0.1857
CA-YT,2022-02,0.0087,0.991,0.0004,0
US-AK,2022-02,0.0227,0.93,0,0.0473
US-AL,2022-02,0.2029,0.754,0.0431,0
US-AR,2022-02,0.2323,0.637,0.1307,0
US-AZ,2022-02,0.0146,0.396,0.4471,0.1422
US-CA,2022-02,0.0892,0.2434,0.5019,0.1655
US-CO,2022-02,0.0085,0.0699,0.1016,0.8201
US-CT,2022-02,0.5402,0.2609,0.1876,0.0114
US-DC,2022-02,0.7524,0,0.2476,0
US-DE,2022-02,0.5788,0,0.3739,0.0473
US-FL,2022-02,0.2766,0.0211,0.7023,0
US-GA,2022-02,0.3877,0.204,0.4083,0
US-HI,2022-02,0.2049,0.069,0.3934,0.3328
US-IA,2022-02,0.004,0.0183,0.0037,0.974
US-ID,2022-02,0.0434,0.6698,0.0369,0.2499
US-IL,2022-02,0.0115,0.0029,0.0306,0.955
US-IN,2022-02,0.0286,0.0216,0.0523,0.8975
US-KS,2022-02,0.0018,0.0007,0.0018,0.9957
US-KY,2022-02,0.1038,0.8894,0.0068,0
US-LA,2022-02,0.724,0.2244,0.0516,0
US-MA,2022-02,0.2855,0.2217,0.4228,0.0699
US-MD,2022-02,0.0734,0.6536,0.1173,0.1557
US-ME,2022-02,0.2129,0.3944,0.0221,0.3706
US-MI,2022-02,0.1424,0.0407,0.0332,0.7837
US-MN,2022-02,0.06,0.0482,0.0743,0.8175
US-MO,2022-02,0.0104,0.1309,0.0099,0.8488
US-MS,2022-02,0.763,0,0.237,0
US-MT,2022-02,0.0017,0.6392,0.0013,0.3578
US-NC,2022-02,0.1135,0.3153,0.5312,0.04
US-ND,2022-02,0,0.0991,0,0.9009
US-NE,2022-02,0.0065,0.0779,0.0037,0.912
US-NH,2022-02,0.3207,0.4705,0.0007,0.208
US-NJ,2022-02,0.3519,0,0.6343,0.0138
US-NM,2022-02,0.001,0.0064,0.0886,0.904
US-NV,2022-02,0.0055,0.1221,0.8403,0.0321
US-NY,2022-02,0.0486,0.7566,0.0346,0.1602
US-OH,2022-02,0.0932,0.0733,0.1009,0.7325
US-OK,2022-02,0.0087,0.0311,0.0017,0.9585
US-OR,2022-02,0.0212,0.7816,0.0244,0.1728
US-PA,2022-02,0.1794,0.2297,0.0271,0.5638
US-RI,2022-02,0.3588,0.0144,0.2318,0.395
US-SC,2022-02,0.3357,0.3178,0.3464,0
US-SD,2022-02,0.0017,0.2759,0.0001,0.7222
US-TN,2022-02,0.0393,0.9323,0.0268,0.0017
US-TX,2022-02,0.0106,0.0038,0.1366,0.849
US-UT,2022-02,0.0156,0.1234,0.7056,0.1554
US-VA,2022-02,0.4916,0.0572,0.4432,0.008
US-VT,2022-02,0.2448,0.5161,0.0388,0.2002
US-WA,2022-02,0.0143,0.8815,0.0004,0.1038
US-WI,2022-02,0.1983,0.3053,0.0999,0.3965
US-WV,2022-02,0.0023,0.4549,0,0.5428
US-WY,2022-02,0,0.047,0.0094,0.9436
CA-AB,2022-03,0.3286,0.1224,0.0316,0.5175
CA-BC,2022-03,0.0063,0.9682,0.0001,0.0254
CA-MB,2022-03,0.0003,0.9635,0,0.0362
CA-NB,2022-03,0.1081,0.7143,0,0.1776
CA-NL,2022-03,0.0033,0.9921,0,0.0046
CA-NS,2022-03,0.1573,0.4061,0,0.4366
CA-NT,2022-03,0.1006,0.8541,0.0005,0.0447
CA-NU,2022-03,1,0,0,0
CA-ON,2022-03,0.0216,0.6511,0.0363,0.291
CA-PE,2022-03,0.0006,0,0.001,0.9984
CA-QC,2022-03,0.0006,0.9442,0.0001,0.0551
CA-SK,2022-03,0.2434,0.5639,0.0032,0.1895
CA-YT,2022-03,0.0057,0.9926,0.0017,0
US-AK,2022-03,0.0179,0.9299,0,0.0522
US-AL,2022-03,0.1892,0.7535,0.0573,0
US-AR,2022-03,0.1952,0.6468,0.1581,0
US-AZ,2022-03,0.0134,0.4042,0.4613,0.1212
US-CA,2022-03,0.0661,0.2431,0.4845,0.2062
US-CO,2022-03,0.0078,0.0711,0.1031,0.818
US-CT,2022-03,0.4603,0.2742,0.2563,0.0092
US-DC,2022-03,0.7477,0,0.2523,0
US-DE,2022-03,0.5375,0,0.4135,0.0491
US-FL,2022-03,0.2504,0.0232,0.7264,0
US-GA,2022-03,0.323,0.264,0.413,0
US-HI,2022-03,0.199,0.0647,0.384,0.3524
US-IA,2022-03,0.0038,0.0209,0.0053,0.97
US-ID,2022-03,0.038,0.7083,0.0383,0.2154
US-IL,2022-03,0.0125,0.0045,0.0417,0.9413
US-IN,2022-03,0.0304,0.0263,0.0695,0.8738
US-KS,2022-03,0.0016,0.0006,0.0018,0.996
US-KY,2022-03,0.0878,0.9017,0.0104,0
US-LA,2022-03,0.6832,0.2592,0.0576,0
US-MA,2022-03,0.2117,0.2685,0.4464,0.0734
US-MD,2022-03,0.0556,0.6717,0.1324,0.1403
US-ME,2022-03,0.1835,0.458,0.0356,0.3228
US-MI,2022-03,0.1598,0.0498,0.052,0.7383
US-MN,2022-03,0.0535,0.0501,0.0922,0.8043
US-MO,2022-03,0.0107,0.1641,0.0123,0.813
US-MS,2022-03,0.7216,0,0.2784,0
US-MT,2022-03,0.0016,0.7155,0.0019,0.281
US-NC,2022-03,0.0771,0.3231,0.5597,0.0401
US-ND,2022-03,0,0.0931,0,0.9069
US-NE,2022-03,0.0055,0.07,0.0041,0.9204
US-NH,2022-03,0.268,0.5451,0.0011,0.1858
US-NJ,2022-03,0.3174,0,0.6714,0.0112
US-NM,2022-03,0.0012,0.0085,0.1043,0.886
US-NV,2022-03,0.0045,0.1935,0.769,0.033
US-NY,2022-03,0.0476,0.7566,0.0433,0.1525
US-OH,2022-03,0.0965,0.0838,0.1346,0.6851
US-OK,2022-03,0.0087,0.0338,0.002,0.9555
US-OR,2022-03,0.0235,0.7916,0.0291,0.1559
US-PA,2022-03,0.1763,0.2542,0.0262,0.5433
US-RI,2022-03,0.2437,0.0164,0.4286,0.3114
US-SC,2022-03,0.2462,0.4343,0.3195,0
US-SD,2022-03,0.0016,0.2672,0.0001,0.731
US-TN,2022-03,0.0321,0.9153,0.0509,0.0016
US-TX,2022-03,0.0061,0.0038,0.1288,0.8613
US-UT,2022-03,0.0133,0.1445,0.7495,0.0927
US-VA,2022-03,0.4025,0.0647,0.5246,0.0081
US-VT,2022-03,0.1662,0.5971,0.0543,0.1824
US-WA,2022-03,0.0153,0.8757,0.0006,0.1084
US-WI,2022-03,0.1909,0.3424,0.114,0.3528
US-WV,2022-03,0.0019,0.489,0,0.5091
US-WY,2022-03,0,0.0678,0.0151,0.9171
CA-AB,2022-04,0.3146,0.1383,0.0385,0.5086
CA-BC,2022-04,0.0066,0.974,0.0001,0.0192
CA-MB,2022-04,0.0003,0.9655,0,0.0342
CA-NB,2022-04,0.0536,0.8515,0,0.0949
CA-NL,2022-04,0.0029,0.9915,0,0.0056
CA-NS,2022-04,0.1114,0.4046,0,0.484
CA-NT,2022-04,0.1174,0.824,0.0018,0.0567
CA-NU,2022-04,1,0,0,0
CA-ON,2022-04,0.0106,0.6838,0.0502,0.2553
CA-PE,2022-04,0.0007,0,0.0011,0.9982
CA-QC,2022-04,0.0007,0.9345,0.0001,0.0648
CA-SK,2022-04,0.2064,0.631,0.0037,0.1588
CA-YT,2022-04,0.0047,0.9919,0.0035,0
US-AK,2022-04,0.0234,0.8548,0,0.1217
US-AL,2022-04,0.255,0.6599,0.0851,0
US-AR,2022-04,0.0732,0.8303,0.0966,0
US-AZ,2022-04,0.0109,0.3699,0.4887,0.1305
US-CA,2022-04,0.0514,0.2286,0.485,0.2351
US-CO,2022-04,0.0066,0.0487,0.1098,0.8349
US-CT,2022-04,0.3563,0.3498,0.2844,0.0095
US-DC,2022-04,0.7005,0,0.2995,0
US-DE,2022-04,0.4969,0,0.4656,0.0375
US-FL,2022-04,0.2376,0.0191,0.7433,0
US-GA,2022-04,0.3129,0.2086,0.4784,0
US-HI,2022-04,0.1436,0.0774,0.2793,0.4998
US-IA,2022-04,0.0034,0.0158,0.0049,0.9759
US-ID,2022-04,0.0356,0.6818,0.0431,0.2394
US-IL,2022-04,0.0091,0.0037,0.0403,0.9468
US-IN,2022-04,0.0288,0.0263,0.0727,0.8722
US-KS,2022-04,0.0015,0.0004,0.0016,0.9965
US-KY,2022-04,0.1043,0.8848,0.0109,0
US-LA,2022-04,0.5285,0.4248,0.0467,0
US-MA,2022-04,0.2023,0.2624,0.4731,0.0622
US-MD,2022-04,0.0547,0.6659,0.1678,0.1116
US-ME,2022-04,0.1479,0.5116,0.0406,0.2999
US-MI,2022-04,0.1677,0.0649,0.0619,0.7055
US-MN,2022-04,0.044,0.0401,0.0803,0.8356
US-MO,2022-04,0.0061,0.1567,0.0162,0.8209
US-MS,2022-04,0.6984,0,0.3016,0
US-MT,2022-04,0.0016,0.7333,0.0024,0.2626
US-NC,2022-04,0.0747,0.1605,0.7321,0.0327
US-ND,2022-04,0,0.071,0,0.929
US-NE,2022-04,0.0059,0.0554,0.0041,0.9346
US-NH,2022-04,0.2043,0.6271,0.0013,0.1673
US-NJ,2022-04,0.2662,0,0.7232,0.0106
US-NM,2022-04,0.0008,0.0063,0.1142,0.8787
US-NV,2022-04,0.0037,0.1476,0.8241,0.0247
US-NY,2022-04,0.0525,0.7379,0.0575,0.1521
US-OH,2022-04,0.0996,0.0878,0.1576,0.6549
US-OK,2022-04,0.0052,0.0605,0.0019,0.9324
US-OR,2022-04,0.0277,0.6369,0.0522,0.2833
US-PA,2022-04,0.208,0.2487,0.035,0.5083
US-RI,2022-04,0.1639,0.0189,0.6003,0.2169
US-SC,2022-04,0.26,0.3429,0.3971,0
US-SD,2022-04,0.0017,0.2185,0.0001,0.7798
US-TN,2022-04,0.0474,0.857,0.0936,0.0021
US-TX,2022-04,0.0069,0.0061,0.1217,0.8653
US-UT,2022-04,0.0124,0.111,0.7052,0.1714
US-VA,2022-04,0.35,0.0353,0.6083,0.0064
US-VT,2022-04,0.0632,0.7009,0.0781,0.1578
US-WA,2022-04,0.0189,0.8291,0.0009,0.151
US-WI,2022-04,0.1466,0.3415,0.1149,0.397
US-WV,2022-04,0.0022,0.5042,0,0.4936
US-WY,2022-04,0,0.0644,0.0165,0.9191
CA-AB,2022-05,0.2928,0.1423,0.051,0.514
CA-BC,2022-05,0.005,0.9762,0.0001,0.0187
CA-MB,2022-05,0.0002,0.9735,0,0.0263
CA-NB,2022-05,0.0301,0.8903,0,0.0796
CA-NL,2022-05,0.0021,0.995,0,0.0029
CA-NS,2022-05,0.1128,0.4808,0,0.4065
CA-NT,2022-05,0.1179,0.8271,0.0016,0.0534
CA-NU,2022-05,1,0,0,0
CA-ON,2022-05,0.0155,0.7398,0.0525,0.1922
CA-PE,2022-05,0.001,0,0.0019,0.9971
CA-QC,2022-05,0.0008,0.9485,0.0001,0.0506
CA-SK,2022-05,0.2288,0.4602,0.0045,0.3066
CA-YT,2022-05,0.0035,0.9929,0.0036,0
US-AK,2022-05,0.0186,0.9066,0,0.0748
US-AL,2022-05,0.2203,0.6948,0.0849,0
US-AR,2022-05,0.125,0.7427,0.1324,0
US-AZ,2022-05,0.0127,0.3303,0.5334,0.1236
US-CA,2022-05,0.0479,0.2085,0.5031,0.2405
US-CO,2022-05,0.0059,0.0715,0.1278,0.7947
US-CT,2022-05,0.4022,0.2538,0.3374,0.0065
US-DC,2022-05,0.6779,0,0.3221,0
US-DE,2022-05,0.472,0,0.492,0.036
US-FL,2022-05,0.2166,0.0133,0.7701,0
US-GA,2022-05,0.3502,0.1132,0.5366,0
US-HI,2022-05,0.1656,0.083,0.3049,0.4465
US-IA,2022-05,0.0049,0.0262,0.0075,0.9614
US-ID,2022-05,0.0338,0.7154,0.0453,0.2056
US-IL,2022-05,0.0102,0.0047,0.0583,0.9267
US-IN,2022-05,0.0324,0.032,0.1093,0.8263
US-KS,2022-05,0.0021,0.0013,0.0025,0.9942
US-KY,2022-05,0.0899,0.8992,0.0109,0
US-LA,2022-05,0.5991,0.3435,0.0573,0
US-MA,2022-05,0.2151,0.2089,0.5318,0.0442
US-MD,2022-05,0.0812,0.5943,0.2103,0.1142
US-ME,2022-05,0.1198,0.5396,0.0758,0.2647
US-MI,2022-05,0.1803,0.0781,0.0873,0.6542
US-MN,2022-05,0.0749,0.0537,0.1319,0.7395
US-MO,2022-05,0.0109,0.2541,0.0171,0.7179
US-MS,2022-05,0.6753,0,0.3247,0
US-MT,2022-05,0.0015,0.7675,0.0027,0.2283
US-NC,2022-05,0.0859,0.1914,0.6899,0.0327
US-ND,2022-05,0,0.0989,0,0.9011
US-NE,2022-05,0.0089,0.0922,0.007,0.8919
US-NH,2022-05,0.3061,0.5745,0.002,0.1175
US-NJ,2022-05,0.2535,0,0.737,0.0095
US-NM,2022-05,0.0007,0.0079,0.1442,0.8472
US-NV,2022-05,0.003,0.193,0.7812,0.0228
US-NY,2022-05,0.056,0.7837,0.0582,0.1021
US-OH,2022-05,0.1045,0.0971,0.2153,0.5832
US-OK,2022-05,0.0073,0.0514,0.0022,0.9391
US-OR,2022-05,0.0161,0.663,0.0509,0.2701
US-PA,2022-05,0.2401,0.2672,0.0396,0.4531
US-RI,2022-05,0.2566,0.0094,0.5184,0.2156
US-SC,2022-05,0.3142,0.2129,0.473,0
US-SD,2022-05,0.0023,0.3551,0.0002,0.6424
US-TN,2022-05,0.0429,0.869,0.0865,0.0016
US-TX,2022-05,0.0092,0.0048,0.1367,0.8493
US-UT,2022-05,0.0109,0.1106,0.7468,0.1316
US-VA,2022-05,0.4184,0,0.5749,0.0068
US-VT,2022-05,0.0969,0.6403,0.1343,0.1285
US-WA,2022-05,0.0097,0.8768,0.0007,0.1128
US-WI,2022-05,0.1667,0.3761,0.1675,0.2896
US-WV,2022-05,0.0028,0.5121,0,0.4852
US-WY,2022-05,0,0.0893,0.0224,0.8883
CA-AB,2022-06,0.2847,0.1771,0.0587,0.4795
CA-BC,2022-06,0.005,0.9754,0.0001,0.0195
CA-MB,2022-06,0.0002,0.9799,0,0.0199
CA-NB,2022-06,0.0179,0.9134,0,0.0687
CA-NL,2022-06,0.0013,0.9961,0,0.0025
CA-NS,2022-06,0.2522,0.1952,0,0.5526
CA-NT,2022-06,0.1187,0.837,0.0016,0.0427
CA-NU,2022-06,1,0,0,0
CA-ON,2022-06,0.0179,0.7324,0.06,0.1897
CA-PE,2022-06,0.0015,0,0.0024,0.9962
CA-QC,2022-06,0.0008,0.9558,0.0001,0.0433
CA-SK,2022-06,0.2061,0.5182,0.0051,0.2707
CA-YT,2022-06,0.003,0.9936,0.0034,0
US-AK,2022-06,0.0168,0.917,0,0.0662
US-AL,2022-06,0.2135,0.7059,0.0806,0
US-AR,2022-06,0.1175,0.7358,0.1467,0
US-AZ,2022-06,0.0128,0.3428,0.5354,0.109
US-CA,2022-06,0.0543,0.212,0.534,0.1998
US-CO,2022-06,0.0075,0.0802,0.1202,0.7921
US-CT,2022-06,0.3499,0.1698,0.4726,0.0077
US-DC,2022-06,0.6637,0,0.3363,0
US-DE,2022-06,0.4642,0,0.5131,0.0228
US-FL,2022-06,0.2346,0.0097,0.7557,0
US-GA,2022-06,0.3523,0.0828,0.5649,0
US-HI,2022-06,0.1815,0.0975,0.3241,0.397
US-IA,2022-06,0.0059,0.0373,0.0126,0.9442
US-ID,2022-06,0.0357,0.7416,0.06,0.1627
US-IL,2022-06,0.0146,0.0078,0.1063,0.8713
US-IN,2022-06,0.0427,0.0466,0.1997,0.711
US-KS,2022-06,0.0023,0.0016,0.004,0.9921
US-KY,2022-06,0.0705,0.9191,0.0104,0
US-LA,2022-06,0.5945,0.3486,0.0568,0
US-MA,2022-06,0.2582,0.0349,0.6521,0.0548
US-MD,2022-06,0.1149,0.3819,0.3558,0.1474
US-ME,2022-06,0.2653,0.3228,0.097,0.3149
US-MI,2022-06,0.2087,0.0431,0.1274,0.6208
US-MN,2022-06,0.0784,0.0657,0.1704,0.6855
US-MO,2022-06,0.0168,0.3039,0.0223,0.657
US-MS,2022-06,0.692,0,0.308,0
US-MT,2022-06,0.0022,0.7986,0.0034,0.1958
US-NC,2022-06,0.0834,0.2175,0.6837,0.0154
US-ND,2022-06,0,0.1418,0,0.8582
US-NE,2022-06,0.0077,0.113,0.0091,0.8702
US-NH,2022-06,0.4197,0.3941,0.0027,0.1835
US-NJ,2022-06,0.2596,0,0.7344,0.006
US-NM,2022-06,0.0007,0.0081,0.1426,0.8486
US-NV,2022-06,0.0034,0.1583,0.8152,0.0231
US-NY,2022-06,0.0556,0.7712,0.0617,0.1115
US-OH,2022-06,0.1088,0.1159,0.3168,0.4585
US-OK,2022-06,0.008,0.0587,0.0028,0.9306
US-OR,2022-06,0.0135,0.7879,0.0442,0.1545
US-PA,2022-06,0.2397,0.2778,0.0482,0.4343
US-RI,2022-06,0.2727,0.0044,0.5801,0.1429
US-SC,2022-06,0.3421,0.1151,0.5428,0
US-SD,2022-06,0.0021,0.3835,0.0002,0.6141
US-TN,2022-06,0.0356,0.8822,0.0811,0.0011
US-TX,2022-06,0.0115,0.0053,0.1917,0.7915
US-UT,2022-06,0.0105,0.0966,0.7668,0.1261
US-VA,2022-06,0.3714,0,0.6252,0.0034
US-VT,2022-06,0.2006,0.4138,0.168,0.2176
US-WA,2022-06,0.0083,0.9241,0.0006,0.067
US-WI,2022-06,0.1874,0.3719,0.1985,0.2422
US-WV,2022-06,0.0037,0.4531,0,0.5432
US-WY,2022-06,0,0.105,0.0329,0.8621
CA-AB,2022-07,0.3184,0.2938,0.0919,0.296
CA-BC,2022-07,0.0051,0.976,0.0001,0.0188
CA-MB,2022-07,0.0002,0.9856,0,0.0142
CA-NB,2022-07,0.0818,0.7538,0,0.1644
CA-NL,2022-07,0.0011,0.9944,0,0.0045
CA-NS,2022-07,0.233,0.1557,0,0.6113
CA-NT,2022-07,0.1139,0.8417,0.0016,0.0429
CA-NU,2022-07,1,0,0,0
CA-ON,2022-07,0.0349,0.7142,0.065,0.1859
CA-PE,2022-07,0.0009,0,0.0024,0.9967
CA-QC,2022-07,0.0007,0.9492,0.0001,0.0499
CA-SK,2022-07,0.1954,0.6256,0.0076,0.1715
CA-YT,2022-07,0.0041,0.9927,0.0032,0
US-AK,2022-07,0.0179,0.8821,0,0.1
US-AL,2022-07,0.2204,0.7074,0.0722,0
US-AR,2022-07,0.1856,0.6186,0.1958,0
US-AZ,2022-07,0.012,0.4039,0.4983,0.0857
US-CA,2022-07,0.0597,0.2313,0.507,0.202
US-CO,2022-07,0.0087,0.0904,0.1556,0.7453
US-CT,2022-07,0.3603,0.1021,0.5292,0.0084
US-DC,2022-07,0.6659,0,0.3341,0
US-DE,2022-07,0.5102,0,0.4821,0.0077
US-FL,2022-07,0.2513,0.0077,0.741,0
US-GA,2022-07,0.3848,0.1183,0.4969,0
US-HI,2022-07,0.1481,0.0477,0.2893,0.5148
US-IA,2022-07,0.0083,0.0428,0.021,0.928
US-ID,2022-07,0.038,0.7899,0.0655,0.1066
US-IL,2022-07,0.0176,0.0083,0.1324,0.8417
US-IN,2022-07,0.0479,0.0434,0.2053,0.7034
US-KS,2022-07,0.0027,0.002,0.0052,0.99
US-KY,2022-07,0.0799,0.911,0.0091,0
US-LA,2022-07,0.6725,0.2626,0.0649,0
US-MA,2022-07,0.2455,0,0.7108,0.0437
US-MD,2022-07,0.1912,0.2421,0.4132,0.1535
US-ME,2022-07,0.3477,0.1897,0.1127,0.3498
US-MI,2022-07,0.2183,0,0.1432,0.6385
US-MN,2022-07,0.0813,0.0718,0.1915,0.6555
US-MO,2022-07,0.0225,0.2483,0.0299,0.6994
US-MS,2022-07,0.7198,0,0.2802,0
US-MT,2022-07,0.0022,0.8416,0.0039,0.1522
US-NC,2022-07,0.1019,0.17,0.7069,0.0212
US-ND,2022-07,0,0.1582,0,0.8418
US-NE,2022-07,0.0082,0.1221,0.0098,0.8599
US-NH,2022-07,0.4967,0.2571,0.0034,0.2427
US-NJ,2022-07,0.2549,0,0.7391,0.006
US-NM,2022-07,0.0012,0.0116,0.2071,0.7801
US-NV,2022-07,0.0038,0.1469,0.8187,0.0306
US-NY,2022-07,0.054,0.779,0.0639,0.1031
US-OH,2022-07,0.1339,0.1093,0.3238,0.433
US-OK,2022-07,0.009,0.0371,0.0034,0.9505
US-OR,2022-07,0.0231,0.7162,0.0536,0.2071
US-PA,2022-07,0.2831,0.2939,0.0481,0.3749
US-RI,2022-07,0.2549,0.0018,0.5787,0.1646
US-SC,2022-07,0.4123,0,0.5877,0
US-SD,2022-07,0.0023,0.3784,0.0002,0.6191
US-TN,2022-07,0.039,0.8769,0.0831,0.001
US-TX,2022-07,0.0121,0.0036,0.2242,0.7601
US-UT,2022-07,0.0113,0.1074,0.7541,0.1272
US-VA,2022-07,0.3959,0,0.6007,0.0034
US-VT,2022-07,0.3706,0.2495,0.1885,0.1914
US-WA,2022-07,0.0113,0.9364,0.0008,0.0515
US-WI,2022-07,0.2345,0.3091,0.2522,0.2041
US-WV,2022-07,0.0047,0.4298,0,0.5655
US-WY,2022-07,0,0.1367,0.0407,0.8227
CA-AB,2022-08,0.3529,0.2182,0.0783,0.3505
CA-BC,2022-08,0.0053,0.9773,0.0002,0.0172
CA-MB,2022-08,0.0001,0.9865,0,0.0134
CA-NB,2022-08,0.1445,0.731,0,0.1245
CA-NL,2022-08,0.0005,0.9958,0,0.0037
CA-NS,2022-08,0.3493,0.0752,0,0.5755
CA-NT,2022-08,0.1403,0.7894,0.0015,0.0688
CA-NU,2022-08,1,0,0,0
CA-ON,2022-08,0.038,0.7396,0.061,0.1613
CA-PE,2022-08,0.0012,0,0.0028,0.9959
CA-QC,2022-08,0.0008,0.9651,0.0001,0.034
CA-SK,2022-08,0.2333,0.5415,0.009,0.2162
CA-YT,2022-08,0.0029,0.995,0.0021,0
US-AK,2022-08,0.0219,0.9031,0,0.0749
US-AL,2022-08,0.2488,0.693,0.0582,0
US-AR,2022-08,0.1934,0.6101,0.1965,0
US-AZ,2022-08,0.015,0.39,0.5432,0.0518
US-CA,2022-08,0.0643,0.2429,0.5189,0.1739
US-CO,2022-08,0.0091,0.0852,0.1664,0.7393
US-CT,2022-08,0.375,0.0965,0.5223,0.0063
US-DC,2022-08,0.6723,0,0.3277,0
US-DE,2022-08,0.4907,0,0.5091,0.0002
US-FL,2022-08,0.2434,0.0096,0.747,0
US-GA,2022-08,0.3786,0.1773,0.4441,0
US-HI,2022-08,0.1454,0.0508,0.4333,0.3705
US-IA,2022-08,0.009,0.0347,0.0256,0.9307
US-ID,2022-08,0.0397,0.7602,0.0662,0.1339
US-IL,2022-08,0.0162,0.0091,0.1705,0.8041
US-IN,2022-08,0.0523,0.0544,0.2145,0.6788
US-KS,2022-08,0.0031,0.0008,0.0055,0.9906
US-KY,2022-08,0.065,0.9262,0.0088,0
US-LA,2022-08,0.7128,0.2322,0.055,0
US-MA,2022-08,0.2595,0,0.7076,0.0329
US-MD,2022-08,0.177,0.2123,0.4844,0.1263
US-ME,2022-08,0.4172,0.2104,0.1242,0.2482
US-MI,2022-08,0.2478,0.0039,0.1491,0.5992
US-MN,2022-08,0.0871,0.0665,0.1752,0.6712
US-MO,2022-08,0.026,0.2147,0.0334,0.7259
US-MS,2022-08,0.7642,0,0.2358,0
US-MT,2022-08,0.0025,0.8109,0.0041,0.1824
US-NC,2022-08,0.0935,0.2594,0.6357,0.0114
US-ND,2022-08,0,0.1232,0,0.8768
US-NE,2022-08,0.0077,0.1012,0.0091,0.882
US-NH,2022-08,0.5556,0.2626,0.0035,0.1784
US-NJ,2022-08,0.2568,0,0.7387,0.0045
US-NM,2022-08,0.0017,0.0117,0.2108,0.7759
US-NV,2022-08,0.0042,0.1205,0.8608,0.0145
US-NY,2022-08,0.0576,0.795,0.0698,0.0775
US-OH,2022-08,0.1457,0.1405,0.351,0.3629
US-OK,2022-08,0.0104,0.0425,0.0029,0.9442
US-OR,2022-08,0.0258,0.6705,0.0558,0.248
US-PA,2022-08,0.3139,0.3113,0.0544,0.3205
US-RI,2022-08,0.2767,0.0016,0.5803,0.1414
US-SC,2022-08,0.4128,0.0794,0.5078,0
US-SD,2022-08,0.0025,0.3451,0.0002,0.6522
US-TN,2022-08,0.0434,0.8711,0.0845,0.001
US-TX,2022-08,0.0161,0.0043,0.2492,0.7304
US-UT,2022-08,0.0128,0.1047,0.7928,0.0897
US-VA,2022-08,0.4002,0,0.5974,0.0024
US-VT,2022-08,0.3763,0.2601,0.2184,0.1451
US-WA,2022-08,0.0153,0.9087,0.0008,0.0752
US-WI,2022-08,0.2443,0.3654,0.2203,0.17
US-WV,2022-08,0.0045,0.5203,0,0.4752
US-WY,2022-08,0,0.129,0.0405,0.8305
CA-AB,2022-09,0.334,0.1968,0.1038,0.3655
CA-BC,2022-09,0.006,0.9694,0.0001,0.0245
CA-MB,2022-09,0.0002,0.9753,0,0.0246
CA-NB,2022-09,0.1273,0.6134,0,0.2594
CA-NL,2022-09,0.0007,0.9938,0,0.0055
CA-NS,2022-09,0.2311,0.096,0,0.6728
CA-NT,2022-09,0.1204,0.7667,0.0012,0.1118
CA-NU,2022-09,1,0,0,0
CA-ON,2022-09,0.0247,0.7272,0.0526,0.1955
CA-PE,2022-09,0.0009,0,0.0018,0.9972
CA-QC,2022-09,0.0008,0.9495,0.0001,0.0496
CA-SK,2022-09,0.2213,0.4862,0.0077,0.2848
CA-YT,2022-09,0.0039,0.9949,0.0012,0
US-AK,2022-09,0.027,0.8901,0,0.0829
US-AL,2022-09,0.251,0.6586,0.0904,0
US-AR,2022-09,0.2003,0.6152,0.1845,0
US-AZ,2022-09,0.0158,0.3498,0.5443,0.09
US-CA,2022-09,0.0726,0.2631,0.5124,0.1519
US-CO,2022-09,0.0087,0.0562,0.1485,0.7866
US-CT,2022-09,0.358,0.1847,0.4477,0.0096
US-DC,2022-09,0.6954,0,0.3046,0
US-DE,2022-09,0.5022,0,0.4766,0.0212
US-FL,2022-09,0.2506,0.0123,0.7371,0
US-GA,2022-09,0.374,0.1647,0.4613,0
US-HI,2022-09,0.1626,0.0633,0.4176,0.3566
US-IA,2022-09,0.0063,0.0183,0.0144,0.961
US-ID,2022-09,0.0475,0.6952,0.0616,0.1957
US-IL,2022-09,0.0146,0.0055,0.1279,0.852
US-IN,2022-09,0.0495,0.048,0.1612,0.7413
US-KS,2022-09,0.0023,0.0005,0.0036,0.9936
US-KY,2022-09,0.106,0.883,0.011,0
US-LA,2022-09,0.6502,0.2475,0.1023,0
US-MA,2022-09,0.2779,0.074,0.5908,0.0573
US-MD,2022-09,0.1335,0.3689,0.3398,0.1578
US-ME,2022-09,0.2741,0.3101,0.0842,0.3316
US-MI,2022-09,0.2366,0.0205,0.1033,0.6396
US-MN,2022-09,0.0617,0.0458,0.1508,0.7417
US-MO,2022-09,0.0114,0.1274,0.0261,0.8351
US-MS,2022-09,0.6665,0,0.3335,0
US-MT,2022-09,0.0029,0.7614,0.0034,0.2323
US-NC,2022-09,0.0981,0.2283,0.6511,0.0224
US-ND,2022-09,0,0.0817,0,0.9183
US-NE,2022-09,0.0068,0.0682,0.0091,0.916
US-NH,2022-09,0.4285,0.3766,0.0022,0.1928
US-NJ,2022-09,0.2784,0,0.7145,0.0071
US-NM,2022-09,0.0012,0.007,0.1593,0.8325
US-NV,2022-09,0.0041,0.1077,0.8667,0.0215
US-NY,2022-09,0.0529,0.7965,0.0632,0.0874
US-OH,2022-09,0.1192,0.1365,0.2881,0.4561
US-OK,2022-09,0.004,0.0428,0.0025,0.9507
US-OR,2022-09,0.0273,0.6728,0.0517,0.2481
US-PA,2022-09,0.2283,0.2742,0.0446,0.4529
US-RI,2022-09,0.2318,0.0042,0.5409,0.2231
US-SC,2022-09,0.3608,0.1619,0.4774,0
US-SD,2022-09,0.0023,0.2633,0.0002,0.7342
US-TN,2022-09,0.0578,0.8327,0.1081,0.0014
US-TX,2022-09,0.0159,0.0051,0.2721,0.7069
US-UT,2022-09,0.014,0.0894,0.7949,0.1017
US-VA,2022-09,0.3654,0,0.6302,0.0044
US-VT,2022-09,0.1145,0.5068,0.1548,0.2238
US-WA,2022-09,0.0216,0.8697,0.0008,0.1079
US-WI,2022-09,0.2235,0.3756,0.168,0.2329
US-WV,2022-09,0.003,0.4137,0,0.5833
US-WY,2022-09,0,0.0949,0.0329,0.8722
CA-AB,2022-10,0.3275,0.1043,0.1043,0.464
CA-BC,2022-10,0.0074,0.9609,0.0001,0.0315
CA-MB,2022-10,0.0002,0.9715,0,0.0283
CA-NB,2022-10,0.0629,0.778,0,0.1592
CA-NL,2022-10,0.0017,0.9946,0,0.0037
CA-NS,2022-10,0.1831,0.1953,0,0.6216
CA-NT,2022-10,0.1164,0.7879,0.0005,0.0952
CA-NU,2022-10,1,0,0,0
CA-ON,2022-10,0.0188,0.669,0.0364,0.2758
CA-PE,2022-10,0.0012,0,0.0015,0.9972
CA-QC,2022-10,0.0009,0.9396,0.0001,0.0594
CA-SK,2022-10,0.2223,0.4336,0.0061,0.338
CA-YT,2022-10,0.0103,0.9892,0.0005,0
US-AK,2022-10,0.0322,0.8889,0,0.0789
US-AL,2022-10,0.2465,0.659,0.0945,0
US-AR,2022-10,0.207,0.5879,0.2051,0
US-AZ,2022-10,0.0138,0.3054,0.6033,0.0776
US-CA,2022-10,0.0836,0.1699,0.5962,0.1503
US-CO,2022-10,0.0112,0.0489,0.1439,0.7961
US-CT,2022-10,0.3586,0.2392,0.3907,0.0115
US-DC,2022-10,0.7204,0,0.2796,0
US-DE,2022-10,0.5886,0,0.411,0.0004
US-FL,2022-10,0.2437,0.0089,0.7474,0
US-GA,2022-10,0.3836,0.0711,0.5453,0
US-HI,2022-10,0.1917,0.095,0.417,0.2964
US-IA,2022-10,0.0041,0.0136,0.0115,0.9708
US-ID,2022-10,0.053,0.6638,0.0614,0.2218
US-IL,2022-10,0.0089,0.0028,0.0677,0.9206
US-IN,2022-10,0.0268,0.0225,0.0823,0.8685
US-KS,2022-10,0.0023,0.0005,0.0031,0.9941
US-KY,2022-10,0.1049,0.8829,0.0121,0
US-LA,2022-10,0.6871,0.2088,0.1041,0
US-MA,2022-10,0.3084,0.0957,0.5211,0.0748
US-MD,2022-10,0.133,0.3723,0.2886,0.2061
US-ME,2022-10,0.2156,0.3842,0.0694,0.3309
US-MI,2022-10,0.1655,0.0383,0.0591,0.7371
US-MN,2022-10,0.0443,0.0342,0.0866,0.8349
US-MO,2022-10,0.0108,0.0992,0.0222,0.8677
US-MS,2022-10,0.6229,0,0.3771,0
US-MT,2022-10,0.0029,0.6549,0.0028,0.3394
US-NC,2022-10,0.1194,0.2093,0.6445,0.0268
US-ND,2022-10,0,0.0704,0,0.9296
US-NE,2022-10,0.0051,0.0529,0.0063,0.9358
US-NH,2022-10,0.3364,0.4932,0.0019,0.1685
US-NJ,2022-10,0.2854,0,0.7037,0.0109
US-NM,2022-10,0.0014,0.006,0.1241,0.8685
US-NV,2022-10,0.0047,0.1135,0.865,0.0168
US-NY,2022-10,0.0542,0.7429,0.0604,0.1425
US-OH,2022-10,0.0988,0.0775,0.1724,0.6512
US-OK,2022-10,0.0103,0.0305,0.0022,0.957
US-OR,2022-10,0.0328,0.6737,0.0507,0.2428
US-PA,2022-10,0.2048,0.2765,0.0275,0.4912
US-RI,2022-10,0.321,0.0071,0.4076,0.2642
US-SC,2022-10,0.3559,0.1377,0.5063,0
US-SD,2022-10,0.0018,0.2054,0.0001,0.7926
US-TN,2022-10,0.0628,0.8244,0.1109,0.0019
US-TX,2022-10,0.0126,0.0032,0.1868,0.7974
US-UT,2022-10,0.0155,0.0833,0.8167,0.0846
US-VA,2022-10,0.4136,0,0.5807,0.0057
US-VT,2022-10,0.0852,0.5704,0.1308,0.2135
US-WA,2022-10,0.0262,0.8358,0.0027,0.1353
US-WI,2022-10,0.206,0.2998,0.1588,0.3354
US-WV,2022-10,0.0031,0.3025,0,0.6943
US-WY,2022-10,0,0.0579,0.0201,0.922
CA-AB,2022-11,0.301,0.0869,0.0517,0.5603
CA-BC,2022-11,0.0054,0.9676,0,0.027
CA-MB,2022-11,0.0002,0.967,0,0.0327
CA-NB,2022-11,0.0567,0.7927,0,0.1505
CA-NL,2022-11,0.002,0.9925,0,0.0055
CA-NS,2022-11,0.1578,0.1999,0,0.6423
CA-NT,2022-11,0.1256,0.8114,0.0002,0.0629
CA-NU,2022-11,1,0,0,0
CA-ON,2022-11,0.0162,0.6683,0.0206,0.295
CA-PE,2022-11,0.0006,0,0.0005,0.9989
CA-QC,2022-11,0.0008,0.9344,0,0.0647
CA-SK,2022-11,0.2249,0.3951,0.0027,0.3773
CA-YT,2022-11,0.015,0.9849,0.0001,0
US-AK,2022-11,0.0278,0.8661,0,0.106
US-AL,2022-11,0.2759,0.677,0.0471,0
US-AR,2022-11,0.2117,0.6639,0.1243,0
US-AZ,2022-11,0.0178,0.3772,0.4495,0.1556
US-CA,2022-11,0.0891,0.1871,0.5383,0.1854
US-CO,2022-11,0.0073,0.0412,0.0768,0.8747
US-CT,2022-11,0.405,0.2893,0.3057,0
US-DC,2022-11,0.7892,0,0.2108,0
US-DE,2022-11,0.6154,0,0.3489,0.0357
US-FL,2022-11,0.3177,0.0143,0.6679,0
US-GA,2022-11,0.4963,0.1281,0.3756,0
US-HI,2022-11,0.1769,0.0464,0.3197,0.4569
US-IA,2022-11,0.0032,0.0126,0.0047,0.9794
US-ID,2022-11,0.0262,0.684,0.024,0.2657
US-IL,2022-11,0.0072,0.0031,0.0376,0.9521
US-IN,2022-11,0.0249,0.0278,0.047,0.9003
US-KS,2022-11,0.0017,0.0003,0.0009,0.9971
US-KY,2022-11,0.1106,0.8831,0.0063,0
US-LA,2022-11,0.6816,0.2551,0.0634,0
US-MA,2022-11,0.3187,0.1118,0.4659,0.1037
US-MD,2022-11,0.1,0.4704,0.2136,0.2161
US-ME,2022-11,0.2252,0.323,0.0394,0.4124
US-MI,2022-11,0.1496,0.0356,0.0335,0.7813
US-MN,2022-11,0.058,0.0376,0.0419,0.8625
US-MO,2022-11,0.0115,0.0995,0.0106,0.8784
US-MS,2022-11,0.7384,0,0.2616,0
US-MT,2022-11,0.0019,0.5755,0.0008,0.4219
US-NC,2022-11,0.132,0.2353,0.5886,0.0441
US-ND,2022-11,0,0.0773,0,0.9227
US-NE,2022-11,0.0046,0.05,0.0026,0.9428
US-NH,2022-11,0.3309,0.4191,0.001,0.249
US-NJ,2022-11,0.3699,0,0.6175,0.0126
US-NM,2022-11,0.001,0.006,0.0838,0.9092
US-NV,2022-11,0.0054,0.2222,0.7206,0.0518
US-NY,2022-11,0.0535,0.7345,0.0421,0.17
US-OH,2022-11,0.0792,0.0964,0.0951,0.7293
US-OK,2022-11,0.0073,0.0318,0.0011,0.9598
US-OR,2022-11,0.0278,0.7699,0.0214,0.1809
US-PA,2022-11,0.1889,0.2201,0.0202,0.5709
US-RI,2022-11,0.2102,0.0102,0.3907,0.3889
US-SC,2022-11,0.4997,0.1033,0.397,0
US-SD,2022-11,0.0018,0.2361,0.0001,0.762
US-TN,2022-11,0.0506,0.8882,0.0593,0.002
US-TX,2022-11,0.0081,0.0036,0.1081,0.8802
US-UT,2022-11,0.0184,0.1297,0.6452,0.2067
US-VA,2022-11,0.5265,0,0.4644,0.0092
US-VT,2022-11,0.201,0.5061,0.061,0.2319
US-WA,2022-11,0.0185,0.8844,0.0023,0.0947
US-WI,2022-11,0.1996,0.3567,0.0797,0.3641
US-WV,2022-11,0.0024,0.2987,0,0.6988
US-WY,2022-11,0,0.0579,0.0086,0.9336
CA-AB,2022-12,0.3652,0.1072,0.0356,0.492
CA-BC,2022-12,0.0046,0.9776,0,0.0178
CA-MB,2022-12,0.0002,0.9789,0,0.0209
CA-NB,2022-12,0.0978,0.816,0,0.0863
CA-NL,2022-12,0.0025,0.9927,0,0.0048
CA-NS,2022-12,0.1779,0.3288,0,0.4932
CA-NT,2022-12,0.1339,0.8008,0.0002,0.0652
CA-NU,2022-12,1,0,0,0
CA-ON,2022-12,0.0288,0.6723,0.0127,0.2863
CA-PE,2022-12,0.0011,0,0.0002,0.9987
CA-QC,2022-12,0.0007,0.9507,0,0.0486
CA-SK,2022-12,0.2216,0.4871,0.0021,0.2892
CA-YT,2022-12,0.0263,0.9737,0,0
US-AK,2022-12,0.0203,0.9112,0,0.0685
US-AL,2022-12,0.2167,0.7579,0.0253,0
US-AR,2022-12,0.1314,0.8086,0.06,0
US-AZ,2022-12,0.0203,0.4218,0.418,0.1399
US-CA,2022-12,0.1041,0.2901,0.4138,0.192
US-CO,2022-12,0.0061,0.0349,0.0773,0.8817
US-CT,2022-12,0.3733,0.4215,0.1901,0.0151
US-DC,2022-12,0.8014,0,0.1986,0
US-DE,2022-12,0.6009,0,0.3547,0.0445
US-FL,2022-12,0.3253,0.0234,0.6513,0
US-GA,2022-12,0.4283,0.2192,0.3524,0
US-HI,2022-12,0.1804,0.0769,0.331,0.4116
US-IA,2022-12,0.0039,0.0165,0.0035,0.9761
US-ID,2022-12,0.0478,0.6194,0.0218,0.3111
US-IL,2022-12,0.0076,0.0039,0.0259,0.9626
US-IN,2022-12,0.023,0.0298,0.0289,0.9183
US-KS,2022-12,0.0019,0.0003,0.0011,0.9967
US-KY,2022-12,0.0651,0.9236,0.0113,0
US-LA,2022-12,0.5882,0.3689,0.0429,0
US-MA,2022-12,0.3369,0.2574,0.3355,0.0702
US-MD,2022-12,0.0807,0.659,0.1441,0.1162
US-ME,2022-12,0.2164,0.3979,0.0216,0.3641
US-MI,2022-12,0.158,0.0322,0.0158,0.7941
US-MN,2022-12,0.0606,0.0436,0.0223,0.8734
US-MO,2022-12,0.0094,0.1102,0.0068,0.8736
US-MS,2022-12,0.8197,0,0.1803,0
US-MT,2022-12,0.0023,0.5622,0.0006,0.4349
US-NC,2022-12,0.1272,0.4438,0.3953,0.0337
US-ND,2022-12,0,0.1031,0,0.8969
US-NE,2022-12,0.0049,0.0629,0.0018,0.9304
US-NH,2022-12,0.2945,0.5149,0.0006,0.1899
US-NJ,2022-12,0.4369,0,0.5468,0.0164
US-NM,2022-12,0.001,0.0044,0.0618,0.9328
US-NV,2022-12,0.0077,0.1531,0.7857,0.0535
US-NY,2022-12,0.0555,0.7447,0.0316,0.1682
US-OH,2022-12,0.0801,0.1127,0.0662,0.7409
US-OK,2022-12,0.0071,0.0515,0.001,0.9405
US-OR,2022-12,0.0277,0.8155,0.0143,0.1425
US-PA,2022-12,0.2013,0.2458,0.0174,0.5356
US-RI,2022-12,0.3413,0.0138,0.2323,0.4126
US-SC,2022-12,0.3601,0.4106,0.2294,0
US-SD,2022-12,0.0021,0.2892,0,0.7087
US-TN,2022-12,0.0473,0.9148,0.0361,0.0017
US-TX,2022-12,0.0102,0.0062,0.1022,0.8814
US-UT,2022-12,0.0246,0.14,0.5687,0.2667
US-VA,2022-12,0.5748,0.0347,0.3818,0.0087
US-VT,2022-12,0.2236,0.5606,0.0205,0.1953
US-WA,2022-12,0.0192,0.8976,0.0017,0.0814
US-WI,2022-12,0.2192,0.3545,0.0572,0.3691
US-WV,2022-12,0.0025,0.5253,0,0.4721
US-WY,2022-12,0,0.0354,0.0044,0.9601
CA-AB,2023-01,0.2694,0.0846,0.0424,0.6036
CA-BC,2023-01,0.006,0.9711,0,0.0229
CA-MB,2023-01,0.0002,0.9794,0,0.0203
CA-NB,2023-01,0.1259,0.7857,0,0.0884
CA-NL,2023-01,0.0022,0.9941,0,0.0036
CA-NS,2023-01,0.1629,0.5208,0,0.3163
CA-NT,2023-01,0.1031,0.8611,0,0.0358
CA-NU,2023-01,1,0,0,0
CA-ON,2023-01,0.0235,0.7458,0.0126,0.2181
CA-PE,2023-01,0.0007,0,0.0003,0.999
CA-QC,2023-01,0.0006,0.9652,0,0.0342
CA-SK,2023-01,0.2131,0.5166,0.0033,0.267
CA-YT,2023-01,0.0123,0.9877,0,0
US-AK,2023-01,0.0187,0.9232,0,0.058
US-AL,2023-01,0.1611,0.8155,0.0234,0
US-AR,2023-01,0.1696,0.7292,0.1012,0
US-AZ,2023-01,0.0166,0.3503,0.4467,0.1864
US-CA,2023-01,0.0797,0.381,0.3659,0.1734
US-CO,2023-01,0.0068,0.0574,0.0987,0.8371
US-CT,2023-01,0.3103,0.5307,0.1496,0.0094
US-DC,2023-01,0.8377,0,0.1623,0
US-DE,2023-01,0.4835,0,0.473,0.0435
US-FL,2023-01,0.2643,0.0178,0.7179,0
US-GA,2023-01,0.3832,0.2819,0.3349,0
US-HI,2023-01,0.2414,0.0421,0.4641,0.2523
US-IA,2023-01,0.0048,0.023,0.0044,0.9678
US-ID,2023-01,0.0578,0.6109,0.0388,0.2924
US-IL,2023-01,0.0109,0.0036,0.03,0.9555
US-IN,2023-01,0.0218,0.0311,0.0276,0.9195
US-KS,2023-01,0.0023,0.0004,0.0018,0.9954
US-KY,2023-01,0.0581,0.928,0.0139,0
US-LA,2023-01,0.6477,0.3003,0.052,0
US-MA,2023-01,0.3188,0.3264,0.3061,0.0487
US-MD,2023-01,0.0618,0.7104,0.0917,0.1361
US-ME,2023-01,0.1976,0.4984,0.0173,0.2867
US-MI,2023-01,0.1976,0.092,0.0254,0.6849
US-MN,2023-01,0.0617,0.0492,0.0445,0.8446
US-MO,2023-01,0.0127,0.0631,0.0111,0.913
US-MS,2023-01,0.7744,0,0.2256,0
US-MT,2023-01,0.0019,0.5998,0.0009,0.3974
US-NC,2023-01,0.1187,0.4103,0.4322,0.0388
US-ND,2023-01,0,0.164,0,0.836
US-NE,2023-01,0.0071,0.0562,0.0029,0.9338
US-NH,2023-01,0.2909,0.6025,0.0004,0.1063
US-NJ,2023-01,0.4751,0,0.5068,0.0181
US-NM,2023-01,0.0007,0.0026,0.0638,0.9329
US-NV,2023-01,0.0079,0.1135,0.8085,0.0701
US-NY,2023-01,0.0483,0.8382,0.0192,0.0943
US-OH,2023-01,0.1015,0.0842,0.0721,0.7422
US-OK,2023-01,0.0077,0.0204,0.0013,0.9705
US-OR,2023-01,0.0259,0.7902,0.0166,0.1673
US-PA,2023-01,0.1604,0.4105,0.0116,0.4175
US-RI,2023-01,0.406,0.0211,0.2198,0.353
US-SC,2023-01,0.2835,0.4822,0.2343,0
US-SD,2023-01,0.0013,0.2537,0,0.7449
US-TN,2023-01,0.0322,0.9354,0.03,0.0024
US-TX,2023-01,0.0069,0.0054,0.1048,0.883
US-UT,2023-01,0.0273,0.1761,0.5383,0.2583
US-VA,2023-01,0.542,0.047,0.4022,0.0088
US-VT,2023-01,0.2114,0.6984,0.0247,0.0655
US-WA,2023-01,0.017,0.8923,0.0022,0.0885
US-WI,2023-01,0.2277,0.4076,0.0833,0.2814
US-WV,2023-01,0.002,0.3731,0,0.6249
US-WY,2023-01,0,0.0283,0.006,0.9657
CA-AB,2023-02,0.2256,0.0611,0.0649,0.6484
CA-BC,2023-02,0.0071,0.9516,0,0.0412
CA-MB,2023-02,0.0002,0.9728,0,0.0269
CA-NB,2023-02,0.1865,0.6401,0,0.1734
CA-NL,2023-02,0.002,0.9943,0,0.0037
CA-NS,2023-02,0.1708,0.4156,0,0.4136
CA-NT,2023-02,0.1125,0.868,0,0.0195
CA-NU,2023-02,1,0,0,0
CA-ON,2023-02,0.0171,0.6576,0.0293,0.296
CA-PE,2023-02,0.0011,0,0.0007,0.9982
CA-QC,2023-02,0.0005,0.9513,0,0.0481
CA-SK,2023-02,0.1927,0.4607,0.0066,0.3401
CA-YT,2023-02,0.008,0.9916,0.0004,0
US-AK,2023-02,0.0178,0.939,0,0.0432
US-AL,2023-02,0.1647,0.7991,0.0362,0
US-AR,2023-02,0.1023,0.8327,0.065,0
US-AZ,2023-02,0.0128,0.3492,0.4835,0.1545
US-CA,2023-02,0.0789,0.3095,0.4605,0.1511
US-CO,2023-02,0.0064,0.0445,0.1082,0.8409
US-CT,2023-02,0.2793,0.4421,0.2686,0.0101
US-DC,2023-02,0.759,0,0.241,0
US-DE,2023-02,0.3724,0,0.6036,0.024
US-FL,2023-02,0.1966,0.0093,0.7942,0
US-GA,2023-02,0.3249,0.2465,0.4287,0
US-HI,2023-02,0.1565,0.085,0.2683,0.4902
US-IA,2023-02,0.004,0.0217,0.0074,0.9669
US-ID,2023-02,0.0476,0.5173,0.0632,0.3718
US-IL,2023-02,0.0073,0.0028,0.0447,0.9451
US-IN,2023-02,0.0167,0.0295,0.0755,0.8783
US-KS,2023-02,0.0019,0.0004,0.0021,0.9956
US-KY,2023-02,0.0947,0.8834,0.0219,0
US-LA,2023-02,0.6418,0.2902,0.0681,0
US-MA,2023-02,0.2484,0.2537,0.4327,0.0653
US-MD,2023-02,0.0908,0.4846,0.2028,0.2218
US-ME,2023-02,0.2045,0.4494,0.0379,0.3081
US-MI,2023-02,0.1279,0.0475,0.0534,0.7712
US-MN,2023-02,0.0456,0.0372,0.0736,0.8436
US-MO,2023-02,0.0073,0.1279,0.0146,0.8502
US-MS,2023-02,0.7353,0,0.2647,0
US-MT,2023-02,0.0017,0.5224,0.0013,0.4746
US-NC,2023-02,0.0979,0.3774,0.4844,0.0404
US-ND,2023-02,0,0.1033,0,0.8967
US-NE,2023-02,0.0049,0.0409,0.0039,0.9502
US-NH,2023-02,0.3271,0.543,0.0008,0.129
US-NJ,2023-02,0.3282,0,0.6582,0.0135
US-NM,2023-02,0.0008,0.0028,0.084,0.9124
US-NV,2023-02,0.0059,0.1217,0.8339,0.0384
US-NY,2023-02,0.0388,0.7432,0.0384,0.1796
US-OH,2023-02,0.063,0.0819,0.1253,0.7298
US-OK,2023-02,0.0065,0.0495,0.0012,0.9428
US-OR,2023-02,0.0222,0.6906,0.0254,0.2618
US-PA,2023-02,0.1726,0.2286,0.0252,0.5736
US-RI,2023-02,0.3306,0.0122,0.3892,0.268
US-SC,2023-02,0.2939,0.4101,0.2959,0
US-SD,2023-02,0.001,0.1661,0,0.8328
US-TN,2023-02,0.0289,0.9329,0.0365,0.0018
US-TX,2023-02,0.007,0.0078,0.1057,0.8795
US-UT,2023-02,0.0188,0.1344,0.6587,0.1882
US-VA,2023-02,0.4096,0.1249,0.4575,0.008
US-VT,2023-02,0.2251,0.5832,0.0447,0.1471
US-WA,2023-02,0.0168,0.832,0.0038,0.1473
US-WI,2023-02,0.1541,0.3153,0.1518,0.3789
US-WV,2023-02,0.0018,0.3835,0,0.6147
US-WY,2023-02,0,0.0225,0.0107,0.9668
CA-AB,2023-03,0.2862,0.0774,0.1683,0.4681
CA-BC,2023-03,0.0068,0.9699,0,0.0232
CA-MB,2023-03,0.0003,0.9766,0.0001,0.0231
CA-NB,2023-03,0.135,0.6659,0,0.1991
CA-NL,2023-03,0.0018,0.9939,0,0.0042
CA-NS,2023-03,0.1761,0.3414,0,0.4826
CA-NT,2023-03,0.1395,0.812,0.001,0.0475
CA-NU,2023-03,0.9984,0,0.0016,0
CA-ON,2023-03,0.0153,0.6485,0.0402,0.2959
CA-PE,2023-03,0.0006,0,0.001,0.9983
CA-QC,2023-03,0.0006,0.9567,0.0001,0.0426
CA-SK,2023-03,0.2592,0.3962,0.0124,0.3322
CA-YT,2023-03,0.0074,0.9911,0.0015,0
US-AK,2023-03,0.0189,0.9234,0,0.0577
US-AL,2023-03,0.1562,0.7741,0.0697,0
US-AR,2023-03,0.0946,0.8125,0.0929,0
US-AZ,2023-03,0.0112,0.3711,0.4638,0.1538
US-CA,2023-03,0.0565,0.3872,0.3794,0.1769
US-CO,2023-03,0.0065,0.0529,0.1242,0.8164
US-CT,2023-03,0.37,0.2939,0.3247,0.0114
US-DC,2023-03,0.7211,0,0.2789,0
US-DE,2023-03,0.266,0,0.7063,0.0277
US-FL,2023-03,0.1567,0.0152,0.8281,0
US-GA,2023-03,0.3054,0.2137,0.4808,0
US-HI,2023-03,0.1925,0.0874,0.3989,0.3212
US-IA,2023-03,0.0035,0.0275,0.0087,0.9603
US-ID,2023-03,0.051,0.514,0.0668,0.3681
US-IL,2023-03,0.008,0.0023,0.0475,0.9421
US-IN,2023-03,0.017,0.025,0.0792,0.8788
US-KS,2023-03,0.0018,0.0006,0.002,0.9957
US-KY,2023-03,0.1055,0.8581,0.0364,0
US-LA,2023-03,0.5418,0.3883,0.0699,0
US-MA,2023-03,0.2308,0.2044,0.5019,0.0629
US-MD,2023-03,0.0637,0.5917,0.1979,0.1467
US-ME,2023-03,0.2019,0.389,0.0571,0.352
US-MI,2023-03,0.1536,0.0633,0.0829,0.7002
US-MN,2023-03,0.062,0.0473,0.1083,0.7825
US-MO,2023-03,0.0092,0.1951,0.0126,0.783
US-MS,2023-03,0.6988,0,0.3012,0
US-MT,2023-03,0.0025,0.6068,0.0161,0.3745
US-NC,2023-03,0.0842,0.2864,0.594,0.0354
US-ND,2023-03,0,0.0903,0,0.9097
US-NE,2023-03,0.0054,0.0574,0.0051,0.932
US-NH,2023-03,0.2987,0.4831,0.0012,0.217
US-NJ,2023-03,0.2978,0,0.6914,0.0109
US-NM,2023-03,0.0007,0.0031,0.0919,0.9043
US-NV,2023-03,0.0051,0.1505,0.8019,0.0425
US-NY,2023-03,0.0419,0.7438,0.0529,0.1613
US-OH,2023-03,0.0524,0.0827,0.1523,0.7126
US-OK,2023-03,0.0053,0.0702,0.0013,0.9232
US-OR,2023-03,0.024,0.6969,0.0334,0.2457
US-PA,2023-03,0.162,0.3318,0.0295,0.4768
US-RI,2023-03,0.2789,0.0141,0.4611,0.246
US-SC,2023-03,0.3105,0.2603,0.4292,0
US-SD,2023-03,0.0013,0.2457,0,0.753
US-TN,2023-03,0.0268,0.8978,0.0746,0.0008
US-TX,2023-03,0.0067,0.0092,0.1324,0.8517
US-UT,2023-03,0.0187,0.1164,0.6569,0.208
US-VA,2023-03,0.3495,0.0199,0.6235,0.0072
US-VT,2023-03,0.1863,0.5828,0.0613,0.1696
US-WA,2023-03,0.0238,0.8178,0.0063,0.1521
US-WI,2023-03,0.1496,0.3854,0.1679,0.2971
US-WV,2023-03,0.0018,0.4065,0,0.5917
US-WY,2023-03,0,0.0432,0.0177,0.9391
CA-AB,2023-04,0.2225,0.0767,0.1481,0.5526
CA-BC,2023-04,0.0083,0.9591,0.0001,0.0326
CA-MB,2023-04,0.0003,0.9781,0,0.0216
CA-NB,2023-04,0.0592,0.8364,0,0.1044
CA-NL,2023-04,0.0019,0.9938,0,0.0044
CA-NS,2023-04,0.1557,0.2654,0,0.5789
CA-NT,2023-04,0.1048,0.8281,0.0018,0.0654
CA-NU,2023-04,0.9894,0,0.0106,0
CA-ON,2023-04,0.0117,0.6924,0.0471,0.2489
CA-PE,2023-04,0.0008,0,0.0015,0.9976
CA-QC,2023-04,0.0007,0.9366,0.0001,0.0626
CA-SK,2023-04,0.1982,0.4434,0.0093,0.3491
CA-YT,2023-04,0.0057,0.9913,0.0031,0
US-AK,2023-04,0.0221,0.9111,0,0.0668
US-AL,2023-04,0.2208,0.6788,0.1004,0
US-AR,2023-04,0.081,0.8024,0.1166,0
US-AZ,2023-04,0.0096,0.4303,0.4822,0.0779
US-CA,2023-04,0.0364,0.3762,0.422,0.1654
US-CO,2023-04,0.0056,0.0592,0.1199,0.8154
US-CT,2023-04,0.3983,0.2972,0.2974,0.0071
US-DC,2023-04,0.6565,0,0.3435,0
US-DE,2023-04,0.2418,0,0.7424,0.0158
US-FL,2023-04,0.1521,0.0119,0.836,0
US-GA,2023-04,0.2834,0.2291,0.4874,0
US-HI,2023-04,0.1497,0.0737,0.398,0.3786
US-IA,2023-04,0.003,0.0179,0.0098,0.9693
US-ID,2023-04,0.0266,0.6753,0.0692,0.229
US-IL,2023-04,0.0085,0.0028,0.079,0.9096
US-IN,2023-04,0.0193,0.0412,0.1193,0.8202
US-KS,2023-04,0.0016,0.0005,0.0025,0.9955
US-KY,2023-04,0.1177,0.8296,0.0527,0
US-LA,2023-04,0.5019,0.4109,0.0872,0
US-MA,2023-04,0.1617,0.2411,0.5502,0.047
US-MD,2023-04,0.0709,0.5077,0.3066,0.1147
US-ME,2023-04,0.1494,0.4534,0.0728,0.3243
US-MI,2023-04,0.1218,0.0777,0.1001,0.7005
US-MN,2023-04,0.0399,0.0452,0.107,0.8079
US-MO,2023-04,0.0051,0.1235,0.0203,0.8511
US-MS,2023-04,0.6844,0,0.3156,0
US-MT,2023-04,0.0017,0.6027,0.0197,0.3759
US-NC,2023-04,0.0889,0.2022,0.6746,0.0343
US-ND,2023-04,0,0.0816,0,0.9184
US-NE,2023-04,0.0041,0.0435,0.005,0.9474
US-NH,2023-04,0.188,0.6608,0.0011,0.1501
US-NJ,2023-04,0.2779,0,0.7137,0.0084
US-NM,2023-04,0.0008,0.0074,0.1331,0.8587
US-NV,2023-04,0.0037,0.1095,0.8644,0.0224
US-NY,2023-04,0.037,0.7426,0.0728,0.1476
US-OH,2023-04,0.0616,0.1233,0.2035,0.6116
US-OK,2023-04,0.0068,0.0348,0.0019,0.9564
US-OR,2023-04,0.0202,0.6372,0.0647,0.2779
US-PA,2023-04,0.1932,0.3136,0.0491,0.4441
US-RI,2023-04,0.2386,0.0122,0.5466,0.2026
US-SC,2023-04,0.208,0.3722,0.4198,0
US-SD,2023-04,0.0009,0.1742,0,0.8249
US-TN,2023-04,0.0657,0.7499,0.1829,0.0016
US-TX,2023-04,0.0064,0.0078,0.1677,0.8181
US-UT,2023-04,0.0132,0.1188,0.7707,0.0973
US-VA,2023-04,0.3148,0.0214,0.6579,0.0059
US-VT,2023-04,0.0714,0.6855,0.0846,0.1586
US-WA,2023-04,0.0199,0.8073,0.009,0.1638
US-WI,2023-04,0.1266,0.3842,0.1679,0.3213
US-WV,2023-04,0.0024,0.4724,0,0.5252
US-WY,2023-04,0,0.0931,0.0219,0.8851
CA-AB,2023-05,0.2225,0.1448,0.2013,0.4314
CA-BC,2023-05,0.0058,0.9701,0.0001,0.024
CA-MB,2023-05,0.0003,0.9764,0,0.0233
CA-NB,2023-05,0.075,0.775,0,0.1501
CA-NL,2023-05,0.0012,0.993,0,0.0058
CA-NS,2023-05,0.1125,0.2331,0,0.6543
CA-NT,2023-05,0.0925,0.8185,0.002,0.087
CA-NU,2023-05,0.9789,0,0.0211,0
CA-ON,2023-05,0.0154,0.7666,0.0626,0.1553
CA-PE,2023-05,0.0007,0,0.0013,0.998
CA-QC,2023-05,0.0007,0.9288,0.0001,0.0704
CA-SK,2023-05,0.2138,0.499,0.0079,0.2792
CA-YT,2023-05,0.0039,0.9924,0.0037,0
US-AK,2023-05,0.0194,0.8709,0,0.1097
US-AL,2023-05,0.2732,0.5947,0.1321,0
US-AR,2023-05,0.1088,0.756,0.1352,0
US-AZ,2023-05,0.0099,0.4354,0.4645,0.0903
US-CA,2023-05,0.0462,0.3661,0.423,0.1646
US-CO,2023-05,0.0048,0.1065,0.1504,0.7383
US-CT,2023-05,0.3615,0.2397,0.393,0.0058
US-DC,2023-05,0.6403,0,0.3597,0
US-DE,2023-05,0.2234,0,0.7657,0.0109
US-FL,2023-05,0.1624,0.0151,0.8225,0
US-GA,2023-05,0.3019,0.1718,0.5264,0
US-HI,2023-05,0.1546,0.0666,0.395,0.3838
US-IA,2023-05,0.0047,0.0247,0.0188,0.9518
US-ID,2023-05,0.0177,0.8313,0.0599,0.0911
US-IL,2023-05,0.0117,0.0034,0.1218,0.863
US-IN,2023-05,0.0259,0.0521,0.1953,0.7267
US-KS,2023-05,0.0026,0.0012,0.0041,0.9922
US-KY,2023-05,0.1038,0.8521,0.0441,0
US-LA,2023-05,0.5157,0.3875,0.0969,0
US-MA,2023-05,0.1755,0.1298,0.6588,0.0358
US-MD,2023-05,0.0836,0.5189,0.3187,0.0788
US-ME,2023-05,0.1428,0.4022,0.0929,0.3621
US-MI,2023-05,0.149,0.0952,0.1743,0.5815
US-MN,2023-05,0.052,0.0574,0.1414,0.7492
US-MO,2023-05,0.0095,0.1335,0.0386,0.8183
US-MS,2023-05,0.6468,0,0.3532,0
US-MT,2023-05,0.0015,0.8081,0.0155,0.1749
US-NC,2023-05,0.0935,0.17,0.7013,0.0352
US-ND,2023-05,0,0.1291,0,0.8709
US-NE,2023-05,0.0073,0.0892,0.0086,0.8949
US-NH,2023-05,0.2611,0.5456,0.002,0.1912
US-NJ,2023-05,0.2141,0,0.7807,0.0052
US-NM,2023-05,0.0007,0.0197,0.1732,0.8063
US-NV,2023-05,0.0039,0.1053,0.8712,0.0195
US-NY,2023-05,0.0423,0.75,0.0984,0.1093
US-OH,2023-05,0.073,0.1106,0.2804,0.536
US-OK,2023-05,0.009,0.056,0.0034,0.9315
US-OR,2023-05,0.0142,0.7223,0.0525,0.211
US-PA,2023-05,0.2275,0.3594,0.0731,0.34
US-RI,2023-05,0.2347,0.0094,0.613,0.1429
US-SC,2023-05,0.266,0.2906,0.4433,0
US-SD,2023-05,0.0012,0.2961,0,0.7027
US-TN,2023-05,0.0879,0.6765,0.2344,0.0012
US-TX,2023-05,0.0089,0.0076,0.2407,0.7428
US-UT,2023-05,0.014,0.1372,0.7564,0.0924
US-VA,2023-05,0.3445,0.013,0.6382,0.0043
US-VT,2023-05,0.0953,0.5824,0.149,0.1732
US-WA,2023-05,0.0084,0.9335,0.0018,0.0563
US-WI,2023-05,0.1248,0.3951,0.2607,0.2193
US-WV,2023-05,0.0029,0.499,0,0.4981
US-WY,2023-05,0,0.2014,0.0225,0.776
CA-AB,2023-06,0.2041,0.2007,0.1885,0.4067
CA-BC,2023-06,0.0059,0.9651,0.0001,0.0289
CA-MB,2023-06,0.0003,0.9872,0.0001,0.0125
CA-NB,2023-06,0.061,0.8149,0,0.1241
CA-NL,2023-06,0.0008,0.9949,0,0.0043
CA-NS,2023-06,0.1547,0.3487,0.0071,0.4895
CA-NT,2023-06,0.1065,0.831,0.002,0.0604
CA-NU,2023-06,0.9807,0,0.0193,0
CA-ON,2023-06,0.0404,0.7248,0.0664,0.1685
CA-PE,2023-06,0.0009,0,0.0017,0.9974
CA-QC,2023-06,0.0008,0.9576,0.0001,0.0415
CA-SK,2023-06,0.2433,0.4692,0.0119,0.2756
CA-YT,2023-06,0.0058,0.9906,0.0036,0
US-AK,2023-06,0.0173,0.9073,0,0.0754
US-AL,2023-06,0.3153,0.5216,0.1631,0
US-AR,2023-06,0.1645,0.6239,0.2117,0
US-AZ,2023-06,0.0091,0.4246,0.4787,0.0877
US-CA,2023-06,0.0409,0.3428,0.4342,0.182
US-CO,2023-06,0.006,0.1298,0.2379,0.6263
US-CT,2023-06,0.4816,0.1059,0.4081,0.0045
US-DC,2023-06,0.6509,0,0.3491,0
US-DE,2023-06,0.2331,0,0.752,0.0149
US-FL,2023-06,0.156,0.0119,0.832,0
US-GA,2023-06,0.2946,0.1335,0.5719,0
US-HI,2023-06,0.1359,0.0497,0.4206,0.3939
US-IA,2023-06,0.0075,0.0504,0.0291,0.913
US-ID,2023-06,0.029,0.8007,0.0805,0.0897
US-IL,2023-06,0.0141,0.005,0.1521,0.8288
US-IN,2023-06,0.027,0.0544,0.29,0.6287
US-KS,2023-06,0.0038,0.0011,0.0058,0.9893
US-KY,2023-06,0.0992,0.8569,0.044,0
US-LA,2023-06,0.6356,0.2299,0.1345,0
US-MA,2023-06,0.2422,0.0786,0.6526,0.0266
US-MD,2023-06,0.1354,0.2407,0.4828,0.1411
US-ME,2023-06,0.1721,0.544,0.0804,0.2036
US-MI,2023-06,0.2083,0.0405,0.2153,0.5359
US-MN,2023-06,0.0844,0.0523,0.2199,0.6434
US-MO,2023-06,0.0299,0.1316,0.0515,0.787
US-MS,2023-06,0.6351,0,0.3649,0
US-MT,2023-06,0.002,0.8055,0.0174,0.175
US-NC,2023-06,0.0721,0.209,0.6984,0.0205
US-ND,2023-06,0,0.2065,0,0.7935
US-NE,2023-06,0.0107,0.1607,0.0126,0.8161
US-NH,2023-06,0.3683,0.5175,0.0019,0.1124
US-NJ,2023-06,0.2716,0,0.7219,0.0065
US-NM,2023-06,0.0008,0.0264,0.1946,0.7782
US-NV,2023-06,0.0036,0.1455,0.8315,0.0194
US-NY,2023-06,0.0508,0.7708,0.0931,0.0853
US-OH,2023-06,0.0663,0.1009,0.3887,0.4442
US-OK,2023-06,0.011,0.041,0.004,0.944
US-OR,2023-06,0.0231,0.5909,0.0805,0.3055
US-PA,2023-06,0.3519,0.0222,0.1079,0.518
US-RI,2023-06,0.271,0.0023,0.6111,0.1156
US-SC,2023-06,0.2269,0.3092,0.4639,0
US-SD,2023-06,0.0017,0.4157,0,0.5827
US-TN,2023-06,0.0728,0.7366,0.1895,0.0011
US-TX,2023-06,0.0106,0.003,0.2457,0.7407
US-UT,2023-06,0.0131,0.1614,0.7276,0.0979
US-VA,2023-06,0.3376,0,0.6585,0.0038
US-VT,2023-06,0.217,0.5239,0.146,0.1131
US-WA,2023-06,0.0145,0.8772,0.008,0.1003
US-WI,2023-06,0.2034,0.264,0.3489,0.1837
US-WV,2023-06,0.0031,0.4275,0,0.5694
US-WY,2023-06,0,0.1997,0.0307,0.7696
CA-AB,2023-07,0.2398,0.176,0.2023,0.382
CA-BC,2023-07,0.0078,0.9685,0.0002,0.0235
CA-MB,2023-07,0.0002,0.9836,0.0001,0.0161
CA-NB,2023-07,0.0827,0.8467,0,0.0706
CA-NL,2023-07,0.0007,0.9964,0,0.0029
CA-NS,2023-07,0.2121,0.3786,0.0019,0.4074
CA-NT,2023-07,0.1038,0.8598,0.0016,0.0348
CA-NU,2023-07,0.9877,0,0.0123,0
CA-ON,2023-07,0.057,0.7573,0.0658,0.1198
CA-PE,2023-07,0.0011,0,0.0033,0.9956
CA-QC,2023-07,0.0008,0.9662,0.0001,0.0329
CA-SK,2023-07,0.2029,0.4931,0.0093,0.2946
CA-YT,2023-07,0.0062,0.9899,0.0039,0
US-AK,2023-07,0.021,0.9326,0,0.0464
US-AL,2023-07,0.2927,0.571,0.1363,0
US-AR,2023-07,0.155,0.6719,0.1731,0
US-AZ,2023-07,0.0109,0.4402,0.4445,0.1044
US-CA,2023-07,0.0445,0.3392,0.4538,0.1625
US-CO,2023-07,0.0059,0.126,0.2517,0.6164
US-CT,2023-07,0.3697,0.3274,0.3002,0.0027
US-DC,2023-07,0.6127,0,0.3873,0
US-DE,2023-07,0.2403,0,0.7521,0.0076
US-FL,2023-07,0.1654,0.0153,0.8193,0
US-GA,2023-07,0.3108,0.0996,0.5896,0
US-HI,2023-07,0.1238,0.0466,0.3779,0.4517
US-IA,2023-07,0.0103,0.0401,0.0391,0.9105
US-ID,2023-07,0.0261,0.7904,0.0822,0.1013
US-IL,2023-07,0.0218,0.009,0.2294,0.7398
US-IN,2023-07,0.0338,0.0739,0.4197,0.4726
US-KS,2023-07,0.0034,0.0007,0.0058,0.99
US-KY,2023-07,0.073,0.8966,0.0303,0
US-LA,2023-07,0.6819,0.1699,0.1481,0
US-MA,2023-07,0.2122,0.1867,0.5792,0.0219
US-MD,2023-07,0.1245,0.404,0.3976,0.0739
US-ME,2023-07,0.2003,0.5683,0.0944,0.1371
US-MI,2023-07,0.2573,0,0.245,0.4978
US-MN,2023-07,0.0916,0.028,0.248,0.6323
US-MO,2023-07,0.0245,0.1283,0.049,0.7982
US-MS,2023-07,0.6538,0,0.3462,0
US-MT,2023-07,0.0023,0.7469,0.0259,0.2249
US-NC,2023-07,0.079,0.1859,0.7195,0.0156
US-ND,2023-07,0,0.1957,0,0.8043
US-NE,2023-07,0.0113,0.1943,0.0133,0.7811
US-NH,2023-07,0.264,0.6702,0.0013,0.0646
US-NJ,2023-07,0.248,0,0.7481,0.0039
US-NM,2023-07,0.0007,0.0175,0.1972,0.7846
US-NV,2023-07,0.0035,0.1158,0.8627,0.0179
US-NY,2023-07,0.0467,0.7847,0.0889,0.0797
US-OH,2023-07,0.0859,0.1113,0.5114,0.2914
US-OK,2023-07,0.007,0.0386,0.0028,0.9516
US-OR,2023-07,0.023,0.5382,0.0965,0.3423
US-PA,2023-07,0.332,0.2511,0.1124,0.3045
US-RI,2023-07,0.2855,0.0088,0.6067,0.099
US-SC,2023-07,0.2486,0.2085,0.543,0
US-SD,2023-07,0.0014,0.4826,0,0.516
US-TN,2023-07,0.0589,0.7845,0.156,0.0007
US-TX,2023-07,0.0108,0.0038,0.251,0.7343
US-UT,2023-07,0.0129,0.1021,0.7846,0.1004
US-VA,2023-07,0.2972,0,0.6997,0.0031
US-VT,2023-07,0.2215,0.6137,0.0956,0.0693
US-WA,2023-07,0.018,0.8688,0.0086,0.1046
US-WI,2023-07,0.2021,0.2456,0.4059,0.1465
US-WV,2023-07,0.0032,0.5514,0,0.4454
US-WY,2023-07,0,0.2315,0.0347,0.7338
CA-AB,2023-08,0.2487,0.1332,0.1881,0.43
CA-BC,2023-08,0.0076,0.9647,0.0001,0.0276
CA-MB,2023-08,0.0002,0.9829,0.0001,0.0169
CA-NB,2023-08,0.0953,0.8012,0.0005,0.103
CA-NL,2023-08,0.0007,0.9967,0,0.0027
CA-NS,2023-08,0.1727,0.3115,0.0016,0.5143
CA-NT,2023-08,0.2717,0.5999,0.002,0.1264
CA-NU,2023-08,0.9861,0,0.0139,0
CA-ON,2023-08,0.0455,0.7039,0.0634,0.1872
CA-PE,2023-08,0.0009,0,0.0023,0.9968
CA-QC,2023-08,0.0009,0.9579,0.0001,0.041
CA-SK,2023-08,0.2472,0.4924,0.0094,0.2509
CA-YT,2023-08,0.0044,0.9937,0.0019,0
US-AK,2023-08,0.0217,0.9391,0,0.0392
US-AL,2023-08,0.2682,0.5981,0.1336,0
US-AR,2023-08,0.1494,0.6434,0.2071,0
US-AZ,2023-08,0.0125,0.4198,0.4827,0.085
US-CA,2023-08,0.0531,0.3587,0.4671,0.121
US-CO,2023-08,0.006,0.1132,0.235,0.6458
US-CT,2023-08,0.439,0.2357,0.3227,0.0025
US-DC,2023-08,0.608,0,0.392,0
US-DE,2023-08,0.2457,0,0.7434,0.0109
US-FL,2023-08,0.168,0.0115,0.8206,0
US-GA,2023-08,0.3355,0.0915,0.573,0
US-HI,2023-08,0.1349,0.0418,0.4257,0.3975
US-IA,2023-08,0.0079,0.022,0.0261,0.944
US-ID,2023-08,0.0327,0.7399,0.085,0.1423
US-IL,2023-08,0.0152,0.0066,0.1546,0.8235
US-IN,2023-08,0.0288,0.0577,0.3492,0.5643
US-KS,2023-08,0.0035,0.0004,0.0058,0.9904
US-KY,2023-08,0.0788,0.8881,0.0331,0
US-LA,2023-08,0.7158,0.1639,0.1203,0
US-MA,2023-08,0.227,0.146,0.5877,0.0392
US-MD,2023-08,0.1046,0.4532,0.3495,0.0927
US-ME,2023-08,0.1808,0.5023,0.0874,0.2296
US-MI,2023-08,0.2013,0,0.1816,0.6171
US-MN,2023-08,0.0792,0.0141,0.1886,0.7181
US-MO,2023-08,0.0249,0.0929,0.0387,0.8435
US-MS,2023-08,0.6424,0,0.3576,0
US-MT,2023-08,0.0025,0.6707,0.0408,0.2861
US-NC,2023-08,0.0853,0.1849,0.7124,0.0175
US-ND,2023-08,0,0.1876,0,0.8124
US-NE,2023-08,0.0087,0.1406,0.0092,0.8414
US-NH,2023-08,0.2984,0.5639,0.0015,0.1362
US-NJ,2023-08,0.249,0,0.7456,0.0053
US-NM,2023-08,0.0006,0.0142,0.2166,0.7686
US-NV,2023-08,0.0041,0.0972,0.8814,0.0172
US-NY,2023-08,0.045,0.7796,0.0786,0.0968
US-OH,2023-08,0.0655,0.13,0.4472,0.3573
US-OK,2023-08,0.0086,0.051,0.0033,0.9371
US-OR,2023-08,0.0248,0.6115,0.0739,0.2898
US-PA,2023-08,0.3074,0.198,0.0899,0.4047
US-RI,2023-08,0.2901,0.0077,0.561,0.1413
US-SC,2023-08,0.2356,0.2246,0.5398,0
US-SD,2023-08,0.0012,0.4415,0,0.5573
US-TN,2023-08,0.0464,0.8284,0.1242,0.001
US-TX,2023-08,0.0112,0.0047,0.2675,0.7166
US-UT,2023-08,0.0156,0.1413,0.7604,0.0827
US-VA,2023-08,0.357,0,0.6396,0.0034
US-VT,2023-08,0.16,0.6122,0.0951,0.1327
US-WA,2023-08,0.021,0.8642,0.0074,0.1074
US-WI,2023-08,0.2033,0.2189,0.3584,0.2194
US-WV,2023-08,0.0033,0.4624,0,0.5343
US-WY,2023-08,0,0.2043,0.0286,0.7671
CA-AB,2023-09,0.2334,0.1145,0.1493,0.5028
CA-BC,2023-09,0.0073,0.9524,0.0001,0.0402
CA-MB,2023-09,0.0003,0.9703,0.0001,0.0294
CA-NB,2023-09,0.0812,0.8159,0.0005,0.1023
CA-NL,2023-09,0.0007,0.9956,0,0.0037
CA-NS,2023-09,0.1811,0.3365,0.0013,0.481
CA-NT,2023-09,0.1989,0.6715,0.0013,0.1283
CA-NU,2023-09,1,0,0,0
CA-ON,2023-09,0.0392,0.7385,0.0634,0.1589
CA-PE,2023-09,0.0007,0,0.0022,0.9972
CA-QC,2023-09,0.0008,0.9574,0.0001,0.0417
CA-SK,2023-09,0.2277,0.512,0.0103,0.25
CA-YT,2023-09,0.0139,0.985,0.0012,0
US-AK,2023-09,0.0224,0.9353,0,0.0423
US-AL,2023-09,0.327,0.5204,0.1527,0
US-AR,2023-09,0.2003,0.4807,0.319,0
US-AZ,2023-09,0.0146,0.3271,0.5387,0.1197
US-CA,2023-09,0.0529,0.3453,0.4639,0.1379
US-CO,2023-09,0.0066,0.1031,0.2333,0.6571
US-CT,2023-09,0.4307,0.2873,0.2811,0.0009
US-DC,2023-09,0.6755,0,0.3245,0
US-DE,2023-09,0.2974,0,0.6846,0.018
US-FL,2023-09,0.1692,0.0118,0.819,0
US-GA,2023-09,0.3349,0.0863,0.5788,0
US-HI,2023-09,0.1442,0.0331,0.4062,0.4165
US-IA,2023-09,0.0063,0.0131,0.0159,0.9647
US-ID,2023-09,0.0366,0.7198,0.0914,0.1522
US-IL,2023-09,0.0134,0.0061,0.139,0.8415
US-IN,2023-09,0.0316,0.0424,0.3531,0.5728
US-KS,2023-09,0.0029,0.0003,0.004,0.9928
US-KY,2023-09,0.0818,0.8429,0.0753,0
US-LA,2023-09,0.793,0.0761,0.1308,0
US-MA,2023-09,0.2436,0.1528,0.552,0.0516
US-MD,2023-09,0.0961,0.4657,0.3424,0.0958
US-ME,2023-09,0.1726,0.5181,0.0977,0.2116
US-MI,2023-09,0.2381,0,0.1682,0.5937
US-MN,2023-09,0.0735,0.0209,0.1339,0.7717
US-MO,2023-09,0.0192,0.0167,0.0355,0.9286
US-MS,2023-09,0.6377,0,0.3623,0
US-MT,2023-09,0.0026,0.6506,0.0353,0.3115
US-NC,2023-09,0.0908,0.2293,0.6585,0.0214
US-ND,2023-09,0,0.1576,0,0.8424
US-NE,2023-09,0.0083,0.1249,0.0076,0.8592
US-NH,2023-09,0.323,0.5543,0.0017,0.121
US-NJ,2023-09,0.2799,0,0.7114,0.0087
US-NM,2023-09,0.0006,0.0201,0.2017,0.7775
US-NV,2023-09,0.0043,0.0914,0.8838,0.0205
US-NY,2023-09,0.0502,0.7878,0.0833,0.0788
US-OH,2023-09,0.0573,0.0477,0.6007,0.2943
US-OK,2023-09,0.0024,0.0234,0.0023,0.9719
US-OR,2023-09,0.0247,0.6297,0.0641,0.2815
US-PA,2023-09,0.3279,0.19,0.089,0.3931
US-RI,2023-09,0.286,0.0032,0.5128,0.198
US-SC,2023-09,0.3084,0.141,0.5506,0
US-SD,2023-09,0.0012,0.4798,0.0137,0.5053
US-TN,2023-09,0.0492,0.8277,0.1222,0.0009
US-TX,2023-09,0.0124,0.0036,0.2516,0.7323
US-UT,2023-09,0.0141,0.137,0.7324,0.1165
US-VA,2023-09,0.3583,0,0.6375,0.0043
US-VT,2023-09,0.1168,0.6353,0.1266,0.1214
US-WA,2023-09,0.0283,0.8064,0.0084,0.1569
US-WI,2023-09,0.1851,0.2383,0.2738,0.3029
US-WV,2023-09,0.0041,0.5035,0,0.4923
US-WY,2023-09,0,0.135,0.0273,0.8378
CA-AB,2023-10,0.2336,0.079,0.0806,0.6068
CA-BC,2023-10,0.0068,0.9564,0.0001,0.0367
CA-MB,2023-10,0.0004,0.9627,0,0.0369
CA-NB,2023-10,0.0924,0.7633,0.0004,0.1438
CA-NL,2023-10,0.0015,0.9943,0,0.0042
CA-NS,2023-10,0.1142,0.3988,0.0009,0.4861
CA-NT,2023-10,0.2243,0.5682,0.0005,0.207
CA-NU,2023-10,0.9938,0,0.0062,0
CA-ON,2023-10,0.0226,0.6674,0.0315,0.2784
CA-PE,2023-10,0.001,0,0.0011,0.998
CA-QC,2023-10,0.0007,0.9354,0.0001,0.0639
CA-SK,2023-10,0.2446,0.3653,0.0068,0.3833
CA-YT,2023-10,0.0179,0.9819,0.0002,0
US-AK,2023-10,0.0237,0.9331,0,0.0432
US-AL,2023-10,0.3487,0.5052,0.146,0
US-AR,2023-10,0.2273,0.4512,0.3215,0
US-AZ,2023-10,0.0143,0.3057,0.5546,0.1254
US-CA,2023-10,0.0564,0.2829,0.5317,0.129
US-CO,2023-10,0.0074,0.0489,0.2046,0.7391
US-CT,2023-10,0.3779,0.3845,0.2376,0
US-DC,2023-10,0.7413,0,0.2587,0
US-DE,2023-10,0.3063,0,0.6811,0.0126
US-FL,2023-10,0.1597,0.0084,0.8319,0
US-GA,2023-10,0.352,0.0426,0.6054,0
US-HI,2023-10,0.2358,0.0454,0.4998,0.219
US-IA,2023-10,0.0046,0.0156,0.0082,0.9716
US-ID,2023-10,0.052,0.6277,0.0891,0.2312
US-IL,2023-10,0.008,0.0034,0.0579,0.9307
US-IN,2023-10,0.0206,0.0248,0.1483,0.8063
US-KS,2023-10,0.0021,0.0003,0.0021,0.9956
US-KY,2023-10,0.1472,0.8094,0.0434,0
US-LA,2023-10,0.8095,0.058,0.1325,0
US-MA,2023-10,0.256,0.2223,0.4766,0.0451
US-MD,2023-10,0.126,0.3822,0.3338,0.1579
US-ME,2023-10,0.1457,0.5067,0.0641,0.2835
US-MI,2023-10,0.1469,0.068,0.0582,0.7269
US-MN,2023-10,0.0517,0.0399,0.0916,0.8168
US-MO,2023-10,0.0082,0.0119,0.0207,0.9593
US-MS,2023-10,0.6912,0,0.3088,0
US-MT,2023-10,0.0025,0.6114,0.0251,0.361
US-NC,2023-10,0.089,0.1346,0.7493,0.0271
US-ND,2023-10,0,0.114,0,0.886
US-NE,2023-10,0.0068,0.1073,0.005,0.881
US-NH,2023-10,0.2954,0.5048,0.0013,0.1985
US-NJ,2023-10,0.3266,0,0.6672,0.0061
US-NM,2023-10,0.0008,0.0136,0.188,0.7976
US-NV,2023-10,0.0045,0.1183,0.8609,0.0163
US-NY,2023-10,0.045,0.7438,0.0543,0.1569
US-OH,2023-10,0.0543,0.0604,0.2876,0.5977
US-OK,2023-10,0.007,0.0138,0.0017,0.9775
US-OR,2023-10,0.0355,0.7474,0.0555,0.1616
US-PA,2023-10,0.2563,0.1679,0.0516,0.5242
US-RI,2023-10,0.247,0.0066,0.5511,0.1953
US-SC,2023-10,0.2857,0.1159,0.5984,0
US-SD,2023-10,0.0009,0.3426,0.0101,0.6464
US-TN,2023-10,0.0663,0.7958,0.1342,0.0037
US-TX,2023-10,0.007,0.0025,0.193,0.7975
US-UT,2023-10,0.0175,0.1344,0.7501,0.0979
US-VA,2023-10,0.2485,0.2419,0.5058,0.0038
US-VT,2023-10,0.1099,0.6219,0.0696,0.1986
US-WA,2023-10,0.023,0.8777,0.0062,0.0931
US-WI,2023-10,0.164,0.3123,0.1589,0.3648
US-WV,2023-10,0.0033,0.2837,0,0.713
US-WY,2023-10,0,0.0579,0.0212,0.9209
CA-AB,2023-11,0.2,0.0661,0.0479,0.6859
CA-BC,2023-11,0.008,0.9491,0,0.0428
CA-MB,2023-11,0.0004,0.9495,0,0.0501
CA-NB,2023-11,0.1049,0.719,0.0003,0.1758
CA-NL,2023-11,0.0017,0.9951,0,0.0032
CA-NS,2023-11,0.1531,0.2836,0.0006,0.5627
CA-NT,2023-11,0.3279,0.5159,0.0001,0.1561
CA-NU,2023-11,0.9983,0,0.0017,0
CA-ON,2023-11,0.0321,0.6303,0.0207,0.3169
CA-PE,2023-11,0.0006,0,0.0005,0.9989
CA-QC,2023-11,0.0005,0.9363,0,0.0631
CA-SK,2023-11,0.2352,0.3479,0.0061,0.4108
CA-YT,2023-11,0.0152,0.9731,0,0.0117
US-AK,2023-11,0.0205,0.9055,0.0002,0.0739
US-AL,2023-11,0.3756,0.5302,0.0941,0
US-AR,2023-11,0.2565,0.4726,0.2709,0
US-AZ,2023-11,0.0161,0.3803,0.4554,0.1482
US-CA,2023-11,0.0691,0.3081,0.5041,0.1187
US-CO,2023-11,0.0072,0.0311,0.147,0.8147
US-CT,2023-11,0.4633,0.2976,0.2291,0.0101
US-DC,2023-11,0.7672,0,0.2328,0
US-DE,2023-11,0.372,0,0.5977,0.0303
US-FL,2023-11,0.2125,0.0108,0.7767,0
US-GA,2023-11,0.4433,0.0484,0.5083,0
US-HI,2023-11,0.1894,0.0529,0.3623,0.3954
US-IA,2023-11,0.0041,0.0152,0.0064,0.9743
US-ID,2023-11,0.0638,0.5895,0.0668,0.2799
US-IL,2023-11,0.0075,0.0032,0.0545,0.9349
US-IN,2023-11,0.017,0.0348,0.1159,0.8323
US-KS,2023-11,0.0024,0.0002,0.0019,0.9956
US-KY,2023-11,0.0931,0.8787,0.0282,0
US-LA,2023-11,0.8451,0.0771,0.0779,0
US-MA,2023-11,0.2596,0.2481,0.4387,0.0536
US-MD,2023-11,0.1035,0.4308,0.2547,0.2111
US-ME,2023-11,0.1968,0.3848,0.054,0.3644
US-MI,2023-11,0.1331,0.0255,0.0497,0.7917
US-MN,2023-11,0.0595,0.0419,0.0624,0.8361
US-MO,2023-11,0.0116,0.0227,0.0139,0.9518
US-MS,2023-11,0.6716,0,0.3284,0
US-MT,2023-11,0.0022,0.5072,0.014,0.4766
US-NC,2023-11,0.1304,0.1688,0.6629,0.0378
US-ND,2023-11,0,0.0968,0,0.9032
US-NE,2023-11,0.0063,0.0764,0.0033,0.914
US-NH,2023-11,0.2828,0.5004,0.001,0.2158
US-NJ,2023-11,0.342,0,0.6478,0.0101
US-NM,2023-11,0.0007,0,0.1385,0.8608
US-NV,2023-11,0.0063,0.1162,0.8501,0.0273
US-NY,2023-11,0.0445,0.7193,0.0396,0.1966
US-OH,2023-11,0.0465,0.1084,0.2334,0.6117
US-OK,2023-11,0.0043,0.017,0.0016,0.9771
US-OR,2023-11,0.0315,0.8066,0.0247,0.1372
US-PA,2023-11,0.1941,0.1594,0.0488,0.5977
US-RI,2023-11,0.3125,0.0034,0.4417,0.2423
US-SC,2023-11,0.388,0.1475,0.4645,0
US-SD,2023-11,0.0012,0.3133,0.0073,0.6782
US-TN,2023-11,0.0681,0.8248,0.1035,0.0036
US-TX,2023-11,0.0092,0.0025,0.1592,0.8292
US-UT,2023-11,0.0234,0.1589,0.6774,0.1403
US-VA,2023-11,0.439,0,0.5553,0.0057
US-VT,2023-11,0.1661,0.6096,0.046,0.1783
US-WA,2023-11,0.0181,0.8896,0.0026,0.0898
US-WI,2023-11,0.1873,0.2888,0.141,0.3829
US-WV,2023-11,0.0023,0.3752,0,0.6225
US-WY,2023-11,0,0.0333,0.0081,0.9586
CA-AB,2023-12,0.1864,0.0527,0.033,0.7279
CA-BC,2023-12,0.0085,0.9365,0,0.0549
CA-MB,2023-12,0.0003,0.9629,0,0.0368
CA-NB,2023-12,0.1043,0.7509,0.0002,0.1446
CA-NL,2023-12,0.002,0.9946,0,0.0034
CA-NS,2023-12,0.1283,0.376,0.0003,0.4954
CA-NT,2023-12,0.3347,0.5674,0.0001,0.0978
CA-NU,2023-12,1,0,0,0
CA-ON,2023-12,0.0372,0.7146,0.0145,0.2337
CA-PE,2023-12,0.0006,0,0.0002,0.9991
CA-QC,2023-12,0.0008,0.9409,0,0.0584
CA-SK,2023-12,0.2464,0.2953,0.0044,0.454
CA-YT,2023-12,0.0156,0.9842,0,0.0002
US-AK,2023-12,0.0192,0.9258,0.0001,0.0549
US-AL,2023-12,0.347,0.5807,0.0724,0
US-AR,2023-12,0.254,0.5381,0.2079,0
US-AZ,2023-12,0.0203,0.3941,0.5016,0.084
US-CA,2023-12,0.0949,0.3456,0.4463,0.1133
US-CO,2023-12,0.0057,0.0312,0.1088,0.8542
US-CT,2023-12,0.4644,0.3988,0.1273,0.0095
US-DC,2023-12,0.8339,0,0.1661,0
US-DE,2023-12,0.4939,0,0.4775,0.0286
US-FL,2023-12,0.2429,0.0157,0.7414,0
US-GA,2023-12,0.4406,0.1018,0.4576,0
US-HI,2023-12,0.2694,0.057,0.3031,0.3704
US-IA,2023-12,0.0044,0.0155,0.0036,0.9766
US-ID,2023-12,0.0536,0.6294,0.0378,0.2792
US-IL,2023-12,0.0078,0.0037,0.0317,0.9568
US-IN,2023-12,0.0218,0.0494,0.0642,0.8646
US-KS,2023-12,0.0021,0.0002,0.0013,0.9964
US-KY,2023-12,0.0854,0.9009,0.0137,0
US-LA,2023-12,0.8337,0.0915,0.0748,0
US-MA,2023-12,0.2924,0.2838,0.3512,0.0726
US-MD,2023-12,0.0704,0.6782,0.1058,0.1456
US-ME,2023-12,0.1765,0.4659,0.0285,0.329
US-MI,2023-12,0.1635,0.0434,0.0348,0.7583
US-MN,2023-12,0.0674,0.0463,0.043,0.8433
US-MO,2023-12,0.0147,0.0334,0.0105,0.9414
US-MS,2023-12,0.7171,0,0.2829,0
US-MT,2023-12,0.0014,0.5556,0.0095,0.4335
US-NC,2023-12,0.127,0.2851,0.5506,0.0373
US-ND,2023-12,0,0.0982,0,0.9018
US-NE,2023-12,0.0061,0.058,0.0025,0.9334
US-NH,2023-12,0.2322,0.6178,0.0005,0.1495
US-NJ,2023-12,0.5095,0,0.479,0.0115
US-NM,2023-12,0.0008,0,0.1484,0.8508
US-NV,2023-12,0.0084,0.1065,0.8563,0.0287
US-NY,2023-12,0.0431,0.7701,0.0223,0.1645
US-OH,2023-12,0.0598,0.159,0.1705,0.6108
US-OK,2023-12,0.0081,0.0248,0.0011,0.9659
US-OR,2023-12,0.0303,0.8265,0.0148,0.1285
US-PA,2023-12,0.1724,0.3156,0.0356,0.4764
US-RI,2023-12,0.3854,0.0074,0.343,0.2642
US-SC,2023-12,0.3753,0.2447,0.38,0
US-SD,2023-12,0.0013,0.1655,0.0062,0.827
US-TN,2023-12,0.0668,0.8483,0.0808,0.004
US-TX,2023-12,0.0063,0.0015,0.1538,0.8384
US-UT,2023-12,0.0272,0.2193,0.6349,0.1186
US-VA,2023-12,0.5368,0,0.4573,0.0059
US-VT,2023-12,0.1673,0.6714,0.0221,0.1391
US-WA,2023-12,0.0174,0.9009,0.0011,0.0806
US-WI,2023-12,0.1986,0.3366,0.0994,0.3653
US-WV,2023-12,0.0021,0.4097,0,0.5882
US-WY,2023-12,0,0.0344,0.006,0.9596
CA-AB,2024-01,0.2558,0.0896,0.0503,0.6042
CA-BC,2024-01,0.0069,0.969,0,0.0241
CA-MB,2024-01,0.0004,0.9688,0,0.0307
CA-NB,2024-01,0.1287,0.6564,0.0004,0.2145
CA-NL,2024-01,0.002,0.9941,0,0.0039
CA-NS,2024-01,0.1852,0.3659,0.0004,0.4486
CA-NT,2024-01,0.3346,0.5874,0.0001,0.078
CA-NU,2024-01,1,0,0,0
CA-ON,2024-01,0.0411,0.6872,0.0107,0.261
CA-PE,2024-01,0.0008,0,0.0041,0.995
CA-QC,2024-01,0.001,0.9446,0,0.0544
CA-SK,2024-01,0.2819,0.3232,0.0038,0.3911
CA-YT,2024-01,0.025,0.9727,0,0.0023
US-AK,2024-01,0.0231,0.9091,0.0002,0.0676
US-AL,2024-01,0.1807,0.778,0.0413,0
US-AR,2024-01,0.1242,0.7316,0.1442,0
US-AZ,2024-01,0.0163,0.392,0.4733,0.1184
US-CA,2024-01,0.0776,0.3274,0.4163,0.1787
US-CO,2024-01,0.0069,0.0324,0.1645,0.7962
US-CT,2024-01,0.4146,0.4858,0.0898,0.0098
US-DC,2024-01,0.8653,0,0.1347,0
US-DE,2024-01,0.4154,0,0.5586,0.0259
US-FL,2024-01,0.235,0.0147,0.7503,0
US-GA,2024-01,0.358,0.2222,0.4198,0
US-HI,2024-01,0.2013,0.0631,0.3983,0.3372
US-IA,2024-01,0.0043,0.0207,0.0052,0.9699
US-ID,2024-01,0.0318,0.6087,0.0382,0.3213
US-IL,2024-01,0.0086,0.0025,0.0342,0.9548
US-IN,2024-01,0.0152,0.0243,0.0496,0.9109
US-KS,2024-01,0.0019,0.0003,0.0028,0.9949
US-KY,2024-01,0.0986,0.8895,0.0119,0
US-LA,2024-01,0.6777,0.1879,0.1344,0
US-MA,2024-01,0.3402,0.3441,0.2521,0.0636
US-MD,2024-01,0.0627,0.6878,0.0875,0.162
US-ME,2024-01,0.2196,0.4253,0.0278,0.3273
US-MI,2024-01,0.151,0.0551,0.0266,0.7673
US-MN,2024-01,0.0719,0.0631,0.0482,0.8168
US-MO,2024-01,0.0147,0.1086,0.0106,0.8662
US-MS,2024-01,0.7056,0,0.2944,0
US-MT,2024-01,0.0022,0.5815,0.0101,0.4063
US-NC,2024-01,0.0902,0.4301,0.4467,0.033
US-ND,2024-01,0,0.1343,0,0.8657
US-NE,2024-01,0.0063,0.073,0.0047,0.9161
US-NH,2024-01,0.259,0.5792,0.0003,0.1614
US-NJ,2024-01,0.5657,0,0.4173,0.0169
US-NM,2024-01,0.0016,0.0036,0.1287,0.8661
US-NV,2024-01,0.008,0.0966,0.8541,0.0413
US-NY,2024-01,0.0382,0.786,0.0186,0.1572
US-OH,2024-01,0.057,0.0867,0.1882,0.6681
US-OK,2024-01,0.0104,0.056,0.0016,0.932
US-OR,2024-01,0.0268,0.7884,0.0156,0.1692
US-PA,2024-01,0.1461,0.3803,0.0304,0.4432
US-RI,2024-01,0.3649,0.0078,0.2799,0.3473
US-SC,2024-01,0.274,0.4772,0.2488,0
US-SD,2024-01,0.0015,0.2326,0.0083,0.7576
US-TN,2024-01,0.0382,0.9146,0.0451,0.0022
US-TX,2024-01,0.0086,0.0032,0.1733,0.8149
US-UT,2024-01,0.0192,0.2057,0.5865,0.1886
US-VA,2024-01,0.4634,0.1105,0.4185,0.0077
US-VT,2024-01,0.2073,0.6849,0.0141,0.0937
US-WA,2024-01,0.0177,0.8905,0.0017,0.0901
US-WI,2024-01,0.2198,0.2945,0.1542,0.3316
US-WV,2024-01,0.0019,0.3921,0.0012,0.6048
US-WY,2024-01,0,0.0365,0.007,0.9565
CA-AB,2024-02,0.224,0.062,0.1003,0.6137
CA-BC,2024-02,0.0084,0.9529,0,0.0387
CA-MB,2024-02,0.0003,0.9716,0.0001,0.028
CA-NB,2024-02,0.1478,0.5491,0.0006,0.3025
CA-NL,2024-02,0.0022,0.9935,0,0.0043
CA-NS,2024-02,0.1733,0.3021,0.0006,0.5241
CA-NT,2024-02,0.2732,0.6085,0.0025,0.1159
CA-NU,2024-02,0.9951,0,0.0049,0
CA-ON,2024-02,0.0382,0.6569,0.0366,0.2683
CA-PE,2024-02,0.0007,0,0.0012,0.9981
CA-QC,2024-02,0.0007,0.9367,0.0001,0.0626
CA-SK,2024-02,0.285,0.3394,0.008,0.3677
CA-YT,2024-02,0.0229,0.971,0.0002,0.0059
US-AK,2024-02,0.0188,0.8942,0.0016,0.0854
US-AL,2024-02,0.1804,0.7677,0.0519,0
US-AR,2024-02,0.1246,0.6649,0.2105,0
US-AZ,2024-02,0.0134,0.3281,0.4946,0.1639
US-CA,2024-02,0.0601,0.3944,0.4159,0.1296
US-CO,2024-02,0.0058,0.0304,0.1789,0.7849
US-CT,2024-02,0.3725,0.3903,0.2295,0.0077
US-DC,2024-02,0.7291,0,0.2709,0
US-DE,2024-02,0.2387,0,0.7576,0.0036
US-FL,2024-02,0.1548,0.0067,0.8385,0
US-GA,2024-02,0.3333,0.2,0.4668,0
US-HI,2024-02,0.1029,0.054,0.3638,0.4792
US-IA,2024-02,0.0039,0.0206,0.0088,0.9666
US-ID,2024-02,0.0436,0.5962,0.0504,0.3099
US-IL,2024-02,0.0077,0.0029,0.0691,0.9203
US-IN,2024-02,0.0135,0.0287,0.1262,0.8316
US-KS,2024-02,0.0017,0.0004,0.003,0.9949
US-KY,2024-02,0.073,0.9029,0.0241,0
US-LA,2024-02,0.5138,0.3405,0.1457,0
US-MA,2024-02,0.2514,0.2151,0.4987,0.0348
US-MD,2024-02,0.0775,0.5771,0.2079,0.1375
US-ME,2024-02,0.2042,0.3525,0.0834,0.36
US-MI,2024-02,0.1399,0.0569,0.095,0.7082
US-MN,2024-02,0.0553,0.048,0.0917,0.8049
US-MO,2024-02,0.0107,0.1069,0.0144,0.868
US-MS,2024-02,0.6562,0,0.3438,0
US-MT,2024-02,0.0027,0.4978,0.0176,0.4819
US-NC,2024-02,0.0774,0.3651,0.525,0.0326
US-ND,2024-02,0,0.1531,0,0.8469
US-NE,2024-02,0.0055,0.0641,0.0054,0.9251
US-NH,2024-02,0.2751,0.5277,0.0013,0.196
US-NJ,2024-02,0.3166,0,0.6734,0.01
US-NM,2024-02,0.0013,0.0048,0.1309,0.8629
US-NV,2024-02,0.0066,0.0794,0.8671,0.0469
US-NY,2024-02,0.0349,0.7489,0.054,0.1622
US-OH,2024-02,0.0244,0.0649,0.4092,0.5015
US-OK,2024-02,0.0071,0.0414,0.0015,0.95
US-OR,2024-02,0.0268,0.7633,0.0242,0.1857
US-PA,2024-02,0.1716,0.3185,0.0962,0.4137
US-RI,2024-02,0.266,0.0044,0.5059,0.2237
US-SC,2024-02,0.255,0.4281,0.3169,0
US-SD,2024-02,0.0012,0.1423,0.0089,0.8475
US-TN,2024-02,0.0328,0.9049,0.0606,0.0017
US-TX,2024-02,0.0046,0.0049,0.1603,0.8303
US-UT,2024-02,0.0146,0.1699,0.6364,0.1791
US-VA,2024-02,0.4144,0.011,0.5685,0.0062
US-VT,2024-02,0.1937,0.59,0.0669,0.1493
US-WA,2024-02,0.0194,0.8474,0.0032,0.13
US-WI,2024-02,0.145,0.2471,0.2934,0.3145
US-WV,2024-02,0.002,0.4622,0.0061,0.5298
US-WY,2024-02,0,0.0358,0.0125,0.9517
CA-AB,2024-03,0.2227,0.0536,0.1387,0.585
CA-BC,2024-03,0.008,0.9484,0.0001,0.0435
CA-MB,2024-03,0.0003,0.9605,0.0001,0.0391
CA-NB,2024-03,0.0554,0.744,0.0003,0.2003
CA-NL,2024-03,0.002,0.9945,0,0.0034
CA-NS,2024-03,0.1176,0.3408,0.0006,0.541
CA-NT,2024-03,0.2648,0.6235,0.0478,0.0639
CA-NU,2024-03,1,0,0,0
CA-ON,2024-03,0.0295,0.6384,0.0378,0.2943
CA-PE,2024-03,0.0005,0,0.0084,0.9911
CA-QC,2024-03,0.0008,0.9274,0.0001,0.0717
CA-SK,2024-03,0.3298,0.2626,0.0128,0.3948
CA-YT,2024-03,0.0143,0.9708,0.0018,0.0131
US-AK,2024-03,0.0207,0.9026,0.0047,0.0721
US-AL,2024-03,0.1631,0.7725,0.0645,0
US-AR,2024-03,0.1393,0.5389,0.3218,0
US-AZ,2024-03,0.0117,0.3421,0.5018,0.1444
US-CA,2024-03,0.0506,0.3603,0.4137,0.1754
US-CO,2024-03,0.0047,0.041,0.2055,0.7488
US-CT,2024-03,0.284,0.4299,0.2768,0.0093
US-DC,2024-03,0.6866,0,0.3134,0
US-DE,2024-03,0.1799,0,0.811,0.0091
US-FL,2024-03,0.1234,0.0043,0.8723,0
US-GA,2024-03,0.3239,0.2386,0.4374,0
US-HI,2024-03,0.1048,0.0703,0.3553,0.4695
US-IA,2024-03,0.0034,0.0148,0.0091,0.9727
US-ID,2024-03,0.043,0.643,0.0788,0.2353
US-IL,2024-03,0.006,0.0024,0.0641,0.9275
US-IN,2024-03,0.0114,0.0207,0.1216,0.8463
US-KS,2024-03,0.0013,0.0002,0.0034,0.995
US-KY,2024-03,0.0808,0.8892,0.03,0
US-LA,2024-03,0.5017,0.3265,0.1717,0
US-MA,2024-03,0.2067,0.2194,0.5187,0.0552
US-MD,2024-03,0.0561,0.6165,0.1856,0.1418
US-ME,2024-03,0.1806,0.3781,0.0819,0.3594
US-MI,2024-03,0.1186,0.0425,0.0872,0.7517
US-MN,2024-03,0.0484,0.0276,0.1095,0.8144
US-MO,2024-03,0.0077,0.0659,0.0161,0.9102
US-MS,2024-03,0.5924,0,0.4076,0
US-MT,2024-03,0.0023,0.5824,0.0271,0.3882
US-NC,2024-03,0.0755,0.3134,0.5763,0.0348
US-ND,2024-03,0,0.1047,0,0.8953
US-NE,2024-03,0.0043,0.0739,0.0059,0.9159
US-NH,2024-03,0.198,0.6453,0.0009,0.1558
US-NJ,2024-03,0.2779,0,0.7102,0.012
US-NM,2024-03,0.0013,0.0087,0.1559,0.8341
US-NV,2024-03,0.0044,0.1474,0.8095,0.0388
US-NY,2024-03,0.0359,0.7266,0.0597,0.1777
US-OH,2024-03,0.0352,0.0404,0.3865,0.5378
US-OK,2024-03,0.0056,0.0293,0.0023,0.9628
US-OR,2024-03,0.0259,0.759,0.0422,0.1729
US-PA,2024-03,0.1354,0.3573,0.0846,0.4227
US-RI,2024-03,0.2201,0.0042,0.5504,0.2253
US-SC,2024-03,0.2056,0.4736,0.3207,0
US-SD,2024-03,0.001,0.2304,0.0074,0.7611
US-TN,2024-03,0.022,0.8811,0.0942,0.0027
US-TX,2024-03,0.0038,0.0051,0.1987,0.7925
US-UT,2024-03,0.0121,0.1153,0.7123,0.1602
US-VA,2024-03,0.3139,0.0517,0.6275,0.0069
US-VT,2024-03,0.1107,0.6777,0.0599,0.1518
US-WA,2024-03,0.0163,0.8602,0.0066,0.117
US-WI,2024-03,0.1295,0.1861,0.3302,0.3542
US-WV,2024-03,0.0015,0.3552,0.0362,0.6071
US-WY,2024-03,0,0.0394,0.0156,0.945
CA-AB,2024-04,0.1509,0.0517,0.1431,0.6543
CA-BC,2024-04,0.0087,0.9506,0.0001,0.0407
CA-MB,2024-04,0.0004,0.9526,0.0001,0.0469
CA-NB,2024-04,0.0506,0.7868,0.0004,0.1622
CA-NL,2024-04,0.0018,0.9937,0,0.0045
CA-NS,2024-04,0.1132,0.418,0.0009,0.4679
CA-NT,2024-04,0.2626,0.6281,0.0137,0.0956
CA-NU,2024-04,0.9948,0,0.0052,0
CA-ON,2024-04,0.0226,0.647,0.0414,0.2889
CA-PE,2024-04,0.0005,0,0.0667,0.9328
CA-QC,2024-04,0.0009,0.9134,0.0001,0.0856
CA-SK,2024-04,0.2065,0.4413,0.0115,0.3408
CA-YT,2024-04,0.019,0.966,0.0016,0.0134
US-AK,2024-04,0.0228,0.9086,0.0076,0.061
US-AL,2024-04,0.2935,0.5831,0.1234,0
US-AR,2024-04,0.121,0.5256,0.3534,0
US-AZ,2024-04,0.0091,0.3108,0.5663,0.1139
US-CA,2024-04,0.0352,0.3221,0.4749,0.1679
US-CO,2024-04,0.0038,0.0677,0.2044,0.7241
US-CT,2024-04,0.3255,0.3995,0.2686,0.0064
US-DC,2024-04,0.6488,0,0.3512,0
US-DE,2024-04,0.1821,0,0.802,0.0159
US-FL,2024-04,0.1106,0.0061,0.8833,0
US-GA,2024-04,0.2694,0.1574,0.5732,0
US-HI,2024-04,0.1151,0.0851,0.3794,0.4205
US-IA,2024-04,0.003,0.0211,0.0114,0.9645
US-ID,2024-04,0.0235,0.7155,0.0592,0.2019
US-IL,2024-04,0.0058,0.0019,0.0732,0.9191
US-IN,2024-04,0.0103,0.0143,0.1521,0.8233
US-KS,2024-04,0.0012,0.0005,0.0035,0.9948
US-KY,2024-04,0.1114,0.8391,0.0495,0
US-LA,2024-04,0.4949,0.2921,0.2131,0
US-MA,2024-04,0.1994,0.2237,0.5363,0.0406
US-MD,2024-04,0.0545,0.6251,0.2026,0.1178
US-ME,2024-04,0.1357,0.4548,0.0968,0.3127
US-MI,2024-04,0.1047,0.0526,0.1185,0.7242
US-MN,2024-04,0.0348,0.0479,0.1063,0.811
US-MO,2024-04,0.0041,0.066,0.0189,0.911
US-MS,2024-04,0.3749,0,0.3771,0.248
US-MT,2024-04,0.0016,0.517,0.0263,0.4552
US-NC,2024-04,0.0679,0.1829,0.7114,0.0378
US-ND,2024-04,0,0.084,0,0.916
US-NE,2024-04,0.0037,0.0685,0.0071,0.9207
US-NH,2024-04,0.0707,0.746,0.0014,0.182
US-NJ,2024-04,0.2481,0,0.7426,0.0094
US-NM,2024-04,0.0011,0.009,0.2047,0.7852
US-NV,2024-04,0.003,0.1397,0.8374,0.0199
US-NY,2024-04,0.0357,0.7225,0.073,0.1688
US-OH,2024-04,0.0362,0.0254,0.4664,0.472
US-OK,2024-04,0.0072,0.0323,0.0023,0.9581
US-OR,2024-04,0.0266,0.639,0.0548,0.2797
US-PA,2024-04,0.129,0.3843,0.1018,0.3849
US-RI,2024-04,0.1728,0.0052,0.6498,0.1722
US-SC,2024-04,0.2422,0.2866,0.4712,0
US-SD,2024-04,0.0008,0.2679,0.0093,0.722
US-TN,2024-04,0.0834,0.6955,0.2163,0.0049
US-TX,2024-04,0.0027,0.0034,0.1844,0.8094
US-UT,2024-04,0.0088,0.1343,0.7831,0.0737
US-VA,2024-04,0.289,0.0377,0.6682,0.005
US-VT,2024-04,0.1241,0.6481,0.0848,0.1429
US-WA,2024-04,0.0179,0.7966,0.0079,0.1776
US-WI,2024-04,0.1057,0.2787,0.3191,0.2965
US-WV,2024-04,0.0019,0.334,0.0516,0.6125
US-WY,2024-04,0,0.0925,0.0276,0.8799
CA-AB,2024-05,0.1807,0.0785,0.169,0.5717
CA-BC,2024-05,0.0077,0.9517,0.0001,0.0404
CA-MB,2024-05,0.0003,0.9611,0.0001,0.0385
CA-NB,2024-05,0.1077,0.7098,0.0007,0.1818
CA-NL,2024-05,0.0016,0.9951,0,0.0034
CA-NS,2024-05,0.1441,0.4098,0.0014,0.4447
CA-NT,2024-05,0.1717,0.6973,0.0207,0.1103
CA-NU,2024-05,0.9837,0,0.0163,0
CA-ON,2024-05,0.0289,0.7355,0.0535,0.1821
CA-PE,2024-05,0.0007,0,0.0878,0.9115
CA-QC,2024-05,0.0011,0.9407,0.0001,0.0581
CA-SK,2024-05,0.2201,0.4568,0.0122,0.3109
CA-YT,2024-05,0.007,0.9757,0.0032,0.0141
US-AK,2024-05,0.0236,0.9019,0.0072,0.0672
US-AL,2024-05,0.2201,0.6748,0.1051,0
US-AR,2024-05,0.122,0.5173,0.3607,0
US-AZ,2024-05,0.0091,0.2883,0.564,0.1386
US-CA,2024-05,0.0369,0.3079,0.4659,0.1892
US-CO,2024-05,0.0025,0.1106,0.2088,0.6781
US-CT,2024-05,0.3671,0.2701,0.358,0.0048
US-DC,2024-05,0.6589,0,0.3411,0
US-DE,2024-05,0.1889,0,0.8109,0.0002
US-FL,2024-05,0.1167,0.0046,0.8787,0
US-GA,2024-05,0.2956,0.1527,0.5517,0
US-HI,2024-05,0.105,0.0974,0.3957,0.402
US-IA,2024-05,0.0053,0.0301,0.0202,0.9444
US-ID,2024-05,0.0234,0.717,0.065,0.1947
US-IL,2024-05,0.0085,0.0031,0.1353,0.8531
US-IN,2024-05,0.0138,0.0357,0.3157,0.6348
US-KS,2024-05,0.0022,0.0016,0.0052,0.991
US-KY,2024-05,0.0647,0.9066,0.0287,0
US-LA,2024-05,0.4645,0.3404,0.1952,0
US-MA,2024-05,0.1877,0.1433,0.6313,0.0376
US-MD,2024-05,0.0881,0.5406,0.2821,0.0892
US-ME,2024-05,0.1468,0.4985,0.1613,0.1934
US-MI,2024-05,0.1332,0.0473,0.2017,0.6178
US-MN,2024-05,0.0589,0.0643,0.1522,0.7246
US-MO,2024-05,0.0109,0.4251,0.0177,0.5464
US-MS,2024-05,0.3723,0,0.5048,0.1229
US-MT,2024-05,0.0011,0.678,0.0212,0.2997
US-NC,2024-05,0.0746,0.2498,0.6578,0.0178
US-ND,2024-05,0,0.1272,0,0.8728
US-NE,2024-05,0.0059,0.0824,0.0246,0.8871
US-NH,2024-05,0.1603,0.7231,0.0016,0.115
US-NJ,2024-05,0.2593,0,0.7342,0.0064
US-NM,2024-05,0.0012,0.0114,0.2298,0.7575
US-NV,2024-05,0.0027,0.1249,0.856,0.0164
US-NY,2024-05,0.0416,0.7353,0.1111,0.112
US-OH,2024-05,0.0347,0.0947,0.5891,0.2815
US-OK,2024-05,0.0092,0.0849,0.011,0.8949
US-OR,2024-05,0.0192,0.5825,0.0683,0.33
US-PA,2024-05,0.2003,0.3266,0.1743,0.2988
US-RI,2024-05,0.2151,0.0043,0.6383,0.1422
US-SC,2024-05,0.2421,0.3186,0.4393,0
US-SD,2024-05,0.0011,0.2553,0.0135,0.7301
US-TN,2024-05,0.051,0.829,0.1189,0.0012
US-TX,2024-05,0.0048,0.0073,0.2286,0.7592
US-UT,2024-05,0.0079,0.1318,0.791,0.0693
US-VA,2024-05,0.2844,0,0.7116,0.004
US-VT,2024-05,0.0779,0.6732,0.1257,0.1232
US-WA,2024-05,0.009,0.8191,0.0082,0.1638
US-WI,2024-05,0.1077,0.3086,0.389,0.1947
US-WV,2024-05,0.0023,0.5596,0.0658,0.3723
US-WY,2024-05,0,0.1597,0.0564,0.7839
CA-AB,2024-06,0.1776,0.0944,0.203,0.525
CA-BC,2024-06,0.0058,0.9652,0.0001,0.0289
CA-MB,2024-06,0.0002,0.9704,0.0001,0.0293
CA-NB,2024-06,0.1095,0.6586,0.0009,0.2309
CA-NL,2024-06,0.0008,0.9939,0,0.0053
CA-NS,2024-06,0.1245,0.2552,0.0017,0.6187
CA-NT,2024-06,0.2226,0.6372,0.0475,0.0928
CA-NU,2024-06,0.988,0,0.012,0
CA-ON,2024-06,0.0306,0.7013,0.0568,0.2114
CA-PE,2024-06,0.0007,0,0.1217,0.8777
CA-QC,2024-06,0.001,0.9516,0.0001,0.0473
CA-SK,2024-06,0.1895,0.4682,0.0083,0.334
CA-YT,2024-06,0.0033,0.9797,0.0054,0.0117
US-AK,2024-06,0.0234,0.9106,0.011,0.055
US-AL,2024-06,0.346,0.4817,0.1723,0
US-AR,2024-06,0.1003,0.5467,0.353,0
US-AZ,2024-06,0.0084,0.2952,0.5659,0.1305
US-CA,2024-06,0.0373,0.2665,0.5164,0.1798
US-CO,2024-06,0.0026,0.1075,0.2303,0.6597
US-CT,2024-06,0.4145,0.1293,0.45,0.0062
US-DC,2024-06,0.5576,0,0.4424,0
US-DE,2024-06,0.1344,0,0.8627,0.0029
US-FL,2024-06,0.12,0.0074,0.8726,0
US-GA,2024-06,0.2946,0.0623,0.6431,0
US-HI,2024-06,0.0989,0.0514,0.4313,0.4184
US-IA,2024-06,0.0052,0.0285,0.0217,0.9445
US-ID,2024-06,0.0094,0.7178,0.0953,0.1776
US-IL,2024-06,0.008,0.003,0.1328,0.8561
US-IN,2024-06,0.0121,0.0284,0.3157,0.6437
US-KS,2024-06,0.0017,0.0015,0.0047,0.9921
US-KY,2024-06,0.0785,0.8676,0.0539,0
US-LA,2024-06,0.451,0.3284,0.2206,0
US-MA,2024-06,0.2168,0.0371,0.7069,0.0392
US-MD,2024-06,0.0907,0.2919,0.4851,0.1322
US-ME,2024-06,0.1945,0.3792,0.1648,0.2614
US-MI,2024-06,0.1325,0,0.199,0.6685
US-MN,2024-06,0.0629,0.0686,0.1549,0.7135
US-MO,2024-06,0.0133,0.3012,0.0219,0.6637
US-MS,2024-06,0.3155,0,0.6183,0.0662
US-MT,2024-06,0.0019,0.6835,0.0303,0.2843
US-NC,2024-06,0.0725,0.169,0.7426,0.0159
US-ND,2024-06,0,0.1382,0,0.8618
US-NE,2024-06,0.0062,0.1232,0.0263,0.8443
US-NH,2024-06,0.3569,0.4596,0.0022,0.1814
US-NJ,2024-06,0.2284,0,0.7648,0.0067
US-NM,2024-06,0.0012,0.0126,0.2599,0.7263
US-NV,2024-06,0.0025,0.1108,0.8726,0.0141
US-NY,2024-06,0.0413,0.7,0.1161,0.1425
US-OH,2024-06,0.0286,0.0648,0.6286,0.278
US-OK,2024-06,0.0078,0.0615,0.0119,0.9188
US-OR,2024-06,0.0255,0.6132,0.0784,0.283
US-PA,2024-06,0.2397,0.0941,0.2939,0.3723
US-RI,2024-06,0.1898,0.0022,0.6867,0.1212
US-SC,2024-06,0.3018,0.0967,0.6016,0
US-SD,2024-06,0.0012,0.2893,0.0388,0.6708
US-TN,2024-06,0.0588,0.7747,0.1649,0.0017
US-TX,2024-06,0.0062,0.0087,0.2689,0.7162
US-UT,2024-06,0.0064,0.0937,0.8113,0.0886
US-VA,2024-06,0.2587,0,0.7388,0.0025
US-VT,2024-06,0.1868,0.4887,0.1558,0.1687
US-WA,2024-06,0.0078,0.8673,0.0082,0.1167
US-WI,2024-06,0.1077,0.3235,0.3862,0.1825
US-WV,2024-06,0.0023,0.3736,0.1017,0.5223
US-WY,2024-06,0,0.1822,0.0554,0.7624
CA-AB,2024-07,0.2236,0.1296,0.2148,0.4321
CA-BC,2024-07,0.0086,0.9606,0.0001,0.0308
CA-MB,2024-07,0.0002,0.985,0.0001,0.0147
CA-NB,2024-07,0.0984,0.712,0.0008,0.1888
CA-NL,2024-07,0.0008,0.9961,0,0.0031
CA-NS,2024-07,0.215,0.211,0.002,0.572
CA-NT,2024-07,0.1524,0.7466,0.0396,0.0613
CA-NU,2024-07,0.9833,0,0.0167,0
CA-ON,2024-07,0.0527,0.7679,0.0641,0.1153
CA-PE,2024-07,0.0008,0,0.1635,0.8357
CA-QC,2024-07,0.001,0.9582,0.0001,0.0407
CA-SK,2024-07,0.2499,0.5261,0.0159,0.2081
CA-YT,2024-07,0.0035,0.9789,0.004,0.0137
US-AK,2024-07,0.0244,0.9244,0.0067,0.0445
US-AL,2024-07,0.3551,0.4855,0.1594,0
US-AR,2024-07,0.1181,0.4553,0.4266,0
US-AZ,2024-07,0.0093,0.272,0.6092,0.1095
US-CA,2024-07,0.0408,0.2992,0.5221,0.1379
US-CO,2024-07,0.003,0.119,0.2807,0.5973
US-CT,2024-07,0.4625,0.1309,0.4028,0.0038
US-DC,2024-07,0.5354,0,0.4646,0
US-DE,2024-07,0.1527,0,0.846,0.0013
US-FL,2024-07,0.1342,0.0083,0.8574,0
US-GA,2024-07,0.3032,0.092,0.6048,0
US-HI,2024-07,0.1211,0.047,0.43,0.4019
US-IA,2024-07,0.0095,0.0401,0.0361,0.9142
US-ID,2024-07,0.0136,0.7758,0.0918,0.1187
US-IL,2024-07,0.0143,0.0036,0.2702,0.7118
US-IN,2024-07,0.0184,0.0421,0.4713,0.4681
US-KS,2024-07,0.0024,0.0016,0.0066,0.9894
US-KY,2024-07,0.0955,0.8233,0.0811,0
US-LA,2024-07,0.426,0.2552,0.3188,0
US-MA,2024-07,0.2387,0.0329,0.6988,0.0296
US-MD,2024-07,0.1333,0.245,0.5051,0.1166
US-ME,2024-07,0.2314,0.3731,0.2085,0.1871
US-MI,2024-07,0.214,0,0.3172,0.4688
US-MN,2024-07,0.0853,0.0868,0.2392,0.5886
US-MO,2024-07,0.0227,0.2491,0.0337,0.6945
US-MS,2024-07,0.3254,0,0.6184,0.0562
US-MT,2024-07,0.0027,0.7291,0.0387,0.2295
US-NC,2024-07,0.0699,0.1516,0.7594,0.0191
US-ND,2024-07,0,0.2191,0,0.7809
US-NE,2024-07,0.0098,0.1499,0.0343,0.806
US-NH,2024-07,0.2996,0.5989,0.0019,0.0996
US-NJ,2024-07,0.2359,0,0.7595,0.0046
US-NM,2024-07,0.0014,0.0167,0.3323,0.6497
US-NV,2024-07,0.0027,0.0853,0.9033,0.0088
US-NY,2024-07,0.044,0.7458,0.1231,0.0871
US-OH,2024-07,0.0345,0.0537,0.7516,0.1603
US-OK,2024-07,0.0085,0.0264,0.0145,0.9505
US-OR,2024-07,0.0307,0.5823,0.0866,0.3004
US-PA,2024-07,0.3112,0.0307,0.3531,0.305
US-RI,2024-07,0.2208,0.0004,0.6749,0.1039
US-SC,2024-07,0.2987,0.1704,0.5309,0
US-SD,2024-07,0.0017,0.272,0.0555,0.6708
US-TN,2024-07,0.0715,0.7362,0.1912,0.0011
US-TX,2024-07,0.006,0.0058,0.3164,0.6717
US-UT,2024-07,0.0083,0.0743,0.8566,0.0607
US-VA,2024-07,0.281,0,0.7157,0.0033
US-VT,2024-07,0.1599,0.5828,0.1584,0.099
US-WA,2024-07,0.0141,0.8779,0.008,0.1
US-WI,2024-07,0.133,0.2819,0.5046,0.0805
US-WV,2024-07,0.0034,0.3575,0.128,0.5111
US-WY,2024-07,0,0.2555,0.0928,0.6518
CA-AB,2024-08,0.2231,0.1044,0.1885,0.4839
CA-BC,2024-08,0.0101,0.9634,0.0001,0.0264
CA-MB,2024-08,0.0002,0.979,0.0001,0.0207
CA-NB,2024-08,0.1233,0.6471,0.0012,0.2284
CA-NL,2024-08,0.0009,0.9945,0,0.0046
CA-NS,2024-08,0.2752,0.1856,0.0019,0.5373
CA-NT,2024-08,0.1455,0.7525,0.0163,0.0856
CA-NU,2024-08,0.9877,0,0.0123,0
CA-ON,2024-08,0.0554,0.7298,0.0607,0.1541
CA-PE,2024-08,0.0008,0,0.1669,0.8322
CA-QC,2024-08,0.001,0.9517,0.0001,0.0472
CA-SK,2024-08,0.2797,0.4356,0.0158,0.2689
CA-YT,2024-08,0.0084,0.9702,0.0036,0.0178
US-AK,2024-08,0.0248,0.8985,0.0059,0.0707
US-AL,2024-08,0.3533,0.4711,0.1756,0
US-AR,2024-08,0.1144,0.4356,0.45,0
US-AZ,2024-08,0.0089,0.2502,0.6132,0.1277
US-CA,2024-08,0.0418,0.295,0.5153,0.1479
US-CO,2024-08,0.0031,0.0957,0.2497,0.6516
US-CT,2024-08,0.4282,0.1482,0.4191,0.0045
US-DC,2024-08,0.4879,0,0.5121,0
US-DE,2024-08,0.1642,0,0.8341,0.0017
US-FL,2024-08,0.1322,0.008,0.8598,0
US-GA,2024-08,0.2901,0.0454,0.6645,0
US-HI,2024-08,0.1447,0.0419,0.4205,0.393
US-IA,2024-08,0.0089,0.0482,0.03,0.9128
US-ID,2024-08,0.028,0.7296,0.0889,0.1536
US-IL,2024-08,0.0138,0.0047,0.2574,0.7241
US-IN,2024-08,0.0192,0.0377,0.4969,0.4463
US-KS,2024-08,0.0027,0.0006,0.0059,0.9907
US-KY,2024-08,0.067,0.8368,0.0962,0
US-LA,2024-08,0.4016,0.1437,0.4547,0
US-MA,2024-08,0.2442,0.0817,0.6451,0.029
US-MD,2024-08,0.0922,0.4893,0.3467,0.0717
US-ME,2024-08,0.2551,0.3757,0.185,0.1843
US-MI,2024-08,0.2046,0,0.2776,0.5178
US-MN,2024-08,0.0796,0.0501,0.1951,0.6752
US-MO,2024-08,0.0251,0.0977,0.053,0.8242
US-MS,2024-08,0.2939,0,0.6383,0.0677
US-MT,2024-08,0.0031,0.6344,0.0402,0.3223
US-NC,2024-08,0.071,0.2189,0.6952,0.0149
US-ND,2024-08,0,0.1535,0,0.8465
US-NE,2024-08,0.0095,0.149,0.0242,0.8173
US-NH,2024-08,0.3377,0.5691,0.0017,0.0915
US-NJ,2024-08,0.2639,0,0.7308,0.0053
US-NM,2024-08,0.0013,0.0176,0.3218,0.6593
US-NV,2024-08,0.003,0.0747,0.9011,0.0212
US-NY,2024-08,0.0457,0.7309,0.1119,0.1114
US-OH,2024-08,0.0387,0.0636,0.7421,0.1556
US-OK,2024-08,0.0103,0.0227,0.0146,0.9524
US-OR,2024-08,0.0285,0.6087,0.0771,0.2856
US-PA,2024-08,0.2518,0.2482,0.2516,0.2484
US-RI,2024-08,0.2042,0.0009,0.7009,0.0941
US-SC,2024-08,0.28,0.2631,0.4569,0
US-SD,2024-08,0.0011,0.3669,0.0334,0.5986
US-TN,2024-08,0.0483,0.7896,0.1619,0.0002
US-TX,2024-08,0.0073,0.0053,0.3548,0.6325
US-UT,2024-08,0.0073,0.0871,0.7974,0.1082
US-VA,2024-08,0.2802,0,0.7175,0.0023
US-VT,2024-08,0.1741,0.5747,0.1258,0.1254
US-WA,2024-08,0.0174,0.8631,0.0092,0.1103
US-WI,2024-08,0.1379,0.2458,0.4985,0.1179
US-WV,2024-08,0.0037,0.4069,0.137,0.4525
US-WY,2024-08,0,0.2206,0.0726,0.7068
CA-AB,2024-09,0.2018,0.0976,0.1561,0.5446
CA-BC,2024-09,0.0066,0.9583,0,0.035
CA-MB,2024-09,0.0002,0.9702,0.0001,0.0295
CA-NB,2024-09,0.1674,0.4666,0.0017,0.3642
CA-NL,2024-09,0.0014,0.9942,0,0.0045
CA-NS,2024-09,0.2243,0.1153,0.0016,0.6589
CA-NT,2024-09,0.1366,0.7372,0.0192,0.107
CA-NU,2024-09,0.9934,0,0.0066,0
CA-ON,2024-09,0.0461,0.7033,0.0608,0.1898
CA-PE,2024-09,0.0007,0,0.1351,0.8642
CA-QC,2024-09,0.0011,0.941,0.0001,0.0577
CA-SK,2024-09,0.2201,0.3906,0.0111,0.3782
CA-YT,2024-09,0.0192,0.9555,0.0011,0.0242
US-AK,2024-09,0.0225,0.9187,0.0039,0.0549
US-AL,2024-09,0.2978,0.5828,0.1194,0
US-AR,2024-09,0.1742,0.3539,0.4719,0
US-AZ,2024-09,0.0112,0.2216,0.6524,0.1148
US-CA,2024-09,0.0479,0.2844,0.532,0.1357
US-CO,2024-09,0.0028,0.0794,0.2209,0.697
US-CT,2024-09,0.485,0.0421,0.4679,0.005
US-DC,2024-09,0.585,0,0.415,0
US-DE,2024-09,0.1844,0,0.7933,0.0223
US-FL,2024-09,0.1254,0.0085,0.8661,0
US-GA,2024-09,0.383,0.0964,0.5206,0
US-HI,2024-09,0.1309,0.054,0.4622,0.3529
US-IA,2024-09,0.0068,0.0216,0.021,0.9506
US-ID,2024-09,0.0347,0.6811,0.0992,0.185
US-IL,2024-09,0.0121,0.0042,0.2238,0.76
US-IN,2024-09,0.0167,0.0246,0.4042,0.5545
US-KS,2024-09,0.0023,0.0004,0.0056,0.9918
US-KY,2024-09,0.1039,0.81,0.0862,0
US-LA,2024-09,0.4589,0.069,0.472,0
US-MA,2024-09,0.2798,0,0.685,0.0352
US-MD,2024-09,0.1344,0.2446,0.418,0.2031
US-ME,2024-09,0.2615,0.3043,0.2032,0.231
US-MI,2024-09,0.1631,0,0.2206,0.6163
US-MN,2024-09,0.072,0.0271,0.1617,0.7392
US-MO,2024-09,0.0224,0.0212,0.0425,0.9139
US-MS,2024-09,0.3486,0,0.5415,0.1099
US-MT,2024-09,0.0029,0.5734,0.032,0.3917
US-NC,2024-09,0.0831,0.2399,0.6507,0.0263
US-ND,2024-09,0,0.1146,0,0.8854
US-NE,2024-09,0.0066,0.0932,0.0198,0.8804
US-NH,2024-09,0.4227,0.3967,0.0026,0.178
US-NJ,2024-09,0.282,0,0.7115,0.0064
US-NM,2024-09,0.0014,0.0111,0.3004,0.687
US-NV,2024-09,0.0032,0.0672,0.9149,0.0147
US-NY,2024-09,0.0495,0.6968,0.1267,0.127
US-OH,2024-09,0.0368,0.0453,0.6897,0.2281
US-OK,2024-09,0.0095,0.0163,0.0163,0.9579
US-OR,2024-09,0.031,0.6079,0.0673,0.2938
US-PA,2024-09,0.3027,0,0.2372,0.4601
US-RI,2024-09,0.2224,0,0.6585,0.119
US-SC,2024-09,0.3315,0.2261,0.4424,0
US-SD,2024-09,0.0012,0.364,0.0293,0.6055
US-TN,2024-09,0.0633,0.8,0.1363,0.0005
US-TX,2024-09,0.0064,0.0031,0.3699,0.6206
US-UT,2024-09,0.0081,0.0928,0.8214,0.0777
US-VA,2024-09,0.307,0,0.6881,0.0049
US-VT,2024-09,0.3177,0.3313,0.1846,0.1665
US-WA,2024-09,0.025,0.8062,0.0101,0.1587
US-WI,2024-09,0.1247,0.1921,0.5122,0.171
US-WV,2024-09,0.0029,0.2971,0.0944,0.6056
US-WY,2024-09,0,0.1193,0.0842,0.7965
CA-AB,2024-10,0.1796,0.0771,0.0974,0.646
CA-BC,2024-10,0.0061,0.9589,0,0.035
CA-MB,2024-10,0.0002,0.9677,0,0.032
CA-NB,2024-10,0.1528,0.4159,0.0008,0.4306
CA-NL,2024-10,0.0046,0.9879,0,0.0074
CA-NS,2024-10,0.1776,0.0804,0.0011,0.7409
CA-NT,2024-10,0.1436,0.6893,0.0075,0.1596
CA-NU,2024-10,0.9977,0,0.0023,0
CA-ON,2024-10,0.0323,0.6318,0.0448,0.2912
CA-PE,2024-10,0.0006,0,0.0615,0.9379
CA-QC,2024-10,0.0009,0.9174,0.0001,0.0817
CA-SK,2024-10,0.2305,0.3467,0.0097,0.4131
CA-YT,2024-10,0.029,0.957,0.001,0.013
US-AK,2024-10,0.0224,0.9069,0.0036,0.0671
US-AL,2024-10,0.2404,0.6355,0.1241,0
US-AR,2024-10,0.1155,0.2042,0.6804,0
US-AZ,2024-10,0.0009,0.2361,0.6327,0.1302
US-CA,2024-10,0.0559,0.227,0.5694,0.1476
US-CO,2024-10,0.003,0.051,0.1798,0.7662
US-CT,2024-10,0.3753,0.0633,0.5505,0.0109
US-DC,2024-10,0.593,0,0.407,0
US-DE,2024-10,0.1792,0,0.7998,0.021
US-FL,2024-10,0.1344,0.0091,0.8565,0
US-GA,2024-10,0.2767,0.1004,0.623,0
US-HI,2024-10,0.1552,0.0454,0.4604,0.339
US-IA,2024-10,0.0038,0.0101,0.0126,0.9735
US-ID,2024-10,0.0481,0.5862,0.0983,0.2674
US-IL,2024-10,0.0074,0.0022,0.1385,0.8518
US-IN,2024-10,0.0129,0.0248,0.2743,0.688
US-KS,2024-10,0.0016,0.0004,0.0035,0.9945
US-KY,2024-10,0.0797,0.7969,0.1234,0
US-LA,2024-10,0.4922,0.0163,0.4915,0
US-MA,2024-10,0.288,0,0.6574,0.0546
US-MD,2024-10,0.1363,0.1992,0.4745,0.19
US-ME,2024-10,0.199,0.2417,0.1508,0.4085
US-MI,2024-10,0.1162,0.0263,0.1268,0.7308
US-MN,2024-10,0.0505,0.0171,0.1056,0.8268
US-MO,2024-10,0.0077,0.0246,0.0333,0.9345
US-MS,2024-10,0.2944,0,0.593,0.1126
US-MT,2024-10,0.0029,0.5528,0.0251,0.4192
US-NC,2024-10,0.0672,0.2788,0.6346,0.0193
US-ND,2024-10,0,0.0961,0,0.9039
US-NE,2024-10,0.0054,0.0851,0.0157,0.8937
US-NH,2024-10,0.2004,0.416,0.0026,0.3811
US-NJ,2024-10,0.2562,0,0.7375,0.0063
US-NM,2024-10,0.0012,0.0006,0.2439,0.7542
US-NV,2024-10,0.0035,0.1178,0.858,0.0206
US-NY,2024-10,0.049,0.6539,0.1079,0.1893
US-OH,2024-10,0.0446,0.0389,0.6071,0.3094
US-OK,2024-10,0.0074,0.0085,0.0103,0.9738
US-OR,2024-10,0.0367,0.6708,0.0574,0.2351
US-PA,2024-10,0.277,0.0141,0.2239,0.485
US-RI,2024-10,0.1646,0.0001,0.6784,0.1568
US-SC,2024-10,0.23,0.269,0.501,0
US-SD,2024-10,0.0009,0.3237,0.0183,0.6571
US-TN,2024-10,0.0408,0.8493,0.1097,0.0001
US-TX,2024-10,0.0051,0.0022,0.2824,0.7103
US-UT,2024-10,0.0107,0.0739,0.7994,0.116
US-VA,2024-10,0.236,0.0273,0.733,0.0037
US-VT,2024-10,0.1352,0.3515,0.1836,0.3297
US-WA,2024-10,0.0196,0.8235,0.0072,0.1497
US-WI,2024-10,0.1155,0.1453,0.4033,0.336
US-WV,2024-10,0.0023,0.3568,0.0787,0.5622
US-WY,2024-10,0,0.0456,0.0625,0.892
CA-AB,2024-11,0.2308,0.0956,0.0434,0.6303
CA-BC,2024-11,0.0063,0.9648,0,0.0289
CA-MB,2024-11,0.0002,0.9704,0,0.0294
CA-NB,2024-11,0.1591,0.3914,0.0003,0.4493
CA-NL,2024-11,0.0031,0.992,0,0.0049
CA-NS,2024-11,0.144,0.0871,0.0003,0.7686
CA-NT,2024-11,0.1607,0.7389,0.0017,0.0987
CA-NU,2024-11,0.9996,0,0.0004,0
CA-ON,2024-11,0.0258,0.6595,0.0204,0.2942
CA-PE,2024-11,0.0005,0,0.0191,0.9804
CA-QC,2024-11,0.0008,0.931,0,0.0682
CA-SK,2024-11,0.2151,0.362,0.0038,0.4191
CA-YT,2024-11,0.0317,0.9561,0.0017,0.0104
US-AK,2024-11,0.0242,0.9177,0.0006,0.0575
US-AL,2024-11,0.3342,0.5874,0.0784,0
US-AR,2024-11,0.1379,0.5111,0.351,0
US-AZ,2024-11,0.0098,0.2444,0.5568,0.1891
US-CA,2024-11,0.0648,0.235,0.5354,0.1647
US-CO,2024-11,0.0031,0.0278,0.1501,0.8189
US-CT,2024-11,0.47,0.0445,0.4715,0.014
US-DC,2024-11,0.6828,0,0.3172,0
US-DE,2024-11,0.2577,0,0.7099,0.0324
US-FL,2024-11,0.1545,0.0122,0.8333,0
US-GA,2024-11,0.3932,0.0843,0.5224,0
US-HI,2024-11,0.132,0.0709,0.4123,0.3848
US-IA,2024-11,0.0037,0.0186,0.0092,0.9685
US-ID,2024-11,0.0528,0.4839,0.0611,0.4022
US-IL,2024-11,0.0066,0.0023,0.0668,0.9244
US-IN,2024-11,0.0111,0.0285,0.1201,0.8404
US-KS,2024-11,0.0016,0.0003,0.0024,0.9957
US-KY,2024-11,0.0867,0.8411,0.0721,0
US-LA,2024-11,0.5225,0.1292,0.3484,0
US-MA,2024-11,0.319,0,0.5877,0.0933
US-MD,2024-11,0.1495,0.1855,0.3123,0.3527
US-ME,2024-11,0.2361,0.1977,0.0783,0.4879
US-MI,2024-11,0.133,0.0263,0.0531,0.7876
US-MN,2024-11,0.071,0.031,0.0691,0.8289
US-MO,2024-11,0.015,0.0464,0.0192,0.9195
US-MS,2024-11,0.392,0,0.4312,0.1768
US-MT,2024-11,0.0025,0.5223,0.0121,0.463
US-NC,2024-11,0.1079,0.2073,0.6425,0.0424
US-ND,2024-11,0,0.0948,0,0.9052
US-NE,2024-11,0.0063,0.0808,0.0092,0.9037
US-NH,2024-11,0.3723,0.2796,0.0013,0.3468
US-NJ,2024-11,0.3261,0,0.6619,0.012
US-NM,2024-11,0.0013,0,0.1884,0.8104
US-NV,2024-11,0.0046,0.1541,0.8065,0.0348
US-NY,2024-11,0.0439,0.652,0.0644,0.2397
US-OH,2024-11,0.0517,0.074,0.3694,0.505
US-OK,2024-11,0.0087,0.0478,0.0062,0.9373
US-OR,2024-11,0.0285,0.7339,0.0223,0.2152
US-PA,2024-11,0.2068,0.0153,0.0991,0.6789
US-RI,2024-11,0.002,0.0012,0.6819,0.3148
US-SC,2024-11,0.3002,0.2309,0.4689,0
US-SD,2024-11,0.0013,0.2909,0.0138,0.694
US-TN,2024-11,0.057,0.8496,0.0934,0.0001
US-TX,2024-11,0.0049,0.0028,0.2124,0.7799
US-UT,2024-11,0.0153,0.0866,0.725,0.1732
US-VA,2024-11,0.3679,0,0.6257,0.0065
US-VT,2024-11,0.2607,0.3461,0.0787,0.3145
US-WA,2024-11,0.0157,0.8641,0.0023,0.1179
US-WI,2024-11,0.1638,0.2994,0.1688,0.3679
US-WV,2024-11,0.0018,0.2857,0.0317,0.6808
US-WY,2024-11,0,0.0284,0.029,0.9426
CA-AB,2024-12,0.2118,0.0653,0.0344,0.6885
CA-BC,2024-12,0.0062,0.9632,0,0.0307
CA-MB,2024-12,0.0003,0.9685,0,0.0312
CA-NB,2024-12,0.1327,0.6324,0.0005,0.2344
CA-NL,2024-12,0.0022,0.9945,0,0.0033
CA-NS,2024-12,0.1897,0.1565,0.0008,0.653
CA-NT,2024-12,0.1501,0.7713,0.0001,0.0784
CA-NU,2024-12,0.9996,0,0.0004,0
CA-ON,2024-12,0.0366,0.6583,0.0139,0.2912
CA-PE,2024-12,0.0011,0,0.0266,0.9723
CA-QC,2024-12,0.0008,0.9476,0,0.0516
CA-SK,2024-12,0.1945,0.4052,0.0028,0.3975
CA-YT,2024-12,0.0326,0.9514,0.0007,0.0153
US-AK,2024-12,0.023,0.9018,0.0002,0.075
US-AL,2024-12,0.288,0.6465,0.0655,0
US-AR,2024-12,0.1299,0.5532,0.3169,0
US-AZ,2024-12,0.0131,0.2705,0.5603,0.1561
US-CA,2024-12,0.0759,0.2691,0.5124,0.1426
US-CO,2024-12,0.0035,0.0586,0.1339,0.804
US-CT,2024-12,0.3858,0.3185,0.2837,0.0119
US-DC,2024-12,0.7622,0,0.2378,0
US-DE,2024-12,0.3067,0,0.6509,0.0424
US-FL,2024-12,0.1474,0.0125,0.84,0
US-GA,2024-12,0.3772,0.1233,0.4996,0
US-HI,2024-12,0.166,0.039,0.4915,0.3036
US-IA,2024-12,0.0043,0.0181,0.0083,0.9692
US-ID,2024-12,0.0528,0.5562,0.0448,0.3462
US-IL,2024-12,0.0057,0.0015,0.0604,0.9323
US-IN,2024-12,0.0094,0.0255,0.1004,0.8648
US-KS,2024-12,0.0021,0.0003,0.003,0.9946
US-KY,2024-12,0.0722,0.8625,0.0653,0
US-LA,2024-12,0.5169,0.1514,0.3317,0
US-MA,2024-12,0.3473,0.2012,0.3862,0.0653
US-MD,2024-12,0.0931,0.5635,0.162,0.1814
US-ME,2024-12,0.2593,0.3305,0.0604,0.3498
US-MI,2024-12,0.116,0.0259,0.0351,0.823
US-MN,2024-12,0.0646,0.0324,0.0458,0.8573
US-MO,2024-12,0.0152,0.0806,0.0478,0.8564
US-MS,2024-12,0.3611,0,0.4412,0.1977
US-MT,2024-12,0.0022,0.5484,0.0075,0.442
US-NC,2024-12,0.093,0.29,0.5554,0.0616
US-ND,2024-12,0,0.0929,0,0.9071
US-NE,2024-12,0.0069,0.0562,0.0075,0.9293
US-NH,2024-12,0.3316,0.4966,0.0006,0.1712
US-NJ,2024-12,0.4335,0,0.5509,0.0155
US-NM,2024-12,0.0011,0.0017,0.1875,0.8097
US-NV,2024-12,0.0053,0.1602,0.8048,0.0297
US-NY,2024-12,0.0436,0.7131,0.0335,0.2098
US-OH,2024-12,0.0467,0.102,0.3107,0.5406
US-OK,2024-12,0.0091,0.0272,0.0051,0.9586
US-OR,2024-12,0.0284,0.8156,0.0163,0.1397
US-PA,2024-12,0.1666,0.2461,0.0555,0.5319
US-RI,2024-12,0.1406,0.0045,0.4972,0.3577
US-SC,2024-12,0.2587,0.3763,0.3649,0
US-SD,2024-12,0.0012,0.1587,0.0122,0.8278
US-TN,2024-12,0.0478,0.8925,0.0596,0
US-TX,2024-12,0.0069,0.0031,0.199,0.7909
US-UT,2024-12,0.0166,0.1224,0.7137,0.1472
US-VA,2024-12,0.4605,0,0.5321,0.0074
US-VT,2024-12,0.2584,0.5511,0.0221,0.1685
US-WA,2024-12,0.0141,0.8986,0.0016,0.0858
US-WI,2024-12,0.1949,0.2766,0.1691,0.3594
US-WV,2024-12,0.0017,0.4035,0.0228,0.5719
US-WY,2024-12,0,0.0216,0.0158,0.9625
CA-AB,2025-01,0.186,0.0589,0.0463,0.7088
CA-BC,2025-01,0.0061,0.9616,0,0.0323
CA-MB,2025-01,0.0002,0.967,0,0.0328
CA-NB,2025-01,0.1535,0.5839,0.0006,0.2621
CA-NL,2025-01,0.0022,0.9939,0,0.0039
CA-NS,2025-01,0.1843,0.2984,0.0002,0.5171
CA-NT,2025-01,0.1341,0.7633,0.0007,0.1019
CA-NU,2025-01,0.9992,0,0.0008,0
CA-ON,2025-01,0.0436,0.6087,0.0188,0.3289
CA-PE,2025-01,0.001,0,0.036,0.963
CA-QC,2025-01,0.0006,0.951,0,0.0484
CA-SK,2025-01,0.1661,0.4118,0.0037,0.4184
CA-YT,2025-01,0.053,0.9283,0.0022,0.0164
US-AK,2025-01,0.0187,0.9108,0,0.0705
US-AL,2025-01,0.2663,0.6625,0.0712,0
US-AR,2025-01,0.1074,0.4693,0.4233,0
US-AZ,2025-01,0.0126,0.3177,0.4954,0.1743
US-CA,2025-01,0.0611,0.2433,0.4997,0.1959
US-CO,2025-01,0.0035,0.0865,0.1442,0.7658
US-CT,2025-01,0.4287,0.2986,0.2604,0.0122
US-DC,2025-01,0.5878,0,0.4122,0
US-DE,2025-01,0.265,0,0.6889,0.0462
US-FL,2025-01,0.1409,0.0083,0.8508,0
US-GA,2025-01,0.341,0.1294,0.5296,0
US-HI,2025-01,0.17,0,0.5305,0.2994
US-IA,2025-01,0.0034,0.0195,0.0129,0.9643
US-ID,2025-01,0.0319,0.6962,0.0386,0.2333
US-IL,2025-01,0.0072,0.0019,0.1135,0.8774
US-IN,2025-01,0.0096,0.0194,0.1719,0.7991
US-KS,2025-01,0.0021,0.0002,0.0036,0.9941
US-KY,2025-01,0.0808,0.8352,0.0841,0
US-LA,2025-01,0.4571,0.1992,0.3438,0
US-MA,2025-01,0.2966,0.1298,0.4986,0.075
US-MD,2025-01,0.094,0.3638,0.24,0.3022
US-ME,2025-01,0.2052,0.2891,0.1058,0.3999
US-MI,2025-01,0.1149,0.0439,0.0608,0.7804
US-MN,2025-01,0.0489,0.044,0.0784,0.8287
US-MO,2025-01,0.0116,0.0922,0.0697,0.8266
US-MS,2025-01,0.3842,0,0.4586,0.1572
US-MT,2025-01,0.0019,0.5489,0.0089,0.4403
US-NC,2025-01,0.0951,0.2814,0.5528,0.0707
US-ND,2025-01,0,0.105,0,0.895
US-NE,2025-01,0.0049,0.0885,0.0105,0.8961
US-NH,2025-01,0.2841,0.4534,0,0.2625
US-NJ,2025-01,0.334,0,0.6546,0.0114
US-NM,2025-01,0.0014,0,0.2179,0.7807
US-NV,2025-01,0.0051,0.1428,0.8102,0.0418
US-NY,2025-01,0.0376,0.6515,0.0785,0.2323
US-OH,2025-01,0.0322,0.047,0.4347,0.486
US-OK,2025-01,0.0079,0.0422,0.0073,0.9426
US-OR,2025-01,0.0242,0.7896,0.0295,0.1566
US-PA,2025-01,0.1634,0.1834,0.1025,0.5507
US-RI,2025-01,0.2312,0,0.5202,0.2486
US-SC,2025-01,0.2459,0.377,0.3772,0
US-SD,2025-01,0,0.2444,0.0099,0.7458
US-TN,2025-01,0.0516,0.8616,0.0869,0
US-TX,2025-01,0.0061,0.0071,0.2083,0.7784
US-UT,2025-01,0.0125,0.1861,0.6621,0.1392
US-VA,2025-01,0.3663,0,0.6269,0.0067
US-VT,2025-01,0.2411,0.4847,0.0488,0.2254
US-WA,2025-01,0.0145,0.8762,0.0035,0.1058
US-WI,2025-01,0.1637,0.2823,0.2369,0.3171
US-WV,2025-01,0,0.2745,0.0331,0.6924
US-WY,2025-01,0,0.0743,0.019,0.9067
CA-AB,2025-02,0.2146,0.0802,0.0895,0.6157
CA-BC,2025-02,0.0072,0.9692,0,0.0236
CA-MB,2025-02,0.0003,0.9717,0.0001,0.028
CA-NB,2025-02,0.1964,0.3814,0.0001,0.4221
CA-NL,2025-02,0.0028,0.9926,0,0.0046
CA-NS,2025-02,0.192,0.2847,0.0006,0.5226
CA-NT,2025-02,0.1266,0.7746,0.0058,0.093
CA-NU,2025-02,0.997,0,0.003,0
CA-ON,2025-02,0.0584,0.6605,0.018,0.2631
CA-PE,2025-02,0.0014,0,0.0545,0.9441
CA-QC,2025-02,0.0006,0.9417,0,0.0576
CA-SK,2025-02,0.1731,0.4106,0.006,0.4103
CA-YT,2025-02,0.0441,0.9379,0.0048,0.0132
US-AK,2025-02,0.0228,0.9002,0,0.077
US-AL,2025-02,0.2138,0.7237,0.0625,0
US-AR,2025-02,0.1053,0.5421,0.3526,0
US-AZ,2025-02,0.012,0.2754,0.509,0.2037
US-CA,2025-02,0.0508,0.3296,0.4467,0.1729
US-CO,2025-02,0.0034,0.0802,0.1786,0.7377
US-CT,2025-02,0.401,0.2717,0.3172,0.0101
US-DC,2025-02,0.5832,0,0.4168,0
US-DE,2025-02,0.2226,0,0.7447,0.0327
US-FL,2025-02,0.1374,0,0.8626,0
US-GA,2025-02,0.2892,0.1852,0.5256,0
US-HI,2025-02,0.149,0,0.6041,0.2469
US-IA,2025-02,0.0034,0.0153,0.0196,0.9618
US-ID,2025-02,0.035,0.6524,0.051,0.2616
US-IL,2025-02,0.007,0,0.138,0.855
US-IN,2025-02,0.0105,0.0234,0.2267,0.7395
US-KS,2025-02,0.0018,0.0007,0.0036,0.9939
US-KY,2025-02,0.0988,0.8162,0.085,0
US-LA,2025-02,0.4317,0.1978,0.3705,0
US-MA,2025-02,0.284,0.1336,0.528,0.0544
US-MD,2025-02,0.0913,0.3857,0.264,0.2591
US-ME,2025-02,0.201,0.304,0.1186,0.3764
US-MI,2025-02,0.1372,0.035,0.1045,0.7234
US-MN,2025-02,0.0549,0.0382,0.1061,0.8008
US-MO,2025-02,0.0111,0.1274,0.0862,0.7753
US-MS,2025-02,0.2788,0,0.5474,0.1738
US-MT,2025-02,0.0023,0.5658,0.0151,0.4168
US-NC,2025-02,0.0907,0.327,0.5239,0.0584
US-ND,2025-02,0,0.1036,0,0.8964
US-NE,2025-02,0.0059,0.0804,0.0136,0.9001
US-NH,2025-02,0.2721,0.5224,0,0.2055
US-NJ,2025-02,0.3055,0,0.6823,0.0122
US-NM,2025-02,0.0014,0,0.2341,0.7646
US-NV,2025-02,0.0041,0.1445,0.8183,0.0331
US-NY,2025-02,0.0398,0.6536,0.0965,0.2101
US-OH,2025-02,0.0379,0.0544,0.5267,0.381
US-OK,2025-02,0.0075,0.0502,0.0064,0.9359
US-OR,2025-02,0.0265,0.7538,0.0361,0.1837
US-PA,2025-02,0.1643,0.2358,0.1313,0.4686
US-RI,2025-02,0.2198,0,0.5553,0.225
US-SC,2025-02,0.2346,0.4037,0.3617,0
US-SD,2025-02,0,0.2431,0.0177,0.7392
US-TN,2025-02,0.0456,0.8825,0.0719,0
US-TX,2025-02,0.0047,0.0099,0.2357,0.7498
US-UT,2025-02,0.0104,0.1335,0.6783,0.1778
US-VA,2025-02,0.3352,0.0289,0.6306,0.0053
US-VT,2025-02,0.2402,0.5469,0.0558,0.1571
US-WA,2025-02,0.0174,0.8481,0.0051,0.1294
US-WI,2025-02,0.1509,0.2477,0.3267,0.2747
US-WV,2025-02,0,0.3269,0.0456,0.6274
US-WY,2025-02,0,0.0609,0.0233,0.9158
CA-AB,2025-03,0.2072,0.0555,0.1337,0.6036
CA-BC,2025-03,0.0075,0.9609,0.0001,0.0315
CA-MB,2025-03,0.0003,0.9714,0.0001,0.0282
CA-NB,2025-03,0.0683,0.7044,0.0004,0.2269
CA-NL,2025-03,0.004,0.9905,0,0.0055
CA-NS,2025-03,0.1426,0.257,0.0009,0.5995
CA-NT,2025-03,0.1369,0.7916,0.0202,0.0513
CA-NU,2025-03,0.9938,0,0.0062,0
CA-ON,2025-03,0.0231,0.6165,0.036,0.3243
CA-PE,2025-03,0.0007,0,0.0733,0.926
CA-QC,2025-03,0.0007,0.9343,0,0.065
CA-SK,2025-03,0.2046,0.3993,0.0103,0.3857
CA-YT,2025-03,0.0367,0.9195,0.0274,0.0164
US-AK,2025-03,0.0217,0.8875,0,0.0908
US-AL,2025-03,0.2198,0.6843,0.0959,0
US-AR,2025-03,0.0907,0.4059,0.5034,0
US-AZ,2025-03,0.0104,0.2211,0.5759,0.1926
US-CA,2025-03,0.0438,0.2988,0.4625,0.1949
US-CO,2025-03,0.0032,0.0821,0.2207,0.694
US-CT,2025-03,0.3574,0.1908,0.4409,0.0109
US-DC,2025-03,0.5246,0,0.4754,0
US-DE,2025-03,0.1651,0,0.8066,0.0283
US-FL,2025-03,0.1123,0.0061,0.8817,0
US-GA,2025-03,0.2763,0.1359,0.5877,0
US-HI,2025-03,0.1013,0,0.5252,0.3734
US-IA,2025-03,0.003,0,0.0236,0.9734
US-ID,2025-03,0.0324,0.6033,0.0994,0.2649
US-IL,2025-03,0.0059,0.0027,0.1449,0.8465
US-IN,2025-03,0.0083,0.0183,0.2408,0.7327
US-KS,2025-03,0.0015,0.0004,0.0047,0.9934
US-KY,2025-03,0.0641,0.7295,0.2064,0
US-LA,2025-03,0.364,0.1767,0.4592,0
US-MA,2025-03,0.1931,0.1427,0.5983,0.0659
US-MD,2025-03,0.0349,0.5774,0.2257,0.162
US-ME,2025-03,0.1766,0.3055,0.1545,0.3634
US-MI,2025-03,0.1085,0,0.1263,0.7652
US-MN,2025-03,0.0439,0,0.1305,0.8256
US-MO,2025-03,0.0097,0.099,0.0972,0.7941
US-MS,2025-03,0.2522,0,0.5742,0.1735
US-MT,2025-03,0.0023,0.5715,0.019,0.4072
US-NC,2025-03,0.0772,0.2486,0.6142,0.06
US-ND,2025-03,0,0.1044,0,0.8956
US-NE,2025-03,0.0048,0,0.0163,0.979
US-NH,2025-03,0.2673,0.5378,0,0.1949
US-NJ,2025-03,0.2478,0,0.7412,0.011
US-NM,2025-03,0.0006,0,0.2174,0.782
US-NV,2025-03,0.0036,0.1638,0.8052,0.0274
US-NY,2025-03,0.0343,0.6156,0.1128,0.2373
US-OH,2025-03,0.0224,0.0373,0.5682,0.3722
US-OK,2025-03,0.0072,0.0403,0.0129,0.9396
US-OR,2025-03,0.0221,0.71,0.0459,0.2221
US-PA,2025-03,0.1415,0.2009,0.1758,0.4818
US-RI,2025-03,0.1897,0,0.6188,0.1915
US-SC,2025-03,0.2009,0.3559,0.4431,0
US-SD,2025-03,0,0.2437,0.0207,0.7356
US-TN,2025-03,0.0319,0.8602,0.1079,0
US-TX,2025-03,0.0033,0.0069,0.2416,0.7482
US-UT,2025-03,0.0107,0,0.7997,0.1896
US-VA,2025-03,0.262,0.0091,0.724,0.0049
US-VT,2025-03,0.1423,0.5432,0.0935,0.221
US-WA,2025-03,0.0156,0.8213,0.0066,0.1565
US-WI,2025-03,0.1037,0.2058,0.4114,0.2791
US-WV,2025-03,0,0.315,0.0584,0.6266
US-WY,2025-03,0,0,0.031,0.969
CA-AB,2025-04,0.1642,0.0573,0.1793,0.5992
CA-BC,2025-04,0.0092,0.9505,0.0002,0.0401
CA-MB,2025-04,0.0003,0.9642,0.0001,0.0354
CA-NB,2025-04,0.032,0.7882,0.0001,0.1797
CA-NL,2025-04,0.003,0.9909,0,0.0062
CA-NS,2025-04,0.1134,0.372,0.001,0.5136
CA-NT,2025-04,0.129,0.7254,0.0361,0.1095
CA-NU,2025-04,0.9903,0,0.0097,0
CA-ON,2025-04,0.0183,0.6822,0.0448,0.2548
CA-PE,2025-04,0.0008,0,0.0813,0.9179
CA-QC,2025-04,0.0008,0.9218,0.0001,0.0773
CA-SK,2025-04,0.175,0.4544,0.0067,0.364
CA-YT,2025-04,0.0529,0.8678,0.0394,0.0399
US-AK,2025-04,0.0193,0.9169,0,0.0638
US-AL,2025-04,0.2343,0.6481,0.1175,0
US-AR,2025-04,0.0727,0.3937,0.5335,0
US-AZ,2025-04,0,0.198,0.6665,0.1355
US-CA,2025-04,0.0329,0.2884,0.5108,0.1679
US-CO,2025-04,0.0029,0.0783,0.2265,0.6922
US-CT,2025-04,0.2989,0.1881,0.5026,0.0104
US-DC,2025-04,0.4835,0,0.5165,0
US-DE,2025-04,0.1606,0,0.8077,0.0317
US-FL,2025-04,0.0995,0,0.9005,0
US-GA,2025-04,0.2232,0.1193,0.6575,0
US-HI,2025-04,0.1611,0,0.5245,0.3144
US-IA,2025-04,0.0031,0.0241,0.0247,0.9481
US-ID,2025-04,0.0301,0.6478,0.1169,0.2052
US-IL,2025-04,0.007,0,0.1846,0.8084
US-IN,2025-04,0.0091,0.0179,0.3172,0.6559
US-KS,2025-04,0.0014,0.0007,0.0054,0.9925
US-KY,2025-04,0.0724,0.6448,0.2828,0
US-LA,2025-04,0.3518,0.1513,0.4969,0
US-MA,2025-04,0.1424,0.1424,0.6545,0.0607
US-MD,2025-04,0.0766,0.4687,0.3116,0.1431
US-ME,2025-04,0.1816,0.299,0.1828,0.3365
US-MI,2025-04,0.0981,0.0604,0.1714,0.67
US-MN,2025-04,0.0422,0.0461,0.1427,0.769
US-MO,2025-04,0.0051,0.1495,0.105,0.7404
US-MS,2025-04,0.2047,0,0.6611,0.1343
US-MT,2025-04,0.0019,0.6247,0.0237,0.3497
US-NC,2025-04,0.0632,0.2046,0.6778,0.0544
US-ND,2025-04,0,0.1254,0,0.8746
US-NE,2025-04,0.0051,0.0975,0.0158,0.8817
US-NH,2025-04,0.2229,0.5474,0,0.2297
US-NJ,2025-04,0.216,0,0.775,0.009
US-NM,2025-04,0.0007,0,0.2899,0.7094
US-NV,2025-04,0.0028,0.1627,0.8168,0.0177
US-NY,2025-04,0.0373,0.6193,0.1421,0.2013
US-OH,2025-04,0.0272,0.0334,0.6713,0.2682
US-OK,2025-04,0.0014,0.0381,0.0125,0.948
US-OR,2025-04,0.0198,0.6865,0.0701,0.2236
US-PA,2025-04,0.145,0.1969,0.2117,0.4464
US-RI,2025-04,0.1464,0,0.665,0.1885
US-SC,2025-04,0.1909,0.3043,0.5048,0
US-SD,2025-04,0,0.2697,0.0262,0.7041
US-TN,2025-04,0.0476,0.8274,0.125,0
US-TX,2025-04,0.0031,0.0062,0.2518,0.7389
US-UT,2025-04,0.0075,0.1235,0.7819,0.0872
US-VA,2025-04,0.1932,0,0.8023,0.0045
US-VT,2025-04,0,0.6108,0.1397,0.2496
US-WA,2025-04,0.0112,0.8634,0.0097,0.1157
US-WI,2025-04,0.0929,0.2422,0.4278,0.2371
US-WV,2025-04,0,0.3274,0.0787,0.5939
US-WY,2025-04,0,0.0852,0.0419,0.873
CA-AB,2025-05,0.1523,0.0876,0.2037,0.5564
CA-BC,2025-05,0.007,0.9556,0.0002,0.0371
CA-MB,2025-05,0,0.965,0.0001,0.0349
CA-NB,2025-05,0.0233,0.8173,0.0004,0.1591
CA-NL,2025-05,0.0011,0.9942,0,0.0046
CA-NS,2025-05,0.0816,0.3874,0.0014,0.5296
CA-NT,2025-05,0.0858,0.8136,0.03,0.0706
CA-NU,2025-05,0.988,0,0.012,0
CA-ON,2025-05,0.0149,0.738,0.0452,0.2019
CA-PE,2025-05,0.0008,0,0.0954,0.9038
CA-QC,2025-05,0.0008,0.926,0.0001,0.0731
CA-SK,2025-05,0.1847,0.3792,0.0092,0.4268
CA-YT,2025-05,0.0305,0.9065,0.0375,0.0254
US-AK,2025-05,0.0173,0.9251,0,0.0576
US-AL,2025-05,0.2004,0.7085,0.0911,0
US-AR,2025-05,0.0869,0.4121,0.5011,0
US-AZ,2025-05,0.008,0.1952,0.6766,0.1201
US-CA,2025-05,0.0337,0.2843,0.5424,0.1397
US-CO,2025-05,0.0028,0.0869,0.2474,0.6629
US-CT,2025-05,0.2974,0.2359,0.4631,0.0037
US-DC,2025-05,0.5037,0,0.4963,0
US-DE,2025-05,0.1372,0,0.8433,0.0195
US-FL,2025-05,0.0975,0,0.9025,0
US-GA,2025-05,0.2219,0.1551,0.6229,0
US-HI,2025-05,0.094,0,0.5407,0.3653
US-IA,2025-05,0.005,0.032,0.0415,0.9216
US-ID,2025-05,0.0314,0.6501,0.1385,0.18
US-IL,2025-05,0.008,0,0.2497,0.7423
US-IN,2025-05,0.0087,0.0233,0.4497,0.5183
US-KS,2025-05,0.002,0.001,0.0228,0.9741
US-KY,2025-05,0.0555,0.7013,0.2432,0
US-LA,2025-05,0.3537,0.174,0.4723,0
US-MA,2025-05,0.1665,0.1357,0.6471,0.0506
US-MD,2025-05,0.058,0.5985,0.2397,0.1039
US-ME,2025-05,0.1718,0.3588,0.2018,0.2676
US-MI,2025-05,0.1276,0.0522,0.2112,0.609
US-MN,2025-05,0.0437,0.051,0.2018,0.7034
US-MO,2025-05,0.0086,0.2286,0.1836,0.5792
US-MS,2025-05,0.2699,0,0.638,0.0921
US-MT,2025-05,0.0021,0.6265,0.0305,0.3408
US-NC,2025-05,0.0677,0.252,0.6422,0.0381
US-ND,2025-05,0,0.136,0,0.864
US-NE,2025-05,0.007,0.1171,0.019,0.8569
US-NH,2025-05,0.2589,0.5971,0,0.144
US-NJ,2025-05,0.1892,0,0.8045,0.0063
US-NM,2025-05,0.0006,0,0.3554,0.644
US-NV,2025-05,0.0026,0.1508,0.8323,0.0143
US-NY,2025-05,0.0341,0.6661,0.1454,0.1544
US-OH,2025-05,0.0266,0.041,0.7168,0.2156
US-OK,2025-05,0.0076,0.0621,0.0243,0.906
US-OR,2025-05,0.0212,0.6407,0.0817,0.2564
US-PA,2025-05,0.1503,0.2521,0.2214,0.3762
US-RI,2025-05,0.154,0,0.6829,0.1631
US-SC,2025-05,0.1922,0.3606,0.4472,0
US-SD,2025-05,0,0.3122,0.0347,0.6531
US-TN,2025-05,0.0441,0.8507,0.1052,0
US-TX,2025-05,0.0037,0.0088,0.3401,0.6474
US-UT,2025-05,0.0077,0.1106,0.8115,0.0702
US-VA,2025-05,0.2406,0.0295,0.7268,0.0032
US-VT,2025-05,0.1553,0.593,0.1123,0.1393
US-WA,2025-05,0.013,0.8717,0.011,0.1043
US-WI,2025-05,0.1053,0.2262,0.5181,0.1504
US-WV,2025-05,0,0.3863,0.0789,0.5347
US-WY,2025-05,0,0.0933,0.0488,0.8579
CA-AB,2025-06,0.1676,0.1177,0.2239,0.4908
CA-BC,2025-06,0.0052,0.9636,0.0003,0.0309
CA-MB,2025-06,0,0.9695,0.0001,0.0303
CA-NB,2025-06,0.0434,0.7197,0.0006,0.2363
CA-NL,2025-06,0.001,0.9934,0,0.0057
CA-NS,2025-06,0.1091,0.2695,0.002,0.6194
CA-NT,2025-06,0.096,0.8007,0.0271,0.0762
CA-NU,2025-06,0.9889,0,0.0111,0
CA-ON,2025-06,0.0351,0.7183,0.054,0.1926
CA-PE,2025-06,0.0008,0,0.155,0.8442
CA-QC,2025-06,0.0008,0.9355,0.0001,0.0635
CA-SK,2025-06,0.187,0.3711,0.0077,0.4342
CA-YT,2025-06,0.0137,0.9274,0.045,0.0138
US-AK,2025-06,0.0171,0.9301,0,0.0528
US-AL,2025-06,0.2247,0.6604,0.1149,0
US-AR,2025-06,0.0856,0.347,0.5529,0.0145
US-AZ,2025-06,0.0068,0.1892,0.6987,0.1053
US-CA,2025-06,0.0346,0.2515,0.573,0.1409
US-CO,2025-06,0.0028,0.0789,0.2743,0.644
US-CT,2025-06,0.3069,0.2012,0.4887,0.0033
US-DC,2025-06,0.4485,0,0.5515,0
US-DE,2025-06,0.1488,0,0.8416,0.0096
US-FL,2025-06,0.1088,0.0061,0.8851,0
US-GA,2025-06,0.2284,0.1229,0.6487,0
US-HI,2025-06,0.0896,0,0.5523,0.3581
US-IA,2025-06,0.0053,0.0346,0.0477,0.9124
US-ID,2025-06,0.0338,0.6396,0.1674,0.1592
US-IL,2025-06,0.0101,0,0.3018,0.6881
US-IN,2025-06,0.0107,0.0234,0.5344,0.4316
US-KS,2025-06,0.0019,0.0013,0.0281,0.9688
US-KY,2025-06,0.0592,0.6524,0.2884,0
US-LA,2025-06,0.3325,0.1588,0.5088,0
US-MA,2025-06,0.1958,0.105,0.66,0.0393
US-MD,2025-06,0.0623,0.5575,0.3026,0.0776
US-ME,2025-06,0.1926,0.3348,0.2328,0.2398
US-MI,2025-06,0.1443,0.0575,0.2772,0.521
US-MN,2025-06,0.0636,0.0514,0.2161,0.6689
US-MO,2025-06,0.0125,0.2,0.231,0.5566
US-MS,2025-06,0.2518,0,0.6895,0.0587
US-MT,2025-06,0.0025,0.656,0.0366,0.3049
US-NC,2025-06,0.0588,0.2185,0.705,0.0176
US-ND,2025-06,0,0.1571,0,0.8429
US-NE,2025-06,0.0077,0.1171,0.035,0.8402
US-NH,2025-06,0.3114,0.5622,0,0.1264
US-NJ,2025-06,0.1913,0,0.8046,0.0041
US-NM,2025-06,0.0007,0,0.3746,0.6247
US-NV,2025-06,0.0028,0.107,0.8749,0.0153
US-NY,2025-06,0.0369,0.6518,0.1666,0.1446
US-OH,2025-06,0.0216,0.0354,0.778,0.165
US-OK,2025-06,0.0084,0.0472,0.0211,0.9233
US-OR,2025-06,0.0223,0.6119,0.0949,0.2709
US-PA,2025-06,0.1547,0.2332,0.2921,0.32
US-RI,2025-06,0.1665,0,0.7335,0.1001
US-SC,2025-06,0.1963,0.2871,0.5166,0
US-SD,2025-06,0,0.3209,0.0423,0.6368
US-TN,2025-06,0.0459,0.8143,0.1397,0
US-TX,2025-06,0.0042,0.0067,0.3394,0.6497
US-UT,2025-06,0.0067,0.0907,0.8262,0.0764
US-VA,2025-06,0.2246,0,0.7734,0.002
US-VT,2025-06,0.1806,0.5487,0.1313,0.1395
US-WA,2025-06,0.0144,0.869,0.0128,0.1038
US-WI,2025-06,0.1196,0.2086,0.5267,0.1452
US-WV,2025-06,0,0.495,0.1253,0.3797
US-WY,2025-06,0,0.1109,0.0715,0.8176
CA-AB,2025-07,0.2007,0.14,0.2178,0.4415
CA-BC,2025-07,0.0061,0.9704,0.0005,0.023
CA-MB,2025-07,0.0003,0.9761,0.0001,0.0236
CA-NB,2025-07,0.0875,0.7016,0.0006,0.2104
CA-NL,2025-07,0.001,0.994,0,0.0049
CA-NS,2025-07,0.2126,0.1339,0.0025,0.6511
CA-NT,2025-07,0.1178,0.7604,0.0347,0.0871
CA-NU,2025-07,0.992,0,0.008,0
CA-ON,2025-07,0.0591,0.7649,0.0581,0.1179
CA-PE,2025-07,0.0008,0,0.1347,0.8644
CA-QC,2025-07,0.0008,0.9488,0.0001,0.0502
CA-SK,2025-07,0.2374,0.4255,0.0094,0.3277
CA-YT,2025-07,0.0216,0.9387,0.0328,0.007
US-AK,2025-07,0.019,0.981,0,0
US-AL,2025-07,0.2721,0.5826,0.1453,0
US-AR,2025-07,0.0788,0.2866,0.617,0.0176
US-AZ,2025-07,0.0068,0.1847,0.6905,0.118
US-CA,2025-07,0.0336,0.2681,0.5617,0.1366
US-CO,2025-07,0.0029,0.0677,0.2843,0.6452
US-CT,2025-07,0.3172,0.1748,0.505,0.003
US-DC,2025-07,0.4458,0,0.5542,0
US-DE,2025-07,0.1282,0,0.8668,0.005
US-FL,2025-07,0.1075,0.0053,0.8872,0
US-GA,2025-07,0.2316,0.0864,0.682,0
US-HI,2025-07,0.0535,0.0581,0.569,0.3194
US-IA,2025-07,0.0068,0.0411,0.0656,0.8866
US-ID,2025-07,0.0404,0.6208,0.1854,0.1534
US-IL,2025-07,0.012,0.0038,0.4136,0.5705
US-IN,2025-07,0.0126,0.0243,0.65,0.3131
US-KS,2025-07,0.002,0.0009,0.0312,0.966
US-KY,2025-07,0.0662,0.6053,0.3285,0
US-LA,2025-07,0.3362,0.1449,0.5188,0
US-MA,2025-07,0.1924,0.0785,0.7005,0.0287
US-MD,2025-07,0.0808,0.3777,0.4625,0.0789
US-ME,2025-07,0.2156,0.3097,0.2506,0.2241
US-MI,2025-07,0.1857,0.015,0.3707,0.4286
US-MN,2025-07,0.0803,0.0503,0.2697,0.5997
US-MO,2025-07,0.0135,0.1401,0.3243,0.5221
US-MS,2025-07,0.2555,0,0.709,0.0355
US-MT,2025-07,0.003,0.6325,0.0358,0.3287
US-NC,2025-07,0.0695,0.198,0.7087,0.0239
US-ND,2025-07,0,0.1607,0,0.8393
US-NE,2025-07,0.0085,0.1097,0.0391,0.8427
US-NH,2025-07,0.3573,0.5297,0,0.113
US-NJ,2025-07,0.1832,0,0.8143,0.0025
US-NM,2025-07,0.0008,0,0.4137,0.5854
US-NV,2025-07,0.0025,0.0991,0.8802,0.0182
US-NY,2025-07,0.04,0.667,0.1881,0.105
US-OH,2025-07,0.0233,0.0329,0.8518,0.092
US-OK,2025-07,0.009,0.0395,0.0216,0.9298
US-OR,2025-07,0.0303,0.562,0.1166,0.291
US-PA,2025-07,0.1944,0.1884,0.3507,0.2666
US-RI,2025-07,0.165,0.0003,0.7569,0.0778
US-SC,2025-07,0.21,0.2667,0.5233,0
US-SD,2025-07,0,0.3103,0.0434,0.6463
US-TN,2025-07,0.0521,0.7739,0.174,0
US-TX,2025-07,0.0049,0.0061,0.3709,0.618
US-UT,2025-07,0.0064,0.0719,0.8214,0.1003
US-VA,2025-07,0.2357,0,0.7624,0.0018
US-VT,2025-07,0.2314,0.5214,0.1471,0.1001
US-WA,2025-07,0.0174,0.8751,0.0151,0.0924
US-WI,2025-07,0.1449,0.1889,0.5685,0.0977
US-WV,2025-07,0,0.5151,0.1499,0.335
US-WY,2025-07,0,0.0948,0.0654,0.8397
CA-AB,2025-08,0.1998,0.13,0.2275,0.4427
CA-BC,2025-08,0.0054,0.9758,0.0004,0.0184
CA-MB,2025-08,0.0001,0.963,0.0001,0.0367
CA-NB,2025-08,0.2185,0.4281,0.0015,0.3519
CA-NL,2025-08,0.0012,0.9951,0,0.0037
CA-NS,2025-08,0.2472,0.0527,0.0025,0.6976
CA-NT,2025-08,0.1276,0.7694,0.0294,0.0736
CA-NU,2025-08,0.9891,0,0.0109,0
CA-ON,2025-08,0.0639,0.7131,0.0635,0.1595
CA-PE,2025-08,0.0009,0,0.1825,0.8166
CA-QC,2025-08,0.0009,0.952,0.0001,0.0471
CA-SK,2025-08,0.2384,0.4942,0.0089,0.2585
CA-YT,2025-08,0.0063,0.9294,0.0483,0.016
US-AK,2025-08,0.0211,0.9789,0,0
US-AL,2025-08,0.276,0.5962,0.1279,0
US-AR,2025-08,0.0811,0.2823,0.6189,0.0177
US-AZ,2025-08,0.0075,0.1902,0.6974,0.1048
US-CA,2025-08,0.0368,0.2634,0.579,0.1208
US-CO,2025-08,0.003,0.0781,0.2914,0.6274
US-CT,2025-08,0.3036,0.1466,0.547,0.0029
US-DC,2025-08,0.4579,0,0.5421,0
US-DE,2025-08,0.1295,0,0.864,0.0064
US-FL,2025-08,0.1113,0,0.8887,0
US-GA,2025-08,0.2545,0.1053,0.6402,0
US-HI,2025-08,0.0801,0,0.6079,0.312
US-IA,2025-08,0.0079,0.0513,0.0677,0.8731
US-ID,2025-08,0.026,0.6772,0.1633,0.1335
US-IL,2025-08,0.0114,0,0.4179,0.5707
US-IN,2025-08,0.012,0.0214,0.6899,0.2766
US-KS,2025-08,0.0021,0.0011,0.0306,0.9661
US-KY,2025-08,0.0654,0.588,0.3466,0
US-LA,2025-08,0.3576,0.1299,0.5126,0
US-MA,2025-08,0.2075,0.0475,0.7176,0.0275
US-MD,2025-08,0.1084,0.177,0.6185,0.0962
US-ME,2025-08,0.2289,0.3052,0.2661,0.1998
US-MI,2025-08,0.179,0.0307,0.3609,0.4294
US-MN,2025-08,0.0856,0.061,0.2634,0.59
US-MO,2025-08,0.0145,0.1306,0.3383,0.5166
US-MS,2025-08,0.2634,0,0.6981,0.0385
US-MT,2025-08,0.0027,0.6666,0.0322,0.2984
US-NC,2025-08,0.0759,0.2091,0.6912,0.0238
US-ND,2025-08,0,0.1723,0,0.8277
US-NE,2025-08,0.0084,0.1286,0.0344,0.8286
US-NH,2025-08,0.3774,0.5433,0,0.0793
US-NJ,2025-08,0.2006,0,0.7957,0.0038
US-NM,2025-08,0.0008,0,0.4077,0.5915
US-NV,2025-08,0.0028,0.0986,0.8833,0.0152
US-NY,2025-08,0.0408,0.6697,0.1867,0.1027
US-OH,2025-08,0.0204,0.0289,0.8691,0.0816
US-OK,2025-08,0.0097,0.0474,0.0242,0.9187
US-OR,2025-08,0.0279,0.6451,0.1001,0.227
US-PA,2025-08,0.1979,0.1978,0.3643,0.24
US-RI,2025-08,0,0.0004,0.9141,0.0855
US-SC,2025-08,0.2476,0.2532,0.4991,0
US-SD,2025-08,0,0.3238,0.0436,0.6326
US-TN,2025-08,0.0531,0.7281,0.2188,0
US-TX,2025-08,0.0068,0.0064,0.4336,0.5532
US-UT,2025-08,0.0069,0.0879,0.8177,0.0876
US-VA,2025-08,0.2575,0,0.7402,0.0023
US-VT,2025-08,0.2617,0.5035,0.1483,0.0865
US-WA,2025-08,0.0165,0.8923,0.0125,0.0787
US-WI,2025-08,0.14,0.2148,0.5513,0.094
US-WV,2025-08,0,0.5174,0.1469,0.3357
US-WY,2025-08,0,0.1168,0.0678,0.8155
CA-AB,2025-09,0.2004,0.1035,0.1842,0.5119
CA-BC,2025-09,0.0058,0.9698,0.0008,0.0237
CA-MB,2025-09,0,0.9631,0.0001,0.0368
CA-NB,2025-09,0.2132,0.3622,0.0015,0.4231
CA-NL,2025-09,0.0023,0.9916,0,0.006
CA-NS,2025-09,0.2918,0.0389,0.0073,0.6621
CA-NT,2025-09,0.134,0.7392,0.0175,0.1093
CA-NU,2025-09,0.9939,0,0.0061,0
CA-ON,2025-09,0.0638,0.7126,0.0696,0.1539
CA-PE,2025-09,0.0003,0,0.1091,0.8907
CA-QC,2025-09,0.0009,0.9359,0.0001,0.0631
CA-SK,2025-09,0.215,0.4296,0.0068,0.3486
CA-YT,2025-09,0.0087,0.9577,0.0128,0.0208
US-AK,2025-09,0.0338,0.9662,0,0
US-AL,2025-09,0.2898,0.5666,0.1436,0
US-AR,2025-09,0.0951,0.2787,0.6095,0.0167
US-AZ,2025-09,0.0101,0.1468,0.7377,0.1055
US-CA,2025-09,0.0426,0.251,0.5906,0.1158
US-CO,2025-09,0.0032,0.0656,0.2901,0.6411
US-CT,2025-09,0.3394,0.1469,0.5102,0.0035
US-DC,2025-09,0.3388,0,0.6612,0
US-DE,2025-09,0.1593,0,0.828,0.0128
US-FL,2025-09,0.1076,0,0.8924,0
US-GA,2025-09,0.2443,0.0763,0.6794,0
US-HI,2025-09,0.1284,0,0.5992,0.2724
US-IA,2025-09,0.0075,0.0259,0.0479,0.9186
US-ID,2025-09,0.0462,0.6057,0.1785,0.1696
US-IL,2025-09,0.012,0,0.3912,0.5968
US-IN,2025-09,0.0125,0.0205,0.6594,0.3077
US-KS,2025-09,0.0023,0.0016,0.028,0.9681
US-KY,2025-09,0.0655,0.5139,0.4206,0
US-LA,2025-09,0.3749,0.1251,0.5,0
US-MA,2025-09,0.2127,0.0527,0.7064,0.0282
US-MD,2025-09,0.1132,0.1388,0.6267,0.1214
US-ME,2025-09,0.2372,0.2855,0.2409,0.2364
US-MI,2025-09,0.1999,0.0158,0.3263,0.458
US-MN,2025-09,0.0804,0.0409,0.2431,0.6355
US-MO,2025-09,0.0184,0.0932,0.3457,0.5426
US-MS,2025-09,0.2816,0,0.6678,0.0505
US-MT,2025-09,0.0034,0.5832,0.0341,0.3793
US-NC,2025-09,0.0797,0.194,0.685,0.0413
US-ND,2025-09,0,0.1248,0,0.8752
US-NE,2025-09,0.0078,0.0834,0.0294,0.8794
US-NH,2025-09,0.396,0.4945,0,0.1094
US-NJ,2025-09,0.2029,0,0.7914,0.0057
US-NM,2025-09,0.0008,0,0.4012,0.598
US-NV,2025-09,0.0034,0.0808,0.9015,0.0143
US-NY,2025-09,0.0424,0.6771,0.1833,0.0973
US-OH,2025-09,0.0231,0.0283,0.8601,0.0885
US-OK,2025-09,0.012,0.0419,0.0247,0.9214
US-OR,2025-09,0.0331,0.6472,0.098,0.2217
US-PA,2025-09,0.2049,0.2056,0.3439,0.2456
US-RI,2025-09,0.0745,0.0002,0.8362,0.0891
US-SC,2025-09,0.213,0.2683,0.5187,0
US-SD,2025-09,0,0.2447,0.0353,0.72
US-TN,2025-09,0.063,0.714,0.223,0
US-TX,2025-09,0.0069,0.0055,0.4356,0.5519
US-UT,2025-09,0.0074,0.0717,0.8297,0.0912
US-VA,2025-09,0.2952,0,0.702,0.0029
US-VT,2025-09,0.2543,0.4885,0.1456,0.1116
US-WA,2025-09,0.0225,0.8646,0.0144,0.0985
US-WI,2025-09,0.1336,0.1783,0.5584,0.1297
US-WV,2025-09,0,0.5148,0.1383,0.3469
US-WY,2025-09,0,0.0793,0.0586,0.8621
CA-AB,2025-10,0.1634,0.0577,0.1081,0.6709
CA-BC,2025-10,0.0061,0.9552,0.0004,0.0384
CA-MB,2025-10,0.0002,0.9477,0.0001,0.0521
CA-NB,2025-10,0.2155,0.2343,0.0009,0.5493
CA-NL,2025-10,0.0054,0.9876,0,0.007
CA-NS,2025-10,0.1938,0.0226,0.0048,0.7788
CA-NT,2025-10,0.1328,0.7444,0.0074,0.1153
CA-NU,2025-10,0.9968,0,0.0032,0
CA-ON,2025-10,0.0569,0.6041,0.0492,0.2898
CA-PE,2025-10,0.0006,0,0.0752,0.9242
CA-QC,2025-10,0.0008,0.931,0.0001,0.0681
CA-SK,2025-10,0.2,0.3588,0.0063,0.4349
CA-YT,2025-10,0.0157,0.959,0.0063,0.0191
US-AK,2025-10,0.0257,0.8973,0,0.077
US-AL,2025-10,0.3011,0.5819,0.117,0
US-AR,2025-10,0.1146,0.3338,0.5007,0.0508
US-AZ,2025-10,0.0077,0.1623,0.7044,0.1256
US-CA,2025-10,0.0455,0.2137,0.5958,0.145
US-CO,2025-10,0.0026,0.0509,0.2274,0.7192
US-CT,2025-10,0.3425,0.1712,0.4777,0.0086
US-DC,2025-10,0.4413,0,0.5587,0
US-DE,2025-10,0,0,0.9582,0.0418
US-FL,2025-10,0.1164,0,0.8836,0
US-GA,2025-10,0.2491,0.0817,0.6691,0
US-HI,2025-10,0.1108,0.0347,0.522,0.3325
US-IA,2025-10,0.0038,0.0163,0.0192,0.9607
US-ID,2025-10,0.0406,0.603,0.1014,0.255
US-IL,2025-10,0.0067,0,0.1683,0.825
US-IN,2025-10,0.0096,0.016,0.4124,0.562
US-KS,2025-10,0,0.0007,0.0168,0.9825
US-KY,2025-10,0.0647,0.5518,0.3835,0
US-LA,2025-10,0.3802,0.132,0.4878,0
US-MA,2025-10,0.2364,0.056,0.6461,0.0616
US-MD,2025-10,0.1009,0.1513,0.4786,0.2691
US-ME,2025-10,0.1816,0.2668,0.1776,0.3741
US-MI,2025-10,0.1352,0.0413,0.1763,0.6472
US-MN,2025-10,0.0542,0.0328,0.1383,0.7747
US-MO,2025-10,0.0053,0.0758,0.1745,0.7444
US-MS,2025-10,0.2963,0,0.5989,0.1048
US-MT,2025-10,0.0024,0.5228,0.021,0.4538
US-NC,2025-10,0.077,0.2053,0.6482,0.0695
US-ND,2025-10,0,0.0941,0,0.9059
US-NE,2025-10,0.005,0.0683,0.0156,0.9111
US-NH,2025-10,0.3067,0.4806,0,0.2126
US-NJ,2025-10,0.2468,0,0.7432,0.0099
US-NM,2025-10,0.0006,0,0.2977,0.7017
US-NV,2025-10,0,0.0937,0.881,0.0253
US-NY,2025-10,0.0401,0.6441,0.1442,0.1716
US-OH,2025-10,0.0237,0.0305,0.6968,0.249
US-OK,2025-10,0.0096,0.0348,0.0232,0.9324
US-OR,2025-10,0.0265,0.6596,0.0659,0.248
US-PA,2025-10,0.1748,0.1652,0.2417,0.4183
US-RI,2025-10,0.1842,0.0013,0.6501,0.1645
US-SC,2025-10,0.2223,0.2629,0.5147,0
US-SD,2025-10,0,0.1928,0.0179,0.7893
US-TN,2025-10,0.0571,0.7572,0.1857,0
US-TX,2025-10,0.0052,0.005,0.3424,0.6475
US-UT,2025-10,0,0.0948,0.7917,0.1135
US-VA,2025-10,0.2807,0.0009,0.7132,0.0053
US-VT,2025-10,0.0961,0.551,0.1334,0.2195
US-WA,2025-10,0.0164,0.8324,0.0078,0.1434
US-WI,2025-10,0.134,0.2061,0.417,0.2429
US-WV,2025-10,0,0.3219,0.0753,0.6028
US-WY,2025-10,0,0.063,0.0306,0.9063
CA-AB,2025-11,0.1923,0.0569,0.0558,0.695
CA-BC,2025-11,0.0071,0.9545,0.0002,0.0382
CA-MB,2025-11,0.0002,0.9546,0.0001,0.0451
CA-NB,2025-11,0.1276,0.4663,0.0004,0.4057
CA-NL,2025-11,0.0036,0.991,0,0.0054
CA-NS,2025-11,0.191,0.0557,0.0063,0.747
CA-NT,2025-11,0.1404,0.7873,0.0014,0.0709
CA-NU,2025-11,0.9989,0,0.0011,0
CA-ON,2025-11,0.0492,0.5899,0.0174,0.3434
CA-PE,2025-11,0.0008,0,0.03,0.9692
CA-QC,2025-11,0.0006,0.9262,0,0.0731
CA-SK,2025-11,0.2178,0.3682,0.0042,0.4098
CA-YT,2025-11,0.0216,0.9629,0.003,0.0125
US-AK,2025-11,0.0217,0.9043,0,0.0739
US-AL,2025-11,0.2854,0.6224,0.0922,0
US-AR,2025-11,0.1248,0.3517,0.4582,0.0653
US-AZ,2025-11,0,0.2622,0.6314,0.1064
US-CA,2025-11,0.0611,0.2385,0.5062,0.1942
US-CO,2025-11,0.0032,0.0728,0.187,0.7371
US-CT,2025-11,0.4076,0.1899,0.3913,0.0112
US-DC,2025-11,0.5339,0,0.4661,0
US-DE,2025-11,0,0,0.9538,0.0462
US-FL,2025-11,0.1271,0,0.8729,0
US-GA,2025-11,0.2743,0.0988,0.6269,0
US-HI,2025-11,0.0881,0.0578,0.5091,0.345
US-IA,2025-11,0.0038,0.0224,0.0143,0.9595
US-ID,2025-11,0.0379,0.6629,0.0611,0.238
US-IL,2025-11,0.0071,0,0.1307,0.8622
US-IN,2025-11,0.0096,0.018,0.2498,0.7226
US-KS,2025-11,0.0018,0.0006,0.015,0.9826
US-KY,2025-11,0.0761,0.6742,0.2496,0
US-LA,2025-11,0.4189,0.1674,0.4137,0
US-MA,2025-11,0.2589,0.0633,0.5948,0.083
US-MD,2025-11,0.0893,0.163,0.3553,0.3925
US-ME,2025-11,0.1956,0.2702,0.121,0.4132
US-MI,2025-11,0.1173,0.0529,0.121,0.7088
US-MN,2025-11,0.0626,0.043,0.1016,0.7929
US-MO,2025-11,0.0061,0.0721,0.136,0.7858
US-MS,2025-11,0.345,0,0.5197,0.1354
US-MT,2025-11,0.0022,0.5788,0.0096,0.4094
US-NC,2025-11,0.0908,0.234,0.6128,0.0624
US-ND,2025-11,0,0.1175,0,0.8825
US-NE,2025-11,0.002,0.0902,0.0125,0.8953
US-NH,2025-11,0.3058,0.4663,0,0.2279
US-NJ,2025-11,0.2607,0,0.7284,0.011
US-NM,2025-11,0.0005,0,0.2522,0.7474
US-NV,2025-11,0.005,0.0819,0.8859,0.0272
US-NY,2025-11,0.0379,0.6496,0.1017,0.2109
US-OH,2025-11,0.016,0.0448,0.5023,0.4368
US-OK,2025-11,0.0084,0.036,0.0225,0.9331
US-OR,2025-11,0.0262,0.7398,0.0365,0.1974
US-PA,2025-11,0.1765,0.1531,0.1557,0.5147
US-RI,2025-11,0.2244,0.0022,0.5707,0.2027
US-SC,2025-11,0.2573,0.2718,0.4709,0
US-SD,2025-11,0,0.2614,0.0132,0.7254
US-TN,2025-11,0.0564,0.8191,0.1245,0
US-TX,2025-11,0.0044,0.0049,0.2766,0.7141
US-UT,2025-11,0.0123,0.1556,0.7113,0.1209
US-VA,2025-11,0.3712,0,0.6237,0.0051
US-VT,2025-11,0.1634,0.5743,0.0813,0.1809
US-WA,2025-11,0.016,0.8531,0.0035,0.1274
US-WI,2025-11,0.1295,0.2748,0.2865,0.3092
US-WV,2025-11,0,0.2805,0.0414,0.678
US-WY,2025-11,0,0.0625,0.0177,0.9197
CA-AB,2025-12,0.1974,0.056,0.0325,0.714
CA-BC,2025-12,0.0073,0.9708,0.0002,0.0217
CA-MB,2025-12,0.0002,0.9601,0,0.0396
CA-NB,2025-12,0.1802,0.378,0.0002,0.4416
CA-NL,2025-12,0.0022,0.9932,0,0.0046
CA-NS,2025-12,0.1933,0.1623,0.0009,0.6435
CA-NT,2025-12,0.1329,0.7918,0.0002,0.0751
CA-NU,2025-12,0.9997,0,0.0003,0
CA-ON,2025-12,0.0592,0.59,0.0116,0.3392
CA-PE,2025-12,0.0008,0,0.0176,0.9815
CA-QC,2025-12,0.0007,0.9319,0,0.0674
CA-SK,2025-12,0.2184,0.3549,0.0029,0.4238
CA-YT,2025-12,0.0721,0.9136,0.0018,0.0124
US-AK,2025-12,0.0146,0.9193,0,0.0661
US-AL,2025-12,0.3124,0.6121,0.0755,0
US-AR,2025-12,0.1284,0.4078,0.3856,0.0781
US-AZ,2025-12,0.0132,0.2592,0.5912,0.1364
US-CA,2025-12,0.063,0.2977,0.4345,0.2048
US-CO,2025-12,0.003,0.0979,0.1415,0.7577
US-CT,2025-12,0.4498,0.2337,0.3031,0.0134
US-DC,2025-12,1,0,0,0
US-DE,2025-12,0.2654,0,0.7044,0.0302
US-FL,2025-12,0.1442,0.0068,0.849,0
US-GA,2025-12,0.3402,0.116,0.5438,0
US-HI,2025-12,0.1101,0,0.5272,0.3627
US-IA,2025-12,0.0033,0.0236,0.0096,0.9635
US-ID,2025-12,0.0296,0.7113,0.0332,0.226
US-IL,2025-12,0.0065,0.0024,0.0901,0.901
US-IN,2025-12,0.0091,0.0172,0.182,0.7918
US-KS,2025-12,0.0016,0.0006,0.0112,0.9867
US-KY,2025-12,0.079,0.7368,0.1843,0
US-LA,2025-12,0.4909,0.1844,0.3247,0
US-MA,2025-12,0.3302,0.0709,0.5139,0.085
US-MD,2025-12,0.083,0.3182,0.2841,0.3147
US-ME,2025-12,0.1958,0.2679,0.0869,0.4495
US-MI,2025-12,0.1195,0.0654,0.0761,0.739
US-MN,2025-12,0.0514,0,0.0736,0.8749
US-MO,2025-12,0.008,0.0655,0.098,0.8286
US-MS,2025-12,0.3646,0,0.4529,0.1824
US-MT,2025-12,0.0016,0.5897,0.0044,0.4043
US-NC,2025-12,0.1086,0.2787,0.5374,0.0753
US-ND,2025-12,0,0.1387,0,0.8613
US-NE,2025-12,0.0027,0.1122,0.0095,0.8756
US-NH,2025-12,0.3228,0.4355,0,0.2417
US-NJ,2025-12,0.3401,0,0.6459,0.014
US-NM,2025-12,0.0005,0,0.2179,0.7816
US-NV,2025-12,0.0056,0.0576,0.895,0.0417
US-NY,2025-12,0.0387,0.6481,0.0778,0.2354
US-OH,2025-12,0.0182,0.0516,0.3796,0.5506
US-OK,2025-12,0.0068,0.0301,0.0169,0.9463
US-OR,2025-12,0.0176,0.7596,0.0203,0.2024
US-PA,2025-12,0.1762,0.1628,0.1095,0.5515
US-RI,2025-12,0.2327,0.0025,0.4647,0.3001
US-SC,2025-12,0.2959,0.3287,0.3754,0
US-SD,2025-12,0,0.3145,0.0077,0.6778
US-TN,2025-12,0.0567,0.8498,0.0935,0
US-TX,2025-12,0.0066,0.0053,0.2297,0.7584
US-UT,2025-12,0.0149,0,0.7753,0.2099
US-VA,2025-12,0.4433,0,0.5502,0.0064
US-VT,2025-12,0.2173,0.507,0.0447,0.2311
US-WA,2025-12,0.011,0.8781,0.0017,0.1092
US-WI,2025-12,0.1398,0.3544,0.2018,0.3039
US-WV,2025-12,0,0.3274,0.0332,0.6394
US-WY,2025-12,0,0.0642,0.0104,0.9255
CA-AB,2026-01,0.1749,0.0543,0.0488,0.722
CA-BC,2026-01,0.0059,0.9622,0.0002,0.0317
CA-MB,2026-01,0.0003,0.9654,0.0001,0.0343
CA-NB,2026-01,0.2037,0.4504,0.0003,0.3456
CA-NL,2026-01,0.0025,0.9932,0,0.0043
CA-NS,2026-01,0.2147,0.2005,0.0009,0.584
CA-NT,2026-01,0.1298,0.7781,0.0007,0.0914
CA-NU,2026-01,0.9994,0,0.0006,0
CA-ON,2026-01,0.0598,0.6009,0.012,0.3273
CA-PE,2026-01,0.0008,0,0.0183,0.9809
CA-QC,2026-01,0.0007,0.9412,0,0.0581
CA-SK,2026-01,0.2001,0.3951,0.0033,0.4015
CA-YT,2026-01,0.0383,0.9421,0.0021,0.0175
US-AK,2026-01,0.011,0.989,0,0
US-AL,2026-01,0.2815,0.6307,0.0878,0
US-AR,2026-01,0.095,0.3636,0.4689,0.0725
US-AZ,2026-01,0.0104,0.3029,0.5679,0.1189
US-CA,2026-01,0.0508,0.3512,0.4356,0.1625
US-CO,2026-01,0.0029,0.1105,0.1717,0.7149
US-CT,2026-01,0.4181,0.2597,0.3111,0.0112
US-DC,2026-01,0.535,0,0.465,0
US-DE,2026-01,0.221,0,0.7445,0.0345
US-FL,2026-01,0.1412,0.0064,0.8524,0
US-GA,2026-01,0.3239,0.1175,0.5586,0
US-HI,2026-01,0.1031,0,0.5644,0.3324
US-IA,2026-01,0.0035,0.0339,0.0142,0.9484
US-ID,2026-01,0.0255,0.7752,0.0329,0.1663
US-IL,2026-01,0.0063,0.0027,0.1285,0.8625
US-IN,2026-01,0.008,0.016,0.2335,0.7425
US-KS,2026-01,0.0016,0.0005,0.0127,0.9852
US-KY,2026-01,0.0704,0.6939,0.2357,0
US-LA,2026-01,0.4607,0.1729,0.3664,0
US-MA,2026-01,0.2817,0.129,0.5252,0.064
US-MD,2026-01,0.0546,0.3469,0.283,0.3155
US-ME,2026-01,0.2034,0.2788,0.1026,0.4152
US-MI,2026-01,0.1151,0.0739,0.0945,0.7164
US-MN,2026-01,0.0526,0.07,0.0886,0.7887
US-MO,2026-01,0.0065,0.0727,0.1636,0.7572
US-MS,2026-01,0.3318,0,0.5155,0.1527
US-MT,2026-01,0.0013,0.6172,0.0055,0.3761
US-NC,2026-01,0.1027,0.2727,0.553,0.0716
US-ND,2026-01,0,0.1667,0,0.8333
US-NE,2026-01,0.0033,0.1583,0.0118,0.8266
US-NH,2026-01,0.3267,0.4577,0,0.2155
US-NJ,2026-01,0.3027,0,0.6848,0.0125
US-NM,2026-01,0.0007,0,0.2523,0.747
US-NV,2026-01,0.0053,0.0483,0.9167,0.0297
US-NY,2026-01,0.0367,0.6433,0.0911,0.2289
US-OH,2026-01,0.031,0.0409,0.4768,0.4512
US-OK,2026-01,0.0067,0.032,0.0197,0.9417
US-OR,2026-01,0.0171,0.8432,0.0206,0.1191
US-PA,2026-01,0.1634,0.1703,0.131,0.5353
US-RI,2026-01,0.2304,0,0.4867,0.2829
US-SC,2026-01,0.2664,0.3206,0.413,0
US-SD,2026-01,0,0.3633,0.0102,0.6265
US-TN,2026-01,0.0542,0.827,0.1188,0
US-TX,2026-01,0.0067,0.0057,0.2596,0.728
US-UT,2026-01,0.0113,0.2411,0.6242,0.1233
US-VA,2026-01,0.3973,0,0.5966,0.0061
US-VT,2026-01,0.2263,0.5527,0.0572,0.1638
US-WA,2026-01,0.0101,0.9144,0.0016,0.0739
US-WI,2026-01,0.1386,0.3617,0.2518,0.2479
US-WV,2026-01,0,0.3042,0.0785,0.6173
US-WY,2026-01,0,0.0777,0.0116,0.9108
CA-AB,2026-02,0.1588,0.0547,0.0942,0.6923
CA-BC,2026-02,0.0058,0.9609,0.0003,0.0329
CA-MB,2026-02,0.0003,0.9667,0.0001,0.0329
CA-NB,2026-02,0.3056,0.3348,0.001,0.3586
CA-NL,2026-02,0.0028,0.9927,0,0.0045
CA-NS,2026-02,0.2354,0.2817,0.0025,0.4805
CA-NT,2026-02,0.1255,0.8036,0.0015,0.0695
CA-NU,2026-02,0.9972,0,0.0028,0
CA-ON,2026-02,0.0689,0.6488,0.0311,0.2511
CA-PE,2026-02,0.0007,0,0.0513,0.948
CA-QC,2026-02,0.0007,0.9528,0,0.0465
CA-SK,2026-02,0.191,0.4296,0.0064,0.373
CA-YT,2026-02,0.0477,0.925,0.0107,0.0166
US-AK,2026-02,0.0171,0.9326,0,0.0503
US-AL,2026-02,0.2833,0.6046,0.1121,0
US-AR,2026-02,0.1048,0.3105,0.5195,0.0652
US-AZ,2026-02,0.0101,0.2594,0.6196,0.1109
US-CA,2026-02,0.0508,0.264,0.513,0.1722
US-CO,2026-02,0.003,0.0959,0.2194,0.6817
US-CT,2026-02,0.3976,0.2319,0.3612,0.0092
US-DC,2026-02,0.5053,0,0.4947,0
US-DE,2026-02,0.1733,0,0.8141,0.0126
US-FL,2026-02,0.1091,0.0051,0.8858,0
US-GA,2026-02,0.2917,0.1024,0.6059,0
US-HI,2026-02,0.0766,0,0.5483,0.3751
US-IA,2026-02,0.0035,0.0268,0.0218,0.9479
US-ID,2026-02,0.0268,0.7245,0.0588,0.1899
US-IL,2026-02,0.0069,0.0024,0.1915,0.7992
US-IN,2026-02,0.0085,0.0156,0.3724,0.6034
US-KS,2026-02,0.0017,0.0006,0.0175,0.9802
US-KY,2026-02,0.0625,0.6468,0.2907,0
US-LA,2026-02,0.3958,0.1449,0.4594,0
US-MA,2026-02,0.2487,0.0701,0.6359,0.0454
US-MD,2026-02,0.0647,0.2892,0.3905,0.2556
US-ME,2026-02,0.2076,0.261,0.1426,0.3888
US-MI,2026-02,0.1345,0.0689,0.1741,0.6225
US-MN,2026-02,0.0518,0.0571,0.1222,0.7689
US-MO,2026-02,0.0076,0.0629,0.2255,0.704
US-MS,2026-02,0.2645,0,0.5905,0.145
US-MT,2026-02,0.0017,0.614,0.0102,0.374
US-NC,2026-02,0.0913,0.2355,0.6048,0.0684
US-ND,2026-02,0,0.1475,0,0.8525
US-NE,2026-02,0.0021,0.1196,0.0165,0.8618
US-NH,2026-02,0.3543,0.4486,0,0.1972
US-NJ,2026-02,0.2389,0,0.752,0.0091
US-NM,2026-02,0.0006,0,0.2776,0.7219
US-NV,2026-02,0.0044,0.0534,0.9135,0.0288
US-NY,2026-02,0.0388,0.6512,0.129,0.181
US-OH,2026-02,0.0128,0.0339,0.6879,0.2653
US-OK,2026-02,0.0061,0.032,0.0265,0.9354
US-OR,2026-02,0.0196,0.8126,0.0317,0.1362
US-PA,2026-02,0.1759,0.1469,0.1986,0.4786
US-RI,2026-02,0.2208,0,0.5898,0.1894
US-SC,2026-02,0.2502,0.3052,0.4446,0
US-SD,2026-02,0,0.328,0.0171,0.655
US-TN,2026-02,0.0554,0.7937,0.1509,0
US-TX,2026-02,0.0055,0.005,0.2967,0.6928
US-UT,2026-02,0.0087,0.1544,0.7341,0.1028
US-VA,2026-02,0.3471,0,0.6467,0.0061
US-VT,2026-02,0.2528,0.5128,0.0715,0.163
US-WA,2026-02,0.0114,0.9049,0.003,0.0807
US-WI,2026-02,0.1334,0.2987,0.3516,0.2162
US-WV,2026-02,0,0.3424,0.0705,0.5871
US-WY,2026-02,0,0.0779,0.0202,0.9018
CA-AB,2026-03,0.1656,0.0537,0.1238,0.6568
CA-BC,2026-03,0.0062,0.9623,0.0004,0.0311
CA-MB,2026-03,0.0003,0.9693,0.0001,0.0303
CA-NB,2026-03,0.0934,0.5751,0.0009,0.3306
CA-NL,2026-03,0.0035,0.9899,0,0.0066
CA-NS,2026-03,0.1704,0.251,0.0022,0.5764
CA-NT,2026-03,0.1233,0.7909,0.0167,0.0692
CA-NU,2026-03,0.9903,0,0.0097,0
CA-ON,2026-03,0.0372,0.6376,0.0323,0.293
CA-PE,2026-03,0.0006,0,0.0493,0.95
CA-QC,2026-03,0.0007,0.9258,0.0001,0.0734
CA-SK,2026-03,0.2093,0.4228,0.0075,0.3605
CA-YT,2026-03,0.0685,0.8927,0.02,0.0188
US-AK,2026-03,0.0163,0.9217,0,0.0619
US-AL,2026-03,0.2277,0.653,0.1194,0
US-AR,2026-03,0.0581,0.345,0.5259,0.071
US-AZ,2026-03,0.0082,0.2376,0.6405,0.1137
US-CA,2026-03,0.0409,0.2323,0.5469,0.1799
US-CO,2026-03,0.0025,0.0817,0.2423,0.6735
US-CT,2026-03,0.2362,0.2187,0.5451,0
US-DC,2026-03,0.4464,0,0.5536,0
US-DE,2026-03,0.1514,0,0.8279,0.0207
US-FL,2026-03,0.0981,0,0.9019,0
US-GA,2026-03,0.2228,0.1276,0.6496,0
US-HI,2026-03,0.1257,0,0.5738,0.3005
US-IA,2026-03,0.003,0.0262,0.0221,0.9487
US-ID,2026-03,0.0237,0.6781,0.0904,0.2078
US-IL,2026-03,0.0055,0,0.1959,0.7986
US-IN,2026-03,0.0066,0.0152,0.341,0.6372
US-KS,2026-03,0.0013,0.0004,0.0168,0.9815
US-KY,2026-03,0.0525,0.5971,0.3504,0
US-LA,2026-03,0.3292,0.1529,0.5178,0
US-MA,2026-03,0.156,0.0714,0.4589,0.3136
US-MD,2026-03,0.0403,0.5479,0.2697,0.1421
US-ME,2026-03,0.1695,0.294,0.1643,0.3722
US-MI,2026-03,0.1056,0.0621,0.1839,0.6484
US-MN,2026-03,0.0438,0.0526,0.1431,0.7605
US-MO,2026-03,0.0075,0.0894,0.2111,0.692
US-MS,2026-03,0.2232,0,0.6344,0.1424
US-MT,2026-03,0,0.6373,0.0107,0.352
US-NC,2026-03,0.0713,0.2303,0.6461,0.0524
US-ND,2026-03,0,0.1416,0,0.8584
US-NE,2026-03,0.0012,0.1053,0.0153,0.8782
US-NH,2026-03,0.2693,0.5307,0,0.2
US-NJ,2026-03,0.2322,0,0.758,0.0098
US-NM,2026-03,0.0006,0,0.3335,0.6659
US-NV,2026-03,0.0034,0.0703,0.9097,0.0166
US-NY,2026-03,0.0322,0.6303,0.1407,0.1969
US-OH,2026-03,0.0197,0.0345,0.6517,0.2942
US-OK,2026-03,0.0054,0.0342,0.0295,0.9309
US-OR,2026-03,0.0154,0.7402,0.0416,0.2028
US-PA,2026-03,0.1288,0.1827,0.212,0.4765
US-RI,2026-03,0.1419,0,0.6539,0.2042
US-SC,2026-03,0.1883,0.2973,0.5144,0
US-SD,2026-03,0,0.3063,0.0203,0.6733
US-TN,2026-03,0.032,0.8159,0.1522,0
US-TX,2026-03,0.0038,0.0058,0.28,0.7104
US-UT,2026-03,0.0058,0.1202,0.7817,0.0922
US-VA,2026-03,0.2438,0,0.7517,0.0045
US-VT,2026-03,0.2198,0.5178,0.0921,0.1703
US-WA,2026-03,0.0105,0.8744,0.0056,0.1095
US-WI,2026-03,0.0922,0.2882,0.3854,0.2342
US-WV,2026-03,0,0.3627,0.0737,0.5635
US-WY,2026-03,0,0.0806,0.0267,0.8926
CA-AB,2026-04,0.1606,0.0662,0.1773,0.5959
CA-BC,2026-04,0.0064,0.9697,0.0006,0.0233
CA-MB,2026-04,0.0003,0.9622,0.0001,0.0374
CA-NB,2026-04,0.0593,0.7828,0.0005,0.1574
CA-NL,2026-04,0.0025,0.9925,0,0.005
CA-NS,2026-04,0.1618,0.291,0.0028,0.5445
CA-NT,2026-04,0.1024,0.8057,0.039,0.0528
CA-NU,2026-04,0.985,0,0.015,0
CA-ON,2026-04,0.0263,0.682,0.0368,0.2549
CA-PE,2026-04,0.0008,0,0.0787,0.9205
CA-QC,2026-04,0.0008,0.9265,0.0001,0.0726
CA-SK,2026-04,0.1623,0.4599,0.0085,0.3693
CA-YT,2026-04,0.0323,0.9291,0.0219,0.0167
US-AK,2026-04,0.0179,0.9179,0,0.0642
US-AL,2026-04,0.261,0.5546,0.1843,0
US-AR,2026-04,0.0642,0.3024,0.586,0.0474
US-AZ,2026-04,0,0.1988,0.659,0.1422
US-CA,2026-04,0.0363,0.2355,0.5509,0.1774
US-CO,2026-04,0.0029,0.08,0.2573,0.6599
US-CT,2026-04,0.3045,0,0.689,0.0064
US-DC,2026-04,0.4417,0,0.5583,0
US-DE,2026-04,0,0,0.9855,0.0145
US-FL,2026-04,0.0856,0,0.9144,0
US-GA,2026-04,0.1757,0.1022,0.7221,0
US-HI,2026-04,0.1167,0,0.6176,0.2657
US-IA,2026-04,0.0026,0.0254,0.0239,0.9481
US-ID,2026-04,0.0277,0.6408,0.1258,0.2057
US-IL,2026-04,0.0051,0,0.2274,0.7675
US-IN,2026-04,0.0061,0,0.403,0.5909
US-KS,2026-04,0.0013,0.0009,0.0282,0.9696
US-KY,2026-04,0.0442,0.5115,0.4443,0
US-LA,2026-04,0.3133,0.1472,0.5395,0
US-MA,2026-04,0.1259,0.044,0.5396,0.2905
US-MD,2026-04,0.0502,0.4775,0.3443,0.128
US-ME,2026-04,0.156,0.2895,0.2019,0.3527
US-MI,2026-04,0.0846,0.0462,0.2605,0.6088
US-MN,2026-04,0.0432,0.0475,0.1617,0.7477
US-MO,2026-04,0.0031,0.1198,0.2575,0.6197
US-MS,2026-04,0.1672,0,0.7124,0.1203
US-MT,2026-04,0.0014,0.6176,0.0145,0.3665
US-NC,2026-04,0.0501,0.1933,0.7096,0.0469
US-ND,2026-04,0,0.1262,0,0.8738
US-NE,2026-04,0.0015,0.0977,0.0164,0.8844
US-NH,2026-04,0.2346,0.5707,0,0.1948
US-NJ,2026-04,0.1967,0,0.7959,0.0074
US-NM,2026-04,0.0004,0,0.2663,0.7333
US-NV,2026-04,0.0029,0.0943,0.883,0.0198
US-NY,2026-04,0.0292,0.6255,0.1577,0.1876
US-OH,2026-04,0.0144,0,0.7244,0.2612
US-OK,2026-04,0.0045,0.0303,0.0317,0.9335
US-OR,2026-04,0.0164,0.6626,0.0674,0.2535
US-PA,2026-04,0.1357,0.1978,0.246,0.4205
US-RI,2026-04,0.1298,0,0.7167,0.1534
US-SC,2026-04,0.1651,0.2587,0.5762,0
US-SD,2026-04,0,0.296,0.0269,0.677
US-TN,2026-04,0.0489,0.7447,0.2064,0
US-TX,2026-04,0.0027,0.0055,0.2996,0.6922
US-UT,2026-04,0.0058,0.1015,0.865,0.0276
US-VA,2026-04,0.1918,0,0.8043,0.0039
US-VT,2026-04,0.1375,0.5546,0.1307,0.1772
US-WA,2026-04,0.0096,0.8677,0.0088,0.1139
US-WI,2026-04,0.0794,0.2565,0.4486,0.2155
US-WV,2026-04,0,0.3561,0.0991,0.5448
US-WY,2026-04,0,0.0819,0.0312,0.8869
CA-AB,2026-05,0.1428,0.1099,0.1891,0.5583
CA-BC,2026-05,0.0037,0.9718,0.0006,0.0239
CA-MB,2026-05,0.0002,0.9682,0.0001,0.0315
CA-NB,2026-05,0.0576,0.7758,0.0006,0.166
CA-NL,2026-05,0.0012,0.9926,0,0.0063
CA-NS,2026-05,0.0858,0.3461,0.008,0.5601
CA-NT,2026-05,0.0848,0.8761,0.0104,0.0288
CA-NU,2026-05,0.9814,0,0.0186,0
CA-ON,2026-05,0.023,0.7244,0.0469,0.2056
CA-PE,2026-05,0.0006,0,0.0844,0.9151
CA-QC,2026-05,0.0009,0.9257,0.0001,0.0734
CA-SK,2026-05,0.1405,0.5368,0.0095,0.3132
CA-YT,2026-05,0.0191,0.9369,0.0124,0.0317
US-AK,2026-05,0.0175,0.929,0,0.0534
US-AL,2026-05,0.253,0.5786,0.1684,0
US-AR,2026-05,0.0792,0.2828,0.6065,0.0316
US-AZ,2026-05,0,0.1528,0.6948,0.1524
US-CA,2026-05,0.0359,0.2323,0.5827,0.1491
US-CO,2026-05,0.0027,0.0834,0.3181,0.5958
US-CT,2026-05,0.2893,0.1631,0.5414,0.0062
US-DC,2026-05,0.4021,0,0.5979,0
US-DE,2026-05,0,0,0.9868,0.0132
US-FL,2026-05,0.0869,0,0.9131,0
US-GA,2026-05,0.2319,0.0943,0.6738,0
US-HI,2026-05,0.0713,0,0.5962,0.3325
US-IA,2026-05,0.0036,0.0338,0.0419,0.9207
US-ID,2026-05,0.0288,0.6384,0.1606,0.1722
US-IL,2026-05,0.0067,0,0.3343,0.659
US-IN,2026-05,0.0066,0.0147,0.5231,0.4555
US-KS,2026-05,0.0017,0.0013,0.0345,0.9625
US-KY,2026-05,0.0478,0.5228,0.4294,0
US-LA,2026-05,0.331,0.1408,0.5281,0
US-MA,2026-05,0.1476,0.0341,0.543,0.2753
US-MD,2026-05,0.0646,0.3886,0.433,0.1139
US-ME,2026-05,0.1856,0.2818,0.2255,0.3071
US-MI,2026-05,0.0993,0.0448,0.3404,0.5154
US-MN,2026-05,0.0496,0.0522,0.2138,0.6844
US-MO,2026-05,0.0042,0.1541,0.3674,0.4743
US-MS,2026-05,0.2192,0,0.7039,0.0768
US-MT,2026-05,0,0.6423,0.0213,0.3364
US-NC,2026-05,0.0594,0.1876,0.7174,0.0357
US-ND,2026-05,0,0.1353,0,0.8647
US-NE,2026-05,0.0033,0.1157,0.0312,0.8498
US-NH,2026-05,0.3003,0.5042,0,0.1955
US-NJ,2026-05,0.1748,0,0.8176,0.0076
US-NM,2026-05,0.0003,0,0.2974,0.7023
US-NV,2026-05,0.0024,0.12,0.863,0.0145
US-NY,2026-05,0.0302,0.6252,0.1691,0.1754
US-OH,2026-05,0.0157,0.0259,0.7781,0.1803
US-OK,2026-05,0.0071,0.0368,0.0485,0.9075
US-OR,2026-05,0.0209,0.6161,0.0983,0.2648
US-PA,2026-05,0.1454,0.182,0.2912,0.3814
US-RI,2026-05,0.1504,0,0.7257,0.1239
US-SC,2026-05,0.1893,0.2347,0.576,0
US-SD,2026-05,0,0.292,0.0365,0.6715
US-TN,2026-05,0.0473,0.6971,0.2556,0
US-TX,2026-05,0.0051,0.0055,0.3996,0.5898
US-UT,2026-05,0.0054,0.0829,0.8509,0.0608
US-VA,2026-05,0.2113,0,0.7871,0.0016
US-VT,2026-05,0,0.6298,0.1525,0.2177
US-WA,2026-05,0.0118,0.8789,0.0106,0.0986
US-WI,2026-05,0.088,0.2239,0.5375,0.1506
US-WV,2026-05,0,0.4122,0.1091,0.4787
US-WY,2026-05,0,0.0961,0.0486,0.8553
CA-AB,2026-06,0.1244,0.1391,0.1676,0.5689
CA-BC,2026-06,0.0037,0.9792,0.0004,0.0167
CA-MB,2026-06,0.0002,0.9807,0.0001,0.019
CA-NB,2026-06,0.0858,0.7277,0.001,0.1855
CA-NL,2026-06,0.0012,0.9948,0,0.004
CA-NS,2026-06,0.1341,0.3335,0.0051,0.5273
CA-NT,2026-06,0.0909,0.8618,0.0109,0.0364
CA-NU,2026-06,0.9818,0,0.0182,0
CA-ON,2026-06,0.0432,0.7226,0.056,0.1782
CA-PE,2026-06,0.0005,0,0.1079,0.8916
CA-QC,2026-06,0.0008,0.9456,0.0001,0.0535
CA-SK,2026-06,0.1273,0.6283,0.0074,0.2369
CA-YT,2026-06,0.0095,0.9587,0.0154,0.0164
US-AK,2026-06,0.0147,0.941,0,0.0443
US-AL,2026-06,0.2516,0.5655,0.1829,0
US-AR,2026-06,0.0653,0.2484,0.6543,0.032
US-AZ,2026-06,0.0059,0.1418,0.678,0.1744
US-CA,2026-06,0.0326,0.2339,0.5806,0.153
US-CO,2026-06,0.0022,0.0689,0.2938,0.635
US-CT,2026-06,0.2878,0.1525,0.5552,0.0045
US-DC,2026-06,0.386,0,0.614,0
US-DE,2026-06,0.0915,0,0.9012,0.0073
US-FL,2026-06,0.0864,0,0.9136,0
US-GA,2026-06,0.246,0.0697,0.6843,0
US-HI,2026-06,0.0601,0,0.6179,0.322
US-IA,2026-06,0.0046,0.0393,0.0466,0.9094
US-ID,2026-06,0.0185,0.6746,0.1545,0.1524
US-IL,2026-06,0.0071,0,0.3918,0.6011
US-IN,2026-06,0.0077,0.015,0.5721,0.4052
US-KS,2026-06,0.0017,0.0007,0.0321,0.9655
US-KY,2026-06,0.0484,0.5128,0.4388,0
US-LA,2026-06,0.2662,0.1385,0.5953,0
US-MA,2026-06,0.1643,0.0331,0.579,0.2236
US-MD,2026-06,0.0729,0.1809,0.6418,0.1044
US-ME,2026-06,0.1935,0.2953,0.2669,0.2443
US-MI,2026-06,0.119,0.058,0.3992,0.4239
US-MN,2026-06,0.0558,0.0606,0.2383,0.6454
US-MO,2026-06,0.008,0.1491,0.3794,0.4635
US-MS,2026-06,0.2186,0,0.7066,0.0748
US-MT,2026-06,0.0015,0.6524,0.0218,0.3244
US-NC,2026-06,0.0564,0.1771,0.7367,0.0298
US-ND,2026-06,0,0.1576,0,0.8424
US-NE,2026-06,0.0036,0.1432,0.0359,0.8173
US-NH,2026-06,0.3434,0.5155,0,0.1411
US-NJ,2026-06,0.1644,0,0.8312,0.0044
US-NM,2026-06,0.0004,0,0.3504,0.6491
US-NV,2026-06,0.0024,0.1095,0.8715,0.0166
US-NY,2026-06,0.0363,0.6379,0.1868,0.139
US-OH,2026-06,0.0156,0.0233,0.7986,0.1625
US-OK,2026-06,0.0052,0.0292,0.0456,0.92
US-OR,2026-06,0.0199,0.614,0.0938,0.2722
US-PA,2026-06,0.1489,0.1786,0.3292,0.3434
US-RI,2026-06,0.1439,0,0.7627,0.0934
US-SC,2026-06,0.1834,0.1783,0.6383,0
US-SD,2026-06,0,0.3479,0.0353,0.6168
US-TN,2026-06,0.0484,0.6481,0.3036,0
US-TX,2026-06,0.0045,0.0045,0.3806,0.6105
US-UT,2026-06,0.0052,0.0843,0.8433,0.0672
US-VA,2026-06,0.2028,0,0.7954,0.0019
US-VT,2026-06,0.1603,0.5538,0.1559,0.13
US-WA,2026-06,0.0091,0.888,0.0127,0.0903
US-WI,2026-06,0.1053,0.2448,0.5243,0.1256
US-WV,2026-06,0,0.4247,0.1392,0.4361
US-WY,2026-06,0,0.1038,0.055,0.8413
CA-AB,2026-07,0.1244,0.1391,0.1676,0.5689
CA-BC,2026-07,0.0037,0.9792,0.0004,0.0167
CA-MB,2026-07,0.0002,0.9807,0.0001,0.019
CA-NB,2026-07,0.0858,0.7277,0.001,0.1855
CA-NL,2026-07,0.0012,0.9948,0,0.004
CA-NS,2026-07,0.1341,0.3335,0.0051,0.5273
CA-NT,2026-07,0.0909,0.8618,0.0109,0.0364
CA-NU,2026-07,0.9818,0,0.0182,0
CA-ON,2026-07,0.0432,0.7226,0.056,0.1782
CA-PE,2026-07,0.0005,0,0.1079,0.8916
CA-QC,2026-07,0.0008,0.9456,0.0001,0.0535
CA-SK,2026-07,0.1273,0.6283,0.0074,0.2369
CA-YT,2026-07,0.0095,0.9587,0.0154,0.0164
US-AK,2026-07,0.0147,0.941,0,0.0443
US-AL,2026-07,0.2516,0.5655,0.1829,0
US-AR,2026-07,0.0653,0.2484,0.6543,0.032
US-AZ,2026-07,0.0059,0.1418,0.678,0.1744
US-CA,2026-07,0.0326,0.2339,0.5806,0.153
US-CO,2026-07,0.0022,0.0689,0.2938,0.635
US-CT,2026-07,0.2878,0.1525,0.5552,0.0045
US-DC,2026-07,0.386,0,0.614,0
US-DE,2026-07,0.0915,0,0.9012,0.0073
US-FL,2026-07,0.0864,0,0.9136,0
US-GA,2026-07,0.246,0.0697,0.6843,0
US-HI,2026-07,0.0601,0,0.6179,0.322
US-IA,2026-07,0.0046,0.0393,0.0466,0.9094
US-ID,2026-07,0.0185,0.6746,0.1545,0.1524
US-IL,2026-07,0.0071,0,0.3918,0.6011
US-IN,2026-07,0.0077,0.015,0.5721,0.4052
US-KS,2026-07,0.0017,0.0007,0.0321,0.9655
US-KY,2026-07,0.0484,0.5128,0.4388,0
US-LA,2026-07,0.2662,0.1385,0.5953,0
US-MA,2026-07,0.1643,0.0331,0.579,0.2236
US-MD,2026-07,0.0729,0.1809,0.6418,0.1044
US-ME,2026-07,0.1935,0.2953,0.2669,0.2443
US-MI,2026-07,0.119,0.058,0.3992,0.4239
US-MN,2026-07,0.0558,0.0606,0.2383,0.6454
US-MO,2026-07,0.008,0.1491,0.3794,0.4635
US-MS,2026-07,0.2186,0,0.7066,0.0748
US-MT,2026-07,0.0015,0.6524,0.0218,0.3244
US-NC,2026-07,0.0564,0.1771,0.7367,0.0298
US-ND,2026-07,0,0.1576,0,0.8424
US-NE,2026-07,0.0036,0.1432,0.0359,0.8173
US-NH,2026-07,0.3434,0.5155,0,0.1411
US-NJ,2026-07,0.1644,0,0.8312,0.0044
US-NM,2026-07,0.0004,0,0.3504,0.6491
US-NV,2026-07,0.0024,0.1095,0.8715,0.0166
US-NY,2026-07,0.0363,0.6379,0.1868,0.139
US-OH,2026-07,0.0156,0.0233,0.7986,0.1625
US-OK,2026-07,0.0052,0.0292,0.0456,0.92
US-OR,2026-07,0.0199,0.614,0.0938,0.2722
US-PA,2026-07,0.1489,0.1786,0.3292,0.3434
US-RI,2026-07,0.1439,0,0.7627,0.0934
US-SC,2026-07,0.1834,0.1783,0.6383,0
US-SD,2026-07,0,0.3479,0.0353,0.6168
US-TN,2026-07,0.0484,0.6481,0.3036,0
US-TX,2026-07,0.0045,0.0045,0.3806,0.6105
US-UT,2026-07,0.0052,0.0843,0.8433,0.0672
US-VA,2026-07,0.2028,0,0.7954,0.0019
US-VT,2026-07,0.1603,0.5538,0.1559,0.13
US-WA,2026-07,0.0091,0.888,0.0127,0.0903
US-WI,2026-07,0.1053,0.2448,0.5243,0.1256
US-WV,2026-07,0,0.4247,0.1392,0.4361
US-WY,2026-07,0,0.1038,0.055,0.8413
CA-AB,2026-08,0.1244,0.1391,0.1676,0.5689
CA-BC,2026-08,0.0037,0.9792,0.0004,0.0167
CA-MB,2026-08,0.0002,0.9807,0.0001,0.019
CA-NB,2026-08,0.0858,0.7277,0.001,0.1855
CA-NL,2026-08,0.0012,0.9948,0,0.004
CA-NS,2026-08,0.1341,0.3335,0.0051,0.5273
CA-NT,2026-08,0.0909,0.8618,0.0109,0.0364
CA-NU,2026-08,0.9818,0,0.0182,0
CA-ON,2026-08,0.0432,0.7226,0.056,0.1782
CA-PE,2026-08,0.0005,0,0.1079,0.8916
CA-QC,2026-08,0.0008,0.9456,0.0001,0.0535
CA-SK,2026-08,0.1273,0.6283,0.0074,0.2369
CA-YT,2026-08,0.0095,0.9587,0.0154,0.0164
US-AK,2026-08,0.0147,0.941,0,0.0443
US-AL,2026-08,0.2516,0.5655,0.1829,0
US-AR,2026-08,0.0653,0.2484,0.6543,0.032
US-AZ,2026-08,0.0059,0.1418,0.678,0.1744
US-CA,2026-08,0.0326,0.2339,0.5806,0.153
US-CO,2026-08,0.0022,0.0689,0.2938,0.635
US-CT,2026-08,0.2878,0.1525,0.5552,0.0045
US-DC,2026-08,0.386,0,0.614,0
US-DE,2026-08,0.0915,0,0.9012,0.0073
US-FL,2026-08,0.0864,0,0.9136,0
US-GA,2026-08,0.246,0.0697,0.6843,0
US-HI,2026-08,0.0601,0,0.6179,0.322
US-IA,2026-08,0.0046,0.0393,0.0466,0.9094
US-ID,2026-08,0.0185,0.6746,0.1545,0.1524
US-IL,2026-08,0.0071,0,0.3918,0.6011
US-IN,2026-08,0.0077,0.015,0.5721,0.4052
US-KS,2026-08,0.0017,0.0007,0.0321,0.9655
US-KY,2026-08,0.0484,0.5128,0.4388,0
US-LA,2026-08,0.2662,0.1385,0.5953,0
US-MA,2026-08,0.1643,0.0331,0.579,0.2236
US-MD,2026-08,0.0729,0.1809,0.6418,0.1044
US-ME,2026-08,0.1935,0.2953,0.2669,0.2443
US-MI,2026-08,0.119,0.058,0.3992,0.4239
US-MN,2026-08,0.0558,0.0606,0.2383,0.6454
US-MO,2026-08,0.008,0.1491,0.3794,0.4635
US-MS,2026-08,0.2186,0,0.7066,0.0748
US-MT,2026-08,0.0015,0.6524,0.0218,0.3244
US-NC,2026-08,0.0564,0.1771,0.7367,0.0298
US-ND,2026-08,0,0.1576,0,0.8424
US-NE,2026-08,0.0036,0.1432,0.0359,0.8173
US-NH,2026-08,0.3434,0.5155,0,0.1411
US-NJ,2026-08,0.1644,0,0.8312,0.0044
US-NM,2026-08,0.0004,0,0.3504,0.6491
US-NV,2026-08,0.0024,0.1095,0.8715,0.0166
US-NY,2026-08,0.0363,0.6379,0.1868,0.139
US-OH,2026-08,0.0156,0.0233,0.7986,0.1625
US-OK,2026-08,0.0052,0.0292,0.0456,0.92
US-OR,2026-08,0.0199,0.614,0.0938,0.2722
US-PA,2026-08,0.1489,0.1786,0.3292,0.3434
US-RI,2026-08,0.1439,0,0.7627,0.0934
US-SC,2026-08,0.1834,0.1783,0.6383,0
US-SD,2026-08,0,0.3479,0.0353,0.6168
US-TN,2026-08,0.0484,0.6481,0.3036,0
US-TX,2026-08,0.0045,0.0045,0.3806,0.6105
US-UT,2026-08,0.0052,0.0843,0.8433,0.0672
US-VA,2026-08,0.2028,0,0.7954,0.0019
US-VT,2026-08,0.1603,0.5538,0.1559,0.13
US-WA,2026-08,0.0091,0.888,0.0127,0.0903
US-WI,2026-08,0.1053,0.2448,0.5243,0.1256
US-WV,2026-08,0,0.4247,0.1392,0.4361
US-WY,2026-08,0,0.1038,0.055,0.8413
