{
  "distance": {
    "AD": 12.00809637,
    "AE": 163.1834861,
    "AF": 455.6420366,
    "AG": 11.86140673,
    "AI": 5.698035485,
    "AL": 95.65967075,
    "AM": 97.39422266,
    "AN": 17.48077489,
    "AO": 629.9499465,
    "AR": 938.4711624,
    "AT": 163.3794064,
    "AU": 1564.224956,
    "AW": 7.837972189,
    "AZ": 166.029022,
    "BA": 127.702664,
    "BB": 11.71288013,
    "BD": 214.0934072,
    "BE": 102.6670033,
    "BF": 295.4328533,
    "BG": 187.9640591,
    "BH": 14.69061275,
    "BI": 94.12670913,
    "BJ": 189.3375187,
    "BM": 4.107362167,
    "BN": 42.83755938,
    "BO": 591.3452402,
    "BR": 1646.034109,
    "BS": 66.61022071,
    "BT": 121.8179252,
    "BW": 437.1548272,
    "BY": 257.0594111,
    "BZ": 85.49473619,
    "CA": 1781.994296,
    "CC": 2.111004123,
    "CF": 445.3110892,
    "CG": 329.9423905,
    "CH": 114.6402136,
    "CI": 320.3797135,
    "CK": 8.740387445,
    "CL": 490.8595286,
    "CM": 389.0217075,
    "CN": 1745.560813,
    "CO": 602.8512884,
    "CR": 127.5068459,
    "CU": 187.8514101,
    "CV": 35.82937023,
    "CX": 6.555290584,
    "CY": 54.26494962,
    "CZ": 158.4398651,
    "DE": 337.2537325,
    "DJ": 85.93479714,
    "DK": 117.1206482,
    "DM": 15.4612653,
    "DO": 124.5492432,
    "DZ": 870.7075896,
    "EC": 296.2484238,
    "EE": 119.9841707,
    "EG": 564.5981909,
    "EH": 290.9818374,
    "ER": 196.5129904,
    "ES": 401.3105533,
    "ET": 598.9788536,
    "FI": 327.3238145,
    "FJ": 76.39093626,
    "FK": 62.24778104,
    "FM": 15.00150291,
    "FO": 21.10250058,
    "FR": 417.2814204,
    "GA": 291.8921929,
    "GB": 278.7519082,
    "GD": 10.47935641,
    "GE": 148.9503242,
    "GF": 170.1945935,
    "GH": 275.5521795,
    "GI": 1.49270533,
    "GL": 830.3532912,
    "GM": 59.9609053,
    "GN": 279.7475892,
    "GP": 23.80318461,
    "GQ": 94.49291305,
    "GR": 204.6857727,
    "GT": 186.1731592,
    "GW": 107.2331322,
    "GY": 261.5856958,
    "HK": 18.6438836,
    "HN": 188.8881111,
    "HR": 134.1514232,
    "HT": 93.9845697,
    "HU": 172.0842972,
    "ID": 784.5396471,
    "IE": 149.5740965,
    "IL": 82.95889373,
    "IN": 1022.972335,
    "IQ": 372.9937514,
    "IR": 724.2972618,
    "IS": 180.9096575,
    "IT": 309.6999997,
    "JM": 59.14849076,
    "JO": 170.99878,
    "JP": 346.7820545,
    "KE": 430.6529716,
    "KG": 251.3652967,
    "KH": 240.0525573,
    "KI": 15.10722305,
    "KM": 24.34528718,
    "KN": 9.253397181,
    "KP": 195.8786284,
    "KR": 177.9515123,
    "KW": 75.31032832,
    "KY": 9.132206206,
    "KZ": 930.0233619,
    "LA": 274.5465007,
    "LB": 57.67993525,
    "LC": 14.01417853,
    "LK": 144.5140534,
    "LR": 188.2813154,
    "LS": 98.29698162,
    "LT": 144.1722427,
    "LU": 28.69057974,
    "LV": 143.3852058,
    "LY": 748.3842443,
    "MA": 475.6790752,
    "MD": 103.5714399,
    "MG": 432.2741652,
    "MH": 7.590394548,
    "MK": 90.46934345,
    "ML": 628.2909031,
    "MM": 464.7292306,
    "MN": 705.9136823,
    "MO": 2.820947918,
    "MP": 12.3220865,
    "MQ": 18.71205159,
    "MR": 572.7844269,
    "MS": 5.698035485,
    "MT": 10.02925341,
    "MU": 25.51359867,
    "MV": 9.739422266,
    "MW": 194.2025452,
    "MX": 791.3168715,
    "MY": 323.9833814,
    "MZ": 505.1277281,
    "NA": 512.6114909,
    "NC": 77.89086231,
    "NE": 635.0579704,
    "NF": 3.337790589,
    "NG": 542.2586901,
    "NI": 203.944975,
    "NL": 115.4357257,
    "NO": 321.0194111,
    "NP": 216.4466848,
    "NR": 2.585441473,
    "NU": 9.097283683,
    "NZ": 292.4418352,
    "OM": 260.004491,
    "PA": 155.1757271,
    "PE": 639.6068782,
    "PF": 36.41973772,
    "PG": 383.8314053,
    "PH": 309.0193616,
    "PK": 530.1196901,
    "PL": 315.4849073,
    "PM": 8.776730169,
    "PN": 3.867888914,
    "PR": 53.83208341,
    "PS": 44.62450726,
    "PT": 171.4885771,
    "PW": 12.45057888,
    "PY": 359.8238219,
    "QA": 60.33664035,
    "RE": 28.30522891,
    "RO": 275.4672614,
    "RU": 2331.366258,
    "RW": 91.56225086,
    "SA": 827.8735779,
    "SB": 97.36970761,
    "SC": 12.03457512,
    "SD": 893.0985673,
    "SE": 378.4547392,
    "SG": 14.33974151,
    "SH": 11.42396837,
    "SI": 80.29747851,
    "SK": 124.9345572,
    "SL": 152.7756221,
    "SM": 4.406461512,
    "SN": 250.2370025,
    "SO": 450.5247242,
    "SR": 228.353948,
    "ST": 17.51715531,
    "SV": 81.8386114,
    "SY": 242.0130003,
    "SZ": 74.34468955,
    "TC": 11.69928421,
    "TD": 639.3054711,
    "TF": 49.92041766,
    "TG": 134.4441404,
    "TH": 404.1405415,
    "TJ": 213.4210701,
    "TK": 1.784124116,
    "TM": 394.1662789,
    "TN": 228.583831,
    "TO": 15.43035304,
    "TP": 68.80800278,
    "TR": 498.4626944,
    "TT": 40.40952507,
    "TV": 2.876813696,
    "TW": 106.8614391,
    "TZ": 548.4810756,
    "UA": 438.3564271,
    "UG": 276.9923796,
    "US": 1741.610934,
    "UY": 236.8353365,
    "UZ": 377.374937,
    "VC": 11.12755794,
    "VE": 538.7729898,
    "VG": 6.978639738,
    "VN": 324.6488251,
    "VU": 68.5507757,
    "WF": 9.338999348,
    "WS": 30.077179,
    "YE": 417.3645593,
    "YU": 180.3404447,
    "ZA": 623.1452879,
    "ZM": 489.4532426,
    "ZR": 864.041197,
    "ZW": 352.6789657
  }
}